START TIME: $(date)
[Sun May 24 06:37:29 CEST 2026] WANDB disabled.
CMD: torchrun --nproc-per-node 4 --nnodes 8 --rdzv_endpoint nid006256:25678 --rdzv_backend c10d --max_restarts 0 --tee 3 /iopsstor/scratch/cscs/course_00179/lsaie-ss26-gipfelsturm/Megatron-LM/pretrain_gpt.py     --transformer-impl transformer_engine --use-precision-aware-optimizer --main-grads-dtype bf16 --fp8-format hybrid --fp8-margin 0 --fp8-amax-history-len 1024 --fp8-amax-compute-algo max     --num-layers 24 --hidden-size 1536 --ffn-hidden-size 4096 --num-attention-heads 16 --group-query-attention --num-query-groups 4 --max-position-embeddings 4096 --position-embedding-type rope --normalization RMSNorm --swiglu --untie-embeddings-and-output-weights --seq-length 4096 --use-mcore-models     --micro-batch-size 4 --global-batch-size 512 --train-iters 1819 --log-interval 1 --eval-interval 1819 --eval-iters 10 --cross-entropy-loss-fusion --disable-bias-linear --optimizer adam --dataloader-type single --no-check-for-nan-in-loss-and-grad --manual-gc --manual-gc-interval 50 --exit-signal-handler --recompute-granularity selective     --attention-dropout 0.0 --hidden-dropout 0.0 --weight-decay 0.1 --clip-grad 1.0 --adam-beta1 0.9 --adam-beta2 0.95     --lr 1e-4 --min-lr 1e-5 --lr-decay-style cosine --lr-decay-iters 1819 --lr-warmup-iters 100     --seed 42 --init-method-std 0.02     --bf16     --tensor-model-parallel-size 1 --pipeline-model-parallel-size 1 --use-distributed-optimizer --overlap-grad-reduce --overlap-param-gather     --log-throughput --log-progress --tensorboard-dir /iopsstor/scratch/cscs/course_00179/gipfelsturm/gipfelsturm/train-760m-8n/tensorboard --log-timers-to-tensorboard --log-memory-to-tensorboard     --save /iopsstor/scratch/cscs/course_00179/gipfelsturm/gipfelsturm/train-760m-8n/checkpoints --save-interval 500     --tokenizer-type GPT2BPETokenizer --vocab-file /iopsstor/scratch/cscs/course_00179/lsaie-ss26-gipfelsturm/data/gpt2-vocab.json --merge-file /iopsstor/scratch/cscs/course_00179/lsaie-ss26-gipfelsturm/data/gpt2-merges.txt     --data-path /capstor/store/cscs/swissai/infra01/datasets/nvidia/Nemotron-ClimbMix/climbmix_small_megatron/climbmix_small --data-cache-path /iopsstor/scratch/cscs/course_00179/gipfelsturm/cache --split 99,1,0 --num-workers 16
0: [default0]:/usr/local/lib/python3.12/dist-packages/torch/library.py:357: UserWarning: Warning only once for all operators,  other operators may also be overridden.
0: [default0]:  Overriding a previously registered kernel for the same operator and the same dispatch key
0: [default0]:  operator: flash_attn::_flash_attn_backward(Tensor dout, Tensor q, Tensor k, Tensor v, Tensor out, Tensor softmax_lse, Tensor(a6!)? dq, Tensor(a7!)? dk, Tensor(a8!)? dv, float dropout_p, float softmax_scale, bool causal, SymInt window_size_left, SymInt window_size_right, float softcap, Tensor? alibi_slopes, bool deterministic, Tensor? rng_state=None) -> Tensor
0: [default0]:    registered at /usr/local/lib/python3.12/dist-packages/torch/_library/custom_ops.py:926
0: [default0]:  dispatch key: ADInplaceOrView
0: [default0]:  previous kernel: no debug info
0: [default0]:       new kernel: registered at /usr/local/lib/python3.12/dist-packages/torch/_library/custom_ops.py:926 (Triggered internally at /opt/pytorch/pytorch/aten/src/ATen/core/dispatch/Op
0: eratorEntry.cpp:208.)
0: [default0]:  self.m.impl(
4: [default3]:[W524 06:38:15.331984153 ProcessGroupNCCL.cpp:941] Warning: TORCH_NCCL_AVOID_RECORD_STREAMS is the default now, this environment variable is thus deprecated. (function operator())
4: [default0]:[W524 06:38:15.309274477 ProcessGroupNCCL.cpp:941] Warning: TORCH_NCCL_AVOID_RECORD_STREAMS is the default now, this environment variable is thus deprecated. (function operator())
4: [default1]:[W524 06:38:15.333676358 ProcessGroupNCCL.cpp:941] Warning: TORCH_NCCL_AVOID_RECORD_STREAMS is the default now, this environment variable is thus deprecated. (function operator())
4: [default2]:[W524 06:38:15.332124373 ProcessGroupNCCL.cpp:941] Warning: TORCH_NCCL_AVOID_RECORD_STREAMS is the default now, this environment variable is thus deprecated. (function operator())
5: [default0]:[W524 06:38:17.851470511 ProcessGroupNCCL.cpp:941] Warning: TORCH_NCCL_AVOID_RECORD_STREAMS is the default now, this environment variable is thus deprecated. (function operator())
5: [default1]:[W524 06:38:17.875005264 ProcessGroupNCCL.cpp:941] Warning: TORCH_NCCL_AVOID_RECORD_STREAMS is the default now, this environment variable is thus deprecated. (function operator())
5: [default2]:[W524 06:38:17.875011376 ProcessGroupNCCL.cpp:941] Warning: TORCH_NCCL_AVOID_RECORD_STREAMS is the default now, this environment variable is thus deprecated. (function operator())
5: [default3]:[W524 06:38:17.878011994 ProcessGroupNCCL.cpp:941] Warning: TORCH_NCCL_AVOID_RECORD_STREAMS is the default now, this environment variable is thus deprecated. (function operator())
7: [default3]:> setting tensorboard ...
7: [default3]:WARNING: one_logger package is required to enable e2e metrics tracking. please go to https://confluence.nvidia.com/display/MLWFO/Package+Repositories for details to install it
7: [default3]:[W524 06:38:18.226720052 ProcessGroupNCCL.cpp:941] Warning: TORCH_NCCL_AVOID_RECORD_STREAMS is the default now, this environment variable is thus deprecated. (function operator())
7: [default1]:[W524 06:38:18.241373662 ProcessGroupNCCL.cpp:941] Warning: TORCH_NCCL_AVOID_RECORD_STREAMS is the default now, this environment variable is thus deprecated. (function operator())
7: [default2]:[W524 06:38:18.238370814 ProcessGroupNCCL.cpp:941] Warning: TORCH_NCCL_AVOID_RECORD_STREAMS is the default now, this environment variable is thus deprecated. (function operator())
7: [default0]:[W524 06:38:18.238374430 ProcessGroupNCCL.cpp:941] Warning: TORCH_NCCL_AVOID_RECORD_STREAMS is the default now, this environment variable is thus deprecated. (function operator())
1: [default3]:[W524 06:38:18.941069601 ProcessGroupNCCL.cpp:941] Warning: TORCH_NCCL_AVOID_RECORD_STREAMS is the default now, this environment variable is thus deprecated. (function operator())
1: [default0]:[W524 06:38:18.938725760 ProcessGroupNCCL.cpp:941] Warning: TORCH_NCCL_AVOID_RECORD_STREAMS is the default now, this environment variable is thus deprecated. (function operator())
1: [default2]:[W524 06:38:18.938723584 ProcessGroupNCCL.cpp:941] Warning: TORCH_NCCL_AVOID_RECORD_STREAMS is the default now, this environment variable is thus deprecated. (function operator())
1: [default1]:[W524 06:38:18.938723136 ProcessGroupNCCL.cpp:941] Warning: TORCH_NCCL_AVOID_RECORD_STREAMS is the default now, this environment variable is thus deprecated. (function operator())
6: [default0]:[W524 06:38:18.426202137 ProcessGroupNCCL.cpp:941] Warning: TORCH_NCCL_AVOID_RECORD_STREAMS is the default now, this environment variable is thus deprecated. (function operator())
6: [default1]:[W524 06:38:18.426202361 ProcessGroupNCCL.cpp:941] Warning: TORCH_NCCL_AVOID_RECORD_STREAMS is the default now, this environment variable is thus deprecated. (function operator())
6: [default2]:[W524 06:38:18.429665713 ProcessGroupNCCL.cpp:941] Warning: TORCH_NCCL_AVOID_RECORD_STREAMS is the default now, this environment variable is thus deprecated. (function operator())
0: [default0]:/iopsstor/scratch/cscs/course_00179/lsaie-ss26-gipfelsturm/Megatron-LM/megatron/training/utils.py:411: UserWarning: Overriding default arguments for tokenizer_type:GPT2BPETokenizer with tokenizer_type:GPT2BPETokenizer
0: [default0]:  warnings.warn(message)
0: [default0]:using world size: 32, data-parallel size: 32, context-parallel size: 1, hierarchical context-parallel sizes: None, tensor-model-parallel size: 1, pipeline-model-parallel size: 1
0: [default0]:Number of virtual stages per pipeline stage: None
0: [default0]:using torch.bfloat16 for parameters ...
0: [default0]:------------------------ arguments ------------------------
0: [default0]:  account_for_embedding_in_pipeline_split ......... False
0: [default0]:  account_for_loss_in_pipeline_split .............. False
0: [default0]:  accumulate_allreduce_grads_in_fp32 .............. False
0: [default0]:  activation_func_clamp_value ..................... None
0: [default0]:  adam_beta1 ...................................... 0.9
0: [default0]:  adam_beta2 ...................................... 0.95
0: [default0]:  adam_eps ........................................ 1e-08
0: [default0]:  add_bias_linear ................................. False
0: [default0]:  add_position_embedding .......................... True
0: [default0]:  add_qkv_bias .................................... False
0: [default0]:  adlr_autoresume ................................. False
0: [default0]:  adlr_autoresume_interval ........................ 1000
0: [default0]:  align_grad_reduce ............................... True
0: [default0]:  align_param_gather .............................. False
0: [default0]:  allow_ambiguous_pad_tokens ...................... False
0: [default0]:  app_tag_run_name ................................ None
0: [default0]:  app_tag_run_version ............................. 0.0.0
0: [default0]:  apply_query_key_layer_scaling ................... False
0: [default0]:  apply_residual_connection_post_layernorm ........ False
0: [default0]:  apply_rope_fusion ............................... True
0: [default0]:  apply_wd_to_qk_layernorm ........................ False
0: [default0]:  async_save ...................................... False
0: [default0]:  async_tensor_model_parallel_allreduce ........... True
0: [default0]:  attention_backend ............................... AttnBackend.auto
0: [default0]:  attention_dropout ............................... 0.0
0: [default0]:  attention_output_gate ........................... False
0: [default0]:  attention_softmax_in_fp32 ....................... False
0: [default0]:  auto_detect_ckpt_format ......................... False
0: [default0]:  barrier_with_L1_time ............................ True
0: [default0]:  batch_invariant_mode ............................ False
0: [default0]:  bert_binary_head ................................ True
0: [default0]:  bert_embedder_type .............................. megatron
0: [default0]:  bert_load ....................................... None
0: [default0]:  bf16 ............................................ True
0: [default0]:  bias_dropout_fusion ............................. True
0: [default0]:  bias_gelu_fusion ................................ False
0: [default0]:  bias_swiglu_fusion .............................. True
0: [default0]:  biencoder_projection_dim ........................ 0
0: [default0]:  biencoder_shared_query_context_model ............ False
0: [default0]:  block_data_path ................................. None
0: [default0]:  cache_mla_latents ............................... False
0: [default0]:  calc_ft_timeouts ................................ False
0: [default0]:  calculate_per_token_loss ........................ False
0: [default0]:  check_for_large_grads ........................... False
0: [default0]:  check_for_nan_in_loss_and_grad .................. False
0: [default0]:  check_for_spiky_loss ............................ False
0: [default0]:  check_weight_hash_across_dp_replicas_interval ... None
0: [default0]:  ckpt_assume_constant_structure .................. False
0: [default0]:  ckpt_convert_format ............................. None
0: [default0]:  ckpt_convert_save ............................... None
0: [default0]:  ckpt_convert_update_legacy_dist_opt_format ...... False
0: [default0]:  ckpt_format ..................................... torch_dist
0: [default0]:  ckpt_fully_parallel_load ........................ False
0: [default0]:  ckpt_fully_parallel_save ........................ True
0: [default0]:  ckpt_fully_parallel_save_deprecated ............. False
0: [default0]:  ckpt_step ....................................... None
0: [default0]:  classes_fraction ................................ 1.0
0: [default0]:  clip_grad ....................................... 1.0
0: [default0]:  clone_scatter_output_in_embedding ...............
0:  True
0: [default0]:  config_logger_dir ............................... 
0: [default0]:  consumed_train_samples .......................... 0
0: [default0]:  consumed_valid_samples .......................... 0
0: [default0]:  context_parallel_size ........................... 1
0: [default0]:  cp_comm_type .................................... ['p2p']
0: [default0]:  cpu_offloading_num_layers ....................... 0
0: [default0]:  create_all_gather_group ......................... False
0: [default0]:  create_attention_mask_in_dataloader ............. True
0: [default0]:  cross_entropy_fusion_impl ....................... native
0: [default0]:  cross_entropy_loss_fusion ....................... True
0: [default0]:  cuda_graph_impl ................................. none
0: [default0]:  cuda_graph_scope ................................ []
0: [default0]:  cuda_graph_warmup_steps ......................... 3
0: [default0]:  data_args_path .................................. None
0: [default0]:  data_cache_path ................................. /iopsstor/scratch/cscs/course_00179/gipfelsturm/cache
0: [default0]:  data_parallel_random_init ....................... False
0: [default0]:  data_parallel_sharding_strategy ................. no_shard
0: [default0]:  data_parallel_size .............................. 32
0: [default0]:  data_path ....................................... ['/capstor/store/cscs/swissai/infra01/datasets/nvidia/Nemotron-ClimbMix/climbmix_small_megatron/climbmix_small']
0: [default0]:  data_per_class_fraction ......................... 1.0
0: [default0]:  data_sharding ................................... True
0: [default0]:  dataloader_defer_npy_index_mmap ................. False
0: [default0]:  dataloader_fast_cache_load ...................... False
0: [default0]:  dataloader_type ................................. single
0: [default0]:  ddp_average_in_collective ....................... False
0: [default0]:  ddp_bucket_size ................................. None
0: [default0]:  ddp_num_buckets ................................. None
0: [default0]:  ddp_pad_buckets_for_high_nccl_busbw ............. False
0: [default0]:  ddp_reduce_scatter_with_fp32_accumulation ....... False
0: [default0]:  decode_only_cuda_graphs ......................... False
0: [default0]:  decoder_first_pipeline_num_layers ............... None
0: [default0]:  decoder_last_pipeline_num_layers ................ None
0: [default0]:  decoder_num_layers .............................. None
0: [default0]:  decoder_seq_length .............................. None
0: [default0]:  decoupled_lr .................................... None
0: [default0]:  decoupled_min_lr ................................ None
0: [default0]:  decrease_batch_size_if_needed ................... False
0: [default0]:  defer_embedding_wgrad_compute ................... False
0: [default0]:  delay_wgrad_compute ............................. False
0: [default0]:  deprecated_use_mcore_models ..................... True
0: [default0]:  deterministic_mode .............................. False
0: [default0]:  dino_bottleneck_size ............................ 256
0: [default0]:  dino_freeze_last_layer .......................... 1
0: [default0]:  dino_head_hidden_size ........................... 2048
0: [default0]:  dino_local_crops_number ......................... 10
0: [default0]:  dino_local_img_size ............................. 96
0: [default0]:  dino_norm_last_layer ............................ False
0: [default0]:  dino_teacher_temp ............................... 0.07
0: [default0]:  dino_warmup_teacher_temp ........................ 0.04
0: [default0]:  dino_warmup_teacher_temp_epochs ................. 30
0: [default0]:  disable_bf16_reduced_precision_matmul ........... False
0: [default0]:  disable_chunked_prefill ......................... True
0: [default0]:  disable_jit_fuser ............................... False
0: [default0]:  disable_straggler_on_startup .................... False
0: [default0]:  disable_symmetric_registration .................. False
0: [default0]:  dist_ckpt_format_deprecated ..................... None
0: [default0]:  dist_ckpt_optim_fully_reshardable ............... False
0: [default0]:  dist_ckpt_save_pre_mcore_014 .................... False
0: [default0]:  dist_ckpt_strictness ............................ assume_ok_unexpected
0: [default0]:  distrib_optim_fully_reshardable_mem_efficient ... False
0: [default0]:  distribute_saved_activations .................... False
0: [default0]:  distributed_backend ............................. nccl
0: [default0]:  distributed_timeout_minutes ..................... 10
0: [default0]:  distributed_timeout_seconds_after_init .......... None
0: [default0]:  dsa_indexer_head_dim ............................ None
0: [default0]:  dsa_indexer_loss_coeff ...............
0: ........... None
0: [default0]:  dsa_indexer_n_heads ............................. None
0: [default0]:  dsa_indexer_topk ................................ None
0: [default0]:  dsa_indexer_use_sparse_loss ..................... False
0: [default0]:  dump_param_to_param_group_map ................... None
0: [default0]:  embedding_init_method_std ....................... None
0: [default0]:  embedding_path .................................. None
0: [default0]:  empty_unused_memory_level ....................... 0
0: [default0]:  enable_cuda_graph ............................... False
0: [default0]:  enable_experimental ............................. False
0: [default0]:  enable_ft_package ............................... False
0: [default0]:  enable_full_sharding_in_hsdp .................... False
0: [default0]:  enable_gloo_process_groups ...................... True
0: [default0]:  enable_gpt_oss .................................. False
0: [default0]:  enable_msc ...................................... True
0: [default0]:  enable_one_logger ............................... True
0: [default0]:  encoder_num_layers .............................. 24
0: [default0]:  encoder_seq_length .............................. 4096
0: [default0]:  end_weight_decay ................................ 0.1
0: [default0]:  eod_mask_loss ................................... False
0: [default0]:  ep_overlap_early_attn_memory_release ............ False
0: [default0]:  error_injection_rate ............................ 0
0: [default0]:  error_injection_type ............................ transient_error
0: [default0]:  eval_interval ................................... 1819
0: [default0]:  eval_iters ......................................
0:  10
0: [default0]:  evidence_data_path .............................. None
0: [default0]:  exit_duration_in_mins ........................... None
0: [default0]:  exit_interval ................................... None
0: [default0]:  exit_on_missing_checkpoint ...................... False
0: [default0]:  exit_signal ..................................... 15
0: [default0]:  exit_signal_handler ............................. True
0: [default0]:  exit_signal_handler_for_dataloader .............. False
0: [default0]:  exp_avg_dtype ................................... torch.float32
0: [default0]:  exp_avg_sq_dtype ................................ torch.float32
0: [default0]:  experimental_attention_variant .................. None
0: [default0]:  expert_model_parallel_size ...................... 1
0: [default0]:  expert_tensor_parallel_size ..................... 1
0: [default0]:  export_force_local_attention .................... False
0: [default0]:  export_kd_cfg ................................... None
0: [default0]:  export_kd_teacher_ckpt_format ................... None
0: [default0]:  export_kd_teacher_load .......................... None
0: [default0]:  export_kd_teacher_model_config .................. None
0: [default0]:  export_kv_cache_quant ........................... none
0: [default0]:  export_legacy_megatron .......................... False
0: [default0]:  export_model_type ............................... GPTModel
0: [default0]:  export_moe_apply_probs_on_input ................. False
0: [default0]:  export_offline_model ............................ False
0: [default0]:  export_qk_l2_norm ............................... False
0: [default0]:  export_quant_cfg ................................ None
0: [default0]:  export_real_quant_cfg ........................... None
0: [default0]:  export_te_mcore_model ........................... False
0: [default0]:  external_cuda_graph ............................. False
0: [default0]:  fake_process_group .............................. False
0: [default0]:  ffn_hidden_size ................................. 4096
0: [default0]:  fim_data .......................................
0: . False
0: [default0]:  fim_eod_token ................................... <|endoftext|>
0: [default0]:  fim_fragment_rate ............................... None
0: [default0]:  fim_middle_token ................................ <fim_middle>
0: [default0]:  fim_no_prefix ................................... None
0: [default0]:  fim_pad_token ................................... <fim_pad>
0: [default0]:  fim_prefix_token ................................ <fim_prefix>
0: [default0]:  fim_rate ........................................ 0.5
0: [default0]:  fim_split_sample ................................ None
0: [default0]:  fim_spm_rate .................................... 0.5
0: [default0]:  fim_suffix_token ................................ <fim_suffix>
0: [default0]:  fine_grained_activation_offloading .............. False
0: [default0]:  finetune ........................................ False
0: [default0]:  finetune_data_split ............................. train
0: [default0]:  finetune_hf_dataset ............................. None
0: [default0]:  first_last_layers_bf16 .......................... False
0: [default0]:  flash_decode .................................... False
0: [default0]:  fp16 ............................................ False
0: [default0]:  fp16_lm_cross_entropy ........................... False
0: [default0]:  fp32_residual_connection ........................ False
0: [default0]:  fp4 ............................................. None
0: [default0]:  fp4_param ....................................... False
0: [default0]:  fp4_quantizer_factory ........................... None
0: [default0]:  fp4_recipe ...................................... nvfp4
0: [default0]:  fp8 ............................................. hybrid
0: [default0]:  fp8_amax_compute_algo ........................... max
0: [default0]:  fp8_amax_history_len ............................ 1024
0: [default0]:  fp8_interval .................................... 1
0: [default0]:  fp8_margin ...................................... 0
0: [default0]:  fp8_param_gather ................................ False
0: [default0]:  fp8_quantizer_factory ........................... None
0: [default0]:  fp8_recipe ...................................... delayed
0: [default0]:  fp8_wgrad ....................................... True
0: [default0]:  fsdp_double_buffer .............................. False
0: [default0]:  fsdp_manual_registration ........................ False
0: [default0]:  ft_num_warmup_iters ............................. 5
0: [def
0: ault0]:  full_validation ................................. False
0: [default0]:  global_batch_size ............................... 512
0: [default0]:  glu_linear_offset ............................... 0.0
0: [default0]:  grad_reduce_in_bf16 ............................. False
0: [default0]:  gradient_accumulation_fusion .................... True
0: [default0]:  gradient_reduce_div_fusion ...................... True
0: [default0]:  group_query_attention ........................... True
0: [default0]:  grpo_clamp_eps_lower ............................ 0.01
0: [default0]:  grpo_clamp_eps_upper ............................ 0.01
0: [default0]:  grpo_entropy_term_weight ........................ 0.0
0: [default0]:  grpo_filter_groups_with_same_reward ............. False
0: [default0]:  grpo_group_size ................................. 2
0: [default0]:  grpo_iterations ................................. 2
0: [default0]:  grpo_kl_beta .................................... 0.001
0: [default0]:  grpo_prompts_per_step ........................... 32
0: [default0]:  head_lr_mult .................................... 1.0
0: [default0]:  heterogeneous_layers_config_encoded_json ........ None
0: [default0]:  heterogeneous_layers_config_path ................ None
0: [default0]:  hidden_dropout .................................. 0.0
0: [default0]:  hidden_size ..................................... 1536
0: [default0]:  hierarchical_context_parallel_sizes ............. None
0: [default0]:  
0: high_priority_stream_groups ..................... []
0: [default0]:  hybrid_attention_ratio .......................... 0.0
0: [default0]:  hybrid_context_parallel ......................... False
0: [default0]:  hybrid_mlp_ratio ................................ 0.0
0: [default0]:  hybrid_override_pattern ......................... None
0: [default0]:  hysteresis ...................................... 2
0: [default0]:  ict_head_size ................................... None
0: [default0]:  ict_load ........................................ None
0: [default0]:  img_h ........................................... 224
0: [default0]:  img_w ........................................... 224
0: [default0]:  indexer_batch_size .............................. 128
0: [default0]:  indexer_log_interval ............................ 1000
0: [default0]:  inference_batch_times_seqlen_threshold .......... -1
0: [default0]:  inference_coordinator_port ...................... 12346
0: [default0]:  inference_dynamic_batching ...................... False
0: [default0]:  inference_dynamic_batching_block_size ........... 256
0: [default0]:  inference_dynamic_batching_buffer_size_gb ....... 40.0
0: [default0]:  inference_dynamic_batching_cuda_graph_max_tokens  16384
0: [default0]:  inference_dynamic_batching_cuda_graph_mixed_prefill_count  16
0: [default0]:  inference_dynamic_batching_max_requests ......... None
0: [default0]:  inference_dynamic_batching_max_tokens ........... None
0: [default0]:  inference_dynamic_batching_num_cuda_graphs ...... 16
0: [default0]:  inference_dynamic_batching_paused_buffer_size_gb  None
0: [default0]:  inference_dynamic_batching_track_paused_request_events  False
0: [default0]:  inference_dynamic_batching_unified_memory_level . 0
0: [default0]:  inference_fuse_tp_communication ................. False
0: [default0]:  inference_logging_step_interval ................. 0
0: [default0]:  inference_max_batch_size ........................ 8
0: [default0]:  inference_max_seq_length ........................ 2560
0: [default0]:  inference_rng_tracker ........................... False
0: [default0]:  inference_wandb_logging ......................... False
0: [default0]:  init_method_std ................................. 0.02
0: [default0]:  init_method_xavier_uniform ...................... False
0: [default0]:  init_model_with_meta_device ..................... False
0: [default0]:  initial_loss_scale .............................. 4294967296
0: [default0]:  inprocess_active_world_size ..................... 32
0: [default0]:  inprocess_barrier_timeout ....................... 120
0: [default0]:  inprocess_completion_timeout .................... 120
0: 
0: [default0]:  inprocess_empty_cuda_cache ...................... False
0: [default0]:  inprocess_granularity ........................... node
0: [default0]:  inprocess_hard_timeout .......................... 90
0: [default0]:  inprocess_heartbeat_interval .................... 30
0: [default0]:  inprocess_heartbeat_timeout ..................... 60
0: [default0]:  inprocess_last_call_wait ........................ 1
0: [default0]:  inprocess_max_iterations ........................ None
0: [default0]:  inprocess_monitor_process_interval .............. 1.0
0: [default0]:  inprocess_monitor_thread_interval ............... 1.0
0: [default0]:  inprocess_progress_watchdog_interval ............ 1.0
0: [default0]:  inprocess_restart ............................... False
0: [default0]:  inprocess_soft_timeout .......................... 60
0: [default0]:  inprocess_termination_grace_time ................ 1
0: [default0]:  is_hybrid_model ................................. False
0: [default0]:  iter_per_epoch .................................. 1250
0: [default0]:  iterations_to_skip .............................. []
0: [default0]:  keep_fp8_transpose_cache ........................ False
0: [default0]:  kitchen_attention_backend ....................... sdpa
0: [default0]:  kv_channels ..................................... 96
0: [default0]:  kv_lora_rank .................................... 32
0: [default0]:  langrl_env_config ............................... None
0: [default0]:  langrl_external_server .......................... False
0: [default0]:  langrl_inference_server_conversation_template ... None
0: [default0]:  langrl_inference_server_type .................... inplace_megatron
0: [default0]:  layernorm_epsilon ............................... 1e-05
0: [default0]:  layernorm_zero_centered_gamma ................... False
0: [default0]:  lazy_mpu_init ................................... None
0: [default0]:  legacy_tokenizer ................................ False
0: [default0]:  linear_attention_freq ........................... None
0: [default0]:  linear_conv_kernel_dim .......................... 4
0: [default0]:  linear_key_head_dim ............................. 128
0: [default0]:  linear_num_key_heads ............................ 16
0: [default0]:  linear_num_value_heads .......................... 32
0: [default0]:  linear_value_head_dim ........................... 128
0: [default0]:  load ............................................ None
0: [default0]:  load_main_params_from_ckpt ...................... False
0: [default0]:  local_rank ...................................... 0
0: [default0]:  log_device_memory_used .......................... False
0: [default0]:  log_energy ...................................... False
0: [default0]:  log_interval .................................... 1
0: [default0]:  log_loss_scale_to_tensorboard ................... True
0: [default0]:  log_max_attention_logit ......................... False
0: [default0]:  log_memory_interval ............................. None
0: [default0]:  log_memory_to_tensorboard ....................... True
0: [default0]:  log_num_zeros_in_grad ........................... False
0: [default0]:  log_params_norm ................................. False
0: [default0]:  log_progress .................................... True
0: [default0]:  log_straggler ................................... False
0: [default0]:  log_throughput .................................. True
0: [default0]:  log_timers_to_tensorboard ....................... True
0: [default0]:  log_validation_ppl_to_tensorboard ............... False
0: [de
0: fault0]:  log_world_size_to_tensorboard ................... False
0: [default0]:  logging_level ................................... None
0: [default0]:  loss_scale ...................................... None
0: [default0]:  loss_scale_window ............................... 1000
0: [default0]:  lr .............................................. 0.0001
0: [default0]:  lr_decay_iters .................................. 1819
0: [default0]:  lr_decay_samples ................................ None
0: [default0]:  lr_decay_style .................................. cosine
0: [default0]:  lr_warmup_fraction .............................. None
0: [default0]:  lr_warmup_init .................................. 0.0
0: [default0]:  lr_warmup_iters ................................. 100
0: [default0]:  lr_warmup_samples ............................... 0
0: [default0]:  lr_wsd_decay_iters .............................. None
0: [default0]:  lr_wsd_decay_samples ............................ None
0: [default0]:  lr_wsd_decay_style .............................. exponential
0: [default0]:  main_grads_dtype ................................ torch.bfloat16
0: [default0]:  main_params_dtype ............................... torch.float32
0: [default0]:  make_vocab_size_divisible_by .................... 128
0: [default0]:  mamba_head_dim .................................. 64
0: [default0]:  mamba_num_groups ................................ 8
0: [default0]:  mamba_num_heads ................................. None
0: [default0]:  mamba_state_dim ................................. 128
0: [default0]:  manual_gc ....................................... True
0: [default0]:  manual_gc_eval .................................. True
0: [default0]:  manual_gc_interval .............................. 50
0: [default0]:  mask_factor ..................................... 1.0
0: [default0]:  mask_prob ....................................... 0.15
0: [default0]:  mask_type ....................................... random
0: [default0]:  masked_softmax_fusion ........................... True
0: [default0]:  max_position_embeddings ........................
0: . 4096
0: [default0]:  max_seqlen_per_dp_cp_rank ....................... None
0: [default0]:  max_tokens_to_oom ............................... 12000
0: [default0]:  memory_snapshot_path ............................ snapshot.pickle
0: [default0]:  merge_file ...................................... /iopsstor/scratch/cscs/course_00179/lsaie-ss26-gipfelsturm/data/gpt2-merges.txt
0: [default0]:  micro_batch_size ................................ 4
0: [default0]:  microbatch_group_size_per_vp_stage .............. None
0: [default0]:  mid_level_dataset_surplus ....................... 0.005
0: [default0]:  min_loss_scale .................................. 1.0
0: [default0]:  min_lr .......................................... 1e-05
0: [default0]:  min_offloaded_tensor_size ....................... 1048576
0: [default0]:  mlp_chunks_for_prefill .......................... 1
0: [default0]:  mmap_bin_files .................................. True
0: [default0]:  mock_data ....................................... False
0: [default0]:  modelopt_enabled ................................ False
0: [default0]:  moe_apply_probs_on_input ........................ False
0: [default0]:  moe_aux_loss_coeff .....................
0: ......... 0.0
0: [default0]:  moe_deepep_num_sms .............................. 20
0: [default0]:  moe_enable_deepep ............................... False
0: [default0]:  moe_enable_routing_replay ....................... False
0: [default0]:  moe_expert_capacity_factor ...................... None
0: [default0]:  moe_extended_tp ................................. False
0: [default0]:  moe_ffn_hidden_size ............................. None
0: [default0]:  moe_flex_dispatcher_backend ..................... deepep
0: [default0]:  moe_grouped_gemm ................................ False
0: [default0]:  moe_hybridep_num_sms ............................ 16
0: [default0]:  moe_input_jitter_eps ............................ None
0: [default0]:  moe_latent_size ................................. None
0: [default0]:  moe_layer_freq .................................. 1
0: [default0]:  moe_layer_recompute ............................. False
0: [default0]:  moe_pad_expert_input_to_capacity ................ False
0: [default0]:  moe_pad_experts_for_cuda_graph_inference ........ False
0: [default0]:  moe_per_layer_logging ........................... False
0: 
0: [default0]:  moe_permute_fusion .............................. False
0: [default0]:  moe_router_bias_update_rate ..................... 0.001
0: [default0]:  moe_router_dtype ................................ None
0: [default0]:  moe_router_enable_expert_bias ................... False
0: [default0]:  moe_router_force_load_balancing ................. False
0: [default0]:  moe_router_fusion ............................... False
0: [default0]:  moe_router_group_topk ........................... None
0: [default0]:  moe_router_load_balancing_type .................. aux_loss
0: [default0]:  moe_router_num_groups ........................... None
0: [default0]:  moe_router_padding_for_fp8 ...................... False
0: [default0]:  moe_router_padding_for_quantization ............. False
0: [default0]:  moe_router_pre_softmax .......................... False
0: [default0]:  moe_router_score_function ....................... softmax
0: [default0]:  moe_router_topk ................................. 2
0: [default0]:  moe_router_topk_scaling_factor ................
0: .. None
0: [default0]:  moe_shared_expert_gate .......................... False
0: [default0]:  moe_shared_expert_intermediate_size ............. None
0: [default0]:  moe_shared_expert_overlap ....................... False
0: [default0]:  moe_token_dispatcher_type ....................... allgather
0: [default0]:  moe_token_drop_policy ........................... probs
0: [default0]:  moe_upcycling_granularity ....................... 1
0: [default0]:  moe_use_legacy_grouped_gemm ..................... False
0: [default0]:  moe_use_upcycling ............................... False
0: [default0]:  moe_z_loss_coeff ................................ None
0: [default0]:  mrope_section ................................... None
0: [default0]:  mscale .......................................... 1.0
0: [default0]:  mscale_all_dim .................................. 0.0
0: [default0]:  mtp_loss_scaling_factor ......................... 0.1
0: [default0]:  mtp_num_layers .................................. None
0: [default0]:  mtp_standalone .................................. False
0: [default0]:  multi_latent_attention .......................... False
0: [default0]:  multiple_validation_sets ........................ False
0: [default0]:  muon_extra_scale_factor ......................... 1.0
0: [default0]:  muon_fp32_matmul_prec ........................... medium
0: [default0]:  muon_momentum ................................... 0.9
0: [default0]:  muon_num_ns_steps ............................... 5
0: [default0]:  muon_scale_mode ................................. spectral
0: [default0]:  muon_split_qkv .................................. True
0: [default0]:  muon_tp_mode .................................... blockwise
0: [default0]:  muon_use_nesterov ............................... False
0: [default0]:  nccl_all_reduce_for_prefill ..................... False
0: [default0]:  nccl_communicator_config_path ................... None
0: [default0]:  nccl_ub ......................................... False
0: [default0]:  no_load_optim ................................... None
0: [default0]:  no_load_rng ..................................... None
0: [default0]:  no_persist_layer_norm ........................... False
0: [default0]:  no_rope_freq .................................... None
0: [default0]:  no_save_optim ................................... None
0: [default0]:  no_save_rng ..................................... None
0: [default0]:  no_weight_decay_cond_type ....................... None
0: [default0]:  non_persistent_ckpt_type ........................ None
0: [default0]:  non_persistent_global_ckpt_dir .................. None
0: [default0]:  non_persistent_local_ckpt_algo .................. fully_parallel
0: [default0]:  non_persistent_local_ckpt_dir ................... None
0: [default0]:  non_persistent_save_interval .................... None
0: [default0]:  normalization ................................... RMSNorm
0: [default0]:  num_attention_heads ............................. 16
0: [default0]:  num_channels .................................... 3
0: [default0]:  num_classes ..................................... 1000
0: [default0]:  num_dataset_builder_threads ..................... 1
0: [default0]:  num_distributed_optimizer_instances ............. 1
0: [default0]:  num_experts ..................................... None
0: [default0]:  num_layers ...................................... 24
0: [default0]:  num_layers_at_end_in_bf16 ....................... 1
0: [default0]:  num_layers_at_start_in_bf16 ..................... 1
0: [default0]:  num_layers_per_virtual_pipeline_stage ........... None
0: [default0]:  num_query_groups ................................ 4
0: [default0]:  num_virtual_stages_per_pipeline_rank ............ None
0: [default0]:  num_workers ..................................... 16
0: [default0]:  object_storage_cache_path ....................... None
0: [default0]:  offload_modules ................................. []
0: [default0]:  one_logger_async ................................ False
0: [default0]:  one_logger_project .............................. megatron-lm
0: [default0]:  one_logger_run_name ............................. None
0: [default0]:  onnx_safe ....................................... None
0: [default0]:  openai_gelu ..................................... False
0: [default0]:  optimizer ....................................... adam
0: [default0]:  optimizer_cpu_offload ........................... False
0: [default0]:  optimizer_offload_fraction ...................... 1.0
0: [default0]:  outer_dp_sharding_strategy ...................... no_shard
0: [default0]:  output_bert_embeddings .......................... False
0: [default0]:  overlap_cpu_optimizer_d2h_h2d ................... False
0: [default0]:  overlap_grad_reduce ............................. True
0: [default0]:  overlap_moe_expert_parallel_comm .............
0: ... False
0: [default0]:  overlap_p2p_comm ................................ False
0: [default0]:  overlap_p2p_comm_warmup_flush ................... False
0: [default0]:  overlap_param_gather ............................ True
0: [default0]:  overlap_param_gather_with_optimizer_step ........ False
0: [default0]:  override_opt_param_scheduler .................... False
0: [default0]:  padded_vocab_size ............................... None
0: [default0]:  params_dtype .................................... torch.bfloat16
0: [default0]:  patch_dim ....................................... 16
0: [default0]:  per_dataset_sequences_path ...................... None
0: [default0]:  per_split_data_args_path ........................ None
0: [default0]:  perform_initialization .......................... True
0: [default0]:  perform_rl_step ................................. False
0: [default0]:  phase_transition_iterations ..................... None
0: [default0]:  pin_cpu_grads ................................... True
0: [default0]:  pin_cpu_params .................................. True
0: [default0]:  pipeline_model_parallel_comm_backend ............ None
0: [default0]:  pipeline_model_parallel_layout .................. None
0: [default0]:  pipeline_model_parallel_size .................... 1
0: [default0]:  position_embedding_type ......................... rope
0: [default0]:  pretrained_checkpoint ........................... None
0: [default0]:  profile ......................................... False
0: [default0]:  profile_ranks ................................... [0]
0: [default0]:  profile_step_end ................................ 12
0: [default
0: 0]:  profile_step_start .............................. 10
0: [default0]:  q_lora_rank ..................................... None
0: [default0]:  qk_clip ......................................... False
0: [default0]:  qk_clip_alpha ................................... 0.5
0: [default0]:  qk_clip_threshold ............................... 100
0: [default0]:  qk_head_dim ..................................... 128
0: [default0]:  qk_l2_norm ...................................... False
0: [default0]:  qk_layernorm .................................... False
0: [default0]:  qk_pos_emb_head_dim ............................. 64
0: [default0]:  query_in_block_prob ............................. 0.1
0: [default0]:  quick_geglu ..................................... False
0: [default0]:  rampup_batch_size ............................... None
0: [default0]:  rank ............................................ 0
0: [default0]:  recompute_granularity ........................... selective
0: [default0]:  recompute_method ................................ None
0: [default0]:  recompute_modules ............................... None
0: [default0]:  recompute_num_layers ............................ None
0: [default0]:  record_memory_history ........................... False
0: [default0]:  refit_method .................................... gloo
0: [default0]:  relative_attention_max_distance ................. 128
0: [default0]:  relative_attention_num_buckets .................. 32
0: [default0]:  replication ..................................... False
0: [default0]:  replication_factor .............................. 2
0: [default0]:  replication_jump ................................ None
0: [default0]:  rerun_mode ...................................... validate_results
0: [default0]:  reset_attention_mask ............................ False
0: [default0]:  reset_position_ids .............................. False
0: [default0]:  result_rejected_tracker_filename ................ None
0: [default0]:  retriever_report_topk_accuracies ................ []
0: [default0]:  retriever_score_scaling ......................... False
0: [default0]:  reuse_grad_buf_for_mxfp8_param_ag ............... False
0: [default0]:  rl_default_temperature ..........................
0:  1.0
0: [default0]:  rl_default_top_k ................................ -1
0: [default0]:  rl_default_top_p ................................ 0
0: [default0]:  rl_importance_sampling_truncation_coef .......... None
0: [default0]:  rl_inference_expert_model_parallel_size ......... None
0: [default0]:  rl_inference_expert_tensor_model_parallel_size .. None
0: [default0]:  rl_inference_logprobs_is_correction ............. False
0: [default0]:  rl_inference_model_unified_memory_level ......... 0
0: [default0]:  rl_inference_pipeline_model_parallel_size ....... None
0: [default0]:  rl_inference_tensor_model_parallel_size ......... None
0: [default0]:  rl_offload_inference_model_weights_when_idle .... False
0: [default0]:  rl_offload_kv_cache_during_training ............. False
0: [default0]:  rl_offload_optimizer_during_inference ........... False
0: [default0]:  rl_parallel_generation_tasks .................... 512
0: [default0]:  rl_partial_rollouts ............................. False
0: [default0]:  rl_prompts_per_eval ............................. 32
0: [default0]:  rl_remove_kv_cache_during_training .............. False
0: [default0]:  rl_reset_cuda_graphs ............................ False
0: [de
0: fault0]:  rl_sequence_packing_algo ........................ fifo
0: [default0]:  rl_sequence_packing_max_sequences_per_bin ....... 50
0: [default0]:  rl_skip_bos_token ............................... False
0: [default0]:  rl_training_cuda_graphs ......................... False
0: [default0]:  rl_use_sequence_packing ......................... False
0: [default0]:  rl_verify_model_weights_swap .................... False
0: [default0]:  rope_scaling_factor ............................. 8.0
0: [default0]:  rope_type ....................................... None
0: [default0]:  rotary_base ..................................... 10000
0: [default0]:  rotary_interleaved .............................. False
0: [default0]:  rotary_percent .................................. 1.0
0: [default0]:  rotary_scaling_factor ........................... 1.0
0: [default0]:  rotary_seq_len_interpolation_factor ............. None
0: [default0]:  run_workload_inspector_server ................... False
0: [default0]:  sample_rate ..................................... 1.0
0: [default0]:  save ............................................ /iopsstor/scratch/cscs/course_00179/gipfelsturm/gipfelsturm/train-760m-8n/checkpoints
0: [default0]:  save_dgrads_interval ............................ None
0: [default0]:  save_interval ................................... 500
0: [default0]:  save_retain_interval ............................ None
0: [default0]:  save_wgrads_interval ............................ None
0: [default0]:  scatter_gather_tensors_in_pipeline .............. True
0: [default0]:  seed ............................................ 42
0: [default0]:  seq_length ...................................... 4096
0: [default0]:  sequence_parallel ............................... False
0: [default0]:  sft ............................................. False
0: [default0]:  sft_tokenizer_prompt_format ..................... nemotron-h-aligned
0: [default0]:  sgd_momentum .................................... 0.9
0: [default0]:  sharp_enabled_group ............................. None
0: [default0]:  short_seq_prob .................................. 0.1
0: [default0]:  skip_train ...................................... False
0: [default0]:  skipped_train_samples ........................... 0
0: [default0]:  softmax_type .................................... vanilla
0: [default0]:  spec .........................................
0: ... None
0: [default0]:  split ........................................... 99,1,0
0: [default0]:  squared_relu .................................... False
0: [default0]:  start_weight_decay .............................. 0.1
0: [default0]:  straggler_ctrlr_port ............................ 65535
0: [default0]:  straggler_minmax_count .......................... 1
0: [default0]:  strict_fsdp_dtensor_load ........................ True
0: [default0]:  suggested_communication_unit_size ............... None
0: [default0]:  swiglu .......................................... True
0: [default0]:  swin_backbone_type .............................. tiny
0: [default0]:  symmetric_ar_type ............................... None
0: [default0]:  te_precision_config_file ........................ None
0: [default0]:  te_rng_tracker .................................. False
0: [default0]:  tensor_model_parallel_size ...................... 1
0: [default0]:  tensorboard_dir ................................. /iopsstor/scratch/cscs/course_00179/gipfelsturm/gipfelsturm/train-760m-8n/tensorboard
0: [default0]:  tensorboard_log_interval ........................ 1
0: [default0]:  tensorboard_queue_size .......................... 1000
0: [default0]:  test_data_path .................................. None
0: [default0]:  test_mode ....................................... False
0: [default0]:  tiktoken_num_special_tokens ..................... 
0: 1000
0: [default0]:  tiktoken_pattern ................................ None
0: [default0]:  tiktoken_special_tokens ......................... None
0: [default0]:  timing_log_level ................................ 0
0: [default0]:  timing_log_option ............................... minmax
0: [default0]:  titles_data_path ................................ None
0: [default0]:  tokenizer_hf_include_special_tokens ............. False
0: [default0]:  tokenizer_hf_use_fast ........................... False
0: [default0]:  tokenizer_metadata .............................. None
0: [default0]:  tokenizer_model ................................. None
0: [default0]:  tokenizer_sentencepiece_legacy .................. False
0: [default0]:  tokenizer_special_tokens ........................ None
0: [default0]:  tokenizer_type .................................. GPT2BPETokenizer
0: [default0]:  torch_fsdp2_reshard_after_forward ............... True
0: [default0]:  tp_comm_bootstrap_backend ....................... nccl
0: [default0]:  tp_comm_bulk_dgrad .............................. True
0: [default0]:  tp_comm_bulk_wgrad .............................. True
0: [default0]:  tp_comm_overlap ................................. False
0: [default0]:  tp_comm_overlap_ag ......................
0: ........ True
0: [default0]:  tp_comm_overlap_cfg ............................. None
0: [default0]:  tp_comm_overlap_rs .............................. True
0: [default0]:  tp_comm_overlap_rs_dgrad ........................ False
0: [default0]:  tp_comm_split_ag ................................ True
0: [default0]:  tp_comm_split_rs ................................ True
0: [default0]:  train_data_path ................................. None
0: [default0]:  train_iters ..................................... 1819
0: [default0]:  train_samples ................................... None
0: [default0]:  train_sync_interval ............................. None
0: [default0]:  transformer_impl ................................ transformer_engine
0: [default0]:  transformer_pipeline_model_parallel_size ........ 1
0: [default0]:  trust_remote_code ............................... False
0: [default0]:  untie_embeddings_and_output_weights ............. True
0: [default0]:  use_checkpoint_args ............................. False
0: [default0]:  use_checkpoint_opt_param_scheduler .............. False
0: [default0]:  use_cpu_initialization .......................... None
0: [default0]:  use_dist_ckpt ................................... True
0: [default0]:  use_dist_ckpt_deprecated ........................ False
0: [default0]:  use_distributed_optimizer ....................... True
0: [default0]:  use_flash_attn .................................. False
0: [default0]:  use_fused_weighted_squared_relu ................. False
0: [default0]:  use_kitchen_attention ........................... False
0: [default0]:  use_legacy_models ............................... False
0: [default0]:  use_legacy_static_engine ........................ False
0: [default0]:  use_mamba_mem_eff_path .......................... True
0: [default0]:  use_megatron_fsdp ............................... False
0: [default0]:  use_mp_args_from_checkpoint_args ................ False
0: [default0]:  use_one_sent_docs ............................... False
0: [default0]:  use_persistent_ckpt_worker ...................... False
0: [default0]:  use_precision_aware_optimizer ................... True
0: [default0]:  use_pytorch_profiler ............................ False
0: [default0]:  use_ring_exchange_p2p ........................... False
0: [default0]:  use_rope_scaling ................................ False
0: [default0]:  use_rotary_position_embeddings .................. False
0: [default0]:  use_sharp ....................................... False
0: [default0]:  use_te_activation_func .......................... False
0: [default0]:  use_tokenizer_model_from_checkpoint_args ........ True
0: [default0]:  use_torch_fsdp2 ................................. False
0: [default0]:  use_torch_optimizer_for_cpu_offload ............. False
0: [default0]:  use_tp_pp_dp_mapping ............................ False
0: [default0]:  v_head_dim ...................................... 128
0: [default0]:  valid_data_path ................................. None
0: [default0]:  variable_seq_lengths ............................ False
0: [default0]:  virtual_pipeline_model_parallel_size ............ None
0: [default0]:  vision_backbone_type ............................ vit
0: [default0]:  vision_pretraining .............................. Fa
0: lse
0: [default0]:  vision_pretraining_type ......................... classify
0: [default0]:  vocab_extra_ids ................................. 0
0: [default0]:  vocab_file ...................................... /iopsstor/scratch/cscs/course_00179/lsaie-ss26-gipfelsturm/data/gpt2-vocab.json
0: [default0]:  vocab_size ...................................... None
0: [default0]:  wandb_entity .................................... None
0: [default0]:  wandb_exp_name .................................. None
0: [default0]:  wandb_project ................................... None
0: [default0]:  wandb_save_dir .................................. None
0: [default0]:  weight_decay .................................... 0.1
0: [default0]:  weight_decay_incr_style ......................... constant
0: [default0]:  wgrad_deferral_limit ............................ 0
0: [default0]:  window_attn_skip_freq ........................... None
0: [default0]:  window_size ..................................... None
0: [default0]:  world_size ...................................... 32
0: [default0]:  yaml_cfg ........................................ None
0: [default0]:-------------------- end of arguments ---------------------
0: [default0]:INFO:megatron.core.num_microbatches_calculator:setting number of microbatches to constant 4
0: [default0]:> building GPT2BPETokenizer tokenizer ...
0: [default0]:WARNING:megatron.core.datasets.megatron_tokenizer:You're using the legacy tokenizer system, which is deprecated and will be removed in a future release. Please migrate to the new tokenizer system (`megatron.core.tokenizers.MegatronTokenizer`).
0: [default0]: > padded vocab (size: 50257) with 47 dummy tokens (new size: 50304)
0: [default0]:WARNING:megatron.core.rerun_state_machine:RerunStateMachine initialized in mode RerunMode.VALIDATE_RESULTS
0: [default0]:> initializing torch distributed ...
0: [default1]:[W524 06:38:19.011625102 ProcessGroupNCCL.cpp:941] Warning: TORCH_NCCL_AVOID_RECORD_STREAMS is the default now, this environment variable is thus deprecated. (function operator())
0: [default0]:[W524 06:38:19.010443920 ProcessGroupNCCL.cpp:941] Warning: TORCH_NCCL_AVOID_RECORD_STREAMS is the default now, this environment variable is thus deprecated. (function operator())
0: [default2]:[W524 06:38:19.002839759 ProcessGroupNCCL.cpp:941] Warning: TORCH_NCCL_AVOID_RECORD_STREAMS is the default now, this environment variable is thus deprecated. (function operator())
0: [default3]:[W524 06:38:19.011713899 ProcessGroupNCCL.cpp:941] Warning: TORCH_NCCL_AVOID_RECORD_STREAMS is the default now, this environment variable is thus deprecated. (function operator())
2: [default2]:[W524 06:38:20.539750754 ProcessGroupNCCL.cpp:941] Warning: TORCH_NCCL_AVOID_RECORD_STREAMS is the default now, this environment variable is thus deprecated. (function operator())
2: [default1]:[W524 06:38:20.539750882 ProcessGroupNCCL.cpp:941] Warning: TORCH_NCCL_AVOID_RECORD_STREAMS is the default now, this environment variable is thus deprecated. (function operator())
2: [default3]:[W524 06:38:20.566599815 ProcessGroupNCCL.cpp:941] Warning: TORCH_NCCL_AVOID_RECORD_STREAMS is the default now, this environment variable is thus deprecated. (function operator())
3: [default1]:[W524 06:38:22.917228385 ProcessGroupNCCL.cpp:941] Warning: TORCH_NCCL_AVOID_RECORD_STREAMS is the default now, this environment variable is thus deprecated. (function operator())
3: [default3]:[W524 06:38:22.900733525 ProcessGroupNCCL.cpp:941] Warning: TORCH_NCCL_AVOID_RECORD_STREAMS is the default now, this environment variable is thus deprecated. (function operator())
3: [default2]:[W524 06:38:22.909985035 ProcessGroupNCCL.cpp:941] Warning: TORCH_NCCL_AVOID_RECORD_STREAMS is the default now, this environment variable is thus deprecated. (function operator())
3: [default0]:[W524 06:38:22.899114793 ProcessGroupNCCL.cpp:941] Warning: TORCH_NCCL_AVOID_RECORD_STREAMS is the default now, this environment variable is thus deprecated. (function operator())
6: [default3]:[W524 06:38:23.430055977 ProcessGroupNCCL.cpp:941] Warning: TORCH_NCCL_AVOID_RECORD_STREAMS is the default now, this environment variable is thus deprecated. (function operator())
2: [default0]:[W524 06:38:25.544428774 ProcessGroupNCCL.cpp:941] Warning: TORCH_NCCL_AVOID_RECORD_STREAMS is the default now, this environment variable is thus deprecated. (function operator())
6: [default1]:[Gloo] Rank 25 is connected to 31 peer ranks. Expected number of connected peer ranks is : 31
6: [default2]:[Gloo] Rank 26 is connected to 31 peer ranks. Expected number of connected peer ranks is : 31
0: [default3]:[Gloo] Rank 3 is connected to 31 peer ranks. Expected number of connected peer ranks is : 31
0: [default1]:[Gloo] Rank 1 is connected to 31 peer ranks. Expected number of connected peer ranks is : 31
0: [default2]:[Gloo] Rank 2 is connected to 31 peer ranks. Expected number of connected peer ranks is : 31
6: [default3]:[Gloo] Rank 27 is connected to 31 peer ranks. Expected number of connected peer ranks is : 31
6: [default0]:[Gloo] Rank 24 is connected to 31 peer ranks. Expected number of connected peer ranks is : 31
0: [default0]:[Gloo] Rank 0 is connected to 31 peer ranks. Expected number of connected peer ranks is : 31
4: [default0]:[Gloo] Rank 16 is connected to 31 peer ranks. Expected number of connected peer ranks is : 31
4: [default3]:[Gloo] Rank 19 is connected to 31 peer ranks. Expected number of connected peer ranks is : 31
4: [default1]:[Gloo] Rank 17 is connected to 31 peer ranks. Expected number of connected peer ranks is : 31
4: [default2]:[Gloo] Rank 18 is connected to 31 peer ranks. Expected number of connected peer ranks is : 31
2: [default3]:[Gloo] Rank 11 is connected to 31 peer ranks. Expected number of connected peer ranks is : 31
2: [default2]:[Gloo] Rank 10 is connected to 31 peer ranks. Expected number of connected peer ranks is : 31
2: [default1]:[Gloo] Rank 9 is connected to 31 peer ranks. Expected number of connected peer ranks is : 31
5: [default2]:[Gloo] Rank 22 is connected to 31 peer ranks. Expected number of connected peer ranks is : 31
5: [default3]:[Gloo] Rank 23 is connected to 31 peer ranks. Expected number of connected peer ranks is : 31
5: [default1]:[Gloo] Rank 21 is connected to 31 peer ranks. Expected number of connected peer ranks is : 31
7: [default0]:[Gloo] Rank 28 is connected to 31 peer ranks. Expected number of connected peer ranks is : 31
7: [default3]:[Gloo] Rank 31 is connected to 31 peer ranks. Expected number of connected peer ranks is : 31
2: [default0]:[Gloo] Rank 8 is connected to 31 peer ranks. Expected number of connected peer ranks is : 31
1: [default1]:[Gloo] Rank 5 is connected to 31 peer ranks. Expected number of connected peer ranks is : 31
1: [default3]:[Gloo] Rank 7 is connected to 31 peer ranks. Expected number of connected peer ranks is : 31
1: [default0]:[Gloo] Rank 4 is connected to 31 peer ranks. Expected number of connected peer ranks is : 31
1: [default2]:[Gloo] Rank 6 is connected to 31 peer ranks. Expected number of connected peer ranks is : 31
7: [default2]:[Gloo] Rank 30 is connected to 31 peer ranks. Expected number of connected peer ranks is : 31
7: [default1]:[Gloo] Rank 29 is connected to 31 peer ranks. Expected number of connected peer ranks is : 31
3: [default3]:[Gloo] Rank 15 is connected to 31 peer ranks. Expected number of connected peer ranks is : 31
3: [default1]:[Gloo] Rank 13 is connected to 31 peer ranks. Expected number of connected peer ranks is : 31
3: [default0]:[Gloo] Rank 12 is connected to 31 peer ranks. Expected number of connected peer ranks is : 31
3: [default2]:[Gloo] Rank 14 is connected to 31 peer ranks. Expected number of connected peer ranks is : 31
5: [default0]:[Gloo] Rank 20 is connected to 31 peer ranks. Expected number of connected peer ranks is : 31
6: [default1]:[Gloo] Rank 25 is connected to 31 peer ranks. Expected number of connected peer ranks is : 31
6: [default2]:[Gloo] Rank 26 is connected to 31 peer ranks. Expected number of connected peer ranks is : 31
6: [default3]:[Gloo] Rank 27 is connected to 31 peer ranks. Expected number of connected peer ranks is : 31
6: [default0]:[Gloo] Rank 24 is connected to 31 peer ranks. Expected number of connected peer ranks is : 31
0: [default3]:[Gloo] Rank 3 is connected to 31 peer ranks. Expected number of connected peer ranks is : 31
0: [default1]:[Gloo] Rank 1 is connected to 31 peer ranks. Expected number of connected peer ranks is : 31
0: [default2]:[Gloo] Rank 2 is connected to 31 peer ranks. Expected number of connected peer ranks is : 31
0: [default0]:[Gloo] Rank 0 is connected to 31 peer ranks. Expected number of connected peer ranks is : 31
4: [default0]:[Gloo] Rank 16 is connected to 31 peer ranks. Expected number of connected peer ranks is : 31
4: [default3]:[Gloo] Rank 19 is connected to 31 peer ranks. Expected number of connected peer ranks is : 31
4: [default1]:[Gloo] Rank 17 is connected to 31 peer ranks. Expected number of connected peer ranks is : 31
4: [default2]:[Gloo] Rank 18 is connected to 31 peer ranks. Expected number of connected peer ranks is : 31
2: [default2]:[Gloo] Rank 10 is connected to 31 peer ranks. Expected number of connected peer ranks is : 31
2: [default3]:[Gloo] Rank 11 is connected to 31 peer ranks. Expected number of connected peer ranks is : 31
2: [default1]:[Gloo] Rank 9 is connected to 31 peer ranks. Expected number of connected peer ranks is : 31
5: [default2]:[Gloo] Rank 22 is connected to 31 peer ranks. Expected number of connected peer ranks is : 31
5: [default3]:[Gloo] Rank 23 is connected to 31 peer ranks. Expected number of connected peer ranks is : 31
5: [default1]:[Gloo] Rank 21 is connected to 31 peer ranks. Expected number of connected peer ranks is : 31
7: [default0]:[Gloo] Rank 28 is connected to 31 peer ranks. Expected number of connected peer ranks is : 31
2: [default0]:[Gloo] Rank 8 is connected to 31 peer ranks. Expected number of connected peer ranks is : 31
7: [default3]:[Gloo] Rank 31 is connected to 31 peer ranks. Expected number of connected peer ranks is : 31
1: [default0]:[Gloo] Rank 4 is connected to 31 peer ranks. Expected number of connected peer ranks is : 31
1: [default1]:[Gloo] Rank 5 is connected to 31 peer ranks. Expected number of connected peer ranks is : 31
1: [default3]:[Gloo] Rank 7 is connected to 31 peer ranks. Expected number of connected peer ranks is : 31
1: [default2]:[Gloo] Rank 6 is connected to 31 peer ranks. Expected number of connected peer ranks is : 31
3: [default3]:[Gloo] Rank 15 is connected to 31 peer ranks. Expected number of connected peer ranks is : 31
3: [default1]:[Gloo] Rank 13 is connected to 31 peer ranks. Expected number of connected peer ranks is : 31
7: [default1]:[Gloo] Rank 29 is connected to 31 peer ranks. Expected number of connected peer ranks is : 31
7: [default2]:[Gloo] Rank 30 is connected to 31 peer ranks. Expected number of connected peer ranks is : 31
3: [default0]:[Gloo] Rank 12 is connected to 31 peer ranks. Expected number of connected peer ranks is : 31
3: [default2]:[Gloo] Rank 14 is connected to 31 peer ranks. Expected number of connected peer ranks is : 31
5: [default0]:[Gloo] Rank 20 is connected to 31 peer ranks. Expected number of connected peer ranks is : 31
6: [default1]:[Gloo] Rank 25 is connected to 31 peer ranks. Expected number of connected peer ranks is : 31
6: [default2]:[Gloo] Rank 26 is connected to 31 peer ranks. Expected number of connected peer ranks is : 31
6: [default0]:[rank24]:[W524 06:38:37.033007986 ProcessGroupNCCL.cpp:5163] Guessing device ID based on global rank. This can cause a hang if rank to GPU mapping is heterogeneous. You can specify device_id in init_process_group()
6: [default3]:[Gloo] Rank 27 is connected to 31 peer ranks. Expected number of connected peer ranks is : 31
0: [default3]:[Gloo] Rank 3 is connected to 31 peer ranks. Expected number of connected peer ranks is : 31
0: [default1]:[Gloo] Rank 1 is connected to 31 peer ranks. Expected number of connected peer ranks is : 31
6: [default0]:[Gloo] Rank 24 is connected to 31 peer ranks. Expected number of connected peer ranks is : 31
0: [default2]:[Gloo] Rank 2 is connected to 31 peer ranks. Expected number of connected peer ranks is : 31
0: [default0]:[Gloo] Rank 0 is connected to 31 peer ranks. Expected number of connected peer ranks is : 31
0: [default0]:> initialized tensor model parallel with size 1
0: [default0]:> initialized pipeline model parallel with size 1
0: [default0]:> setting random seeds to 42 ...
0: [default0]:> compiling dataset index builder ...
0: [default0]:make: Entering directory '/iopsstor/scratch/cscs/course_00179/lsaie-ss26-gipfelsturm/Megatron-LM/megatron/core/datasets'
4: [default0]:[Gloo] Rank 16 is connected to 31 peer ranks. Expected number of connected peer ranks is : 31
4: [default3]:[Gloo] Rank 19 is connected to 31 peer ranks. Expected number of connected peer ranks is : 31
4: [default1]:[Gloo] Rank 17 is connected to 31 peer ranks. Expected number of connected peer ranks is : 31
4: [default0]:[rank16]:[W524 06:38:37.011442357 ProcessGroupNCCL.cpp:5163] Guessing device ID based on global rank. This can cause a hang if rank to GPU mapping is heterogeneous. You can specify device_id in init_process_group()
4: [default2]:[Gloo] Rank 18 is connected to 31 peer ranks. Expected number of connected peer ranks is : 31
2: [default2]:[Gloo] Rank 10 is connected to 31 peer ranks. Expected number of connected peer ranks is : 31
2: [default3]:[Gloo] Rank 11 is connected to 31 peer ranks. Expected number of connected peer ranks is : 31
2: [default1]:[Gloo] Rank 9 is connected to 31 peer ranks. Expected number of connected peer ranks is : 31
2: [default0]:[rank8]:[W524 06:38:37.279511357 ProcessGroupNCCL.cpp:5163] Guessing device ID based on global rank. This can cause a hang if rank to GPU mapping is heterogeneous. You can specify device_id in init_process_group()
5: [default2]:[Gloo] Rank 22 is connected to 31 peer ranks. Expected number of connected peer ranks is : 31
5: [default3]:[Gloo] Rank 23 is connected to 31 peer ranks. Expected number of connected peer ranks is : 31
5: [default1]:[Gloo] Rank 21 is connected to 31 peer ranks. Expected number of connected peer ranks is : 31
5: [default0]:[rank20]:[W524 06:38:37.864161591 ProcessGroupNCCL.cpp:5163] Guessing device ID based on global rank. This can cause a hang if rank to GPU mapping is heterogeneous. You can specify device_id in init_process_group()
2: [default0]:[Gloo] Rank 8 is connected to 31 peer ranks. Expected number of connected peer ranks is : 31
7: [default0]:[Gloo] Rank 28 is connected to 31 peer ranks. Expected number of connected peer ranks is : 31
7: [default3]:[Gloo] Rank 31 is connected to 31 peer ranks. Expected number of connected peer ranks is : 31
1: [default1]:[Gloo] Rank 5 is connected to 31 peer ranks. Expected number of connected peer ranks is : 31
7: [default0]:[rank28]:[W524 06:38:37.926136287 ProcessGroupNCCL.cpp:5163] Guessing device ID based on global rank. This can cause a hang if rank to GPU mapping is heterogeneous. You can specify device_id in init_process_group()
1: [default0]:[Gloo] Rank 4 is connected to 31 peer ranks. Expected number of connected peer ranks is : 31
1: [default0]:[rank4]:[W524 06:38:37.590284879 ProcessGroupNCCL.cpp:5163] Guessing device ID based on global rank. This can cause a hang if rank to GPU mapping is heterogeneous. You can specify device_id in init_process_group()
1: [default3]:[Gloo] Rank 7 is connected to 31 peer ranks. Expected number of connected peer ranks is : 31
1: [default2]:[Gloo] Rank 6 is connected to 31 peer ranks. Expected number of connected peer ranks is : 31
3: [default1]:[Gloo] Rank 13 is connected to 31 peer ranks. Expected number of connected peer ranks is : 31
3: [default3]:[Gloo] Rank 15 is connected to 31 peer ranks. Expected number of connected peer ranks is : 31
3: [default0]:[Gloo] Rank 12 is connected to 31 peer ranks. Expected number of connected peer ranks is : 31
7: [default1]:[Gloo] Rank 29 is connected to 31 peer ranks. Expected number of connected peer ranks is : 31
3: [default0]:[rank12]:[W524 06:38:37.130180697 ProcessGroupNCCL.cpp:5163] Guessing device ID based on global rank. This can cause a hang if rank to GPU mapping is heterogeneous. You can specify device_id in init_process_group()
7: [default2]:[Gloo] Rank 30 is connected to 31 peer ranks. Expected number of connected peer ranks is : 31
3: [default2]:[Gloo] Rank 14 is connected to 31 peer ranks. Expected number of connected peer ranks is : 31
5: [default0]:[Gloo] Rank 20 is connected to 31 peer ranks. Expected number of connected peer ranks is : 31
0: [default0]:/usr/local/lib/python3.12/dist-packages/torch/distributed/c10d_logger.py:83: UserWarning: barrier(): using the device under current context. You can specify `device_id` in `init_process_group` to mute this warning.
0: [default0]:  return func(*args, **kwargs)
0: [default0]:[rank0]:[W524 06:38:37.304184842 ProcessGroupNCCL.cpp:5163] Guessing device ID based on global rank. This can cause a hang if rank to GPU mapping is heterogeneous. You can specify device_id in init_process_group()
0: [default0]:make: Nothing to be done for 'default'.
0: [default0]:make: Leaving directory '/iopsstor/scratch/cscs/course_00179/lsaie-ss26-gipfelsturm/Megatron-LM/megatron/core/datasets'
0: [default0]:>>> done with dataset index builder. Compilation time: 0.112 seconds
0: [default0]:> compiling and loading fused kernels ...
0: [default0]:>>> done with compiling and loading fused kernels. Compilation time: 2.570 seconds
0: [default0]:/usr/local/lib/python3.12/dist-packages/torch/distributed/c10d_logger.py:83: UserWarning: barrier(): using the device under current context. You can specify `device_id` in `init_process_group` to mute this warning.
0: [default0]:  return func(*args, **kwargs)
0: [default0]:time to initialize megatron (seconds): 27.533
0: [default0]:[after in-process setup and before initialize_megatron] datetime: 2026-05-24 06:38:18.877506 
0: [default0]:[after in-job setup and before initialize_megatron] datetime: 2026-05-24 06:38:18.911620 
0: [default0]:/iopsstor/scratch/cscs/course_00179/lsaie-ss26-gipfelsturm/Megatron-LM/megatron/core/transformer/transformer_config.py:1225: UserWarning: If you are using transformer_engine as the transformer implementation, the core_attn is from transformer_engine and may be the fused version. For fused attention, you have no need to set 'core_attn' to recompute. Please check that the core_attn recompute is really needed.
0: [default0]:  warnings.warn(
0: [default0]:[before library-setup] datetime: 2026-05-24 06:37:56.982588
0: [default0]:[after library-setup] datetime: 2026-05-24 06:38:18.829977
0: [default0]:[before megatron-init] datetime: 2026-05-24 06:38:18.877506
0: [default0]:[after megatron is initialized] datetime: 2026-05-24 06:38:43.073826 
0: [default0]:building GPT model ...
7: [default3]:INFO:megatron.core.timers:(min, max) time across ranks (ms):
7: [default3]:    startup-program-entry-spread ...................: (0.15, 7.02)
7: [default3]:    startup-library-setup ..........................: (18267.25, 24742.41)
7: [default3]:    startup-program-setup ..........................: (46.78, 51.60)
7: [default3]:    startup-in-process-setup .......................: (0.00, 0.00)
7: [default3]:    startup-in-job-setup ...........................: (31.92, 37.22)
7: [default3]:    startup-initialize-megatron ....................: (18190.74, 24669.97)
7: [default3]:    startup-set-jit-fusion-options .................: (1708.42, 2459.13)
7: [default3]:    all-reduce-start-timestamps-tensor .............: (1.37, 752.37)
7: [default3]:    startup-megatron-init-local ....................: (20685.92, 27163.64)
7: [default3]:    startup-megatron-init-global ...................: (45483.31, 45483.48)
0: [default0]: > number of parameters on (tensor, pipeline) model parallel rank (0, 0): 749151744
0: [default0]:INFO:megatron.core.distributed.distributed_data_parallel:Setting up DistributedDataParallel with config DistributedDataParallelConfig(grad_reduce_in_fp32=False, overlap_grad_reduce=True, overlap_param_gather=True, align_param_gather=False, use_distributed_optimizer=True, num_distributed_optimizer_instances=1, check_for_nan_in_grad=False, check_for_large_grads=False, bucket_size=40000000, pad_buckets_for_high_nccl_busbw=False, reduce_scatter_with_fp32_accumulation=False, average_in_collective=False, fp8_param_gather=False, reuse_grad_buf_for_mxfp8_param_ag=False, use_megatron_fsdp=False, use_custom_fsdp=False, data_parallel_sharding_strategy='no_shard', gradient_reduce_div_fusion=True, suggested_communication_unit_size=None, preserve_fp32_weights=True, keep_fp8_transpose_cache=False, nccl_ub=False, fsdp_double_buffer=False, outer_dp_sharding_strategy='no_shard', disable_symmetric_registration=False, fsdp_m
0: anual_registration=False, delay_wgrad_compute=False)
0: [default0]:INFO:megatron.core.distributed.param_and_grad_buffer:Number of buckets for gradient all-reduce / reduce-scatter: 14
0: [default0]:Params for bucket 1 (77266944 elements, 77266944 padded size):
0: [default0]:	module.output_layer.weight
0: [default0]:Params for bucket 2 (43651584 elements, 43651584 padded size):
0: [default0]:	module.decoder.final_layernorm.weight
0: [default0]:	module.decoder.layers.23.mlp.linear_fc1.weight
0: [default0]:	module.decoder.layers.23.mlp.linear_fc1.layer_norm_weight
0: [default0]:	module.decoder.layers.22.mlp.linear_fc1.weight
0: [default0]:	module.decoder.layers.23.mlp.linear_fc2.weight
0: [default0]:	module.decoder.layers.23.self_attention.linear_qkv.weight
0: [default0]:	module.decoder.layers.23.self_attention.linear_qkv.layer_norm_weight
0: [default0]:	module.decoder.layers.23.self_attention.linear_proj.weight
0: [default0]:	module.decoder.layers.22.mlp.linear_fc2.weight
0: [default0]:Params for bucket 3 (49551360 elements, 49551360 padded size):
0: [default0]:	module.decoder.layers.22.mlp.linear_fc1.layer_norm_weight
0: [default0]:	module.decoder.layers.21.mlp.linear_fc1.weight
0: [default0]:	module.decoder.layers.21.mlp.linear_fc1.layer_norm_weight
0: [default0]:	module.decoder.layers.20.mlp.linear_fc1.weight
0: [default0]:	module.decoder.layers.22.self_attention.linear_qkv.weight
0: [default0]:	module.decoder.layers.22.self_attention.linear_proj.weight
0: [default0]:	module.decoder.layers.21.mlp.linear_fc2.weight
0: [default0]:	module.decoder.layers.22.self_attention.linear_qkv.layer_norm_weight
0: [default0]:	module.decoder.layers.21.self_attention.linear_qkv.weight
0: [default0]:	module.decoder.layers.21.self_attention.linear_qkv.layer_norm_weight
0: [default0]:	module.decoder.layers.21.self_attention.linear_proj.weight
0: [default0]:	module.decoder.layers.20.mlp.linear_fc2.weight
0: [default0]:Params for bucket 4 (49551360 elements, 49551360 padded size):
0: [default0]:	module.decoder.layers.20.mlp.linear_fc1.layer_norm_weight
0: [default0]:	module.decoder.layers.19.mlp.linear_fc1.weight
0: [default0]:	module.decoder.layers.19.mlp.linear_fc1.layer_norm_weight
0: [
0: default0]:	module.decoder.layers.18.mlp.linear_fc1.weight
0: [default0]:	module.decoder.layers.20.self_attention.linear_qkv.weight
0: [default0]:	module.decoder.layers.20.self_attention.linear_proj.weight
0: [default0]:	module.decoder.layers.19.mlp.linear_fc2.weight
0: [default0]:	module.decoder.layers.20.self_attention.linear_qkv.layer_norm_weight
0: [default0]:	module.decoder.layers.19.self_attention.linear_qkv.weight
0: [default0]:	module.decoder.layers.19.self_attention.linear_qkv.layer_norm_weight
0: [default0]:	module.decoder.layers.19.self_attention.linear_proj.weight
0: [default0]:	module.decoder.layers.18.mlp.linear_fc2.weight
0: [default0]:Params for bucket 5 (49551360 elements, 49551360 padded size):
0: [default0]:	module.decoder.layers.18.mlp.linear_fc1.layer_norm_weight
0: [default0]:	module.decoder.layers.17.mlp.linear_fc1.weight
0: [default0]:	module.decoder.layers.17.mlp.linear_fc1.layer_norm_weight
0: [default0]:	module.decoder.layers.16.mlp.linear_fc1.weight
0: [default0]:	module.decoder.layers.17.mlp.linear_fc2.weight
0: [default0]:	module.decoder.layers.18.self_attention.linear_qkv.weight
0: [default0]:	module.decoder.layers.18.self_attention.linear_proj.weight
0: [default0]:	module.decoder.layers.18.self_attention.linear_qkv.layer_norm_weight
0: [default0]:	module.decoder.layers.17.self_attention.linear_qkv.weight
0: [default0]:	module.decoder.layers.17.self_attention.linear_qkv.layer_norm_weight
0: [default0]:	module.decoder.layers.17.self_attention.linear_proj.weight
0: [default0]:	module.decoder.layers.16.mlp.linear_fc2.weight
0: [default0]:Params for bucket 6 (49551360 elements, 49551360 padded size):
0: [default0]:	module.decoder.layers.16.mlp.linear_fc1.layer_norm_weight
0: [default0]:	module.decoder.layers.15.mlp.linear_fc1.weight
0: [default0]:	module.decoder.layers.15.mlp.linear_fc1.layer_norm_weight
0: [default0]:	module.decoder.layers.14.mlp.linear_fc1.weight
0: [default0]:	module.decoder.layers.15.mlp.linear_fc2.weight
0: [default0]:	module.decoder.layers.16.self_attention.linear_qkv.layer_norm_weight
0: [default0]:	module.decoder.layers.16.self_attention.linear_proj.weight
0: [default0]:	module.decoder.layers.16.self_attention.linear_qkv.weight
0: [default0]:	module.decoder.layers.15.self_attention.linear_qkv.weight
0: [default0]:	module.decoder.layers.15.self_attention.linear_qkv.layer_norm_weight
0: [default0]:	module.decoder.layers.15.self_attention.linear_proj.weight
0: [default0]:	module.decoder.layers.14.mlp.linear_fc2.weight
0: [default0]:Params for bucket 7 (49551360 elements, 49551360 padded size):
0: [default0]:	module.decoder.layers.14.mlp.linear_fc1.layer_norm_weight
0: [default0]:	module.decoder.layers.13.mlp.linear_fc1.weight
0: [default0]:	module.decoder.layers.13.mlp.linear_fc1.layer_norm_weight
0: [default0]:	module.decoder.layers.12.mlp.linear_fc1.weight
0: [default0]:	module.decoder.layers.13.mlp.linear_fc2.weight
0: [default0]:	module.decoder.layers.14.self_attention.linear_qkv.layer_norm_weight
0: [default0]:	module.decoder.layers.14.self_attention.linear_proj.weight
0: [default0]:	module.decoder.layers.14.self_attention.linear_qkv.weight
0: [default0]:	module.decoder.layers.13.self_attention.linear_qkv.weight
0: [default0]:	module.decoder.layers.13.self_attention.linear_qkv.layer_norm_weight
0: [default0]:	module.decoder.layers.13.self_attenti
0: on.linear_proj.weight
0: [default0]:	module.decoder.layers.12.mlp.linear_fc2.weight
0: [default0]:Params for bucket 8 (49551360 elements, 49551360 padded size):
0: [default0]:	module.decoder.layers.12.mlp.linear_fc1.layer_norm_weight
0: [default0]:	module.decoder.layers.11.mlp.linear_fc1.weight
0: [default0]:	module.decoder.layers.11.mlp.linear_fc1.layer_norm_weight
0: [default0]:	module.decoder.layers.10.mlp.linear_fc1.weight
0: [default0]:	module.decoder.layers.12.self_attention.linear_qkv.weight
0: [default0]:	module.decoder.layers.12.self_attention.linear_proj.weight
0: [default0]:	module.decoder.layers.11.mlp.linear_fc2.weight
0: [default0]:	module.decoder.layers.12.self_attention.linear_qkv.layer_norm_weight
0: [default0]:	module.decoder.layers.11.self_attention.linear_qkv.weight
0: [default0]:	module.decoder.layers.11.self_attention.linear_qkv.layer_norm_weight
0: [default0]:	module.decoder.layers.11.self_attention.linear_proj.weight
0: [default0]:	module.decoder.layers.10.mlp.linear_fc2.weight
0: [default0]:Params for bucket 9 (49551360 elements, 49551360 padded size):
0: [default0]:	module.decoder.layers.10.mlp.linear_fc1.layer_norm_weight
0: [default0]:	module.decoder.layers.9.mlp.linear_fc1.weight
0: [d
0: efault0]:	module.decoder.layers.9.mlp.linear_fc1.layer_norm_weight
0: [default0]:	module.decoder.layers.8.mlp.linear_fc1.weight
0: [default0]:	module.decoder.layers.10.self_attention.linear_qkv.weight
0: [default0]:	module.decoder.layers.10.self_attention.linear_proj.weight
0: [default0]:	module.decoder.layers.9.mlp.linear_fc2.weight
0: [default0]:	module.decoder.layers.10.self_attention.linear_qkv.layer_norm_weight
0: [default0]:	module.decoder.layers.9.self_attention.linear_qkv.weight
0: [default0]:	module.decoder.layers.9.self_attention.linear_qkv.layer_norm_weight
0: [default0]:	module.decoder.layers.9.self_attention.linear_proj.weight
0: [default0]:	module.decoder.layers.8.mlp.linear_fc2.weight
0: [default0]:Params for bucket 10 (49551360 elements, 49551360 padded size):
0: [default0]:	module.decoder.layers.8.mlp.linear_fc1.layer_norm_weight
0: [default0]:	module.decoder.layers.8.self_attention.linear_qkv.weight
0: [default0]:	module.decoder.layers.7.mlp.linear_fc1.weight
0: [default0]:	module.decoder.layers.7.mlp.linear_fc1.layer_norm_weight
0: [default0]:	module.decoder.layers.6.mlp.linear_fc1.weight
0: [default0]:	module.decoder.layers.8.self_attention.linear_qkv.layer_norm_weight
0: [default0]:	module.decoder.layers.8.self_attention.linear_proj.weight
0: [default0]:	module.decoder.layers.7.mlp.linear_fc2.weight
0: [default0]:	module.decoder.layers.7.self_attention.linear_qkv.weight
0: [default0]:	module.decoder.layers.7.self_attention.linear_qkv.layer_norm_weight
0: [default0]:	module.decoder.layers.7.self_attention.linear_proj.weight
0: [default0]:	module.decoder.layers.6.mlp.linear_fc2.weight
0: [default0]:Params for bucket 11 (49551360 elements, 49551360 padded size):
0: [default0]:	module.decoder.layers.5.mlp.linear_fc1.weight
0: [default0]:	module.decoder.layers.5.self_attention.linear_qkv.weight
0: [default0]:	module.decoder.layers.5.self_attention.linear_proj.weight
0: [default0]:	module.decoder.layers.6.mlp.linear_fc1.layer_norm_weight
0: [default0]:	module.decoder.layers.5.mlp.linear_fc2.weight
0: [default0]:	module.decoder.layers.6.self_attention.linear_qkv.weight
0: [default0]:	module.decoder.layers.6.self_attention.linear_proj.weight
0: [default0]:	module.decoder.layers.6.self_attention.linear_qkv.layer_norm_weight
0: [default0]:	module.decoder.layers.5.mlp.linear_fc1.layer_norm_weight
0: [default0]:	module.decoder.layers.5.self_attention.linear_qkv.layer_norm_weight
0: [default0]:	module.decoder.layers.4.mlp.linear_fc2.weight
0: [default0]:	module.decoder.layers.4.mlp.linear_fc1.weight
0: [default0]:Params for bucket 12 (49551360 elements, 49551360 padded size):
0: [default0]:	module.decoder.layers.3.mlp.linear_fc2.weight
0: [default0]:	module.decoder.layers.4.self_attention.linear_qkv.layer_norm_weight
0: [default0]:	module.decoder.layers.4.self_attention.linear_proj.weight
0: [default0]:	module.decoder.layers.4.self_attention.linear_qkv.weight
0: [default0]:	module.decoder.layers.3.mlp.linear_fc1.weight
0: [default0]:	module.decoder.layers.3.mlp.linear_fc1.layer_norm_weight
0: [default0]:	module.decoder.layers.3.self_attention.linear_qkv.layer_norm_weight
0: [default0]:	module.decoder.layers.2.mlp.linear_fc2
0: .weight
0: [default0]:	module.decoder.layers.2.mlp.linear_fc1.weight
0: [default0]:	module.decoder.layers.4.mlp.linear_fc1.layer_norm_weight
0: [default0]:	module.decoder.layers.3.self_attention.linear_qkv.weight
0: [default0]:	module.decoder.layers.3.self_attention.linear_proj.weight
0: [default0]:Params for bucket 13 (49551360 elements, 49551360 padded size):
0: [default0]:	module.decoder.layers.2.mlp.linear_fc1.layer_norm_weight
0: [default0]:	module.decoder.layers.2.self_attention.linear_qkv.weight
0: [default0]:	module.decoder.layers.1.mlp.linear_fc2.weight
0: [default0]:	module.decoder.layers.2.self_attention.linear_qkv.layer_norm_weight
0: [default0]:	module.decoder.layers.1.mlp.linear_fc1.weight
0: [default0]:	module.decoder.layers.1.self_attention.linear_proj.weight
0: [default0]:	module.decoder.layers.2.self_attention.linear_proj.weight
0: [default0]:	module.decoder.layers.1.mlp.linear_fc1.layer_norm_weight
0: [default0]:	module.decoder.layers.1.self_attention.linear_qkv.weight
0: [default0]:	module.decoder.layers.1.self_attention.linear_qkv.l
0: ayer_norm_weight
0: [default0]:	module.decoder.layers.0.mlp.linear_fc2.weight
0: [default0]:	module.decoder.layers.0.mlp.linear_fc1.weight
0: [default0]:Params for bucket 14 (83168256 elements, 83168256 padded size):
0: [default0]:	module.decoder.layers.0.self_attention.linear_qkv.layer_norm_weight
0: [default0]:	module.decoder.layers.0.self_attention.linear_qkv.weight
0: [default0]:	module.embedding.word_embeddings.weight
0: [default0]:	module.decoder.layers.0.mlp.linear_fc1.layer_norm_weight
0: [default0]:	module.decoder.layers.0.self_attention.linear_proj.weight
0: [default0]:INFO:megatron.core.optimizer:Setting up optimizer with config AdamOptimizerConfig(lr=0.0001, min_lr=1e-05, decoupled_lr=None, decoupled_min_lr=None, weight_decay=0.1, apply_wd_to_qk_layernorm=False, fp8_recipe='delayed', fp16=False, bf16=True, reuse_grad_buf_for_mxfp8_param_ag=False, params_dtype=torch.bfloat16, use_precision_aware_optimizer=True, store_param_remainders=True, main_grads_dtype=torch.bfloat16, main_params_dtype=torch.float32, exp_avg_dtype=torch.float32, exp_avg_sq_dtype=torch.float32, optimizer='adam', loss_scale=None, initial_loss_scale=4294967296, min_loss_scale=1.0, loss_scale_window=1000, hysteresis=2, adam_beta1=0.9, adam_beta2=0.95, adam_eps=1
0: e-08, decoupled_weight_decay=True, sgd_momentum=0.9, muon_momentum=0.9, muon_split_qkv=True, muon_use_nesterov=False, muon_scale_mode='spectral', muon_fp32_matmul_prec='medium', muon_num_ns_steps=5, muon_tp_mode='blockwise', muon_extra_scale_factor=1.0, use_distributed_optimizer=True, overlap_param_gather=True, overlap_param_gather_with_optimizer_step=False, optimizer_cpu_offload=False, optimizer_offload_fraction=1.0, use_torch_optimizer_for_cpu_offload=False, overlap_cpu_optimizer_d2h_h2d=False, pin_cpu_grads=True, pin_cpu_params=True, clip_grad=1.0, log_num_zeros_in_grad=False, barrier_with_L1_time=True, timers=<megatron.core.timers.Timers object at 0x40061a092b10>, config_logger_dir='')
0: [default0]:INFO:megatron.core.optimizer_param_scheduler:> learning rate decay style: cosine
0: [default0]:[after model, optimizer, and learning rate scheduler are built] datetime: 2026-05-24 06:38:45.183262 
0: [default0]:> building train, validation, and test datasets ...
0: [default0]: > datasets target sizes (minimum size):
0: [default0]:    train:      931328
0: [default0]:    validation: 10240
0: [default0]:    test:       5120
0: [default0]:INFO:megatron.core.datasets.blended_megatron_dataset_config:Let split_matrix = [(0, 0.99), (0.99, 1.0), None]
0: [default0]:> building train, validation, and test datasets for GPT ...
0: [default0]:INFO:megatron.core.datasets.blended_megatron_dataset_builder:Building GPTDataset splits with sizes=(931328, 10240, 5120) and config=GPTDatasetConfig(random_seed=42, sequence_length=4096, blend=(['/capstor/store/cscs/swissai/infra01/datasets/nvidia/Nemotron-ClimbMix/climbmix_small_megatron/climbmix_small'], None), blend_per_split=None, multiple_validation_sets=False, full_validation=False, split='99,1,0', split_matrix=[(0, 0.99), (0.99, 1.0), None], num_dataset_builder_threads=1, path_to_cache='/iopsstor/scratch/cscs/course_00179/gipfelsturm/cache', mmap_bin_files=True, mock=False, tokenizer=<megatron.core.tokenizers.text.models.default_tokenizer.DefaultTokenizerText object at 0x4006beeffb30>, mid_level_dataset_surplus=0.005, allow_ambiguous_pad_tokens=False, fast_cache_load=False, defer_npy_index_mmap=False, r
0: eset_position_ids=False, reset_attention_mask=False, eod_mask_loss=False, create_attention_mask=True, drop_last_partial_validation_sequence=True, add_extra_token_to_sequence=True, object_storage_cache_path=None, data_parallel_size=32, sequence_parallel_size=0, hybrid_context_parallel=False, sequences_per_dataset=None, token_dtype_code=8, context_parallel_size=1)
0: [default0]:INFO:megatron.core.datasets.indexed_dataset:Load the _IndexReader from /capstor/store/cscs/swissai/infra01/datasets/nvidia/Nemotron-ClimbMix/climbmix_small_megatron/climbmix_small.idx
0: [default0]:INFO:megatron.core.datasets.indexed_dataset:	Extract the sequence lengths
0: [default0]:INFO:megatron.core.datasets.indexed_dataset:	Extract the sequence pointers
0: [default0]:INFO:megatron.core.datasets.indexed_dataset:	Extract the document indices
0: [default0]:INFO:megatron.core.datasets.indexed_dataset:> total number of sequences: 48965906
0: [default0]:INFO:megatron.core.datasets.indexed_dataset:> total number of documents: 48965906
0: [default0]:INFO:megatron.core.datasets.gpt_dataset:Load the GPTDataset train indices
0: [default0]:INFO:megatron.core.datasets.gpt_dataset:	Load the document index from 1d35748b5f28d8b00d1f9e48640d44f2-GPTDataset-train-document_index.npy
0: [default0]:INFO:megatron.core.datasets.gpt_dataset:	Load the sample index from 1d35748b5f28d8b00d1f9e48640d44f2-GPTDataset-train-sample_index.npy
0: [default0]:INFO:megatron.core.datasets.gpt_dataset:	Load the shuffle index from 1d35748b5f28d8b00d1f9e48640d44f2-GPTDataset-train-shuffle_index.npy
0: [default0]:INFO:megatron.core.datasets.gpt_dataset:> total number of samples: 8612827
0: [default0]:INFO:megatron.core.datasets.gpt_dataset:Load the GPTDataset valid indices
0: [default0]:INFO:megatron.core.datasets.gpt_dataset:	Load the document index from 92fab537866db267fbbae5a9468d863c-GPTDataset-valid-documen
0: t_index.npy
0: [default0]:INFO:megatron.core.datasets.gpt_dataset:	Load the sample index from 92fab537866db267fbbae5a9468d863c-GPTDataset-valid-sample_index.npy
0: [default0]:INFO:megatron.core.datasets.gpt_dataset:	Load the shuffle index from 92fab537866db267fbbae5a9468d863c-GPTDataset-valid-shuffle_index.npy
0: [default0]:INFO:megatron.core.datasets.gpt_dataset:> total number of samples: 61644
0: [default0]:> finished creating GPT datasets ...
0: [default0]:[after dataloaders are built] datetime: 2026-05-24 06:38:47.550023 
0: [default0]:done with setup ...
0: [default0]:training ...
0: [default0]:Overwriting rerun_state_machine.current_iteration from -1 to 0...
7: [default3]:INFO:megatron.core.timers:(min, max) time across ranks (ms):
7: [default3]:    model-and-optimizer-setup ......................: (2106.90, 2108.74)
7: [default3]:    train/valid/test-data-iterators-setup ..........: (1992.97, 2364.47)
0: [default0]:[before the start of training step] datetime: 2026-05-24 06:38:47.625690 
0: [default0]:/iopsstor/scratch/cscs/course_00179/lsaie-ss26-gipfelsturm/Megatron-LM/megatron/core/pipeline_parallel/schedules.py:189: UserWarning: The AccumulateGrad node's stream does not match the stream of the node that produced the incoming gradient. This may incur unnecessary synchronization and break CUDA graph capture if the AccumulateGrad node's stream is the default stream. This mismatch is caused by an AccumulateGrad node created prior to the current iteration being kept alive. This can happen if the autograd graph is still being kept alive by tensors such as the loss, or if you are using DDP, which will stash a reference to the node. To resolve the mismatch, delete all references to the autograd graph or ensure that DDP initialization is performed under the same stream as subsequent forwards. If the mismatch is intentional, you can use torch.autograd.graph.set_warn_on_accumulate_grad_stream_mismatch(False) to suppress this warning. (Triggered internally at /opt/pytorch/pytorch/torch/csrc/autograd/inp
0: ut_buffer.cpp:240.)
0: [default0]:  Variable._execution_engine.run_backward(
0: [default0]:/iopsstor/scratch/cscs/course_00179/lsaie-ss26-gipfelsturm/Megatron-LM/megatron/core/transformer/transformer_config.py:1225: UserWarning: If you are using transformer_engine as the transformer implementation, the core_attn is from transformer_engine and may be the fused version. For fused attention, you have no need to set 'core_attn' to recompute. Please check that the core_attn recompute is really needed.
0: [default0]:  warnings.warn(
0: [default0]:Number of parameters in transformer block in billions:  0.59
0: [default0]:Number of parameters in embedding layers in billions: 0.15
0: [default0]:Total number of parameters in billions: 0.75
0: [default0]:/usr/local/lib/python3.12/dist-packages/torch/distributed/c10d_logger.py:83: UserWarning: barrier(): using the device under current context. You can specify `device_id` in `init_process_group` to mute this warning.
0: [default0]:  return func(*args, **kwargs)
0: [default0]:Number of parameters in most loaded shard in billions: 0.7492
0: [default0]:compute_activation_memory_without_sp
0: [default0]:Activation memory footprint per transformer layer (precise, without SP): 816.0 MB
0: [default0]:Theoretical memory footprints: weight and optimizer=4554.60 MB, activation=22289.53 MB, total=26844.13 MB
0: [default0]:
0: [default0]:[Rank 0] (after 1 iterations) memory (MB) | allocated: 4523.07 | max allocated: 27200.11 | reserved: 30354.00 | max reserved: 30354.00
7: [default3]: [2026-05-24 06:39:07.036396] iteration        1/    1819 | consumed samples:          512 | elapsed time per iteration (ms): 19409.9 | throughput per GPU (TFLOP/s/GPU): 16.7 | tokens/sec/GPU: 3376 | learning rate: 1.000000E-06 | global batch size:   512 | lm loss: 1.112146E+01 | loss scale: 1.0 | grad norm: 6.461 | number of skipped iterations:   0 | number of nan iterations:   0 |
0: [default0]:Number of parameters in transformer block in billions:  0.59
0: [default0]:Number of parameters in embedding layers in billions: 0.15
0: [default0]:Total number of parameters in billions: 0.75
0: [default0]:Number of parameters in most loaded shard in billions: 0.7492
0: [default0]:compute_activation_memory_without_sp
0: [default0]:Activation memory footprint per transformer layer (precise, without SP): 816.0 MB
0: [default0]:Theoretical memory footprints: weight and optimizer=4554.60 MB, activation=22289.53 MB, total=26844.13 MB
0: [default0]:
0: [default0]:[Rank 0] (after 2 iterations) memory (MB) | allocated: 4523.07 | max allocated: 27427.20 | reserved: 30354.00 | max reserved: 30354.00
7: [default3]: [2026-05-24 06:39:07.933569] iteration        2/    1819 | consumed samples:         1024 | elapsed time per iteration (ms): 10153.4 | throughput per GPU (TFLOP/s/GPU): 31.9 | tokens/sec/GPU: 6455 | learning rate: 2.000000E-06 | global batch size:   512 | lm loss: 1.112121E+01 | loss scale: 1.0 | grad norm: 14.433 | number of skipped iterations:   0 | number of nan iterations:   0 |
7: [default3]: [2026-05-24 06:39:08.824426] iteration        3/    1819 | consumed samples:         1536 | elapsed time per iteration (ms): 890.7 | throughput per GPU (TFLOP/s/GPU): 363.3 | tokens/sec/GPU: 73580 | learning rate: 3.000000E-06 | global batch size:   512 | lm loss: 1.110395E+01 | loss scale: 1.0 | grad norm: 14.668 | number of skipped iterations:   0 | number of nan iterations:   0 |
7: [default3]: [2026-05-24 06:39:09.719452] iteration        4/    1819 | consumed samples:         2048 | elapsed time per iteration (ms): 894.6 | throughput per GPU (TFLOP/s/GPU): 361.7 | tokens/sec/GPU: 73256 | learning rate: 4.000000E-06 | global batch size:   512 | lm loss: 1.104387E+01 | loss scale: 1.0 | grad norm: 14.175 | number of skipped iterations:   0 | number of nan iterations:   0 |
7: [default3]: [2026-05-24 06:39:15.871041] iteration        5/    1819 | consumed samples:         2560 | elapsed time per iteration (ms): 6151.3 | throughput per GPU (TFLOP/s/GPU): 52.6 | tokens/sec/GPU: 10654 | learning rate: 5.000000E-06 | global batch size:   512 | lm loss: 1.084435E+01 | loss scale: 1.0 | grad norm: 14.119 | number of skipped iterations:   0 | number of nan iterations:   0 |
7: [default3]: [2026-05-24 06:39:19.209789] iteration        6/    1819 | consumed samples:         3072 | elapsed time per iteration (ms): 3338.6 | throughput per GPU (TFLOP/s/GPU): 96.9 | tokens/sec/GPU: 19630 | learning rate: 6.000000E-06 | global batch size:   512 | lm loss: 1.043618E+01 | loss scale: 1.0 | grad norm: 14.946 | number of skipped iterations:   0 | number of nan iterations:   0 |
7: [default3]: [2026-05-24 06:39:20.103380] iteration        7/    1819 | consumed samples:         3584 | elapsed time per iteration (ms): 893.4 | throughput per GPU (TFLOP/s/GPU): 362.2 | tokens/sec/GPU: 73359 | learning rate: 7.000000E-06 | global batch size:   512 | lm loss: 1.018767E+01 | loss scale: 1.0 | grad norm: 14.622 | number of skipped iterations:   0 | number of nan iterations:   0 |
7: [default3]: [2026-05-24 06:39:20.991745] iteration        8/    1819 | consumed samples:         4096 | elapsed time per iteration (ms): 888.1 | throughput per GPU (TFLOP/s/GPU): 364.3 | tokens/sec/GPU: 73795 | learning rate: 8.000000E-06 | global batch size:   512 | lm loss: 9.834851E+00 | loss scale: 1.0 | grad norm: 23.007 | number of skipped iterations:   0 | number of nan iterations:   0 |
7: [default3]: [2026-05-24 06:39:26.558888] iteration        9/    1819 | consumed samples:         4608 | elapsed time per iteration (ms): 5567.0 | throughput per GPU (TFLOP/s/GPU): 58.1 | tokens/sec/GPU: 11772 | learning rate: 9.000000E-06 | global batch size:   512 | lm loss: 9.548877E+00 | loss scale: 1.0 | grad norm: 8.087 | number of skipped iterations:   0 | number of nan iterations:   0 |
7: [default3]: [2026-05-24 06:39:30.743957] iteration       10/    1819 | consumed samples:         5120 | elapsed time per iteration (ms): 4184.8 | throughput per GPU (TFLOP/s/GPU): 77.3 | tokens/sec/GPU: 15660 | learning rate: 1.000000E-05 | global batch size:   512 | lm loss: 9.413941E+00 | loss scale: 1.0 | grad norm: 10.023 | number of skipped iterations:   0 | number of nan iterations:   0 |
7: [default3]: [2026-05-24 06:39:31.626410] iteration       11/    1819 | consumed samples:         5632 | elapsed time per iteration (ms): 882.2 | throughput per GPU (TFLOP/s/GPU): 366.7 | tokens/sec/GPU: 74287 | learning rate: 1.100000E-05 | global batch size:   512 | lm loss: 9.242345E+00 | loss scale: 1.0 | grad norm: 6.104 | number of skipped iterations:   0 | number of nan iterations:   0 |
7: [default3]: [2026-05-24 06:39:32.504053] iteration       12/    1819 | consumed samples:         6144 | elapsed time per iteration (ms): 877.4 | throughput per GPU (TFLOP/s/GPU): 368.7 | tokens/sec/GPU: 74692 | learning rate: 1.200000E-05 | global batch size:   512 | lm loss: 9.141290E+00 | loss scale: 1.0 | grad norm: 10.666 | number of skipped iterations:   0 | number of nan iterations:   0 |
7: [default3]: [2026-05-24 06:39:37.498432] iteration       13/    1819 | consumed samples:         6656 | elapsed time per iteration (ms): 4994.0 | throughput per GPU (TFLOP/s/GPU): 64.8 | tokens/sec/GPU: 13123 | learning rate: 1.300000E-05 | global batch size:   512 | lm loss: 9.093886E+00 | loss scale: 1.0 | grad norm: 5.685 | number of skipped iterations:   0 | number of nan iterations:   0 |
7: [default3]: [2026-05-24 06:39:41.259972] iteration       14/    1819 | consumed samples:         7168 | elapsed time per iteration (ms): 3761.3 | throughput per GPU (TFLOP/s/GPU): 86.0 | tokens/sec/GPU: 17424 | learning rate: 1.400000E-05 | global batch size:   512 | lm loss: 8.977453E+00 | loss scale: 1.0 | grad norm: 5.212 | number of skipped iterations:   0 | number of nan iterations:   0 |
7: [default3]: [2026-05-24 06:39:42.140770] iteration       15/    1819 | consumed samples:         7680 | elapsed time per iteration (ms): 879.9 | throughput per GPU (TFLOP/s/GPU): 367.7 | tokens/sec/GPU: 74477 | learning rate: 1.500000E-05 | global batch size:   512 | lm loss: 8.941797E+00 | loss scale: 1.0 | grad norm: 4.874 | number of skipped iterations:   0 | number of nan iterations:   0 |
7: [default3]: [2026-05-24 06:39:43.028523] iteration       16/    1819 | consumed samples:         8192 | elapsed time per iteration (ms): 887.5 | throughput per GPU (TFLOP/s/GPU): 364.5 | tokens/sec/GPU: 73840 | learning rate: 1.600000E-05 | global batch size:   512 | lm loss: 8.815233E+00 | loss scale: 1.0 | grad norm: 4.458 | number of skipped iterations:   0 | number of nan iterations:   0 |
7: [default3]: [2026-05-24 06:39:49.097505] iteration       17/    1819 | consumed samples:         8704 | elapsed time per iteration (ms): 6068.7 | throughput per GPU (TFLOP/s/GPU): 53.3 | tokens/sec/GPU: 10799 | learning rate: 1.700000E-05 | global batch size:   512 | lm loss: 8.808253E+00 | loss scale: 1.0 | grad norm: 5.939 | number of skipped iterations:   0 | number of nan iterations:   0 |
7: [default3]: [2026-05-24 06:39:49.984073] iteration       18/    1819 | consumed samples:         9216 | elapsed time per iteration (ms): 886.4 | throughput per GPU (TFLOP/s/GPU): 365.0 | tokens/sec/GPU: 73935 | learning rate: 1.800000E-05 | global batch size:   512 | lm loss: 8.709580E+00 | loss scale: 1.0 | grad norm: 3.688 | number of skipped iterations:   0 | number of nan iterations:   0 |
7: [default3]: [2026-05-24 06:39:50.875687] iteration       19/    1819 | consumed samples:         9728 | elapsed time per iteration (ms): 891.4 | throughput per GPU (TFLOP/s/GPU): 362.9 | tokens/sec/GPU: 73518 | learning rate: 1.900000E-05 | global batch size:   512 | lm loss: 8.753721E+00 | loss scale: 1.0 | grad norm: 7.084 | number of skipped iterations:   0 | number of nan iterations:   0 |
7: [default3]: [2026-05-24 06:39:51.767623] iteration       20/    1819 | consumed samples:        10240 | elapsed time per iteration (ms): 891.7 | throughput per GPU (TFLOP/s/GPU): 362.9 | tokens/sec/GPU: 73499 | learning rate: 2.000000E-05 | global batch size:   512 | lm loss: 8.732590E+00 | loss scale: 1.0 | grad norm: 3.958 | number of skipped iterations:   0 | number of nan iterations:   0 |
7: [default3]: [2026-05-24 06:40:01.738871] iteration       21/    1819 | consumed samples:        10752 | elapsed time per iteration (ms): 9971.0 | throughput per GPU (TFLOP/s/GPU): 32.4 | tokens/sec/GPU: 6573 | learning rate: 2.100000E-05 | global batch size:   512 | lm loss: 8.613507E+00 | loss scale: 1.0 | grad norm: 4.017 | number of skipped iterations:   0 | number of nan iterations:   0 |
7: [default3]: [2026-05-24 06:40:02.624724] iteration       22/    1819 | consumed samples:        11264 | elapsed time per iteration (ms): 885.6 | throughput per GPU (TFLOP/s/GPU): 365.3 | tokens/sec/GPU: 73999 | learning rate: 2.200000E-05 | global batch size:   512 | lm loss: 8.597034E+00 | loss scale: 1.0 | grad norm: 3.775 | number of skipped iterations:   0 | number of nan iterations:   0 |
7: [default3]: [2026-05-24 06:40:03.521595] iteration       23/    1819 | consumed samples:        11776 | elapsed time per iteration (ms): 896.5 | throughput per GPU (TFLOP/s/GPU): 360.9 | tokens/sec/GPU: 73099 | learning rate: 2.300000E-05 | global batch size:   512 | lm loss: 8.503798E+00 | loss scale: 1.0 | grad norm: 2.915 | number of skipped iterations:   0 | number of nan iterations:   0 |
7: [default3]: [2026-05-24 06:40:04.413776] iteration       24/    1819 | consumed samples:        12288 | elapsed time per iteration (ms): 891.9 | throughput per GPU (TFLOP/s/GPU): 362.7 | tokens/sec/GPU: 73476 | learning rate: 2.400000E-05 | global batch size:   512 | lm loss: 8.509301E+00 | loss scale: 1.0 | grad norm: 4.236 | number of skipped iterations:   0 | number of nan iterations:   0 |
7: [default3]: [2026-05-24 06:40:10.401247] iteration       25/    1819 | consumed samples:        12800 | elapsed time per iteration (ms): 5987.2 | throughput per GPU (TFLOP/s/GPU): 54.0 | tokens/sec/GPU: 10946 | learning rate: 2.500000E-05 | global batch size:   512 | lm loss: 8.374739E+00 | loss scale: 1.0 | grad norm: 2.915 | number of skipped iterations:   0 | number of nan iterations:   0 |
7: [default3]: [2026-05-24 06:40:11.289336] iteration       26/    1819 | consumed samples:        13312 | elapsed time per iteration (ms): 887.7 | throughput per GPU (TFLOP/s/GPU): 364.5 | tokens/sec/GPU: 73828 | learning rate: 2.600000E-05 | global batch size:   512 | lm loss: 8.353078E+00 | loss scale: 1.0 | grad norm: 3.036 | number of skipped iterations:   0 | number of nan iterations:   0 |
7: [default3]: [2026-05-24 06:40:12.184439] iteration       27/    1819 | consumed samples:        13824 | elapsed time per iteration (ms): 894.7 | throughput per GPU (TFLOP/s/GPU): 361.6 | tokens/sec/GPU: 73247 | learning rate: 2.700000E-05 | global batch size:   512 | lm loss: 8.278036E+00 | loss scale: 1.0 | grad norm: 3.161 | number of skipped iterations:   0 | number of nan iterations:   0 |
7: [default3]: [2026-05-24 06:40:13.082256] iteration       28/    1819 | consumed samples:        14336 | elapsed time per iteration (ms): 897.0 | throughput per GPU (TFLOP/s/GPU): 360.7 | tokens/sec/GPU: 73057 | learning rate: 2.800000E-05 | global batch size:   512 | lm loss: 8.247889E+00 | loss scale: 1.0 | grad norm: 2.561 | number of skipped iterations:   0 | number of nan iterations:   0 |
7: [default3]: [2026-05-24 06:40:20.104552] iteration       29/    1819 | consumed samples:        14848 | elapsed time per iteration (ms): 7022.0 | throughput per GPU (TFLOP/s/GPU): 46.1 | tokens/sec/GPU: 9333 | learning rate: 2.900000E-05 | global batch size:   512 | lm loss: 8.103825E+00 | loss scale: 1.0 | grad norm: 4.497 | number of skipped iterations:   0 | number of nan iterations:   0 |
7: [default3]: [2026-05-24 06:40:20.992373] iteration       30/    1819 | consumed samples:        15360 | elapsed time per iteration (ms): 887.6 | throughput per GPU (TFLOP/s/GPU): 364.5 | tokens/sec/GPU: 73835 | learning rate: 3.000000E-05 | global batch size:   512 | lm loss: 8.045136E+00 | loss scale: 1.0 | grad norm: 4.253 | number of skipped iterations:   0 | number of nan iterations:   0 |
7: [default3]: [2026-05-24 06:40:21.875013] iteration       31/    1819 | consumed samples:        15872 | elapsed time per iteration (ms): 882.4 | throughput per GPU (TFLOP/s/GPU): 366.6 | tokens/sec/GPU: 74266 | learning rate: 3.100000E-05 | global batch size:   512 | lm loss: 7.914892E+00 | loss scale: 1.0 | grad norm: 2.523 | number of skipped iterations:   0 | number of nan iterations:   0 |
7: [default3]: [2026-05-24 06:40:22.759312] iteration       32/    1819 | consumed samples:        16384 | elapsed time per iteration (ms): 884.1 | throughput per GPU (TFLOP/s/GPU): 366.0 | tokens/sec/GPU: 74128 | learning rate: 3.200000E-05 | global batch size:   512 | lm loss: 7.832924E+00 | loss scale: 1.0 | grad norm: 3.353 | number of skipped iterations:   0 | number of nan iterations:   0 |
7: [default3]: [2026-05-24 06:40:28.698500] iteration       33/    1819 | consumed samples:        16896 | elapsed time per iteration (ms): 5939.0 | throughput per GPU (TFLOP/s/GPU): 54.5 | tokens/sec/GPU: 11035 | learning rate: 3.300000E-05 | global batch size:   512 | lm loss: 7.821842E+00 | loss scale: 1.0 | grad norm: 9.116 | number of skipped iterations:   0 | number of nan iterations:   0 |
7: [default3]: [2026-05-24 06:40:29.586297] iteration       34/    1819 | consumed samples:        17408 | elapsed time per iteration (ms): 887.6 | throughput per GPU (TFLOP/s/GPU): 364.5 | tokens/sec/GPU: 73835 | learning rate: 3.400000E-05 | global batch size:   512 | lm loss: 7.759082E+00 | loss scale: 1.0 | grad norm: 4.808 | number of skipped iterations:   0 | number of nan iterations:   0 |
7: [default3]: [2026-05-24 06:40:30.471499] iteration       35/    1819 | consumed samples:        17920 | elapsed time per iteration (ms): 885.0 | throughput per GPU (TFLOP/s/GPU): 365.6 | tokens/sec/GPU: 74053 | learning rate: 3.500000E-05 | global batch size:   512 | lm loss: 7.665448E+00 | loss scale: 1.0 | grad norm: 4.198 | number of skipped iterations:   0 | number of nan iterations:   0 |
7: [default3]: [2026-05-24 06:40:33.472563] iteration       36/    1819 | consumed samples:        18432 | elapsed time per iteration (ms): 3000.8 | throughput per GPU (TFLOP/s/GPU): 107.8 | tokens/sec/GPU: 21839 | learning rate: 3.600000E-05 | global batch size:   512 | lm loss: 7.620972E+00 | loss scale: 1.0 | grad norm: 8.546 | number of skipped iterations:   0 | number of nan iterations:   0 |
7: [default3]: [2026-05-24 06:40:40.029093] iteration       37/    1819 | consumed samples:        18944 | elapsed time per iteration (ms): 6556.2 | throughput per GPU (TFLOP/s/GPU): 49.3 | tokens/sec/GPU: 9996 | learning rate: 3.700000E-05 | global batch size:   512 | lm loss: 7.595096E+00 | loss scale: 1.0 | grad norm: 3.378 | number of skipped iterations:   0 | number of nan iterations:   0 |
7: [default3]: [2026-05-24 06:40:40.922687] iteration       38/    1819 | consumed samples:        19456 | elapsed time per iteration (ms): 893.3 | throughput per GPU (TFLOP/s/GPU): 362.2 | tokens/sec/GPU: 73364 | learning rate: 3.800000E-05 | global batch size:   512 | lm loss: 7.526379E+00 | loss scale: 1.0 | grad norm: 3.797 | number of skipped iterations:   0 | number of nan iterations:   0 |
7: [default3]: [2026-05-24 06:40:41.806291] iteration       39/    1819 | consumed samples:        19968 | elapsed time per iteration (ms): 883.4 | throughput per GPU (TFLOP/s/GPU): 366.3 | tokens/sec/GPU: 74189 | learning rate: 3.900000E-05 | global batch size:   512 | lm loss: 7.424022E+00 | loss scale: 1.0 | grad norm: 2.741 | number of skipped iterations:   0 | number of nan iterations:   0 |
7: [default3]: [2026-05-24 06:40:43.691300] iteration       40/    1819 | consumed samples:        20480 | elapsed time per iteration (ms): 1884.8 | throughput per GPU (TFLOP/s/GPU): 171.7 | tokens/sec/GPU: 34771 | learning rate: 4.000000E-05 | global batch size:   512 | lm loss: 7.379540E+00 | loss scale: 1.0 | grad norm: 3.079 | number of skipped iterations:   0 | number of nan iterations:   0 |
7: [default3]: [2026-05-24 06:40:51.245675] iteration       41/    1819 | consumed samples:        20992 | elapsed time per iteration (ms): 7554.2 | throughput per GPU (TFLOP/s/GPU): 42.8 | tokens/sec/GPU: 8675 | learning rate: 4.100000E-05 | global batch size:   512 | lm loss: 7.303695E+00 | loss scale: 1.0 | grad norm: 3.757 | number of skipped iterations:   0 | number of nan iterations:   0 |
7: [default3]: [2026-05-24 06:40:52.256391] iteration       42/    1819 | consumed samples:        21504 | elapsed time per iteration (ms): 1010.5 | throughput per GPU (TFLOP/s/GPU): 320.2 | tokens/sec/GPU: 64854 | learning rate: 4.200000E-05 | global batch size:   512 | lm loss: 7.255583E+00 | loss scale: 1.0 | grad norm: 2.373 | number of skipped iterations:   0 | number of nan iterations:   0 |
7: [default3]: [2026-05-24 06:40:53.146187] iteration       43/    1819 | consumed samples:        22016 | elapsed time per iteration (ms): 889.5 | throughput per GPU (TFLOP/s/GPU): 363.7 | tokens/sec/GPU: 73680 | learning rate: 4.300000E-05 | global batch size:   512 | lm loss: 7.172548E+00 | loss scale: 1.0 | grad norm: 3.529 | number of skipped iterations:   0 | number of nan iterations:   0 |
7: [default3]: [2026-05-24 06:40:54.041594] iteration       44/    1819 | consumed samples:        22528 | elapsed time per iteration (ms): 895.2 | throughput per GPU (TFLOP/s/GPU): 361.4 | tokens/sec/GPU: 73208 | learning rate: 4.400000E-05 | global batch size:   512 | lm loss: 7.119263E+00 | loss scale: 1.0 | grad norm: 2.178 | number of skipped iterations:   0 | number of nan iterations:   0 |
7: [default3]: [2026-05-24 06:41:02.013465] iteration       45/    1819 | consumed samples:        23040 | elapsed time per iteration (ms): 7971.4 | throughput per GPU (TFLOP/s/GPU): 40.6 | tokens/sec/GPU: 8221 | learning rate: 4.500000E-05 | global batch size:   512 | lm loss: 7.140310E+00 | loss scale: 1.0 | grad norm: 4.482 | number of skipped iterations:   0 | number of nan iterations:   0 |
7: [default3]: [2026-05-24 06:41:02.907888] iteration       46/    1819 | consumed samples:        23552 | elapsed time per iteration (ms): 894.2 | throughput per GPU (TFLOP/s/GPU): 361.8 | tokens/sec/GPU: 73292 | learning rate: 4.600000E-05 | global batch size:   512 | lm loss: 6.995215E+00 | loss scale: 1.0 | grad norm: 3.186 | number of skipped iterations:   0 | number of nan iterations:   0 |
7: [default3]: [2026-05-24 06:41:04.181641] iteration       47/    1819 | consumed samples:        24064 | elapsed time per iteration (ms): 1273.4 | throughput per GPU (TFLOP/s/GPU): 254.1 | tokens/sec/GPU: 51466 | learning rate: 4.700000E-05 | global batch size:   512 | lm loss: 7.025998E+00 | loss scale: 1.0 | grad norm: 2.578 | number of skipped iterations:   0 | number of nan iterations:   0 |
7: [default3]: [2026-05-24 06:41:05.082294] iteration       48/    1819 | consumed samples:        24576 | elapsed time per iteration (ms): 900.4 | throughput per GPU (TFLOP/s/GPU): 359.3 | tokens/sec/GPU: 72787 | learning rate: 4.800000E-05 | global batch size:   512 | lm loss: 6.900950E+00 | loss scale: 1.0 | grad norm: 2.091 | number of skipped iterations:   0 | number of nan iterations:   0 |
7: [default3]: [2026-05-24 06:41:15.230661] iteration       49/    1819 | consumed samples:        25088 | elapsed time per iteration (ms): 10148.1 | throughput per GPU (TFLOP/s/GPU): 31.9 | tokens/sec/GPU: 6458 | learning rate: 4.900000E-05 | global batch size:   512 | lm loss: 6.816068E+00 | loss scale: 1.0 | grad norm: 1.604 | number of skipped iterations:   0 | number of nan iterations:   0 |
7: [default3]: [2026-05-24 06:41:16.114029] iteration       50/    1819 | consumed samples:        25600 | elapsed time per iteration (ms): 883.1 | throughput per GPU (TFLOP/s/GPU): 366.4 | tokens/sec/GPU: 74209 | learning rate: 5.000000E-05 | global batch size:   512 | lm loss: 6.822447E+00 | loss scale: 1.0 | grad norm: 1.597 | number of skipped iterations:   0 | number of nan iterations:   0 |
7: [default3]: [2026-05-24 06:41:17.527083] iteration       51/    1819 | consumed samples:        26112 | elapsed time per iteration (ms): 1412.9 | throughput per GPU (TFLOP/s/GPU): 229.0 | tokens/sec/GPU: 46385 | learning rate: 5.100000E-05 | global batch size:   512 | lm loss: 6.740744E+00 | loss scale: 1.0 | grad norm: 1.729 | number of skipped iterations:   0 | number of nan iterations:   0 |
7: [default3]: [2026-05-24 06:41:18.425445] iteration       52/    1819 | consumed samples:        26624 | elapsed time per iteration (ms): 898.0 | throughput per GPU (TFLOP/s/GPU): 360.3 | tokens/sec/GPU: 72981 | learning rate: 5.200000E-05 | global batch size:   512 | lm loss: 6.794962E+00 | loss scale: 1.0 | grad norm: 2.002 | number of skipped iterations:   0 | number of nan iterations:   0 |
7: [default3]: [2026-05-24 06:41:25.716633] iteration       53/    1819 | consumed samples:        27136 | elapsed time per iteration (ms): 7290.9 | throughput per GPU (TFLOP/s/GPU): 44.4 | tokens/sec/GPU: 8989 | learning rate: 5.300000E-05 | global batch size:   512 | lm loss: 6.705525E+00 | loss scale: 1.0 | grad norm: 2.324 | number of skipped iterations:   0 | number of nan iterations:   0 |
7: [default3]: [2026-05-24 06:41:26.599779] iteration       54/    1819 | consumed samples:        27648 | elapsed time per iteration (ms): 883.0 | throughput per GPU (TFLOP/s/GPU): 366.4 | tokens/sec/GPU: 74223 | learning rate: 5.400000E-05 | global batch size:   512 | lm loss: 6.660618E+00 | loss scale: 1.0 | grad norm: 2.583 | number of skipped iterations:   0 | number of nan iterations:   0 |
7: [default3]: [2026-05-24 06:41:28.472619] iteration       55/    1819 | consumed samples:        28160 | elapsed time per iteration (ms): 1871.8 | throughput per GPU (TFLOP/s/GPU): 172.9 | tokens/sec/GPU: 35013 | learning rate: 5.500000E-05 | global batch size:   512 | lm loss: 6.573539E+00 | loss scale: 1.0 | grad norm: 1.025 | number of skipped iterations:   0 | number of nan iterations:   0 |
7: [default3]: [2026-05-24 06:41:29.366864] iteration       56/    1819 | consumed samples:        28672 | elapsed time per iteration (ms): 894.1 | throughput per GPU (TFLOP/s/GPU): 361.9 | tokens/sec/GPU: 73302 | learning rate: 5.600000E-05 | global batch size:   512 | lm loss: 6.585426E+00 | loss scale: 1.0 | grad norm: 1.655 | number of skipped iterations:   0 | number of nan iterations:   0 |
7: [default3]: [2026-05-24 06:41:35.919892] iteration       57/    1819 | consumed samples:        29184 | elapsed time per iteration (ms): 6552.8 | throughput per GPU (TFLOP/s/GPU): 49.4 | tokens/sec/GPU: 10001 | learning rate: 5.700000E-05 | global batch size:   512 | lm loss: 6.456626E+00 | loss scale: 1.0 | grad norm: 2.231 | number of skipped iterations:   0 | number of nan iterations:   0 |
7: [default3]: [2026-05-24 06:41:36.802942] iteration       58/    1819 | consumed samples:        29696 | elapsed time per iteration (ms): 882.7 | throughput per GPU (TFLOP/s/GPU): 366.5 | tokens/sec/GPU: 74244 | learning rate: 5.800000E-05 | global batch size:   512 | lm loss: 6.434395E+00 | loss scale: 1.0 | grad norm: 1.303 | number of skipped iterations:   0 | number of nan iterations:   0 |
7: [default3]: [2026-05-24 06:41:39.025481] iteration       59/    1819 | consumed samples:        30208 | elapsed time per iteration (ms): 2222.3 | throughput per GPU (TFLOP/s/GPU): 145.6 | tokens/sec/GPU: 29490 | learning rate: 5.900000E-05 | global batch size:   512 | lm loss: 6.400715E+00 | loss scale: 1.0 | grad norm: 3.111 | number of skipped iterations:   0 | number of nan iterations:   0 |
7: [default3]: [2026-05-24 06:41:39.913050] iteration       60/    1819 | consumed samples:        30720 | elapsed time per iteration (ms): 887.4 | throughput per GPU (TFLOP/s/GPU): 364.6 | tokens/sec/GPU: 73852 | learning rate: 6.000000E-05 | global batch size:   512 | lm loss: 6.445024E+00 | loss scale: 1.0 | grad norm: 2.548 | number of skipped iterations:   0 | number of nan iterations:   0 |
7: [default3]: [2026-05-24 06:41:46.168063] iteration       61/    1819 | consumed samples:        31232 | elapsed time per iteration (ms): 6254.8 | throughput per GPU (TFLOP/s/GPU): 51.7 | tokens/sec/GPU: 10478 | learning rate: 6.100000E-05 | global batch size:   512 | lm loss: 6.296288E+00 | loss scale: 1.0 | grad norm: 1.895 | number of skipped iterations:   0 | number of nan iterations:   0 |
7: [default3]: [2026-05-24 06:41:47.892346] iteration       62/    1819 | consumed samples:        31744 | elapsed time per iteration (ms): 1724.1 | throughput per GPU (TFLOP/s/GPU): 187.7 | tokens/sec/GPU: 38012 | learning rate: 6.200000E-05 | global batch size:   512 | lm loss: 6.247575E+00 | loss scale: 1.0 | grad norm: 1.931 | number of skipped iterations:   0 | number of nan iterations:   0 |
7: [default3]: [2026-05-24 06:41:51.077792] iteration       63/    1819 | consumed samples:        32256 | elapsed time per iteration (ms): 3185.2 | throughput per GPU (TFLOP/s/GPU): 101.6 | tokens/sec/GPU: 20575 | learning rate: 6.300000E-05 | global batch size:   512 | lm loss: 6.213115E+00 | loss scale: 1.0 | grad norm: 1.413 | number of skipped iterations:   0 | number of nan iterations:   0 |
7: [default3]: [2026-05-24 06:41:51.970897] iteration       64/    1819 | consumed samples:        32768 | elapsed time per iteration (ms): 892.4 | throughput per GPU (TFLOP/s/GPU): 362.6 | tokens/sec/GPU: 73442 | learning rate: 6.400000E-05 | global batch size:   512 | lm loss: 6.227960E+00 | loss scale: 1.0 | grad norm: 1.788 | number of skipped iterations:   0 | number of nan iterations:   0 |
7: [default3]: [2026-05-24 06:41:56.448165] iteration       65/    1819 | consumed samples:        33280 | elapsed time per iteration (ms): 4476.8 | throughput per GPU (TFLOP/s/GPU): 72.3 | tokens/sec/GPU: 14639 | learning rate: 6.500000E-05 | global batch size:   512 | lm loss: 6.196978E+00 | loss scale: 1.0 | grad norm: 1.919 | number of skipped iterations:   0 | number of nan iterations:   0 |
7: [default3]: [2026-05-24 06:41:58.490387] iteration       66/    1819 | consumed samples:        33792 | elapsed time per iteration (ms): 2042.0 | throughput per GPU (TFLOP/s/GPU): 158.4 | tokens/sec/GPU: 32094 | learning rate: 6.600000E-05 | global batch size:   512 | lm loss: 6.167274E+00 | loss scale: 1.0 | grad norm: 1.846 | number of skipped iterations:   0 | number of nan iterations:   0 |
7: [default3]: [2026-05-24 06:41:59.381361] iteration       67/    1819 | consumed samples:        34304 | elapsed time per iteration (ms): 890.8 | throughput per GPU (TFLOP/s/GPU): 363.2 | tokens/sec/GPU: 73570 | learning rate: 6.700000E-05 | global batch size:   512 | lm loss: 6.120398E+00 | loss scale: 1.0 | grad norm: 2.166 | number of skipped iterations:   0 | number of nan iterations:   0 |
7: [default3]: [2026-05-24 06:42:00.274469] iteration       68/    1819 | consumed samples:        34816 | elapsed time per iteration (ms): 892.9 | throughput per GPU (TFLOP/s/GPU): 362.3 | tokens/sec/GPU: 73397 | learning rate: 6.800000E-05 | global batch size:   512 | lm loss: 6.106863E+00 | loss scale: 1.0 | grad norm: 1.663 | number of skipped iterations:   0 | number of nan iterations:   0 |
7: [default3]: [2026-05-24 06:42:08.873669] iteration       69/    1819 | consumed samples:        35328 | elapsed time per iteration (ms): 8599.0 | throughput per GPU (TFLOP/s/GPU): 37.6 | tokens/sec/GPU: 7621 | learning rate: 6.900000E-05 | global batch size:   512 | lm loss: 6.048672E+00 | loss scale: 1.0 | grad norm: 1.976 | number of skipped iterations:   0 | number of nan iterations:   0 |
7: [default3]: [2026-05-24 06:42:10.945717] iteration       70/    1819 | consumed samples:        35840 | elapsed time per iteration (ms): 2071.8 | throughput per GPU (TFLOP/s/GPU): 156.2 | tokens/sec/GPU: 31632 | learning rate: 7.000000E-05 | global batch size:   512 | lm loss: 5.982179E+00 | loss scale: 1.0 | grad norm: 1.756 | number of skipped iterations:   0 | number of nan iterations:   0 |
7: [default3]: [2026-05-24 06:42:11.848278] iteration       71/    1819 | consumed samples:        36352 | elapsed time per iteration (ms): 902.2 | throughput per GPU (TFLOP/s/GPU): 358.6 | tokens/sec/GPU: 72643 | learning rate: 7.100000E-05 | global batch size:   512 | lm loss: 5.997299E+00 | loss scale: 1.0 | grad norm: 1.490 | number of skipped iterations:   0 | number of nan iterations:   0 |
7: [default3]: [2026-05-24 06:42:12.738200] iteration       72/    1819 | consumed samples:        36864 | elapsed time per iteration (ms): 889.7 | throughput per GPU (TFLOP/s/GPU): 363.6 | tokens/sec/GPU: 73658 | learning rate: 7.200000E-05 | global batch size:   512 | lm loss: 5.962813E+00 | loss scale: 1.0 | grad norm: 1.667 | number of skipped iterations:   0 | number of nan iterations:   0 |
7: [default3]: [2026-05-24 06:42:17.963346] iteration       73/    1819 | consumed samples:        37376 | elapsed time per iteration (ms): 5225.0 | throughput per GPU (TFLOP/s/GPU): 61.9 | tokens/sec/GPU: 12543 | learning rate: 7.300000E-05 | global batch size:   512 | lm loss: 5.955853E+00 | loss scale: 1.0 | grad norm: 1.472 | number of skipped iterations:   0 | number of nan iterations:   0 |
7: [default3]: [2026-05-24 06:42:21.991522] iteration       74/    1819 | consumed samples:        37888 | elapsed time per iteration (ms): 4027.9 | throughput per GPU (TFLOP/s/GPU): 80.3 | tokens/sec/GPU: 16271 | learning rate: 7.400000E-05 | global batch size:   512 | lm loss: 5.933105E+00 | loss scale: 1.0 | grad norm: 1.510 | number of skipped iterations:   0 | number of nan iterations:   0 |
7: [default3]: [2026-05-24 06:42:22.874052] iteration       75/    1819 | consumed samples:        38400 | elapsed time per iteration (ms): 882.2 | throughput per GPU (TFLOP/s/GPU): 366.7 | tokens/sec/GPU: 74283 | learning rate: 7.500000E-05 | global batch size:   512 | lm loss: 5.947272E+00 | loss scale: 1.0 | grad norm: 1.922 | number of skipped iterations:   0 | number of nan iterations:   0 |
7: [default3]: [2026-05-24 06:42:23.762665] iteration       76/    1819 | consumed samples:        38912 | elapsed time per iteration (ms): 888.4 | throughput per GPU (TFLOP/s/GPU): 364.2 | tokens/sec/GPU: 73771 | learning rate: 7.600000E-05 | global batch size:   512 | lm loss: 5.876516E+00 | loss scale: 1.0 | grad norm: 1.202 | number of skipped iterations:   0 | number of nan iterations:   0 |
7: [default3]: [2026-05-24 06:42:32.212165] iteration       77/    1819 | consumed samples:        39424 | elapsed time per iteration (ms): 8449.3 | throughput per GPU (TFLOP/s/GPU): 38.3 | tokens/sec/GPU: 7756 | learning rate: 7.700000E-05 | global batch size:   512 | lm loss: 5.847748E+00 | loss scale: 1.0 | grad norm: 2.282 | number of skipped iterations:   0 | number of nan iterations:   0 |
7: [default3]: [2026-05-24 06:42:35.921585] iteration       78/    1819 | consumed samples:        39936 | elapsed time per iteration (ms): 3709.1 | throughput per GPU (TFLOP/s/GPU): 87.2 | tokens/sec/GPU: 17669 | learning rate: 7.800000E-05 | global batch size:   512 | lm loss: 5.809088E+00 | loss scale: 1.0 | grad norm: 1.314 | number of skipped iterations:   0 | number of nan iterations:   0 |
7: [default3]: [2026-05-24 06:42:36.808210] iteration       79/    1819 | consumed samples:        40448 | elapsed time per iteration (ms): 886.4 | throughput per GPU (TFLOP/s/GPU): 365.0 | tokens/sec/GPU: 73932 | learning rate: 7.900000E-05 | global batch size:   512 | lm loss: 5.785270E+00 | loss scale: 1.0 | grad norm: 1.687 | number of skipped iterations:   0 | number of nan iterations:   0 |
7: [default3]: [2026-05-24 06:42:37.705775] iteration       80/    1819 | consumed samples:        40960 | elapsed time per iteration (ms): 897.4 | throughput per GPU (TFLOP/s/GPU): 360.5 | tokens/sec/GPU: 73031 | learning rate: 8.000000E-05 | global batch size:   512 | lm loss: 5.748745E+00 | loss scale: 1.0 | grad norm: 1.890 | number of skipped iterations:   0 | number of nan iterations:   0 |
7: [default3]: [2026-05-24 06:42:41.608170] iteration       81/    1819 | consumed samples:        41472 | elapsed time per iteration (ms): 3902.2 | throughput per GPU (TFLOP/s/GPU): 82.9 | tokens/sec/GPU: 16795 | learning rate: 8.100000E-05 | global batch size:   512 | lm loss: 5.755810E+00 | loss scale: 1.0 | grad norm: 1.615 | number of skipped iterations:   0 | number of nan iterations:   0 |
7: [default3]: [2026-05-24 06:42:48.322925] iteration       82/    1819 | consumed samples:        41984 | elapsed time per iteration (ms): 6714.5 | throughput per GPU (TFLOP/s/GPU): 48.2 | tokens/sec/GPU: 9760 | learning rate: 8.200000E-05 | global batch size:   512 | lm loss: 5.675232E+00 | loss scale: 1.0 | grad norm: 1.675 | number of skipped iterations:   0 | number of nan iterations:   0 |
7: [default3]: [2026-05-24 06:42:49.217544] iteration       83/    1819 | consumed samples:        42496 | elapsed time per iteration (ms): 893.7 | throughput per GPU (TFLOP/s/GPU): 362.0 | tokens/sec/GPU: 73330 | learning rate: 8.300000E-05 | global batch size:   512 | lm loss: 5.676495E+00 | loss scale: 1.0 | grad norm: 1.628 | number of skipped iterations:   0 | number of nan iterations:   0 |
7: [default3]: [2026-05-24 06:42:50.118219] iteration       84/    1819 | consumed samples:        43008 | elapsed time per iteration (ms): 900.4 | throughput per GPU (TFLOP/s/GPU): 359.3 | tokens/sec/GPU: 72782 | learning rate: 8.400000E-05 | global batch size:   512 | lm loss: 5.636168E+00 | loss scale: 1.0 | grad norm: 1.683 | number of skipped iterations:   0 | number of nan iterations:   0 |
7: [default3]: [2026-05-24 06:42:54.128646] iteration       85/    1819 | consumed samples:        43520 | elapsed time per iteration (ms): 4010.2 | throughput per GPU (TFLOP/s/GPU): 80.7 | tokens/sec/GPU: 16342 | learning rate: 8.500000E-05 | global batch size:   512 | lm loss: 5.584123E+00 | loss scale: 1.0 | grad norm: 1.347 | number of skipped iterations:   0 | number of nan iterations:   0 |
7: [default3]: [2026-05-24 06:42:59.602571] iteration       86/    1819 | consumed samples:        44032 | elapsed time per iteration (ms): 5473.7 | throughput per GPU (TFLOP/s/GPU): 59.1 | tokens/sec/GPU: 11973 | learning rate: 8.600000E-05 | global batch size:   512 | lm loss: 5.663591E+00 | loss scale: 1.0 | grad norm: 2.045 | number of skipped iterations:   0 | number of nan iterations:   0 |
7: [default3]: [2026-05-24 06:43:00.483436] iteration       87/    1819 | consumed samples:        44544 | elapsed time per iteration (ms): 880.6 | throughput per GPU (TFLOP/s/GPU): 367.4 | tokens/sec/GPU: 74424 | learning rate: 8.700000E-05 | global batch size:   512 | lm loss: 5.612391E+00 | loss scale: 1.0 | grad norm: 2.235 | number of skipped iterations:   0 | number of nan iterations:   0 |
7: [default3]: [2026-05-24 06:43:01.381247] iteration       88/    1819 | consumed samples:        45056 | elapsed time per iteration (ms): 897.6 | throughput per GPU (TFLOP/s/GPU): 360.5 | tokens/sec/GPU: 73015 | learning rate: 8.800000E-05 | global batch size:   512 | lm loss: 5.582693E+00 | loss scale: 1.0 | grad norm: 1.660 | number of skipped iterations:   0 | number of nan iterations:   0 |
7: [default3]: [2026-05-24 06:43:06.727819] iteration       89/    1819 | consumed samples:        45568 | elapsed time per iteration (ms): 5346.4 | throughput per GPU (TFLOP/s/GPU): 60.5 | tokens/sec/GPU: 12258 | learning rate: 8.900000E-05 | global batch size:   512 | lm loss: 5.478885E+00 | loss scale: 1.0 | grad norm: 1.319 | number of skipped iterations:   0 | number of nan iterations:   0 |
7: [default3]: [2026-05-24 06:43:14.479383] iteration       90/    1819 | consumed samples:        46080 | elapsed time per iteration (ms): 7751.4 | throughput per GPU (TFLOP/s/GPU): 41.7 | tokens/sec/GPU: 8455 | learning rate: 9.000000E-05 | global batch size:   512 | lm loss: 5.554954E+00 | loss scale: 1.0 | grad norm: 1.620 | number of skipped iterations:   0 | number of nan iterations:   0 |
7: [default3]: [2026-05-24 06:43:15.364278] iteration       91/    1819 | consumed samples:        46592 | elapsed time per iteration (ms): 884.7 | throughput per GPU (TFLOP/s/GPU): 365.7 | tokens/sec/GPU: 74077 | learning rate: 9.100000E-05 | global batch size:   512 | lm loss: 5.501951E+00 | loss scale: 1.0 | grad norm: 1.967 | number of skipped iterations:   0 | number of nan iterations:   0 |
7: [default3]: [2026-05-24 06:43:16.261049] iteration       92/    1819 | consumed samples:        47104 | elapsed time per iteration (ms): 896.6 | throughput per GPU (TFLOP/s/GPU): 360.9 | tokens/sec/GPU: 73097 | learning rate: 9.200000E-05 | global batch size:   512 | lm loss: 5.491538E+00 | loss scale: 1.0 | grad norm: 1.374 | number of skipped iterations:   0 | number of nan iterations:   0 |
7: [default3]: [2026-05-24 06:43:18.992957] iteration       93/    1819 | consumed samples:        47616 | elapsed time per iteration (ms): 2731.6 | throughput per GPU (TFLOP/s/GPU): 118.4 | tokens/sec/GPU: 23992 | learning rate: 9.300000E-05 | global batch size:   512 | lm loss: 5.461157E+00 | loss scale: 1.0 | grad norm: 1.830 | number of skipped iterations:   0 | number of nan iterations:   0 |
7: [default3]: [2026-05-24 06:43:26.591159] iteration       94/    1819 | consumed samples:        48128 | elapsed time per iteration (ms): 7597.7 | throughput per GPU (TFLOP/s/GPU): 42.6 | tokens/sec/GPU: 8626 | learning rate: 9.400000E-05 | global batch size:   512 | lm loss: 5.417789E+00 | loss scale: 1.0 | grad norm: 1.224 | number of skipped iterations:   0 | number of nan iterations:   0 |
7: [default3]: [2026-05-24 06:43:27.475113] iteration       95/    1819 | consumed samples:        48640 | elapsed time per iteration (ms): 883.8 | throughput per GPU (TFLOP/s/GPU): 366.1 | tokens/sec/GPU: 74155 | learning rate: 9.500000E-05 | global batch size:   512 | lm loss: 5.510001E+00 | loss scale: 1.0 | grad norm: 1.530 | number of skipped iterations:   0 | number of nan iterations:   0 |
7: [default3]: [2026-05-24 06:43:28.365536] iteration       96/    1819 | consumed samples:        49152 | elapsed time per iteration (ms): 890.2 | throughput per GPU (TFLOP/s/GPU): 363.4 | tokens/sec/GPU: 73616 | learning rate: 9.600000E-05 | global batch size:   512 | lm loss: 5.329162E+00 | loss scale: 1.0 | grad norm: 1.278 | number of skipped iterations:   0 | number of nan iterations:   0 |
7: [default3]: [2026-05-24 06:43:29.256843] iteration       97/    1819 | consumed samples:        49664 | elapsed time per iteration (ms): 891.1 | throughput per GPU (TFLOP/s/GPU): 363.1 | tokens/sec/GPU: 73544 | learning rate: 9.700000E-05 | global batch size:   512 | lm loss: 5.368483E+00 | loss scale: 1.0 | grad norm: 1.498 | number of skipped iterations:   0 | number of nan iterations:   0 |
7: [default3]: [2026-05-24 06:43:36.382913] iteration       98/    1819 | consumed samples:        50176 | elapsed time per iteration (ms): 7125.9 | throughput per GPU (TFLOP/s/GPU): 45.4 | tokens/sec/GPU: 9197 | learning rate: 9.800000E-05 | global batch size:   512 | lm loss: 5.347371E+00 | loss scale: 1.0 | grad norm: 1.493 | number of skipped iterations:   0 | number of nan iterations:   0 |
7: [default3]: [2026-05-24 06:43:37.274010] iteration       99/    1819 | consumed samples:        50688 | elapsed time per iteration (ms): 890.8 | throughput per GPU (TFLOP/s/GPU): 363.2 | tokens/sec/GPU: 73572 | learning rate: 9.900000E-05 | global batch size:   512 | lm loss: 5.247627E+00 | loss scale: 1.0 | grad norm: 1.713 | number of skipped iterations:   0 | number of nan iterations:   0 |
7: [default3]: [2026-05-24 06:43:38.163953] iteration      100/    1819 | consumed samples:        51200 | elapsed time per iteration (ms): 889.8 | throughput per GPU (TFLOP/s/GPU): 363.6 | tokens/sec/GPU: 73656 | learning rate: 1.000000E-04 | global batch size:   512 | lm loss: 5.364443E+00 | loss scale: 1.0 | grad norm: 1.540 | number of skipped iterations:   0 | number of nan iterations:   0 |
7: [default3]: [2026-05-24 06:43:39.478667] iteration      101/    1819 | consumed samples:        51712 | elapsed time per iteration (ms): 1314.2 | throughput per GPU (TFLOP/s/GPU): 246.2 | tokens/sec/GPU: 49868 | learning rate: 9.999992E-05 | global batch size:   512 | lm loss: 5.246012E+00 | loss scale: 1.0 | grad norm: 1.913 | number of skipped iterations:   0 | number of nan iterations:   0 |
7: [default3]: [2026-05-24 06:43:51.496074] iteration      102/    1819 | consumed samples:        52224 | elapsed time per iteration (ms): 12017.2 | throughput per GPU (TFLOP/s/GPU): 26.9 | tokens/sec/GPU: 5453 | learning rate: 9.999970E-05 | global batch size:   512 | lm loss: 5.259211E+00 | loss scale: 1.0 | grad norm: 1.254 | number of skipped iterations:   0 | number of nan iterations:   0 |
7: [default3]: [2026-05-24 06:43:52.383101] iteration      103/    1819 | consumed samples:        52736 | elapsed time per iteration (ms): 886.8 | throughput per GPU (TFLOP/s/GPU): 364.8 | tokens/sec/GPU: 73900 | learning rate: 9.999932E-05 | global batch size:   512 | lm loss: 5.226973E+00 | loss scale: 1.0 | grad norm: 1.303 | number of skipped iterations:   0 | number of nan iterations:   0 |
7: [default3]: [2026-05-24 06:43:54.612782] iteration      104/    1819 | consumed samples:        53248 | elapsed time per iteration (ms): 2229.4 | throughput per GPU (TFLOP/s/GPU): 145.1 | tokens/sec/GPU: 29396 | learning rate: 9.999880E-05 | global batch size:   512 | lm loss: 5.235849E+00 | loss scale: 1.0 | grad norm: 1.495 | number of skipped iterations:   0 | number of nan iterations:   0 |
7: [default3]: [2026-05-24 06:43:57.313966] iteration      105/    1819 | consumed samples:        53760 | elapsed time per iteration (ms): 2700.9 | throughput per GPU (TFLOP/s/GPU): 119.8 | tokens/sec/GPU: 24265 | learning rate: 9.999812E-05 | global batch size:   512 | lm loss: 5.224717E+00 | loss scale: 1.0 | grad norm: 1.429 | number of skipped iterations:   0 | number of nan iterations:   0 |
7: [default3]: [2026-05-24 06:44:08.389661] iteration      106/    1819 | consumed samples:        54272 | elapsed time per iteration (ms): 11075.5 | throughput per GPU (TFLOP/s/GPU): 29.2 | tokens/sec/GPU: 5917 | learning rate: 9.999730E-05 | global batch size:   512 | lm loss: 5.218513E+00 | loss scale: 1.0 | grad norm: 1.516 | number of skipped iterations:   0 | number of nan iterations:   0 |
7: [default3]: [2026-05-24 06:44:09.450952] iteration      107/    1819 | consumed samples:        54784 | elapsed time per iteration (ms): 1061.0 | throughput per GPU (TFLOP/s/GPU): 304.9 | tokens/sec/GPU: 61767 | learning rate: 9.999632E-05 | global batch size:   512 | lm loss: 5.123991E+00 | loss scale: 1.0 | grad norm: 1.164 | number of skipped iterations:   0 | number of nan iterations:   0 |
7: [default3]: [2026-05-24 06:44:13.704629] iteration      108/    1819 | consumed samples:        55296 | elapsed time per iteration (ms): 4253.5 | throughput per GPU (TFLOP/s/GPU): 76.1 | tokens/sec/GPU: 15407 | learning rate: 9.999519E-05 | global batch size:   512 | lm loss: 5.138442E+00 | loss scale: 1.0 | grad norm: 1.971 | number of skipped iterations:   0 | number of nan iterations:   0 |
7: [default3]: [2026-05-24 06:44:14.587789] iteration      109/    1819 | consumed samples:        55808 | elapsed time per iteration (ms): 883.0 | throughput per GPU (TFLOP/s/GPU): 366.4 | tokens/sec/GPU: 74223 | learning rate: 9.999391E-05 | global batch size:   512 | lm loss: 5.150008E+00 | loss scale: 1.0 | grad norm: 1.697 | number of skipped iterations:   0 | number of nan iterations:   0 |
7: [default3]: [2026-05-24 06:44:22.887608] iteration      110/    1819 | consumed samples:        56320 | elapsed time per iteration (ms): 8299.6 | throughput per GPU (TFLOP/s/GPU): 39.0 | tokens/sec/GPU: 7896 | learning rate: 9.999249E-05 | global batch size:   512 | lm loss: 5.089626E+00 | loss scale: 1.0 | grad norm: 1.431 | number of skipped iterations:   0 | number of nan iterations:   0 |
7: [default3]: [2026-05-24 06:44:23.777680] iteration      111/    1819 | consumed samples:        56832 | elapsed time per iteration (ms): 889.9 | throughput per GPU (TFLOP/s/GPU): 363.6 | tokens/sec/GPU: 73645 | learning rate: 9.999091E-05 | global batch size:   512 | lm loss: 5.077485E+00 | loss scale: 1.0 | grad norm: 1.421 | number of skipped iterations:   0 | number of nan iterations:   0 |
7: [default3]: [2026-05-24 06:44:24.667472] iteration      112/    1819 | consumed samples:        57344 | elapsed time per iteration (ms): 889.5 | throughput per GPU (TFLOP/s/GPU): 363.8 | tokens/sec/GPU: 73681 | learning rate: 9.998918E-05 | global batch size:   512 | lm loss: 5.114028E+00 | loss scale: 1.0 | grad norm: 1.442 | number of skipped iterations:   0 | number of nan iterations:   0 |
7: [default3]: [2026-05-24 06:44:25.560674] iteration      113/    1819 | consumed samples:        57856 | elapsed time per iteration (ms): 893.0 | throughput per GPU (TFLOP/s/GPU): 362.3 | tokens/sec/GPU: 73387 | learning rate: 9.998730E-05 | global batch size:   512 | lm loss: 5.044190E+00 | loss scale: 1.0 | grad norm: 1.089 | number of skipped iterations:   0 | number of nan iterations:   0 |
7: [default3]: [2026-05-24 06:44:33.422725] iteration      114/    1819 | consumed samples:        58368 | elapsed time per iteration (ms): 7861.9 | throughput per GPU (TFLOP/s/GPU): 41.2 | tokens/sec/GPU: 8336 | learning rate: 9.998527E-05 | global batch size:   512 | lm loss: 5.051536E+00 | loss scale: 1.0 | grad norm: 1.360 | number of skipped iterations:   0 | number of nan iterations:   0 |
7: [default3]: [2026-05-24 06:44:34.307345] iteration      115/    1819 | consumed samples:        58880 | elapsed time per iteration (ms): 884.3 | throughput per GPU (TFLOP/s/GPU): 365.9 | tokens/sec/GPU: 74112 | learning rate: 9.998310E-05 | global batch size:   512 | lm loss: 5.054240E+00 | loss scale: 1.0 | grad norm: 1.503 | number of skipped iterations:   0 | number of nan iterations:   0 |
7: [default3]: [2026-05-24 06:44:35.196244] iteration      116/    1819 | consumed samples:        59392 | elapsed time per iteration (ms): 888.7 | throughput per GPU (TFLOP/s/GPU): 364.1 | tokens/sec/GPU: 73743 | learning rate: 9.998076E-05 | global batch size:   512 | lm loss: 5.082530E+00 | loss scale: 1.0 | grad norm: 1.154 | number of skipped iterations:   0 | number of nan iterations:   0 |
7: [default3]: [2026-05-24 06:44:36.087719] iteration      117/    1819 | consumed samples:        59904 | elapsed time per iteration (ms): 891.0 | throughput per GPU (TFLOP/s/GPU): 363.1 | tokens/sec/GPU: 73552 | learning rate: 9.997829E-05 | global batch size:   512 | lm loss: 5.044998E+00 | loss scale: 1.0 | grad norm: 1.336 | number of skipped iterations:   0 | number of nan iterations:   0 |
7: [default3]: [2026-05-24 06:44:45.102912] iteration      118/    1819 | consumed samples:        60416 | elapsed time per iteration (ms): 9015.0 | throughput per GPU (TFLOP/s/GPU): 35.9 | tokens/sec/GPU: 7270 | learning rate: 9.997565E-05 | global batch size:   512 | lm loss: 4.969609E+00 | loss scale: 1.0 | grad norm: 1.332 | number of skipped iterations:   0 | number of nan iterations:   0 |
7: [default3]: [2026-05-24 06:44:45.987327] iteration      119/    1819 | consumed samples:        60928 | elapsed time per iteration (ms): 884.1 | throughput per GPU (TFLOP/s/GPU): 365.9 | tokens/sec/GPU: 74125 | learning rate: 9.997287E-05 | global batch size:   512 | lm loss: 5.049040E+00 | loss scale: 1.0 | grad norm: 2.279 | number of skipped iterations:   0 | number of nan iterations:   0 |
7: [default3]: [2026-05-24 06:44:46.875122] iteration      120/    1819 | consumed samples:        61440 | elapsed time per iteration (ms): 887.5 | throughput per GPU (TFLOP/s/GPU): 364.5 | tokens/sec/GPU: 73843 | learning rate: 9.996994E-05 | global batch size:   512 | lm loss: 4.985441E+00 | loss scale: 1.0 | grad norm: 1.249 | number of skipped iterations:   0 | number of nan iterations:   0 |
7: [default3]: [2026-05-24 06:44:47.764101] iteration      121/    1819 | consumed samples:        61952 | elapsed time per iteration (ms): 888.8 | throughput per GPU (TFLOP/s/GPU): 364.0 | tokens/sec/GPU: 73735 | learning rate: 9.996686E-05 | global batch size:   512 | lm loss: 4.984852E+00 | loss scale: 1.0 | grad norm: 1.909 | number of skipped iterations:   0 | number of nan iterations:   0 |
7: [default3]: [2026-05-24 06:44:53.430297] iteration      122/    1819 | consumed samples:        62464 | elapsed time per iteration (ms): 5666.0 | throughput per GPU (TFLOP/s/GPU): 57.1 | tokens/sec/GPU: 11567 | learning rate: 9.996363E-05 | global batch size:   512 | lm loss: 4.930141E+00 | loss scale: 1.0 | grad norm: 1.105 | number of skipped iterations:   0 | number of nan iterations:   0 |
7: [default3]: [2026-05-24 06:44:54.318278] iteration      123/    1819 | consumed samples:        62976 | elapsed time per iteration (ms): 887.7 | throughput per GPU (TFLOP/s/GPU): 364.5 | tokens/sec/GPU: 73826 | learning rate: 9.996025E-05 | global batch size:   512 | lm loss: 4.908037E+00 | loss scale: 1.0 | grad norm: 1.289 | number of skipped iterations:   0 | number of nan iterations:   0 |
7: [default3]: [2026-05-24 06:44:55.212634] iteration      124/    1819 | consumed samples:        63488 | elapsed time per iteration (ms): 894.2 | throughput per GPU (TFLOP/s/GPU): 361.8 | tokens/sec/GPU: 73292 | learning rate: 9.995672E-05 | global batch size:   512 | lm loss: 4.932436E+00 | loss scale: 1.0 | grad norm: 1.280 | number of skipped iterations:   0 | number of nan iterations:   0 |
7: [default3]: [2026-05-24 06:44:56.111278] iteration      125/    1819 | consumed samples:        64000 | elapsed time per iteration (ms): 898.2 | throughput per GPU (TFLOP/s/GPU): 360.2 | tokens/sec/GPU: 72960 | learning rate: 9.995304E-05 | global batch size:   512 | lm loss: 4.931695E+00 | loss scale: 1.0 | grad norm: 1.190 | number of skipped iterations:   0 | number of nan iterations:   0 |
7: [default3]: [2026-05-24 06:45:01.674019] iteration      126/    1819 | consumed samples:        64512 | elapsed time per iteration (ms): 5562.5 | throughput per GPU (TFLOP/s/GPU): 58.2 | tokens/sec/GPU: 11782 | learning rate: 9.994921E-05 | global batch size:   512 | lm loss: 4.840235E+00 | loss scale: 1.0 | grad norm: 1.218 | number of skipped iterations:   0 | number of nan iterations:   0 |
7: [default3]: [2026-05-24 06:45:02.565263] iteration      127/    1819 | consumed samples:        65024 | elapsed time per iteration (ms): 891.0 | throughput per GPU (TFLOP/s/GPU): 363.1 | tokens/sec/GPU: 73556 | learning rate: 9.994522E-05 | global batch size:   512 | lm loss: 4.908627E+00 | loss scale: 1.0 | grad norm: 1.085 | number of skipped iterations:   0 | number of nan iterations:   0 |
7: [default3]: [2026-05-24 06:45:03.462921] iteration      128/    1819 | consumed samples:        65536 | elapsed time per iteration (ms): 897.4 | throughput per GPU (TFLOP/s/GPU): 360.5 | tokens/sec/GPU: 73030 | learning rate: 9.994110E-05 | global batch size:   512 | lm loss: 4.888720E+00 | loss scale: 1.0 | grad norm: 1.205 | number of skipped iterations:   0 | number of nan iterations:   0 |
7: [default3]: [2026-05-24 06:45:06.147890] iteration      129/    1819 | consumed samples:        66048 | elapsed time per iteration (ms): 2684.4 | throughput per GPU (TFLOP/s/GPU): 120.5 | tokens/sec/GPU: 24414 | learning rate: 9.993681E-05 | global batch size:   512 | lm loss: 4.972730E+00 | loss scale: 1.0 | grad norm: 1.364 | number of skipped iterations:   0 | number of nan iterations:   0 |
7: [default3]: [2026-05-24 06:45:09.049558] iteration      130/    1819 | consumed samples:        66560 | elapsed time per iteration (ms): 2900.7 | throughput per GPU (TFLOP/s/GPU): 111.5 | tokens/sec/GPU: 22593 | learning rate: 9.993238E-05 | global batch size:   512 | lm loss: 4.873806E+00 | loss scale: 1.0 | grad norm: 1.038 | number of skipped iterations:   0 | number of nan iterations:   0 |
7: [default3]: [2026-05-24 06:45:15.366915] iteration      131/    1819 | consumed samples:        67072 | elapsed time per iteration (ms): 6317.2 | throughput per GPU (TFLOP/s/GPU): 51.2 | tokens/sec/GPU: 10374 | learning rate: 9.992780E-05 | global batch size:   512 | lm loss: 4.835111E+00 | loss scale: 1.0 | grad norm: 1.099 | number of skipped iterations:   0 | number of nan iterations:   0 |
7: [default3]: [2026-05-24 06:45:16.259431] iteration      132/    1819 | consumed samples:        67584 | elapsed time per iteration (ms): 892.3 | throughput per GPU (TFLOP/s/GPU): 362.6 | tokens/sec/GPU: 73449 | learning rate: 9.992307E-05 | global batch size:   512 | lm loss: 4.825367E+00 | loss scale: 1.0 | grad norm: 1.310 | number of skipped iterations:   0 | number of nan iterations:   0 |
7: [default3]: [2026-05-24 06:45:17.154264] iteration      133/    1819 | consumed samples:        68096 | elapsed time per iteration (ms): 894.5 | throughput per GPU (TFLOP/s/GPU): 361.7 | tokens/sec/GPU: 73262 | learning rate: 9.991819E-05 | global batch size:   512 | lm loss: 4.752077E+00 | loss scale: 1.0 | grad norm: 0.811 | number of skipped iterations:   0 | number of nan iterations:   0 |
7: [default3]: [2026-05-24 06:45:19.077480] iteration      134/    1819 | consumed samples:        68608 | elapsed time per iteration (ms): 1923.0 | throughput per GPU (TFLOP/s/GPU): 168.2 | tokens/sec/GPU: 34080 | learning rate: 9.991315E-05 | global batch size:   512 | lm loss: 4.811792E+00 | loss scale: 1.0 | grad norm: 1.111 | number of skipped iterations:   0 | number of nan iterations:   0 |
7: [default3]: [2026-05-24 06:45:25.867495] iteration      135/    1819 | consumed samples:        69120 | elapsed time per iteration (ms): 6789.8 | throughput per GPU (TFLOP/s/GPU): 47.7 | tokens/sec/GPU: 9652 | learning rate: 9.990797E-05 | global batch size:   512 | lm loss: 4.736107E+00 | loss scale: 1.0 | grad norm: 1.262 | number of skipped iterations:   0 | number of nan iterations:   0 |
7: [default3]: [2026-05-24 06:45:26.758942] iteration      136/    1819 | consumed samples:        69632 | elapsed time per iteration (ms): 891.2 | throughput per GPU (TFLOP/s/GPU): 363.0 | tokens/sec/GPU: 73534 | learning rate: 9.990264E-05 | global batch size:   512 | lm loss: 4.848102E+00 | loss scale: 1.0 | grad norm: 1.034 | number of skipped iterations:   0 | number of nan iterations:   0 |
7: [default3]: [2026-05-24 06:45:27.656533] iteration      137/    1819 | consumed samples:        70144 | elapsed time per iteration (ms): 897.3 | throughput per GPU (TFLOP/s/GPU): 360.6 | tokens/sec/GPU: 73039 | learning rate: 9.989716E-05 | global batch size:   512 | lm loss: 4.724299E+00 | loss scale: 1.0 | grad norm: 1.300 | number of skipped iterations:   0 | number of nan iterations:   0 |
7: [default3]: [2026-05-24 06:45:28.552794] iteration      138/    1819 | consumed samples:        70656 | elapsed time per iteration (ms): 896.1 | throughput per GPU (TFLOP/s/GPU): 361.1 | tokens/sec/GPU: 73136 | learning rate: 9.989153E-05 | global batch size:   512 | lm loss: 4.814277E+00 | loss scale: 1.0 | grad norm: 1.365 | number of skipped iterations:   0 | number of nan iterations:   0 |
7: [default3]: [2026-05-24 06:45:38.605390] iteration      139/    1819 | consumed samples:        71168 | elapsed time per iteration (ms): 10052.4 | throughput per GPU (TFLOP/s/GPU): 32.2 | tokens/sec/GPU: 6519 | learning rate: 9.988574E-05 | global batch size:   512 | lm loss: 4.757822E+00 | loss scale: 1.0 | grad norm: 0.982 | number of skipped iterations:   0 | number of nan iterations:   0 |
7: [default3]: [2026-05-24 06:45:39.491337] iteration      140/    1819 | consumed samples:        71680 | elapsed time per iteration (ms): 885.7 | throughput per GPU (TFLOP/s/GPU): 365.3 | tokens/sec/GPU: 73995 | learning rate: 9.987981E-05 | global batch size:   512 | lm loss: 4.750735E+00 | loss scale: 1.0 | grad norm: 1.163 | number of skipped iterations:   0 | number of nan iterations:   0 |
7: [default3]: [2026-05-24 06:45:40.380690] iteration      141/    1819 | consumed samples:        72192 | elapsed time per iteration (ms): 889.2 | throughput per GPU (TFLOP/s/GPU): 363.9 | tokens/sec/GPU: 73704 | learning rate: 9.987373E-05 | global batch size:   512 | lm loss: 4.679994E+00 | loss scale: 1.0 | grad norm: 1.100 | number of skipped iterations:   0 | number of nan iterations:   0 |
7: [default3]: [2026-05-24 06:45:41.274732] iteration      142/    1819 | consumed samples:        72704 | elapsed time per iteration (ms): 893.8 | throughput per GPU (TFLOP/s/GPU): 362.0 | tokens/sec/GPU: 73325 | learning rate: 9.986750E-05 | global batch size:   512 | lm loss: 4.734875E+00 | loss scale: 1.0 | grad norm: 1.235 | number of skipped iterations:   0 | number of nan iterations:   0 |
7: [default3]: [2026-05-24 06:45:46.864992] iteration      143/    1819 | consumed samples:        73216 | elapsed time per iteration (ms): 5590.1 | throughput per GPU (TFLOP/s/GPU): 57.9 | tokens/sec/GPU: 11724 | learning rate: 9.986112E-05 | global batch size:   512 | lm loss: 4.707216E+00 | loss scale: 1.0 | grad norm: 1.061 | number of skipped iterations:   0 | number of nan iterations:   0 |
7: [default3]: [2026-05-24 06:45:47.769414] iteration      144/    1819 | consumed samples:        73728 | elapsed time per iteration (ms): 904.2 | throughput per GPU (TFLOP/s/GPU): 357.8 | tokens/sec/GPU: 72476 | learning rate: 9.985459E-05 | global batch size:   512 | lm loss: 4.733974E+00 | loss scale: 1.0 | grad norm: 1.076 | number of skipped iterations:   0 | number of nan iterations:   0 |
7: [default3]: [2026-05-24 06:45:48.668961] iteration      145/    1819 | consumed samples:        74240 | elapsed time per iteration (ms): 899.4 | throughput per GPU (TFLOP/s/GPU): 359.7 | tokens/sec/GPU: 72870 | learning rate: 9.984791E-05 | global batch size:   512 | lm loss: 4.642037E+00 | loss scale: 1.0 | grad norm: 1.061 | number of skipped iterations:   0 | number of nan iterations:   0 |
7: [default3]: [2026-05-24 06:45:49.567715] iteration      146/    1819 | consumed samples:        74752 | elapsed time per iteration (ms): 898.6 | throughput per GPU (TFLOP/s/GPU): 360.1 | tokens/sec/GPU: 72934 | learning rate: 9.984108E-05 | global batch size:   512 | lm loss: 4.636331E+00 | loss scale: 1.0 | grad norm: 1.340 | number of skipped iterations:   0 | number of nan iterations:   0 |
7: [default3]: [2026-05-24 06:45:57.126031] iteration      147/    1819 | consumed samples:        75264 | elapsed time per iteration (ms): 7558.0 | throughput per GPU (TFLOP/s/GPU): 42.8 | tokens/sec/GPU: 8671 | learning rate: 9.983410E-05 | global batch size:   512 | lm loss: 4.605679E+00 | loss scale: 1.0 | grad norm: 0.920 | number of skipped iterations:   0 | number of nan iterations:   0 |
7: [default3]: [2026-05-24 06:45:58.015169] iteration      148/    1819 | consumed samples:        75776 | elapsed time per iteration (ms): 889.0 | throughput per GPU (TFLOP/s/GPU): 363.9 | tokens/sec/GPU: 73721 | learning rate: 9.982697E-05 | global batch size:   512 | lm loss: 4.589936E+00 | loss scale: 1.0 | grad norm: 0.881 | number of skipped iterations:   0 | number of nan iterations:   0 |
7: [default3]: [2026-05-24 06:45:58.911536] iteration      149/    1819 | consumed samples:        76288 | elapsed time per iteration (ms): 896.2 | throughput per GPU (TFLOP/s/GPU): 361.0 | tokens/sec/GPU: 73127 | learning rate: 9.981968E-05 | global batch size:   512 | lm loss: 4.578432E+00 | loss scale: 1.0 | grad norm: 0.929 | number of skipped iterations:   0 | number of nan iterations:   0 |
7: [default3]: [2026-05-24 06:45:59.806499] iteration      150/    1819 | consumed samples:        76800 | elapsed time per iteration (ms): 894.8 | throughput per GPU (TFLOP/s/GPU): 361.6 | tokens/sec/GPU: 73245 | learning rate: 9.981226E-05 | global batch size:   512 | lm loss: 4.541248E+00 | loss scale: 1.0 | grad norm: 0.835 | number of skipped iterations:   0 | number of nan iterations:   0 |
7: [default3]: [2026-05-24 06:46:06.099522] iteration      151/    1819 | consumed samples:        77312 | elapsed time per iteration (ms): 6292.8 | throughput per GPU (TFLOP/s/GPU): 51.4 | tokens/sec/GPU: 10414 | learning rate: 9.980467E-05 | global batch size:   512 | lm loss: 4.514366E+00 | loss scale: 1.0 | grad norm: 0.917 | number of skipped iterations:   0 | number of nan iterations:   0 |
7: [default3]: [2026-05-24 06:46:06.989346] iteration      152/    1819 | consumed samples:        77824 | elapsed time per iteration (ms): 889.6 | throughput per GPU (TFLOP/s/GPU): 363.7 | tokens/sec/GPU: 73667 | learning rate: 9.979695E-05 | global batch size:   512 | lm loss: 4.629025E+00 | loss scale: 1.0 | grad norm: 0.777 | number of skipped iterations:   0 | number of nan iterations:   0 |
7: [default3]: [2026-05-24 06:46:07.882575] iteration      153/    1819 | consumed samples:        78336 | elapsed time per iteration (ms): 893.0 | throughput per GPU (TFLOP/s/GPU): 362.3 | tokens/sec/GPU: 73388 | learning rate: 9.978907E-05 | global batch size:   512 | lm loss: 4.589475E+00 | loss scale: 1.0 | grad norm: 0.798 | number of skipped iterations:   0 | number of nan iterations:   0 |
7: [default3]: [2026-05-24 06:46:08.781072] iteration      154/    1819 | consumed samples:        78848 | elapsed time per iteration (ms): 898.3 | throughput per GPU (TFLOP/s/GPU): 360.2 | tokens/sec/GPU: 72957 | learning rate: 9.978104E-05 | global batch size:   512 | lm loss: 4.512415E+00 | loss scale: 1.0 | grad norm: 0.895 | number of skipped iterations:   0 | number of nan iterations:   0 |
7: [default3]: [2026-05-24 06:46:16.098312] iteration      155/    1819 | consumed samples:        79360 | elapsed time per iteration (ms): 7317.0 | throughput per GPU (TFLOP/s/GPU): 44.2 | tokens/sec/GPU: 8957 | learning rate: 9.977286E-05 | global batch size:   512 | lm loss: 4.535040E+00 | loss scale: 1.0 | grad norm: 1.077 | number of skipped iterations:   0 | number of nan iterations:   0 |
7: [default3]: [2026-05-24 06:46:16.987322] iteration      156/    1819 | consumed samples:        79872 | elapsed time per iteration (ms): 888.8 | throughput per GPU (TFLOP/s/GPU): 364.0 | tokens/sec/GPU: 73734 | learning rate: 9.976453E-05 | global batch size:   512 | lm loss: 4.506933E+00 | loss scale: 1.0 | grad norm: 1.170 | number of skipped iterations:   0 | number of nan iterations:   0 |
7: [default3]: [2026-05-24 06:46:17.875589] iteration      157/    1819 | consumed samples:        80384 | elapsed time per iteration (ms): 888.0 | throughput per GPU (TFLOP/s/GPU): 364.3 | tokens/sec/GPU: 73801 | learning rate: 9.975606E-05 | global batch size:   512 | lm loss: 4.540418E+00 | loss scale: 1.0 | grad norm: 1.148 | number of skipped iterations:   0 | number of nan iterations:   0 |
7: [default3]: [2026-05-24 06:46:18.768100] iteration      158/    1819 | consumed samples:        80896 | elapsed time per iteration (ms): 892.3 | throughput per GPU (TFLOP/s/GPU): 362.6 | tokens/sec/GPU: 73444 | learning rate: 9.974743E-05 | global batch size:   512 | lm loss: 4.501665E+00 | loss scale: 1.0 | grad norm: 0.841 | number of skipped iterations:   0 | number of nan iterations:   0 |
7: [default3]: [2026-05-24 06:46:29.942663] iteration      159/    1819 | consumed samples:        81408 | elapsed time per iteration (ms): 11174.1 | throughput per GPU (TFLOP/s/GPU): 29.0 | tokens/sec/GPU: 5865 | learning rate: 9.973865E-05 | global batch size:   512 | lm loss: 4.525663E+00 | loss scale: 1.0 | grad norm: 0.833 | number of skipped iterations:   0 | number of nan iterations:   0 |
7: [default3]: [2026-05-24 06:46:30.831573] iteration      160/    1819 | consumed samples:        81920 | elapsed time per iteration (ms): 888.7 | throughput per GPU (TFLOP/s/GPU): 364.1 | tokens/sec/GPU: 73748 | learning rate: 9.972973E-05 | global batch size:   512 | lm loss: 4.484023E+00 | loss scale: 1.0 | grad norm: 0.959 | number of skipped iterations:   0 | number of nan iterations:   0 |
7: [default3]: [2026-05-24 06:46:31.721995] iteration      161/    1819 | consumed samples:        82432 | elapsed time per iteration (ms): 889.8 | throughput per GPU (TFLOP/s/GPU): 363.6 | tokens/sec/GPU: 73650 | learning rate: 9.972066E-05 | global batch size:   512 | lm loss: 4.482384E+00 | loss scale: 1.0 | grad norm: 0.919 | number of skipped iterations:   0 | number of nan iterations:   0 |
7: [default3]: [2026-05-24 06:46:32.623655] iteration      162/    1819 | consumed samples:        82944 | elapsed time per iteration (ms): 901.2 | throughput per GPU (TFLOP/s/GPU): 359.0 | tokens/sec/GPU: 72719 | learning rate: 9.971143E-05 | global batch size:   512 | lm loss: 4.493155E+00 | loss scale: 1.0 | grad norm: 1.461 | number of skipped iterations:   0 | number of nan iterations:   0 |
7: [default3]: [2026-05-24 06:46:39.249900] iteration      163/    1819 | consumed samples:        83456 | elapsed time per iteration (ms): 6626.0 | throughput per GPU (TFLOP/s/GPU): 48.8 | tokens/sec/GPU: 9891 | learning rate: 9.970206E-05 | global batch size:   512 | lm loss: 4.523140E+00 | loss scale: 1.0 | grad norm: 1.491 | number of skipped iterations:   0 | number of nan iterations:   0 |
7: [default3]: [2026-05-24 06:46:40.141223] iteration      164/    1819 | consumed samples:        83968 | elapsed time per iteration (ms): 891.0 | throughput per GPU (TFLOP/s/GPU): 363.1 | tokens/sec/GPU: 73550 | learning rate: 9.969254E-05 | global batch size:   512 | lm loss: 4.459517E+00 | loss scale: 1.0 | grad norm: 1.105 | number of skipped iterations:   0 | number of nan iterations:   0 |
7: [default3]: [2026-05-24 06:46:41.529534] iteration      165/    1819 | consumed samples:        84480 | elapsed time per iteration (ms): 1388.1 | throughput per GPU (TFLOP/s/GPU): 233.1 | tokens/sec/GPU: 47211 | learning rate: 9.968286E-05 | global batch size:   512 | lm loss: 4.439950E+00 | loss scale: 1.0 | grad norm: 1.193 | number of skipped iterations:   0 | number of nan iterations:   0 |
7: [default3]: [2026-05-24 06:46:42.429543] iteration      166/    1819 | consumed samples:        84992 | elapsed time per iteration (ms): 899.8 | throughput per GPU (TFLOP/s/GPU): 359.6 | tokens/sec/GPU: 72838 | learning rate: 9.967305E-05 | global batch size:   512 | lm loss: 4.461434E+00 | loss scale: 1.0 | grad norm: 1.075 | number of skipped iterations:   0 | number of nan iterations:   0 |
7: [default3]: [2026-05-24 06:46:46.925439] iteration      167/    1819 | consumed samples:        85504 | elapsed time per iteration (ms): 4495.7 | throughput per GPU (TFLOP/s/GPU): 72.0 | tokens/sec/GPU: 14577 | learning rate: 9.966307E-05 | global batch size:   512 | lm loss: 4.471019E+00 | loss scale: 1.0 | grad norm: 1.111 | number of skipped iterations:   0 | number of nan iterations:   0 |
7: [default3]: [2026-05-24 06:46:47.814052] iteration      168/    1819 | consumed samples:        86016 | elapsed time per iteration (ms): 888.4 | throughput per GPU (TFLOP/s/GPU): 364.2 | tokens/sec/GPU: 73771 | learning rate: 9.965295E-05 | global batch size:   512 | lm loss: 4.392360E+00 | loss scale: 1.0 | grad norm: 1.133 | number of skipped iterations:   0 | number of nan iterations:   0 |
7: [default3]: [2026-05-24 06:46:50.745134] iteration      169/    1819 | consumed samples:        86528 | elapsed time per iteration (ms): 2930.9 | throughput per GPU (TFLOP/s/GPU): 110.4 | tokens/sec/GPU: 22360 | learning rate: 9.964268E-05 | global batch size:   512 | lm loss: 4.398620E+00 | loss scale: 1.0 | grad norm: 1.033 | number of skipped iterations:   0 | number of nan iterations:   0 |
7: [default3]: [2026-05-24 06:46:51.640277] iteration      170/    1819 | consumed samples:        87040 | elapsed time per iteration (ms): 894.9 | throughput per GPU (TFLOP/s/GPU): 361.5 | tokens/sec/GPU: 73230 | learning rate: 9.963226E-05 | global batch size:   512 | lm loss: 4.462520E+00 | loss scale: 1.0 | grad norm: 1.088 | number of skipped iterations:   0 | number of nan iterations:   0 |
7: [default3]: [2026-05-24 06:46:57.311165] iteration      171/    1819 | consumed samples:        87552 | elapsed time per iteration (ms): 5670.7 | throughput per GPU (TFLOP/s/GPU): 57.1 | tokens/sec/GPU: 11557 | learning rate: 9.962170E-05 | global batch size:   512 | lm loss: 4.404628E+00 | loss scale: 1.0 | grad norm: 0.962 | number of skipped iterations:   0 | number of nan iterations:   0 |
7: [default3]: [2026-05-24 06:46:58.200363] iteration      172/    1819 | consumed samples:        88064 | elapsed time per iteration (ms): 889.0 | throughput per GPU (TFLOP/s/GPU): 363.9 | tokens/sec/GPU: 73719 | learning rate: 9.961098E-05 | global batch size:   512 | lm loss: 4.420601E+00 | loss scale: 1.0 | grad norm: 0.954 | number of skipped iterations:   0 | number of nan iterations:   0 |
7: [default3]: [2026-05-24 06:47:01.422092] iteration      173/    1819 | consumed samples:        88576 | elapsed time per iteration (ms): 3221.5 | throughput per GPU (TFLOP/s/GPU): 100.4 | tokens/sec/GPU: 20343 | learning rate: 9.960012E-05 | global batch size:   512 | lm loss: 4.303554E+00 | loss scale: 1.0 | grad norm: 0.998 | number of skipped iterations:   0 | number of nan iterations:   0 |
7: [default3]: [2026-05-24 06:47:02.307113] iteration      174/    1819 | consumed samples:        89088 | elapsed time per iteration (ms): 884.8 | throughput per GPU (TFLOP/s/GPU): 365.7 | tokens/sec/GPU: 74069 | learning rate: 9.958910E-05 | global batch size:   512 | lm loss: 4.340159E+00 | loss scale: 1.0 | grad norm: 0.975 | number of skipped iterations:   0 | number of nan iterations:   0 |
7: [default3]: [2026-05-24 06:47:08.680605] iteration      175/    1819 | consumed samples:        89600 | elapsed time per iteration (ms): 6373.1 | throughput per GPU (TFLOP/s/GPU): 50.8 | tokens/sec/GPU: 10283 | learning rate: 9.957794E-05 | global batch size:   512 | lm loss: 4.398421E+00 | loss scale: 1.0 | grad norm: 1.073 | number of skipped iterations:   0 | number of nan iterations:   0 |
7: [default3]: [2026-05-24 06:47:09.577466] iteration      176/    1819 | consumed samples:        90112 | elapsed time per iteration (ms): 896.4 | throughput per GPU (TFLOP/s/GPU): 360.9 | tokens/sec/GPU: 73106 | learning rate: 9.956663E-05 | global batch size:   512 | lm loss: 4.269263E+00 | loss scale: 1.0 | grad norm: 1.045 | number of skipped iterations:   0 | number of nan iterations:   0 |
7: [default3]: [2026-05-24 06:47:10.684200] iteration      177/    1819 | consumed samples:        90624 | elapsed time per iteration (ms): 1106.5 | throughput per GPU (TFLOP/s/GPU): 292.4 | tokens/sec/GPU: 59227 | learning rate: 9.955517E-05 | global batch size:   512 | lm loss: 4.379144E+00 | loss scale: 1.0 | grad norm: 0.819 | number of skipped iterations:   0 | number of nan iterations:   0 |
7: [default3]: [2026-05-24 06:47:11.973361] iteration      178/    1819 | consumed samples:        91136 | elapsed time per iteration (ms): 1289.0 | throughput per GPU (TFLOP/s/GPU): 251.0 | tokens/sec/GPU: 50844 | learning rate: 9.954356E-05 | global batch size:   512 | lm loss: 4.341501E+00 | loss scale: 1.0 | grad norm: 0.858 | number of skipped iterations:   0 | number of nan iterations:   0 |
7: [default3]: [2026-05-24 06:47:18.740859] iteration      179/    1819 | consumed samples:        91648 | elapsed time per iteration (ms): 6767.3 | throughput per GPU (TFLOP/s/GPU): 47.8 | tokens/sec/GPU: 9684 | learning rate: 9.953180E-05 | global batch size:   512 | lm loss: 4.287964E+00 | loss scale: 1.0 | grad norm: 0.798 | number of skipped iterations:   0 | number of nan iterations:   0 |
7: [default3]: [2026-05-24 06:47:21.088705] iteration      180/    1819 | consumed samples:        92160 | elapsed time per iteration (ms): 2347.1 | throughput per GPU (TFLOP/s/GPU): 137.8 | tokens/sec/GPU: 27923 | learning rate: 9.951989E-05 | global batch size:   512 | lm loss: 4.307735E+00 | loss scale: 1.0 | grad norm: 0.821 | number of skipped iterations:   0 | number of nan iterations:   0 |
7: [default3]: [2026-05-24 06:47:22.205313] iteration      181/    1819 | consumed samples:        92672 | elapsed time per iteration (ms): 1116.4 | throughput per GPU (TFLOP/s/GPU): 289.8 | tokens/sec/GPU: 58701 | learning rate: 9.950784E-05 | global batch size:   512 | lm loss: 4.358541E+00 | loss scale: 1.0 | grad norm: 0.758 | number of skipped iterations:   0 | number of nan iterations:   0 |
7: [default3]: [2026-05-24 06:47:23.096588] iteration      182/    1819 | consumed samples:        93184 | elapsed time per iteration (ms): 891.1 | throughput per GPU (TFLOP/s/GPU): 363.1 | tokens/sec/GPU: 73548 | learning rate: 9.949564E-05 | global batch size:   512 | lm loss: 4.300054E+00 | loss scale: 1.0 | grad norm: 0.903 | number of skipped iterations:   0 | number of nan iterations:   0 |
7: [default3]: [2026-05-24 06:47:27.165613] iteration      183/    1819 | consumed samples:        93696 | elapsed time per iteration (ms): 4068.7 | throughput per GPU (TFLOP/s/GPU): 79.5 | tokens/sec/GPU: 16107 | learning rate: 9.948328E-05 | global batch size:   512 | lm loss: 4.254801E+00 | loss scale: 1.0 | grad norm: 1.124 | number of skipped iterations:   0 | number of nan iterations:   0 |
7: [default3]: [2026-05-24 06:47:28.561536] iteration      184/    1819 | consumed samples:        94208 | elapsed time per iteration (ms): 1395.6 | throughput per GPU (TFLOP/s/GPU): 231.8 | tokens/sec/GPU: 46960 | learning rate: 9.947078E-05 | global batch size:   512 | lm loss: 4.229771E+00 | loss scale: 1.0 | grad norm: 1.012 | number of skipped iterations:   0 | number of nan iterations:   0 |
7: [default3]: [2026-05-24 06:47:30.351118] iteration      185/    1819 | consumed samples:        94720 | elapsed time per iteration (ms): 1789.2 | throughput per GPU (TFLOP/s/GPU): 180.8 | tokens/sec/GPU: 36629 | learning rate: 9.945813E-05 | global batch size:   512 | lm loss: 4.294013E+00 | loss scale: 1.0 | grad norm: 1.680 | number of skipped iterations:   0 | number of nan iterations:   0 |
7: [default3]: [2026-05-24 06:47:32.410700] iteration      186/    1819 | consumed samples:        95232 | elapsed time per iteration (ms): 2059.0 | throughput per GPU (TFLOP/s/GPU): 157.1 | tokens/sec/GPU: 31830 | learning rate: 9.944533E-05 | global batch size:   512 | lm loss: 4.238173E+00 | loss scale: 1.0 | grad norm: 0.857 | number of skipped iterations:   0 | number of nan iterations:   0 |
7: [default3]: [2026-05-24 06:47:37.716779] iteration      187/    1819 | consumed samples:        95744 | elapsed time per iteration (ms): 5305.9 | throughput per GPU (TFLOP/s/GPU): 61.0 | tokens/sec/GPU: 12352 | learning rate: 9.943239E-05 | global batch size:   512 | lm loss: 4.240099E+00 | loss scale: 1.0 | grad norm: 0.998 | number of skipped iterations:   0 | number of nan iterations:   0 |
7: [default3]: [2026-05-24 06:47:38.750942] iteration      188/    1819 | consumed samples:        96256 | elapsed time per iteration (ms): 1034.0 | throughput per GPU (TFLOP/s/GPU): 312.9 | tokens/sec/GPU: 63383 | learning rate: 9.941929E-05 | global batch size:   512 | lm loss: 4.156759E+00 | loss scale: 1.0 | grad norm: 0.889 | number of skipped iterations:   0 | number of nan iterations:   0 |
7: [default3]: [2026-05-24 06:47:40.237671] iteration      189/    1819 | consumed samples:        96768 | elapsed time per iteration (ms): 1486.5 | throughput per GPU (TFLOP/s/GPU): 217.6 | tokens/sec/GPU: 44087 | learning rate: 9.940605E-05 | global batch size:   512 | lm loss: 4.239259E+00 | loss scale: 1.0 | grad norm: 1.225 | number of skipped iterations:   0 | number of nan iterations:   0 |
7: [default3]: [2026-05-24 06:47:41.124494] iteration      190/    1819 | consumed samples:        97280 | elapsed time per iteration (ms): 886.6 | throughput per GPU (TFLOP/s/GPU): 364.9 | tokens/sec/GPU: 73916 | learning rate: 9.939265E-05 | global batch size:   512 | lm loss: 4.234659E+00 | loss scale: 1.0 | grad norm: 1.238 | number of skipped iterations:   0 | number of nan iterations:   0 |
7: [default3]: [2026-05-24 06:47:48.620659] iteration      191/    1819 | consumed samples:        97792 | elapsed time per iteration (ms): 7495.9 | throughput per GPU (TFLOP/s/GPU): 43.2 | tokens/sec/GPU: 8743 | learning rate: 9.937911E-05 | global batch size:   512 | lm loss: 4.219570E+00 | loss scale: 1.0 | grad norm: 1.189 | number of skipped iterations:   0 | number of nan iterations:   0 |
7: [default3]: [2026-05-24 06:47:49.516679] iteration      192/    1819 | consumed samples:        98304 | elapsed time per iteration (ms): 895.8 | throughput per GPU (TFLOP/s/GPU): 361.2 | tokens/sec/GPU: 73157 | learning rate: 9.936542E-05 | global batch size:   512 | lm loss: 4.210731E+00 | loss scale: 1.0 | grad norm: 1.179 | number of skipped iterations:   0 | number of nan iterations:   0 |
7: [default3]: [2026-05-24 06:47:50.399235] iteration      193/    1819 | consumed samples:        98816 | elapsed time per iteration (ms): 882.4 | throughput per GPU (TFLOP/s/GPU): 366.7 | tokens/sec/GPU: 74273 | learning rate: 9.935159E-05 | global batch size:   512 | lm loss: 4.215844E+00 | loss scale: 1.0 | grad norm: 1.098 | number of skipped iterations:   0 | number of nan iterations:   0 |
7: [default3]: [2026-05-24 06:47:51.285733] iteration      194/    1819 | consumed samples:        99328 | elapsed time per iteration (ms): 886.3 | throughput per GPU (TFLOP/s/GPU): 365.0 | tokens/sec/GPU: 73944 | learning rate: 9.933760E-05 | global batch size:   512 | lm loss: 4.223692E+00 | loss scale: 1.0 | grad norm: 0.997 | number of skipped iterations:   0 | number of nan iterations:   0 |
7: [default3]: [2026-05-24 06:47:57.210570] iteration      195/    1819 | consumed samples:        99840 | elapsed time per iteration (ms): 5924.6 | throughput per GPU (TFLOP/s/GPU): 54.6 | tokens/sec/GPU: 11062 | learning rate: 9.932347E-05 | global batch size:   512 | lm loss: 4.284877E+00 | loss scale: 1.0 | grad norm: 1.262 | number of skipped iterations:   0 | number of nan iterations:   0 |
7: [default3]: [2026-05-24 06:47:58.107711] iteration      196/    1819 | consumed samples:       100352 | elapsed time per iteration (ms): 896.6 | throughput per GPU (TFLOP/s/GPU): 360.8 | tokens/sec/GPU: 73091 | learning rate: 9.930919E-05 | global batch size:   512 | lm loss: 4.271178E+00 | loss scale: 1.0 | grad norm: 1.022 | number of skipped iterations:   0 | number of nan iterations:   0 |
7: [default3]: [2026-05-24 06:48:00.384766] iteration      197/    1819 | consumed samples:       100864 | elapsed time per iteration (ms): 2276.9 | throughput per GPU (TFLOP/s/GPU): 142.1 | tokens/sec/GPU: 28783 | learning rate: 9.929476E-05 | global batch size:   512 | lm loss: 4.108346E+00 | loss scale: 1.0 | grad norm: 1.153 | number of skipped iterations:   0 | number of nan iterations:   0 |
7: [default3]: [2026-05-24 06:48:01.280780] iteration      198/    1819 | consumed samples:       101376 | elapsed time per iteration (ms): 895.7 | throughput per GPU (TFLOP/s/GPU): 361.2 | tokens/sec/GPU: 73165 | learning rate: 9.928019E-05 | global batch size:   512 | lm loss: 4.233716E+00 | loss scale: 1.0 | grad norm: 0.942 | number of skipped iterations:   0 | number of nan iterations:   0 |
7: [default3]: [2026-05-24 06:48:10.438678] iteration      199/    1819 | consumed samples:       101888 | elapsed time per iteration (ms): 9157.5 | throughput per GPU (TFLOP/s/GPU): 35.3 | tokens/sec/GPU: 7157 | learning rate: 9.926546E-05 | global batch size:   512 | lm loss: 4.157588E+00 | loss scale: 1.0 | grad norm: 0.997 | number of skipped iterations:   0 | number of nan iterations:   0 |
7: [default3]: [2026-05-24 06:48:11.325604] iteration      200/    1819 | consumed samples:       102400 | elapsed time per iteration (ms): 886.7 | throughput per GPU (TFLOP/s/GPU): 364.9 | tokens/sec/GPU: 73912 | learning rate: 9.925059E-05 | global batch size:   512 | lm loss: 4.134705E+00 | loss scale: 1.0 | grad norm: 1.092 | number of skipped iterations:   0 | number of nan iterations:   0 |
7: [default3]: [2026-05-24 06:48:12.617889] iteration      201/    1819 | consumed samples:       102912 | elapsed time per iteration (ms): 1292.1 | throughput per GPU (TFLOP/s/GPU): 250.4 | tokens/sec/GPU: 50721 | learning rate: 9.923556E-05 | global batch size:   512 | lm loss: 4.160669E+00 | loss scale: 1.0 | grad norm: 0.944 | number of skipped iterations:   0 | number of nan iterations:   0 |
7: [default3]: [2026-05-24 06:48:13.507276] iteration      202/    1819 | consumed samples:       103424 | elapsed time per iteration (ms): 888.5 | throughput per GPU (TFLOP/s/GPU): 364.1 | tokens/sec/GPU: 73759 | learning rate: 9.922040E-05 | global batch size:   512 | lm loss: 4.163898E+00 | loss scale: 1.0 | grad norm: 0.976 | number of skipped iterations:   0 | number of nan iterations:   0 |
7: [default3]: [2026-05-24 06:48:19.068245] iteration      203/    1819 | consumed samples:       103936 | elapsed time per iteration (ms): 5560.8 | throughput per GPU (TFLOP/s/GPU): 58.2 | tokens/sec/GPU: 11785 | learning rate: 9.920508E-05 | global batch size:   512 | lm loss: 4.205094E+00 | loss scale: 1.0 | grad norm: 1.075 | number of skipped iterations:   0 | number of nan iterations:   0 |
7: [default3]: [2026-05-24 06:48:19.955985] iteration      204/    1819 | consumed samples:       104448 | elapsed time per iteration (ms): 887.5 | throughput per GPU (TFLOP/s/GPU): 364.5 | tokens/sec/GPU: 73841 | learning rate: 9.918962E-05 | global batch size:   512 | lm loss: 4.089967E+00 | loss scale: 1.0 | grad norm: 1.015 | number of skipped iterations:   0 | number of nan iterations:   0 |
7: [default3]: [2026-05-24 06:48:20.848652] iteration      205/    1819 | consumed samples:       104960 | elapsed time per iteration (ms): 892.5 | throughput per GPU (TFLOP/s/GPU): 362.5 | tokens/sec/GPU: 73430 | learning rate: 9.917401E-05 | global batch size:   512 | lm loss: 4.162169E+00 | loss scale: 1.0 | grad norm: 1.052 | number of skipped iterations:   0 | number of nan iterations:   0 |
7: [default3]: [2026-05-24 06:48:21.746478] iteration      206/    1819 | consumed samples:       105472 | elapsed time per iteration (ms): 897.5 | throughput per GPU (TFLOP/s/GPU): 360.5 | tokens/sec/GPU: 73021 | learning rate: 9.915825E-05 | global batch size:   512 | lm loss: 4.128008E+00 | loss scale: 1.0 | grad norm: 0.790 | number of skipped iterations:   0 | number of nan iterations:   0 |
7: [default3]: [2026-05-24 06:48:30.991258] iteration      207/    1819 | consumed samples:       105984 | elapsed time per iteration (ms): 9244.1 | throughput per GPU (TFLOP/s/GPU): 35.0 | tokens/sec/GPU: 7090 | learning rate: 9.914234E-05 | global batch size:   512 | lm loss: 4.074458E+00 | loss scale: 1.0 | grad norm: 0.838 | number of skipped iterations:   0 | number of nan iterations:   0 |
7: [default3]: [2026-05-24 06:48:31.874485] iteration      208/    1819 | consumed samples:       106496 | elapsed time per iteration (ms): 883.0 | throughput per GPU (TFLOP/s/GPU): 366.4 | tokens/sec/GPU: 74217 | learning rate: 9.912629E-05 | global batch size:   512 | lm loss: 4.086731E+00 | loss scale: 1.0 | grad norm: 0.793 | number of skipped iterations:   0 | number of nan iterations:   0 |
7: [default3]: [2026-05-24 06:48:32.764105] iteration      209/    1819 | consumed samples:       107008 | elapsed time per iteration (ms): 889.3 | throughput per GPU (TFLOP/s/GPU): 363.8 | tokens/sec/GPU: 73693 | learning rate: 9.911009E-05 | global batch size:   512 | lm loss: 4.102664E+00 | loss scale: 1.0 | grad norm: 0.798 | number of skipped iterations:   0 | number of nan iterations:   0 |
7: [default3]: [2026-05-24 06:48:33.658498] iteration      210/    1819 | consumed samples:       107520 | elapsed time per iteration (ms): 894.1 | throughput per GPU (TFLOP/s/GPU): 361.8 | tokens/sec/GPU: 73295 | learning rate: 9.909374E-05 | global batch size:   512 | lm loss: 4.092244E+00 | loss scale: 1.0 | grad norm: 0.823 | number of skipped iterations:   0 | number of nan iterations:   0 |
7: [default3]: [2026-05-24 06:48:41.180847] iteration      211/    1819 | consumed samples:       108032 | elapsed time per iteration (ms): 7522.2 | throughput per GPU (TFLOP/s/GPU): 43.0 | tokens/sec/GPU: 8712 | learning rate: 9.907725E-05 | global batch size:   512 | lm loss: 4.046240E+00 | loss scale: 1.0 | grad norm: 0.864 | number of skipped iterations:   0 | number of nan iterations:   0 |
7: [default3]: [2026-05-24 06:48:42.069987] iteration      212/    1819 | consumed samples:       108544 | elapsed time per iteration (ms): 888.9 | throughput per GPU (TFLOP/s/GPU): 364.0 | tokens/sec/GPU: 73724 | learning rate: 9.906060E-05 | global batch size:   512 | lm loss: 4.096272E+00 | loss scale: 1.0 | grad norm: 0.872 | number of skipped iterations:   0 | number of nan iterations:   0 |
7: [default3]: [2026-05-24 06:48:42.955723] iteration      213/    1819 | consumed samples:       109056 | elapsed time per iteration (ms): 885.5 | throughput per GPU (TFLOP/s/GPU): 365.4 | tokens/sec/GPU: 74009 | learning rate: 9.904381E-05 | global batch size:   512 | lm loss: 4.064894E+00 | loss scale: 1.0 | grad norm: 0.846 | number of skipped iterations:   0 | number of nan iterations:   0 |
7: [default3]: [2026-05-24 06:48:43.838342] iteration      214/    1819 | consumed samples:       109568 | elapsed time per iteration (ms): 882.4 | throughput per GPU (TFLOP/s/GPU): 366.7 | tokens/sec/GPU: 74272 | learning rate: 9.902687E-05 | global batch size:   512 | lm loss: 4.058522E+00 | loss scale: 1.0 | grad norm: 1.073 | number of skipped iterations:   0 | number of nan iterations:   0 |
7: [default3]: [2026-05-24 06:48:54.184837] iteration      215/    1819 | consumed samples:       110080 | elapsed time per iteration (ms): 10346.3 | throughput per GPU (TFLOP/s/GPU): 31.3 | tokens/sec/GPU: 6334 | learning rate: 9.900979E-05 | global batch size:   512 | lm loss: 4.100112E+00 | loss scale: 1.0 | grad norm: 1.414 | number of skipped iterations:   0 | number of nan iterations:   0 |
7: [default3]: [2026-05-24 06:48:55.070576] iteration      216/    1819 | consumed samples:       110592 | elapsed time per iteration (ms): 885.5 | throughput per GPU (TFLOP/s/GPU): 365.4 | tokens/sec/GPU: 74006 | learning rate: 9.899256E-05 | global batch size:   512 | lm loss: 4.032481E+00 | loss scale: 1.0 | grad norm: 1.048 | number of skipped iterations:   0 | number of nan iterations:   0 |
7: [default3]: [2026-05-24 06:48:55.951763] iteration      217/    1819 | consumed samples:       111104 | elapsed time per iteration (ms): 880.9 | throughput per GPU (TFLOP/s/GPU): 367.3 | tokens/sec/GPU: 74395 | learning rate: 9.897518E-05 | global batch size:   512 | lm loss: 4.032118E+00 | loss scale: 1.0 | grad norm: 0.860 | number of skipped iterations:   0 | number of nan iterations:   0 |
7: [default3]: [2026-05-24 06:48:56.839202] iteration      218/    1819 | consumed samples:       111616 | elapsed time per iteration (ms): 887.2 | throughput per GPU (TFLOP/s/GPU): 364.7 | tokens/sec/GPU: 73866 | learning rate: 9.895766E-05 | global batch size:   512 | lm loss: 4.120037E+00 | loss scale: 1.0 | grad norm: 0.871 | number of skipped iterations:   0 | number of nan iterations:   0 |
7: [default3]: [2026-05-24 06:49:04.238539] iteration      219/    1819 | consumed samples:       112128 | elapsed time per iteration (ms): 7399.1 | throughput per GPU (TFLOP/s/GPU): 43.7 | tokens/sec/GPU: 8857 | learning rate: 9.893999E-05 | global batch size:   512 | lm loss: 4.026179E+00 | loss scale: 1.0 | grad norm: 0.896 | number of skipped iterations:   0 | number of nan iterations:   0 |
7: [default3]: [2026-05-24 06:49:05.123019] iteration      220/    1819 | consumed samples:       112640 | elapsed time per iteration (ms): 884.3 | throughput per GPU (TFLOP/s/GPU): 365.9 | tokens/sec/GPU: 74114 | learning rate: 9.892217E-05 | global batch size:   512 | lm loss: 4.102413E+00 | loss scale: 1.0 | grad norm: 0.842 | number of skipped iterations:   0 | number of nan iterations:   0 |
7: [default3]: [2026-05-24 06:49:09.631404] iteration      221/    1819 | consumed samples:       113152 | elapsed time per iteration (ms): 4508.2 | throughput per GPU (TFLOP/s/GPU): 71.8 | tokens/sec/GPU: 14537 | learning rate: 9.890420E-05 | global batch size:   512 | lm loss: 4.082392E+00 | loss scale: 1.0 | grad norm: 1.025 | number of skipped iterations:   0 | number of nan iterations:   0 |
7: [default3]: [2026-05-24 06:49:10.520339] iteration      222/    1819 | consumed samples:       113664 | elapsed time per iteration (ms): 888.8 | throughput per GPU (TFLOP/s/GPU): 364.0 | tokens/sec/GPU: 73739 | learning rate: 9.888609E-05 | global batch size:   512 | lm loss: 3.970757E+00 | loss scale: 1.0 | grad norm: 0.978 | number of skipped iterations:   0 | number of nan iterations:   0 |
7: [default3]: [2026-05-24 06:49:17.470526] iteration      223/    1819 | consumed samples:       114176 | elapsed time per iteration (ms): 6950.0 | throughput per GPU (TFLOP/s/GPU): 46.6 | tokens/sec/GPU: 9430 | learning rate: 9.886783E-05 | global batch size:   512 | lm loss: 3.989572E+00 | loss scale: 1.0 | grad norm: 0.934 | number of skipped iterations:   0 | number of nan iterations:   0 |
7: [default3]: [2026-05-24 06:49:18.355850] iteration      224/    1819 | consumed samples:       114688 | elapsed time per iteration (ms): 885.1 | throughput per GPU (TFLOP/s/GPU): 365.5 | tokens/sec/GPU: 74040 | learning rate: 9.884943E-05 | global batch size:   512 | lm loss: 3.988039E+00 | loss scale: 1.0 | grad norm: 0.931 | number of skipped iterations:   0 | number of nan iterations:   0 |
7: [default3]: [2026-05-24 06:49:21.208097] iteration      225/    1819 | consumed samples:       115200 | elapsed time per iteration (ms): 2852.1 | throughput per GPU (TFLOP/s/GPU): 113.4 | tokens/sec/GPU: 22978 | learning rate: 9.883087E-05 | global batch size:   512 | lm loss: 3.974213E+00 | loss scale: 1.0 | grad norm: 0.904 | number of skipped iterations:   0 | number of nan iterations:   0 |
7: [default3]: [2026-05-24 06:49:22.099318] iteration      226/    1819 | consumed samples:       115712 | elapsed time per iteration (ms): 890.5 | throughput per GPU (TFLOP/s/GPU): 363.3 | tokens/sec/GPU: 73592 | learning rate: 9.881218E-05 | global batch size:   512 | lm loss: 3.960700E+00 | loss scale: 1.0 | grad norm: 0.839 | number of skipped iterations:   0 | number of nan iterations:   0 |
7: [default3]: [2026-05-24 06:49:29.821077] iteration      227/    1819 | consumed samples:       116224 | elapsed time per iteration (ms): 7721.6 | throughput per GPU (TFLOP/s/GPU): 41.9 | tokens/sec/GPU: 8487 | learning rate: 9.879333E-05 | global batch size:   512 | lm loss: 3.999677E+00 | loss scale: 1.0 | grad norm: 0.886 | number of skipped iterations:   0 | number of nan iterations:   0 |
7: [default3]: [2026-05-24 06:49:30.701200] iteration      228/    1819 | consumed samples:       116736 | elapsed time per iteration (ms): 879.9 | throughput per GPU (TFLOP/s/GPU): 367.7 | tokens/sec/GPU: 74480 | learning rate: 9.877434E-05 | global batch size:   512 | lm loss: 4.053533E+00 | loss scale: 1.0 | grad norm: 0.977 | number of skipped iterations:   0 | number of nan iterations:   0 |
7: [default3]: [2026-05-24 06:49:31.584282] iteration      229/    1819 | consumed samples:       117248 | elapsed time per iteration (ms): 882.9 | throughput per GPU (TFLOP/s/GPU): 366.5 | tokens/sec/GPU: 74231 | learning rate: 9.875520E-05 | global batch size:   512 | lm loss: 3.940525E+00 | loss scale: 1.0 | grad norm: 0.906 | number of skipped iterations:   0 | number of nan iterations:   0 |
7: [default3]: [2026-05-24 06:49:32.497142] iteration      230/    1819 | consumed samples:       117760 | elapsed time per iteration (ms): 912.6 | throughput per GPU (TFLOP/s/GPU): 354.5 | tokens/sec/GPU: 71810 | learning rate: 9.873592E-05 | global batch size:   512 | lm loss: 3.953782E+00 | loss scale: 1.0 | grad norm: 0.748 | number of skipped iterations:   0 | number of nan iterations:   0 |
7: [default3]: [2026-05-24 06:49:44.895517] iteration      231/    1819 | consumed samples:       118272 | elapsed time per iteration (ms): 12398.2 | throughput per GPU (TFLOP/s/GPU): 26.1 | tokens/sec/GPU: 5286 | learning rate: 9.871650E-05 | global batch size:   512 | lm loss: 3.970597E+00 | loss scale: 1.0 | grad norm: 0.838 | number of skipped iterations:   0 | number of nan iterations:   0 |
7: [default3]: [2026-05-24 06:49:45.775994] iteration      232/    1819 | consumed samples:       118784 | elapsed time per iteration (ms): 880.2 | throughput per GPU (TFLOP/s/GPU): 367.6 | tokens/sec/GPU: 74452 | learning rate: 9.869692E-05 | global batch size:   512 | lm loss: 3.928922E+00 | loss scale: 1.0 | grad norm: 0.802 | number of skipped iterations:   0 | number of nan iterations:   0 |
7: [default3]: [2026-05-24 06:49:46.661222] iteration      233/    1819 | consumed samples:       119296 | elapsed time per iteration (ms): 885.0 | throughput per GPU (TFLOP/s/GPU): 365.6 | tokens/sec/GPU: 74050 | learning rate: 9.867720E-05 | global batch size:   512 | lm loss: 3.935274E+00 | loss scale: 1.0 | grad norm: 0.791 | number of skipped iterations:   0 | number of nan iterations:   0 |
7: [default3]: [2026-05-24 06:49:47.548414] iteration      234/    1819 | consumed samples:       119808 | elapsed time per iteration (ms): 887.0 | throughput per GPU (TFLOP/s/GPU): 364.8 | tokens/sec/GPU: 73886 | learning rate: 9.865734E-05 | global batch size:   512 | lm loss: 4.010345E+00 | loss scale: 1.0 | grad norm: 0.820 | number of skipped iterations:   0 | number of nan iterations:   0 |
7: [default3]: [2026-05-24 06:49:56.750049] iteration      235/    1819 | consumed samples:       120320 | elapsed time per iteration (ms): 9201.5 | throughput per GPU (TFLOP/s/GPU): 35.2 | tokens/sec/GPU: 7122 | learning rate: 9.863732E-05 | global batch size:   512 | lm loss: 3.975870E+00 | loss scale: 1.0 | grad norm: 0.955 | number of skipped iterations:   0 | number of nan iterations:   0 |
7: [default3]: [2026-05-24 06:49:57.637780] iteration      236/    1819 | consumed samples:       120832 | elapsed time per iteration (ms): 887.5 | throughput per GPU (TFLOP/s/GPU): 364.6 | tokens/sec/GPU: 73846 | learning rate: 9.861717E-05 | global batch size:   512 | lm loss: 3.993308E+00 | loss scale: 1.0 | grad norm: 1.026 | number of skipped iterations:   0 | number of nan iterations:   0 |
7: [default3]: [2026-05-24 06:49:58.527991] iteration      237/    1819 | consumed samples:       121344 | elapsed time per iteration (ms): 890.0 | throughput per GPU (TFLOP/s/GPU): 363.5 | tokens/sec/GPU: 73635 | learning rate: 9.859686E-05 | global batch size:   512 | lm loss: 3.911287E+00 | loss scale: 1.0 | grad norm: 0.923 | number of skipped iterations:   0 | number of nan iterations:   0 |
7: [default3]: [2026-05-24 06:49:59.417920] iteration      238/    1819 | consumed samples:       121856 | elapsed time per iteration (ms): 889.7 | throughput per GPU (TFLOP/s/GPU): 363.6 | tokens/sec/GPU: 73660 | learning rate: 9.857641E-05 | global batch size:   512 | lm loss: 3.942101E+00 | loss scale: 1.0 | grad norm: 0.911 | number of skipped iterations:   0 | number of nan iterations:   0 |
7: [default3]: [2026-05-24 06:50:05.653769] iteration      239/    1819 | consumed samples:       122368 | elapsed time per iteration (ms): 6235.7 | throughput per GPU (TFLOP/s/GPU): 51.9 | tokens/sec/GPU: 10510 | learning rate: 9.855581E-05 | global batch size:   512 | lm loss: 3.965191E+00 | loss scale: 1.0 | grad norm: 0.973 | number of skipped iterations:   0 | number of nan iterations:   0 |
7: [default3]: [2026-05-24 06:50:06.545195] iteration      240/    1819 | consumed samples:       122880 | elapsed time per iteration (ms): 891.2 | throughput per GPU (TFLOP/s/GPU): 363.0 | tokens/sec/GPU: 73537 | learning rate: 9.853507E-05 | global batch size:   512 | lm loss: 3.929907E+00 | loss scale: 1.0 | grad norm: 0.982 | number of skipped iterations:   0 | number of nan iterations:   0 |
7: [default3]: [2026-05-24 06:50:07.433592] iteration      241/    1819 | consumed samples:       123392 | elapsed time per iteration (ms): 887.8 | throughput per GPU (TFLOP/s/GPU): 364.4 | tokens/sec/GPU: 73816 | learning rate: 9.851419E-05 | global batch size:   512 | lm loss: 3.914422E+00 | loss scale: 1.0 | grad norm: 1.010 | number of skipped iterations:   0 | number of nan iterations:   0 |
7: [default3]: [2026-05-24 06:50:08.327428] iteration      242/    1819 | consumed samples:       123904 | elapsed time per iteration (ms): 893.6 | throughput per GPU (TFLOP/s/GPU): 362.1 | tokens/sec/GPU: 73337 | learning rate: 9.849315E-05 | global batch size:   512 | lm loss: 3.939166E+00 | loss scale: 1.0 | grad norm: 1.571 | number of skipped iterations:   0 | number of nan iterations:   0 |
7: [default3]: [2026-05-24 06:50:16.229261] iteration      243/    1819 | consumed samples:       124416 | elapsed time per iteration (ms): 7901.6 | throughput per GPU (TFLOP/s/GPU): 40.9 | tokens/sec/GPU: 8294 | learning rate: 9.847198E-05 | global batch size:   512 | lm loss: 3.948983E+00 | loss scale: 1.0 | grad norm: 0.890 | number of skipped iterations:   0 | number of nan iterations:   0 |
7: [default3]: [2026-05-24 06:50:17.113034] iteration      244/    1819 | consumed samples:       124928 | elapsed time per iteration (ms): 883.4 | throughput per GPU (TFLOP/s/GPU): 366.2 | tokens/sec/GPU: 74183 | learning rate: 9.845066E-05 | global batch size:   512 | lm loss: 3.871809E+00 | loss scale: 1.0 | grad norm: 0.856 | number of skipped iterations:   0 | number of nan iterations:   0 |
7: [default3]: [2026-05-24 06:50:18.000338] iteration      245/    1819 | consumed samples:       125440 | elapsed time per iteration (ms): 887.1 | throughput per GPU (TFLOP/s/GPU): 364.7 | tokens/sec/GPU: 73878 | learning rate: 9.842919E-05 | global batch size:   512 | lm loss: 3.926471E+00 | loss scale: 1.0 | grad norm: 0.876 | number of skipped iterations:   0 | number of nan iterations:   0 |
7: [default3]: [2026-05-24 06:50:18.899562] iteration      246/    1819 | consumed samples:       125952 | elapsed time per iteration (ms): 899.0 | throughput per GPU (TFLOP/s/GPU): 359.9 | tokens/sec/GPU: 72897 | learning rate: 9.840758E-05 | global batch size:   512 | lm loss: 3.922375E+00 | loss scale: 1.0 | grad norm: 0.886 | number of skipped iterations:   0 | number of nan iterations:   0 |
7: [default3]: [2026-05-24 06:50:27.561656] iteration      247/    1819 | consumed samples:       126464 | elapsed time per iteration (ms): 8661.9 | throughput per GPU (TFLOP/s/GPU): 37.4 | tokens/sec/GPU: 7566 | learning rate: 9.838582E-05 | global batch size:   512 | lm loss: 3.902363E+00 | loss scale: 1.0 | grad norm: 0.893 | number of skipped iterations:   0 | number of nan iterations:   0 |
7: [default3]: [2026-05-24 06:50:28.444405] iteration      248/    1819 | consumed samples:       126976 | elapsed time per iteration (ms): 882.6 | throughput per GPU (TFLOP/s/GPU): 366.6 | tokens/sec/GPU: 74257 | learning rate: 9.836392E-05 | global batch size:   512 | lm loss: 3.934897E+00 | loss scale: 1.0 | grad norm: 1.046 | number of skipped iterations:   0 | number of nan iterations:   0 |
7: [default3]: [2026-05-24 06:50:29.334098] iteration      249/    1819 | consumed samples:       127488 | elapsed time per iteration (ms): 889.5 | throughput per GPU (TFLOP/s/GPU): 363.7 | tokens/sec/GPU: 73680 | learning rate: 9.834187E-05 | global batch size:   512 | lm loss: 3.910794E+00 | loss scale: 1.0 | grad norm: 1.000 | number of skipped iterations:   0 | number of nan iterations:   0 |
7: [default3]: [2026-05-24 06:50:30.238895] iteration      250/    1819 | consumed samples:       128000 | elapsed time per iteration (ms): 904.5 | throughput per GPU (TFLOP/s/GPU): 357.7 | tokens/sec/GPU: 72453 | learning rate: 9.831968E-05 | global batch size:   512 | lm loss: 3.871435E+00 | loss scale: 1.0 | grad norm: 1.009 | number of skipped iterations:   0 | number of nan iterations:   0 |
7: [default3]: [2026-05-24 06:50:34.832975] iteration      251/    1819 | consumed samples:       128512 | elapsed time per iteration (ms): 4593.8 | throughput per GPU (TFLOP/s/GPU): 70.4 | tokens/sec/GPU: 14266 | learning rate: 9.829734E-05 | global batch size:   512 | lm loss: 3.958873E+00 | loss scale: 1.0 | grad norm: 0.973 | number of skipped iterations:   0 | number of nan iterations:   0 |
7: [default3]: [2026-05-24 06:50:35.727840] iteration      252/    1819 | consumed samples:       129024 | elapsed time per iteration (ms): 894.7 | throughput per GPU (TFLOP/s/GPU): 361.6 | tokens/sec/GPU: 73251 | learning rate: 9.827487E-05 | global batch size:   512 | lm loss: 3.898366E+00 | loss scale: 1.0 | grad norm: 0.892 | number of skipped iterations:   0 | number of nan iterations:   0 |
7: [default3]: [2026-05-24 06:50:37.700342] iteration      253/    1819 | consumed samples:       129536 | elapsed time per iteration (ms): 1972.3 | throughput per GPU (TFLOP/s/GPU): 164.0 | tokens/sec/GPU: 33228 | learning rate: 9.825224E-05 | global batch size:   512 | lm loss: 3.888851E+00 | loss scale: 1.0 | grad norm: 0.888 | number of skipped iterations:   0 | number of nan iterations:   0 |
7: [default3]: [2026-05-24 06:50:38.589157] iteration      254/    1819 | consumed samples:       130048 | elapsed time per iteration (ms): 888.6 | throughput per GPU (TFLOP/s/GPU): 364.1 | tokens/sec/GPU: 73755 | learning rate: 9.822947E-05 | global batch size:   512 | lm loss: 3.867432E+00 | loss scale: 1.0 | grad norm: 1.020 | number of skipped iterations:   0 | number of nan iterations:   0 |
7: [default3]: [2026-05-24 06:50:44.383391] iteration      255/    1819 | consumed samples:       130560 | elapsed time per iteration (ms): 5794.1 | throughput per GPU (TFLOP/s/GPU): 55.8 | tokens/sec/GPU: 11311 | learning rate: 9.820655E-05 | global batch size:   512 | lm loss: 3.881680E+00 | loss scale: 1.0 | grad norm: 0.993 | number of skipped iterations:   0 | number of nan iterations:   0 |
7: [default3]: [2026-05-24 06:50:46.979245] iteration      256/    1819 | consumed samples:       131072 | elapsed time per iteration (ms): 2595.7 | throughput per GPU (TFLOP/s/GPU): 124.6 | tokens/sec/GPU: 25248 | learning rate: 9.818350E-05 | global batch size:   512 | lm loss: 3.834533E+00 | loss scale: 1.0 | grad norm: 0.922 | number of skipped iterations:   0 | number of nan iterations:   0 |
7: [default3]: [2026-05-24 06:50:47.865513] iteration      257/    1819 | consumed samples:       131584 | elapsed time per iteration (ms): 886.1 | throughput per GPU (TFLOP/s/GPU): 365.1 | tokens/sec/GPU: 73961 | learning rate: 9.816029E-05 | global batch size:   512 | lm loss: 3.867076E+00 | loss scale: 1.0 | grad norm: 0.720 | number of skipped iterations:   0 | number of nan iterations:   0 |
7: [default3]: [2026-05-24 06:50:48.758648] iteration      258/    1819 | consumed samples:       132096 | elapsed time per iteration (ms): 892.9 | throughput per GPU (TFLOP/s/GPU): 362.4 | tokens/sec/GPU: 73398 | learning rate: 9.813694E-05 | global batch size:   512 | lm loss: 3.831867E+00 | loss scale: 1.0 | grad norm: 0.712 | number of skipped iterations:   0 | number of nan iterations:   0 |
7: [default3]: [2026-05-24 06:50:57.256464] iteration      259/    1819 | consumed samples:       132608 | elapsed time per iteration (ms): 8497.7 | throughput per GPU (TFLOP/s/GPU): 38.1 | tokens/sec/GPU: 7712 | learning rate: 9.811346E-05 | global batch size:   512 | lm loss: 3.839691E+00 | loss scale: 1.0 | grad norm: 0.672 | number of skipped iterations:   0 | number of nan iterations:   0 |
7: [default3]: [2026-05-24 06:50:58.149049] iteration      260/    1819 | consumed samples:       133120 | elapsed time per iteration (ms): 892.4 | throughput per GPU (TFLOP/s/GPU): 362.6 | tokens/sec/GPU: 73439 | learning rate: 9.808983E-05 | global batch size:   512 | lm loss: 3.834037E+00 | loss scale: 1.0 | grad norm: 1.279 | number of skipped iterations:   0 | number of nan iterations:   0 |
7: [default3]: [2026-05-24 06:51:00.392671] iteration      261/    1819 | consumed samples:       133632 | elapsed time per iteration (ms): 2243.2 | throughput per GPU (TFLOP/s/GPU): 144.2 | tokens/sec/GPU: 29215 | learning rate: 9.806604E-05 | global batch size:   512 | lm loss: 3.774682E+00 | loss scale: 1.0 | grad norm: 0.704 | number of skipped iterations:   0 | number of nan iterations:   0 |
7: [default3]: [2026-05-24 06:51:01.396560] iteration      262/    1819 | consumed samples:       134144 | elapsed time per iteration (ms): 1003.7 | throughput per GPU (TFLOP/s/GPU): 322.4 | tokens/sec/GPU: 65297 | learning rate: 9.804212E-05 | global batch size:   512 | lm loss: 3.789245E+00 | loss scale: 1.0 | grad norm: 0.668 | number of skipped iterations:   0 | number of nan iterations:   0 |
7: [default3]: [2026-05-24 06:51:07.876739] iteration      263/    1819 | consumed samples:       134656 | elapsed time per iteration (ms): 6479.7 | throughput per GPU (TFLOP/s/GPU): 49.9 | tokens/sec/GPU: 10114 | learning rate: 9.801806E-05 | global batch size:   512 | lm loss: 3.840535E+00 | loss scale: 1.0 | grad norm: 0.742 | number of skipped iterations:   0 | number of nan iterations:   0 |
7: [default3]: [2026-05-24 06:51:10.875208] iteration      264/    1819 | consumed samples:       135168 | elapsed time per iteration (ms): 2998.2 | throughput per GPU (TFLOP/s/GPU): 107.9 | tokens/sec/GPU: 21858 | learning rate: 9.799384E-05 | global batch size:   512 | lm loss: 3.803472E+00 | loss scale: 1.0 | grad norm: 1.099 | number of skipped iterations:   0 | number of nan iterations:   0 |
7: [default3]: [2026-05-24 06:51:13.698212] iteration      265/    1819 | consumed samples:       135680 | elapsed time per iteration (ms): 2822.8 | throughput per GPU (TFLOP/s/GPU): 114.6 | tokens/sec/GPU: 23217 | learning rate: 9.796949E-05 | global batch size:   512 | lm loss: 3.845103E+00 | loss scale: 1.0 | grad norm: 1.023 | number of skipped iterations:   0 | number of nan iterations:   0 |
7: [default3]: [2026-05-24 06:51:14.589605] iteration      266/    1819 | consumed samples:       136192 | elapsed time per iteration (ms): 890.9 | throughput per GPU (TFLOP/s/GPU): 363.1 | tokens/sec/GPU: 73558 | learning rate: 9.794499E-05 | global batch size:   512 | lm loss: 3.772652E+00 | loss scale: 1.0 | grad norm: 0.786 | number of skipped iterations:   0 | number of nan iterations:   0 |
7: [default3]: [2026-05-24 06:51:18.769875] iteration      267/    1819 | consumed samples:       136704 | elapsed time per iteration (ms): 4179.8 | throughput per GPU (TFLOP/s/GPU): 77.4 | tokens/sec/GPU: 15679 | learning rate: 9.792035E-05 | global batch size:   512 | lm loss: 3.790360E+00 | loss scale: 1.0 | grad norm: 1.267 | number of skipped iterations:   0 | number of nan iterations:   0 |
7: [default3]: [2026-05-24 06:51:23.530262] iteration      268/    1819 | consumed samples:       137216 | elapsed time per iteration (ms): 4760.2 | throughput per GPU (TFLOP/s/GPU): 68.0 | tokens/sec/GPU: 13768 | learning rate: 9.789557E-05 | global batch size:   512 | lm loss: 3.748868E+00 | loss scale: 1.0 | grad norm: 0.690 | number of skipped iterations:   0 | number of nan iterations:   0 |
7: [default3]: [2026-05-24 06:51:25.516348] iteration      269/    1819 | consumed samples:       137728 | elapsed time per iteration (ms): 1985.9 | throughput per GPU (TFLOP/s/GPU): 162.9 | tokens/sec/GPU: 33001 | learning rate: 9.787064E-05 | global batch size:   512 | lm loss: 3.837137E+00 | loss scale: 1.0 | grad norm: 0.769 | number of skipped iterations:   0 | number of nan iterations:   0 |
7: [default3]: [2026-05-24 06:51:26.409374] iteration      270/    1819 | consumed samples:       138240 | elapsed time per iteration (ms): 892.8 | throughput per GPU (TFLOP/s/GPU): 362.4 | tokens/sec/GPU: 73402 | learning rate: 9.784557E-05 | global batch size:   512 | lm loss: 3.784967E+00 | loss scale: 1.0 | grad norm: 0.906 | number of skipped iterations:   0 | number of nan iterations:   0 |
7: [default3]: [2026-05-24 06:51:28.854810] iteration      271/    1819 | consumed samples:       138752 | elapsed time per iteration (ms): 2445.3 | throughput per GPU (TFLOP/s/GPU): 132.3 | tokens/sec/GPU: 26801 | learning rate: 9.782036E-05 | global batch size:   512 | lm loss: 3.801398E+00 | loss scale: 1.0 | grad norm: 1.002 | number of skipped iterations:   0 | number of nan iterations:   0 |
7: [default3]: [2026-05-24 06:51:34.788404] iteration      272/    1819 | consumed samples:       139264 | elapsed time per iteration (ms): 5933.3 | throughput per GPU (TFLOP/s/GPU): 54.5 | tokens/sec/GPU: 11045 | learning rate: 9.779500E-05 | global batch size:   512 | lm loss: 3.778755E+00 | loss scale: 1.0 | grad norm: 1.009 | number of skipped iterations:   0 | number of nan iterations:   0 |
7: [default3]: [2026-05-24 06:51:35.672546] iteration      273/    1819 | consumed samples:       139776 | elapsed time per iteration (ms): 884.0 | throughput per GPU (TFLOP/s/GPU): 366.0 | tokens/sec/GPU: 74140 | learning rate: 9.776950E-05 | global batch size:   512 | lm loss: 3.760570E+00 | loss scale: 1.0 | grad norm: 1.012 | number of skipped iterations:   0 | number of nan iterations:   0 |
7: [default3]: [2026-05-24 06:51:36.562968] iteration      274/    1819 | consumed samples:       140288 | elapsed time per iteration (ms): 890.2 | throughput per GPU (TFLOP/s/GPU): 363.4 | tokens/sec/GPU: 73616 | learning rate: 9.774386E-05 | global batch size:   512 | lm loss: 3.783889E+00 | loss scale: 1.0 | grad norm: 0.907 | number of skipped iterations:   0 | number of nan iterations:   0 |
7: [default3]: [2026-05-24 06:51:39.337379] iteration      275/    1819 | consumed samples:       140800 | elapsed time per iteration (ms): 2774.2 | throughput per GPU (TFLOP/s/GPU): 116.6 | tokens/sec/GPU: 23623 | learning rate: 9.771808E-05 | global batch size:   512 | lm loss: 3.737275E+00 | loss scale: 1.0 | grad norm: 0.890 | number of skipped iterations:   0 | number of nan iterations:   0 |
7: [default3]: [2026-05-24 06:51:43.799809] iteration      276/    1819 | consumed samples:       141312 | elapsed time per iteration (ms): 4462.2 | throughput per GPU (TFLOP/s/GPU): 72.5 | tokens/sec/GPU: 14687 | learning rate: 9.769214E-05 | global batch size:   512 | lm loss: 3.711761E+00 | loss scale: 1.0 | grad norm: 0.840 | number of skipped iterations:   0 | number of nan iterations:   0 |
7: [default3]: [2026-05-24 06:51:45.308487] iteration      277/    1819 | consumed samples:       141824 | elapsed time per iteration (ms): 1508.5 | throughput per GPU (TFLOP/s/GPU): 214.5 | tokens/sec/GPU: 43445 | learning rate: 9.766607E-05 | global batch size:   512 | lm loss: 3.781634E+00 | loss scale: 1.0 | grad norm: 0.786 | number of skipped iterations:   0 | number of nan iterations:   0 |
7: [default3]: [2026-05-24 06:51:52.396242] iteration      278/    1819 | consumed samples:       142336 | elapsed time per iteration (ms): 7087.3 | throughput per GPU (TFLOP/s/GPU): 45.7 | tokens/sec/GPU: 9247 | learning rate: 9.763987E-05 | global batch size:   512 | lm loss: 3.731515E+00 | loss scale: 1.0 | grad norm: 0.758 | number of skipped iterations:   0 | number of nan iterations:   0 |
7: [default3]: [2026-05-24 06:51:53.418039] iteration      279/    1819 | consumed samples:       142848 | elapsed time per iteration (ms): 1021.6 | throughput per GPU (TFLOP/s/GPU): 316.7 | tokens/sec/GPU: 64149 | learning rate: 9.761351E-05 | global batch size:   512 | lm loss: 3.745832E+00 | loss scale: 1.0 | grad norm: 0.792 | number of skipped iterations:   0 | number of nan iterations:   0 |
7: [default3]: [2026-05-24 06:51:54.317267] iteration      280/    1819 | consumed samples:       143360 | elapsed time per iteration (ms): 898.8 | throughput per GPU (TFLOP/s/GPU): 360.0 | tokens/sec/GPU: 72913 | learning rate: 9.758701E-05 | global batch size:   512 | lm loss: 3.727479E+00 | loss scale: 1.0 | grad norm: 0.825 | number of skipped iterations:   0 | number of nan iterations:   0 |
7: [default3]: [2026-05-24 06:51:58.283734] iteration      281/    1819 | consumed samples:       143872 | elapsed time per iteration (ms): 3966.3 | throughput per GPU (TFLOP/s/GPU): 81.6 | tokens/sec/GPU: 16523 | learning rate: 9.756037E-05 | global batch size:   512 | lm loss: 3.800817E+00 | loss scale: 1.0 | grad norm: 0.798 | number of skipped iterations:   0 | number of nan iterations:   0 |
7: [default3]: [2026-05-24 06:52:02.953986] iteration      282/    1819 | consumed samples:       144384 | elapsed time per iteration (ms): 4670.1 | throughput per GPU (TFLOP/s/GPU): 69.3 | tokens/sec/GPU: 14033 | learning rate: 9.753359E-05 | global batch size:   512 | lm loss: 3.742964E+00 | loss scale: 1.0 | grad norm: 0.749 | number of skipped iterations:   0 | number of nan iterations:   0 |
7: [default3]: [2026-05-24 06:52:04.721280] iteration      283/    1819 | consumed samples:       144896 | elapsed time per iteration (ms): 1767.1 | throughput per GPU (TFLOP/s/GPU): 183.1 | tokens/sec/GPU: 37087 | learning rate: 9.750667E-05 | global batch size:   512 | lm loss: 3.748383E+00 | loss scale: 1.0 | grad norm: 0.786 | number of skipped iterations:   0 | number of nan iterations:   0 |
7: [default3]: [2026-05-24 06:52:05.611130] iteration      284/    1819 | consumed samples:       145408 | elapsed time per iteration (ms): 889.6 | throughput per GPU (TFLOP/s/GPU): 363.7 | tokens/sec/GPU: 73670 | learning rate: 9.747960E-05 | global batch size:   512 | lm loss: 3.714360E+00 | loss scale: 1.0 | grad norm: 0.808 | number of skipped iterations:   0 | number of nan iterations:   0 |
7: [default3]: [2026-05-24 06:52:06.502472] iteration      285/    1819 | consumed samples:       145920 | elapsed time per iteration (ms): 891.1 | throughput per GPU (TFLOP/s/GPU): 363.1 | tokens/sec/GPU: 73542 | learning rate: 9.745239E-05 | global batch size:   512 | lm loss: 3.700244E+00 | loss scale: 1.0 | grad norm: 0.857 | number of skipped iterations:   0 | number of nan iterations:   0 |
7: [default3]: [2026-05-24 06:52:12.422722] iteration      286/    1819 | consumed samples:       146432 | elapsed time per iteration (ms): 5920.0 | throughput per GPU (TFLOP/s/GPU): 54.7 | tokens/sec/GPU: 11070 | learning rate: 9.742504E-05 | global batch size:   512 | lm loss: 3.714355E+00 | loss scale: 1.0 | grad norm: 1.048 | number of skipped iterations:   0 | number of nan iterations:   0 |
7: [default3]: [2026-05-24 06:52:13.469435] iteration      287/    1819 | consumed samples:       146944 | elapsed time per iteration (ms): 1046.5 | throughput per GPU (TFLOP/s/GPU): 309.1 | tokens/sec/GPU: 62621 | learning rate: 9.739755E-05 | global batch size:   512 | lm loss: 3.701079E+00 | loss scale: 1.0 | grad norm: 0.830 | number of skipped iterations:   0 | number of nan iterations:   0 |
7: [default3]: [2026-05-24 06:52:14.360778] iteration      288/    1819 | consumed samples:       147456 | elapsed time per iteration (ms): 891.1 | throughput per GPU (TFLOP/s/GPU): 363.1 | tokens/sec/GPU: 73548 | learning rate: 9.736991E-05 | global batch size:   512 | lm loss: 3.650295E+00 | loss scale: 1.0 | grad norm: 0.733 | number of skipped iterations:   0 | number of nan iterations:   0 |
7: [default3]: [2026-05-24 06:52:17.139170] iteration      289/    1819 | consumed samples:       147968 | elapsed time per iteration (ms): 2778.2 | throughput per GPU (TFLOP/s/GPU): 116.5 | tokens/sec/GPU: 23589 | learning rate: 9.734214E-05 | global batch size:   512 | lm loss: 3.703621E+00 | loss scale: 1.0 | grad norm: 0.678 | number of skipped iterations:   0 | number of nan iterations:   0 |
7: [default3]: [2026-05-24 06:52:21.724447] iteration      290/    1819 | consumed samples:       148480 | elapsed time per iteration (ms): 4585.1 | throughput per GPU (TFLOP/s/GPU): 70.6 | tokens/sec/GPU: 14293 | learning rate: 9.731422E-05 | global batch size:   512 | lm loss: 3.692111E+00 | loss scale: 1.0 | grad norm: 0.648 | number of skipped iterations:   0 | number of nan iterations:   0 |
7: [default3]: [2026-05-24 06:52:22.845678] iteration      291/    1819 | consumed samples:       148992 | elapsed time per iteration (ms): 1121.1 | throughput per GPU (TFLOP/s/GPU): 288.6 | tokens/sec/GPU: 58459 | learning rate: 9.728617E-05 | global batch size:   512 | lm loss: 3.668844E+00 | loss scale: 1.0 | grad norm: 0.682 | number of skipped iterations:   0 | number of nan iterations:   0 |
7: [default3]: [2026-05-24 06:52:23.739832] iteration      292/    1819 | consumed samples:       149504 | elapsed time per iteration (ms): 893.9 | throughput per GPU (TFLOP/s/GPU): 361.9 | tokens/sec/GPU: 73313 | learning rate: 9.725797E-05 | global batch size:   512 | lm loss: 3.670563E+00 | loss scale: 1.0 | grad norm: 0.738 | number of skipped iterations:   0 | number of nan iterations:   0 |
7: [default3]: [2026-05-24 06:52:27.090293] iteration      293/    1819 | consumed samples:       150016 | elapsed time per iteration (ms): 3350.2 | throughput per GPU (TFLOP/s/GPU): 96.6 | tokens/sec/GPU: 19562 | learning rate: 9.722963E-05 | global batch size:   512 | lm loss: 3.695952E+00 | loss scale: 1.0 | grad norm: 0.704 | number of skipped iterations:   0 | number of nan iterations:   0 |
7: [default3]: [2026-05-24 06:52:29.838400] iteration      294/    1819 | consumed samples:       150528 | elapsed time per iteration (ms): 2747.9 | throughput per GPU (TFLOP/s/GPU): 117.7 | tokens/sec/GPU: 23850 | learning rate: 9.720115E-05 | global batch size:   512 | lm loss: 3.686218E+00 | loss scale: 1.0 | grad norm: 0.762 | number of skipped iterations:   0 | number of nan iterations:   0 |
7: [default3]: [2026-05-24 06:52:32.261438] iteration      295/    1819 | consumed samples:       151040 | elapsed time per iteration (ms): 2422.6 | throughput per GPU (TFLOP/s/GPU): 133.5 | tokens/sec/GPU: 27051 | learning rate: 9.717252E-05 | global batch size:   512 | lm loss: 3.648968E+00 | loss scale: 1.0 | grad norm: 0.925 | number of skipped iterations:   0 | number of nan iterations:   0 |
7: [default3]: [2026-05-24 06:52:33.164481] iteration      296/    1819 | consumed samples:       151552 | elapsed time per iteration (ms): 902.9 | throughput per GPU (TFLOP/s/GPU): 358.4 | tokens/sec/GPU: 72587 | learning rate: 9.714376E-05 | global batch size:   512 | lm loss: 3.679062E+00 | loss scale: 1.0 | grad norm: 0.706 | number of skipped iterations:   0 | number of nan iterations:   0 |
7: [default3]: [2026-05-24 06:52:40.647541] iteration      297/    1819 | consumed samples:       152064 | elapsed time per iteration (ms): 7482.9 | throughput per GPU (TFLOP/s/GPU): 43.2 | tokens/sec/GPU: 8758 | learning rate: 9.711486E-05 | global batch size:   512 | lm loss: 3.655704E+00 | loss scale: 1.0 | grad norm: 0.758 | number of skipped iterations:   0 | number of nan iterations:   0 |
7: [default3]: [2026-05-24 06:52:41.534765] iteration      298/    1819 | consumed samples:       152576 | elapsed time per iteration (ms): 887.1 | throughput per GPU (TFLOP/s/GPU): 364.7 | tokens/sec/GPU: 73881 | learning rate: 9.708582E-05 | global batch size:   512 | lm loss: 3.675535E+00 | loss scale: 1.0 | grad norm: 0.852 | number of skipped iterations:   0 | number of nan iterations:   0 |
7: [default3]: [2026-05-24 06:52:45.911960] iteration      299/    1819 | consumed samples:       153088 | elapsed time per iteration (ms): 4377.0 | throughput per GPU (TFLOP/s/GPU): 73.9 | tokens/sec/GPU: 14973 | learning rate: 9.705663E-05 | global batch size:   512 | lm loss: 3.661756E+00 | loss scale: 1.0 | grad norm: 1.024 | number of skipped iterations:   0 | number of nan iterations:   0 |
7: [default3]: [2026-05-24 06:52:46.799093] iteration      300/    1819 | consumed samples:       153600 | elapsed time per iteration (ms): 886.9 | throughput per GPU (TFLOP/s/GPU): 364.8 | tokens/sec/GPU: 73889 | learning rate: 9.702731E-05 | global batch size:   512 | lm loss: 3.624429E+00 | loss scale: 1.0 | grad norm: 1.147 | number of skipped iterations:   0 | number of nan iterations:   0 |
7: [default3]: [2026-05-24 06:52:49.737368] iteration      301/    1819 | consumed samples:       154112 | elapsed time per iteration (ms): 2938.1 | throughput per GPU (TFLOP/s/GPU): 110.1 | tokens/sec/GPU: 22306 | learning rate: 9.699784E-05 | global batch size:   512 | lm loss: 3.614027E+00 | loss scale: 1.0 | grad norm: 0.864 | number of skipped iterations:   0 | number of nan iterations:   0 |
7: [default3]: [2026-05-24 06:52:50.636408] iteration      302/    1819 | consumed samples:       154624 | elapsed time per iteration (ms): 898.8 | throughput per GPU (TFLOP/s/GPU): 360.0 | tokens/sec/GPU: 72912 | learning rate: 9.696824E-05 | global batch size:   512 | lm loss: 3.704393E+00 | loss scale: 1.0 | grad norm: 0.923 | number of skipped iterations:   0 | number of nan iterations:   0 |
7: [default3]: [2026-05-24 06:52:57.979410] iteration      303/    1819 | consumed samples:       155136 | elapsed time per iteration (ms): 7342.8 | throughput per GPU (TFLOP/s/GPU): 44.1 | tokens/sec/GPU: 8925 | learning rate: 9.693849E-05 | global batch size:   512 | lm loss: 3.677444E+00 | loss scale: 1.0 | grad norm: 0.997 | number of skipped iterations:   0 | number of nan iterations:   0 |
7: [default3]: [2026-05-24 06:52:58.875722] iteration      304/    1819 | consumed samples:       155648 | elapsed time per iteration (ms): 896.1 | throughput per GPU (TFLOP/s/GPU): 361.1 | tokens/sec/GPU: 73135 | learning rate: 9.690860E-05 | global batch size:   512 | lm loss: 3.655071E+00 | loss scale: 1.0 | grad norm: 1.143 | number of skipped iterations:   0 | number of nan iterations:   0 |
7: [default3]: [2026-05-24 06:52:59.769767] iteration      305/    1819 | consumed samples:       156160 | elapsed time per iteration (ms): 893.8 | throughput per GPU (TFLOP/s/GPU): 362.0 | tokens/sec/GPU: 73321 | learning rate: 9.687858E-05 | global batch size:   512 | lm loss: 3.687219E+00 | loss scale: 1.0 | grad norm: 0.890 | number of skipped iterations:   0 | number of nan iterations:   0 |
7: [default3]: [2026-05-24 06:53:00.670577] iteration      306/    1819 | consumed samples:       156672 | elapsed time per iteration (ms): 900.6 | throughput per GPU (TFLOP/s/GPU): 359.2 | tokens/sec/GPU: 72767 | learning rate: 9.684842E-05 | global batch size:   512 | lm loss: 3.646706E+00 | loss scale: 1.0 | grad norm: 0.912 | number of skipped iterations:   0 | number of nan iterations:   0 |
7: [default3]: [2026-05-24 06:53:04.811462] iteration      307/    1819 | consumed samples:       157184 | elapsed time per iteration (ms): 4140.6 | throughput per GPU (TFLOP/s/GPU): 78.1 | tokens/sec/GPU: 15828 | learning rate: 9.681810E-05 | global batch size:   512 | lm loss: 3.683578E+00 | loss scale: 1.0 | grad norm: 0.897 | number of skipped iterations:   0 | number of nan iterations:   0 |
7: [default3]: [2026-05-24 06:53:05.703334] iteration      308/    1819 | consumed samples:       157696 | elapsed time per iteration (ms): 891.7 | throughput per GPU (TFLOP/s/GPU): 362.9 | tokens/sec/GPU: 73500 | learning rate: 9.678766E-05 | global batch size:   512 | lm loss: 3.585603E+00 | loss scale: 1.0 | grad norm: 0.962 | number of skipped iterations:   0 | number of nan iterations:   0 |
7: [default3]: [2026-05-24 06:53:07.716073] iteration      309/    1819 | consumed samples:       158208 | elapsed time per iteration (ms): 2012.5 | throughput per GPU (TFLOP/s/GPU): 160.8 | tokens/sec/GPU: 32564 | learning rate: 9.675708E-05 | global batch size:   512 | lm loss: 3.709574E+00 | loss scale: 1.0 | grad norm: 0.905 | number of skipped iterations:   0 | number of nan iterations:   0 |
7: [default3]: [2026-05-24 06:53:08.606969] iteration      310/    1819 | consumed samples:       158720 | elapsed time per iteration (ms): 890.1 | throughput per GPU (TFLOP/s/GPU): 363.5 | tokens/sec/GPU: 73627 | learning rate: 9.672635E-05 | global batch size:   512 | lm loss: 3.640346E+00 | loss scale: 1.0 | grad norm: 0.901 | number of skipped iterations:   0 | number of nan iterations:   0 |
7: [default3]: [2026-05-24 06:53:17.537754] iteration      311/    1819 | consumed samples:       159232 | elapsed time per iteration (ms): 8930.6 | throughput per GPU (TFLOP/s/GPU): 36.2 | tokens/sec/GPU: 7338 | learning rate: 9.669549E-05 | global batch size:   512 | lm loss: 3.637279E+00 | loss scale: 1.0 | grad norm: 0.847 | number of skipped iterations:   0 | number of nan iterations:   0 |
7: [default3]: [2026-05-24 06:53:18.424134] iteration      312/    1819 | consumed samples:       159744 | elapsed time per iteration (ms): 886.2 | throughput per GPU (TFLOP/s/GPU): 365.1 | tokens/sec/GPU: 73954 | learning rate: 9.666449E-05 | global batch size:   512 | lm loss: 3.594385E+00 | loss scale: 1.0 | grad norm: 0.868 | number of skipped iterations:   0 | number of nan iterations:   0 |
7: [default3]: [2026-05-24 06:53:19.316849] iteration      313/    1819 | consumed samples:       160256 | elapsed time per iteration (ms): 892.3 | throughput per GPU (TFLOP/s/GPU): 362.6 | tokens/sec/GPU: 73445 | learning rate: 9.663335E-05 | global batch size:   512 | lm loss: 3.565371E+00 | loss scale: 1.0 | grad norm: 0.846 | number of skipped iterations:   0 | number of nan iterations:   0 |
7: [default3]: [2026-05-24 06:53:20.207630] iteration      314/    1819 | consumed samples:       160768 | elapsed time per iteration (ms): 890.6 | throughput per GPU (TFLOP/s/GPU): 363.3 | tokens/sec/GPU: 73589 | learning rate: 9.660207E-05 | global batch size:   512 | lm loss: 3.580141E+00 | loss scale: 1.0 | grad norm: 0.768 | number of skipped iterations:   0 | number of nan iterations:   0 |
7: [default3]: [2026-05-24 06:53:29.998038] iteration      315/    1819 | consumed samples:       161280 | elapsed time per iteration (ms): 9790.1 | throughput per GPU (TFLOP/s/GPU): 33.0 | tokens/sec/GPU: 6694 | learning rate: 9.657064E-05 | global batch size:   512 | lm loss: 3.631604E+00 | loss scale: 1.0 | grad norm: 1.028 | number of skipped iterations:   0 | number of nan iterations:   0 |
7: [default3]: [2026-05-24 06:53:32.359079] iteration      316/    1819 | consumed samples:       161792 | elapsed time per iteration (ms): 2360.8 | throughput per GPU (TFLOP/s/GPU): 137.0 | tokens/sec/GPU: 27760 | learning rate: 9.653909E-05 | global batch size:   512 | lm loss: 3.628831E+00 | loss scale: 1.0 | grad norm: 0.772 | number of skipped iterations:   0 | number of nan iterations:   0 |
7: [default3]: [2026-05-24 06:53:33.253753] iteration      317/    1819 | consumed samples:       162304 | elapsed time per iteration (ms): 894.5 | throughput per GPU (TFLOP/s/GPU): 361.7 | tokens/sec/GPU: 73268 | learning rate: 9.650739E-05 | global batch size:   512 | lm loss: 3.616044E+00 | loss scale: 1.0 | grad norm: 0.858 | number of skipped iterations:   0 | number of nan iterations:   0 |
7: [default3]: [2026-05-24 06:53:34.146756] iteration      318/    1819 | consumed samples:       162816 | elapsed time per iteration (ms): 892.7 | throughput per GPU (TFLOP/s/GPU): 362.4 | tokens/sec/GPU: 73416 | learning rate: 9.647555E-05 | global batch size:   512 | lm loss: 3.620376E+00 | loss scale: 1.0 | grad norm: 0.670 | number of skipped iterations:   0 | number of nan iterations:   0 |
7: [default3]: [2026-05-24 06:53:41.782256] iteration      319/    1819 | consumed samples:       163328 | elapsed time per iteration (ms): 7635.1 | throughput per GPU (TFLOP/s/GPU): 42.4 | tokens/sec/GPU: 8584 | learning rate: 9.644357E-05 | global batch size:   512 | lm loss: 3.548927E+00 | loss scale: 1.0 | grad norm: 0.621 | number of skipped iterations:   0 | number of nan iterations:   0 |
7: [default3]: [2026-05-24 06:53:42.675078] iteration      320/    1819 | consumed samples:       163840 | elapsed time per iteration (ms): 892.6 | throughput per GPU (TFLOP/s/GPU): 362.5 | tokens/sec/GPU: 73418 | learning rate: 9.641147E-05 | global batch size:   512 | lm loss: 3.627880E+00 | loss scale: 1.0 | grad norm: 0.648 | number of skipped iterations:   0 | number of nan iterations:   0 |
7: [default3]: [2026-05-24 06:53:43.569242] iteration      321/    1819 | consumed samples:       164352 | elapsed time per iteration (ms): 893.8 | throughput per GPU (TFLOP/s/GPU): 362.0 | tokens/sec/GPU: 73320 | learning rate: 9.637921E-05 | global batch size:   512 | lm loss: 3.586410E+00 | loss scale: 1.0 | grad norm: 0.615 | number of skipped iterations:   0 | number of nan iterations:   0 |
7: [default3]: [2026-05-24 06:53:44.481469] iteration      322/    1819 | consumed samples:       164864 | elapsed time per iteration (ms): 912.0 | throughput per GPU (TFLOP/s/GPU): 354.7 | tokens/sec/GPU: 71858 | learning rate: 9.634682E-05 | global batch size:   512 | lm loss: 3.508156E+00 | loss scale: 1.0 | grad norm: 0.692 | number of skipped iterations:   0 | number of nan iterations:   0 |
7: [default3]: [2026-05-24 06:53:48.620453] iteration      323/    1819 | consumed samples:       165376 | elapsed time per iteration (ms): 4138.8 | throughput per GPU (TFLOP/s/GPU): 78.2 | tokens/sec/GPU: 15835 | learning rate: 9.631430E-05 | global batch size:   512 | lm loss: 3.589647E+00 | loss scale: 1.0 | grad norm: 0.693 | number of skipped iterations:   0 | number of nan iterations:   0 |
7: [default3]: [2026-05-24 06:53:53.609658] iteration      324/    1819 | consumed samples:       165888 | elapsed time per iteration (ms): 4989.0 | throughput per GPU (TFLOP/s/GPU): 64.9 | tokens/sec/GPU: 13136 | learning rate: 9.628163E-05 | global batch size:   512 | lm loss: 3.536598E+00 | loss scale: 1.0 | grad norm: 0.705 | number of skipped iterations:   0 | number of nan iterations:   0 |
7: [default3]: [2026-05-24 06:53:54.498696] iteration      325/    1819 | consumed samples:       166400 | elapsed time per iteration (ms): 888.8 | throughput per GPU (TFLOP/s/GPU): 364.0 | tokens/sec/GPU: 73733 | learning rate: 9.624883E-05 | global batch size:   512 | lm loss: 3.482529E+00 | loss scale: 1.0 | grad norm: 0.810 | number of skipped iterations:   0 | number of nan iterations:   0 |
7: [default3]: [2026-05-24 06:53:55.393643] iteration      326/    1819 | consumed samples:       166912 | elapsed time per iteration (ms): 894.7 | throughput per GPU (TFLOP/s/GPU): 361.6 | tokens/sec/GPU: 73252 | learning rate: 9.621588E-05 | global batch size:   512 | lm loss: 3.613921E+00 | loss scale: 1.0 | grad norm: 0.781 | number of skipped iterations:   0 | number of nan iterations:   0 |
7: [default3]: [2026-05-24 06:54:00.716213] iteration      327/    1819 | consumed samples:       167424 | elapsed time per iteration (ms): 5322.4 | throughput per GPU (TFLOP/s/GPU): 60.8 | tokens/sec/GPU: 12313 | learning rate: 9.618280E-05 | global batch size:   512 | lm loss: 3.529327E+00 | loss scale: 1.0 | grad norm: 0.887 | number of skipped iterations:   0 | number of nan iterations:   0 |
7: [default3]: [2026-05-24 06:54:05.440801] iteration      328/    1819 | consumed samples:       167936 | elapsed time per iteration (ms): 4724.3 | throughput per GPU (TFLOP/s/GPU): 68.5 | tokens/sec/GPU: 13872 | learning rate: 9.614959E-05 | global batch size:   512 | lm loss: 3.530270E+00 | loss scale: 1.0 | grad norm: 1.010 | number of skipped iterations:   0 | number of nan iterations:   0 |
7: [default3]: [2026-05-24 06:54:06.328466] iteration      329/    1819 | consumed samples:       168448 | elapsed time per iteration (ms): 887.5 | throughput per GPU (TFLOP/s/GPU): 364.5 | tokens/sec/GPU: 73843 | learning rate: 9.611623E-05 | global batch size:   512 | lm loss: 3.587444E+00 | loss scale: 1.0 | grad norm: 0.949 | number of skipped iterations:   0 | number of nan iterations:   0 |
7: [default3]: [2026-05-24 06:54:07.223937] iteration      330/    1819 | consumed samples:       168960 | elapsed time per iteration (ms): 895.3 | throughput per GPU (TFLOP/s/GPU): 361.4 | tokens/sec/GPU: 73204 | learning rate: 9.608274E-05 | global batch size:   512 | lm loss: 3.568614E+00 | loss scale: 1.0 | grad norm: 0.902 | number of skipped iterations:   0 | number of nan iterations:   0 |
7: [default3]: [2026-05-24 06:54:14.655823] iteration      331/    1819 | consumed samples:       169472 | elapsed time per iteration (ms): 7431.5 | throughput per GPU (TFLOP/s/GPU): 43.5 | tokens/sec/GPU: 8819 | learning rate: 9.604912E-05 | global batch size:   512 | lm loss: 3.602449E+00 | loss scale: 1.0 | grad norm: 0.938 | number of skipped iterations:   0 | number of nan iterations:   0 |
7: [default3]: [2026-05-24 06:54:15.541402] iteration      332/    1819 | consumed samples:       169984 | elapsed time per iteration (ms): 885.4 | throughput per GPU (TFLOP/s/GPU): 365.4 | tokens/sec/GPU: 74022 | learning rate: 9.601535E-05 | global batch size:   512 | lm loss: 3.548069E+00 | loss scale: 1.0 | grad norm: 0.741 | number of skipped iterations:   0 | number of nan iterations:   0 |
7: [default3]: [2026-05-24 06:54:16.431959] iteration      333/    1819 | consumed samples:       170496 | elapsed time per iteration (ms): 890.4 | throughput per GPU (TFLOP/s/GPU): 363.4 | tokens/sec/GPU: 73605 | learning rate: 9.598144E-05 | global batch size:   512 | lm loss: 3.534734E+00 | loss scale: 1.0 | grad norm: 0.749 | number of skipped iterations:   0 | number of nan iterations:   0 |
7: [default3]: [2026-05-24 06:54:17.333361] iteration      334/    1819 | consumed samples:       171008 | elapsed time per iteration (ms): 901.1 | throughput per GPU (TFLOP/s/GPU): 359.0 | tokens/sec/GPU: 72729 | learning rate: 9.594741E-05 | global batch size:   512 | lm loss: 3.530506E+00 | loss scale: 1.0 | grad norm: 0.765 | number of skipped iterations:   0 | number of nan iterations:   0 |
7: [default3]: [2026-05-24 06:54:22.999689] iteration      335/    1819 | consumed samples:       171520 | elapsed time per iteration (ms): 5665.8 | throughput per GPU (TFLOP/s/GPU): 57.1 | tokens/sec/GPU: 11567 | learning rate: 9.591323E-05 | global batch size:   512 | lm loss: 3.502715E+00 | loss scale: 1.0 | grad norm: 0.964 | number of skipped iterations:   0 | number of nan iterations:   0 |
7: [default3]: [2026-05-24 06:54:26.753943] iteration      336/    1819 | consumed samples:       172032 | elapsed time per iteration (ms): 3754.1 | throughput per GPU (TFLOP/s/GPU): 86.2 | tokens/sec/GPU: 17457 | learning rate: 9.587892E-05 | global batch size:   512 | lm loss: 3.526983E+00 | loss scale: 1.0 | grad norm: 0.715 | number of skipped iterations:   0 | number of nan iterations:   0 |
7: [default3]: [2026-05-24 06:54:27.641732] iteration      337/    1819 | consumed samples:       172544 | elapsed time per iteration (ms): 887.5 | throughput per GPU (TFLOP/s/GPU): 364.5 | tokens/sec/GPU: 73841 | learning rate: 9.584447E-05 | global batch size:   512 | lm loss: 3.498053E+00 | loss scale: 1.0 | grad norm: 0.828 | number of skipped iterations:   0 | number of nan iterations:   0 |
7: [default3]: [2026-05-24 06:54:28.531976] iteration      338/    1819 | consumed samples:       173056 | elapsed time per iteration (ms): 889.5 | throughput per GPU (TFLOP/s/GPU): 363.7 | tokens/sec/GPU: 73681 | learning rate: 9.580988E-05 | global batch size:   512 | lm loss: 3.501168E+00 | loss scale: 1.0 | grad norm: 0.891 | number of skipped iterations:   0 | number of nan iterations:   0 |
7: [default3]: [2026-05-24 06:54:32.038899] iteration      339/    1819 | consumed samples:       173568 | elapsed time per iteration (ms): 3506.3 | throughput per GPU (TFLOP/s/GPU): 92.3 | tokens/sec/GPU: 18691 | learning rate: 9.577515E-05 | global batch size:   512 | lm loss: 3.529235E+00 | loss scale: 1.0 | grad norm: 0.850 | number of skipped iterations:   0 | number of nan iterations:   0 |
7: [default3]: [2026-05-24 06:54:38.903330] iteration      340/    1819 | consumed samples:       174080 | elapsed time per iteration (ms): 6864.1 | throughput per GPU (TFLOP/s/GPU): 47.1 | tokens/sec/GPU: 9548 | learning rate: 9.574030E-05 | global batch size:   512 | lm loss: 3.485912E+00 | loss scale: 1.0 | grad norm: 0.859 | number of skipped iterations:   0 | number of nan iterations:   0 |
7: [default3]: [2026-05-24 06:54:39.797139] iteration      341/    1819 | consumed samples:       174592 | elapsed time per iteration (ms): 893.6 | throughput per GPU (TFLOP/s/GPU): 362.1 | tokens/sec/GPU: 73337 | learning rate: 9.570531E-05 | global batch size:   512 | lm loss: 3.498971E+00 | loss scale: 1.0 | grad norm: 0.861 | number of skipped iterations:   0 | number of nan iterations:   0 |
7: [default3]: [2026-05-24 06:54:40.690452] iteration      342/    1819 | consumed samples:       175104 | elapsed time per iteration (ms): 893.1 | throughput per GPU (TFLOP/s/GPU): 362.3 | tokens/sec/GPU: 73382 | learning rate: 9.567018E-05 | global batch size:   512 | lm loss: 3.501502E+00 | loss scale: 1.0 | grad norm: 0.680 | number of skipped iterations:   0 | number of nan iterations:   0 |
7: [default3]: [2026-05-24 06:54:44.803299] iteration      343/    1819 | consumed samples:       175616 | elapsed time per iteration (ms): 4112.7 | throughput per GPU (TFLOP/s/GPU): 78.7 | tokens/sec/GPU: 15935 | learning rate: 9.563491E-05 | global batch size:   512 | lm loss: 3.518345E+00 | loss scale: 1.0 | grad norm: 0.747 | number of skipped iterations:   0 | number of nan iterations:   0 |
7: [default3]: [2026-05-24 06:54:46.685808] iteration      344/    1819 | consumed samples:       176128 | elapsed time per iteration (ms): 1882.3 | throughput per GPU (TFLOP/s/GPU): 171.9 | tokens/sec/GPU: 34817 | learning rate: 9.559951E-05 | global batch size:   512 | lm loss: 3.502505E+00 | loss scale: 1.0 | grad norm: 0.827 | number of skipped iterations:   0 | number of nan iterations:   0 |
7: [default3]: [2026-05-24 06:54:47.579221] iteration      345/    1819 | consumed samples:       176640 | elapsed time per iteration (ms): 892.8 | throughput per GPU (TFLOP/s/GPU): 362.4 | tokens/sec/GPU: 73404 | learning rate: 9.556397E-05 | global batch size:   512 | lm loss: 3.460948E+00 | loss scale: 1.0 | grad norm: 0.818 | number of skipped iterations:   0 | number of nan iterations:   0 |
7: [default3]: [2026-05-24 06:54:48.481653] iteration      346/    1819 | consumed samples:       177152 | elapsed time per iteration (ms): 901.6 | throughput per GPU (TFLOP/s/GPU): 358.9 | tokens/sec/GPU: 72689 | learning rate: 9.552830E-05 | global batch size:   512 | lm loss: 3.502916E+00 | loss scale: 1.0 | grad norm: 0.749 | number of skipped iterations:   0 | number of nan iterations:   0 |
7: [default3]: [2026-05-24 06:54:53.809024] iteration      347/    1819 | consumed samples:       177664 | elapsed time per iteration (ms): 5327.2 | throughput per GPU (TFLOP/s/GPU): 60.7 | tokens/sec/GPU: 12302 | learning rate: 9.549248E-05 | global batch size:   512 | lm loss: 3.440072E+00 | loss scale: 1.0 | grad norm: 0.794 | number of skipped iterations:   0 | number of nan iterations:   0 |
7: [default3]: [2026-05-24 06:55:00.438085] iteration      348/    1819 | consumed samples:       178176 | elapsed time per iteration (ms): 6628.9 | throughput per GPU (TFLOP/s/GPU): 48.8 | tokens/sec/GPU: 9886 | learning rate: 9.545654E-05 | global batch size:   512 | lm loss: 3.529502E+00 | loss scale: 1.0 | grad norm: 0.693 | number of skipped iterations:   0 | number of nan iterations:   0 |
7: [default3]: [2026-05-24 06:55:01.318199] iteration      349/    1819 | consumed samples:       178688 | elapsed time per iteration (ms): 879.9 | throughput per GPU (TFLOP/s/GPU): 367.7 | tokens/sec/GPU: 74479 | learning rate: 9.542047E-05 | global batch size:   512 | lm loss: 3.469730E+00 | loss scale: 1.0 | grad norm: 0.719 | number of skipped iterations:   0 | number of nan iterations:   0 |
7: [default3]: [2026-05-24 06:55:02.205499] iteration      350/    1819 | consumed samples:       179200 | elapsed time per iteration (ms): 887.1 | throughput per GPU (TFLOP/s/GPU): 364.7 | tokens/sec/GPU: 73876 | learning rate: 9.538425E-05 | global batch size:   512 | lm loss: 3.490641E+00 | loss scale: 1.0 | grad norm: 0.714 | number of skipped iterations:   0 | number of nan iterations:   0 |
7: [default3]: [2026-05-24 06:55:08.528261] iteration      351/    1819 | consumed samples:       179712 | elapsed time per iteration (ms): 6322.6 | throughput per GPU (TFLOP/s/GPU): 51.2 | tokens/sec/GPU: 10365 | learning rate: 9.534790E-05 | global batch size:   512 | lm loss: 3.482722E+00 | loss scale: 1.0 | grad norm: 0.677 | number of skipped iterations:   0 | number of nan iterations:   0 |
7: [default3]: [2026-05-24 06:55:12.696186] iteration      352/    1819 | consumed samples:       180224 | elapsed time per iteration (ms): 4167.7 | throughput per GPU (TFLOP/s/GPU): 77.6 | tokens/sec/GPU: 15725 | learning rate: 9.531141E-05 | global batch size:   512 | lm loss: 3.430748E+00 | loss scale: 1.0 | grad norm: 0.625 | number of skipped iterations:   0 | number of nan iterations:   0 |
7: [default3]: [2026-05-24 06:55:13.582717] iteration      353/    1819 | consumed samples:       180736 | elapsed time per iteration (ms): 886.3 | throughput per GPU (TFLOP/s/GPU): 365.0 | tokens/sec/GPU: 73940 | learning rate: 9.527480E-05 | global batch size:   512 | lm loss: 3.469318E+00 | loss scale: 1.0 | grad norm: 0.612 | number of skipped iterations:   0 | number of nan iterations:   0 |
7: [default3]: [2026-05-24 06:55:14.479009] iteration      354/    1819 | consumed samples:       181248 | elapsed time per iteration (ms): 896.1 | throughput per GPU (TFLOP/s/GPU): 361.1 | tokens/sec/GPU: 73135 | learning rate: 9.523804E-05 | global batch size:   512 | lm loss: 3.434875E+00 | loss scale: 1.0 | grad norm: 0.645 | number of skipped iterations:   0 | number of nan iterations:   0 |
7: [default3]: [2026-05-24 06:55:16.670175] iteration      355/    1819 | consumed samples:       181760 | elapsed time per iteration (ms): 2190.9 | throughput per GPU (TFLOP/s/GPU): 147.7 | tokens/sec/GPU: 29912 | learning rate: 9.520116E-05 | global batch size:   512 | lm loss: 3.478477E+00 | loss scale: 1.0 | grad norm: 0.703 | number of skipped iterations:   0 | number of nan iterations:   0 |
7: [default3]: [2026-05-24 06:55:17.564523] iteration      356/    1819 | consumed samples:       182272 | elapsed time per iteration (ms): 894.2 | throughput per GPU (TFLOP/s/GPU): 361.8 | tokens/sec/GPU: 73292 | learning rate: 9.516413E-05 | global batch size:   512 | lm loss: 3.412616E+00 | loss scale: 1.0 | grad norm: 0.714 | number of skipped iterations:   0 | number of nan iterations:   0 |
7: [default3]: [2026-05-24 06:55:18.463242] iteration      357/    1819 | consumed samples:       182784 | elapsed time per iteration (ms): 898.5 | throughput per GPU (TFLOP/s/GPU): 360.1 | tokens/sec/GPU: 72940 | learning rate: 9.512698E-05 | global batch size:   512 | lm loss: 3.518290E+00 | loss scale: 1.0 | grad norm: 0.693 | number of skipped iterations:   0 | number of nan iterations:   0 |
7: [default3]: [2026-05-24 06:55:19.355686] iteration      358/    1819 | consumed samples:       183296 | elapsed time per iteration (ms): 892.2 | throughput per GPU (TFLOP/s/GPU): 362.6 | tokens/sec/GPU: 73453 | learning rate: 9.508969E-05 | global batch size:   512 | lm loss: 3.442713E+00 | loss scale: 1.0 | grad norm: 0.864 | number of skipped iterations:   0 | number of nan iterations:   0 |
7: [default3]: [2026-05-24 06:55:26.497754] iteration      359/    1819 | consumed samples:       183808 | elapsed time per iteration (ms): 7141.9 | throughput per GPU (TFLOP/s/GPU): 45.3 | tokens/sec/GPU: 9176 | learning rate: 9.505227E-05 | global batch size:   512 | lm loss: 3.428649E+00 | loss scale: 1.0 | grad norm: 0.832 | number of skipped iterations:   0 | number of nan iterations:   0 |
7: [default3]: [2026-05-24 06:55:27.384004] iteration      360/    1819 | consumed samples:       184320 | elapsed time per iteration (ms): 886.1 | throughput per GPU (TFLOP/s/GPU): 365.1 | tokens/sec/GPU: 73963 | learning rate: 9.501471E-05 | global batch size:   512 | lm loss: 3.507380E+00 | loss scale: 1.0 | grad norm: 0.893 | number of skipped iterations:   0 | number of nan iterations:   0 |
7: [default3]: [2026-05-24 06:55:28.279097] iteration      361/    1819 | consumed samples:       184832 | elapsed time per iteration (ms): 894.0 | throughput per GPU (TFLOP/s/GPU): 361.9 | tokens/sec/GPU: 73305 | learning rate: 9.497702E-05 | global batch size:   512 | lm loss: 3.428450E+00 | loss scale: 1.0 | grad norm: 0.793 | number of skipped iterations:   0 | number of nan iterations:   0 |
7: [default3]: [2026-05-24 06:55:30.007438] iteration      362/    1819 | consumed samples:       185344 | elapsed time per iteration (ms): 1728.0 | throughput per GPU (TFLOP/s/GPU): 187.2 | tokens/sec/GPU: 37927 | learning rate: 9.493920E-05 | global batch size:   512 | lm loss: 3.478788E+00 | loss scale: 1.0 | grad norm: 0.837 | number of skipped iterations:   0 | number of nan iterations:   0 |
7: [default3]: [2026-05-24 06:55:35.070393] iteration      363/    1819 | consumed samples:       185856 | elapsed time per iteration (ms): 5062.6 | throughput per GPU (TFLOP/s/GPU): 63.9 | tokens/sec/GPU: 12945 | learning rate: 9.490124E-05 | global batch size:   512 | lm loss: 3.459615E+00 | loss scale: 1.0 | grad norm: 0.892 | number of skipped iterations:   0 | number of nan iterations:   0 |
7: [default3]: [2026-05-24 06:55:39.450502] iteration      364/    1819 | consumed samples:       186368 | elapsed time per iteration (ms): 4379.9 | throughput per GPU (TFLOP/s/GPU): 73.9 | tokens/sec/GPU: 14963 | learning rate: 9.486315E-05 | global batch size:   512 | lm loss: 3.457323E+00 | loss scale: 1.0 | grad norm: 0.852 | number of skipped iterations:   0 | number of nan iterations:   0 |
7: [default3]: [2026-05-24 06:55:40.337444] iteration      365/    1819 | consumed samples:       186880 | elapsed time per iteration (ms): 886.8 | throughput per GPU (TFLOP/s/GPU): 364.9 | tokens/sec/GPU: 73905 | learning rate: 9.482492E-05 | global batch size:   512 | lm loss: 3.416380E+00 | loss scale: 1.0 | grad norm: 0.772 | number of skipped iterations:   0 | number of nan iterations:   0 |
7: [default3]: [2026-05-24 06:55:42.368249] iteration      366/    1819 | consumed samples:       187392 | elapsed time per iteration (ms): 2030.6 | throughput per GPU (TFLOP/s/GPU): 159.3 | tokens/sec/GPU: 32274 | learning rate: 9.478656E-05 | global batch size:   512 | lm loss: 3.390903E+00 | loss scale: 1.0 | grad norm: 0.796 | number of skipped iterations:   0 | number of nan iterations:   0 |
7: [default3]: [2026-05-24 06:55:48.232865] iteration      367/    1819 | consumed samples:       187904 | elapsed time per iteration (ms): 5864.3 | throughput per GPU (TFLOP/s/GPU): 55.2 | tokens/sec/GPU: 11175 | learning rate: 9.474807E-05 | global batch size:   512 | lm loss: 3.437583E+00 | loss scale: 1.0 | grad norm: 0.805 | number of skipped iterations:   0 | number of nan iterations:   0 |
7: [default3]: [2026-05-24 06:55:52.892884] iteration      368/    1819 | consumed samples:       188416 | elapsed time per iteration (ms): 4659.8 | throughput per GPU (TFLOP/s/GPU): 69.4 | tokens/sec/GPU: 14064 | learning rate: 9.470945E-05 | global batch size:   512 | lm loss: 3.417449E+00 | loss scale: 1.0 | grad norm: 0.935 | number of skipped iterations:   0 | number of nan iterations:   0 |
7: [default3]: [2026-05-24 06:55:53.773176] iteration      369/    1819 | consumed samples:       188928 | elapsed time per iteration (ms): 880.1 | throughput per GPU (TFLOP/s/GPU): 367.6 | tokens/sec/GPU: 74468 | learning rate: 9.467069E-05 | global batch size:   512 | lm loss: 3.436227E+00 | loss scale: 1.0 | grad norm: 0.908 | number of skipped iterations:   0 | number of nan iterations:   0 |
7: [default3]: [2026-05-24 06:55:54.667761] iteration      370/    1819 | consumed samples:       189440 | elapsed time per iteration (ms): 894.3 | throughput per GPU (TFLOP/s/GPU): 361.8 | tokens/sec/GPU: 73284 | learning rate: 9.463181E-05 | global batch size:   512 | lm loss: 3.431668E+00 | loss scale: 1.0 | grad norm: 0.753 | number of skipped iterations:   0 | number of nan iterations:   0 |
7: [default3]: [2026-05-24 06:55:57.352432] iteration      371/    1819 | consumed samples:       189952 | elapsed time per iteration (ms): 2684.5 | throughput per GPU (TFLOP/s/GPU): 120.5 | tokens/sec/GPU: 24413 | learning rate: 9.459279E-05 | global batch size:   512 | lm loss: 3.420459E+00 | loss scale: 1.0 | grad norm: 0.801 | number of skipped iterations:   0 | number of nan iterations:   0 |
7: [default3]: [2026-05-24 06:56:04.904219] iteration      372/    1819 | consumed samples:       190464 | elapsed time per iteration (ms): 7551.5 | throughput per GPU (TFLOP/s/GPU): 42.8 | tokens/sec/GPU: 8679 | learning rate: 9.455364E-05 | global batch size:   512 | lm loss: 3.374319E+00 | loss scale: 1.0 | grad norm: 0.757 | number of skipped iterations:   0 | number of nan iterations:   0 |
7: [default3]: [2026-05-24 06:56:05.789885] iteration      373/    1819 | consumed samples:       190976 | elapsed time per iteration (ms): 885.5 | throughput per GPU (TFLOP/s/GPU): 365.4 | tokens/sec/GPU: 74011 | learning rate: 9.451435E-05 | global batch size:   512 | lm loss: 3.419540E+00 | loss scale: 1.0 | grad norm: 0.668 | number of skipped iterations:   0 | number of nan iterations:   0 |
7: [default3]: [2026-05-24 06:56:06.685761] iteration      374/    1819 | consumed samples:       191488 | elapsed time per iteration (ms): 895.7 | throughput per GPU (TFLOP/s/GPU): 361.2 | tokens/sec/GPU: 73169 | learning rate: 9.447493E-05 | global batch size:   512 | lm loss: 3.385202E+00 | loss scale: 1.0 | grad norm: 0.690 | number of skipped iterations:   0 | number of nan iterations:   0 |
7: [default3]: [2026-05-24 06:56:10.042731] iteration      375/    1819 | consumed samples:       192000 | elapsed time per iteration (ms): 3356.8 | throughput per GPU (TFLOP/s/GPU): 96.4 | tokens/sec/GPU: 19523 | learning rate: 9.443539E-05 | global batch size:   512 | lm loss: 3.441741E+00 | loss scale: 1.0 | grad norm: 0.687 | number of skipped iterations:   0 | number of nan iterations:   0 |
7: [default3]: [2026-05-24 06:56:13.295737] iteration      376/    1819 | consumed samples:       192512 | elapsed time per iteration (ms): 3252.7 | throughput per GPU (TFLOP/s/GPU): 99.5 | tokens/sec/GPU: 20148 | learning rate: 9.439571E-05 | global batch size:   512 | lm loss: 3.385883E+00 | loss scale: 1.0 | grad norm: 0.687 | number of skipped iterations:   0 | number of nan iterations:   0 |
7: [default3]: [2026-05-24 06:56:14.186300] iteration      377/    1819 | consumed samples:       193024 | elapsed time per iteration (ms): 890.4 | throughput per GPU (TFLOP/s/GPU): 363.4 | tokens/sec/GPU: 73603 | learning rate: 9.435589E-05 | global batch size:   512 | lm loss: 3.411226E+00 | loss scale: 1.0 | grad norm: 0.693 | number of skipped iterations:   0 | number of nan iterations:   0 |
7: [default3]: [2026-05-24 06:56:15.689048] iteration      378/    1819 | consumed samples:       193536 | elapsed time per iteration (ms): 1502.5 | throughput per GPU (TFLOP/s/GPU): 215.3 | tokens/sec/GPU: 43618 | learning rate: 9.431595E-05 | global batch size:   512 | lm loss: 3.359331E+00 | loss scale: 1.0 | grad norm: 0.731 | number of skipped iterations:   0 | number of nan iterations:   0 |
7: [default3]: [2026-05-24 06:56:21.731984] iteration      379/    1819 | consumed samples:       194048 | elapsed time per iteration (ms): 6042.8 | throughput per GPU (TFLOP/s/GPU): 53.5 | tokens/sec/GPU: 10845 | learning rate: 9.427588E-05 | global batch size:   512 | lm loss: 3.441932E+00 | loss scale: 1.0 | grad norm: 0.689 | number of skipped iterations:   0 | number of nan iterations:   0 |
7: [default3]: [2026-05-24 06:56:25.470500] iteration      380/    1819 | consumed samples:       194560 | elapsed time per iteration (ms): 3738.3 | throughput per GPU (TFLOP/s/GPU): 86.5 | tokens/sec/GPU: 17531 | learning rate: 9.423567E-05 | global batch size:   512 | lm loss: 3.405411E+00 | loss scale: 1.0 | grad norm: 0.651 | number of skipped iterations:   0 | number of nan iterations:   0 |
7: [default3]: [2026-05-24 06:56:26.363802] iteration      381/    1819 | consumed samples:       195072 | elapsed time per iteration (ms): 893.1 | throughput per GPU (TFLOP/s/GPU): 362.3 | tokens/sec/GPU: 73379 | learning rate: 9.419533E-05 | global batch size:   512 | lm loss: 3.424818E+00 | loss scale: 1.0 | grad norm: 0.661 | number of skipped iterations:   0 | number of nan iterations:   0 |
7: [default3]: [2026-05-24 06:56:27.822833] iteration      382/    1819 | consumed samples:       195584 | elapsed time per iteration (ms): 1458.6 | throughput per GPU (TFLOP/s/GPU): 221.8 | tokens/sec/GPU: 44931 | learning rate: 9.415486E-05 | global batch size:   512 | lm loss: 3.338386E+00 | loss scale: 1.0 | grad norm: 0.763 | number of skipped iterations:   0 | number of nan iterations:   0 |
7: [default3]: [2026-05-24 06:56:30.124032] iteration      383/    1819 | consumed samples:       196096 | elapsed time per iteration (ms): 2301.0 | throughput per GPU (TFLOP/s/GPU): 140.6 | tokens/sec/GPU: 28482 | learning rate: 9.411426E-05 | global batch size:   512 | lm loss: 3.371807E+00 | loss scale: 1.0 | grad norm: 0.808 | number of skipped iterations:   0 | number of nan iterations:   0 |
7: [default3]: [2026-05-24 06:56:34.894040] iteration      384/    1819 | consumed samples:       196608 | elapsed time per iteration (ms): 4769.8 | throughput per GPU (TFLOP/s/GPU): 67.8 | tokens/sec/GPU: 13740 | learning rate: 9.407353E-05 | global batch size:   512 | lm loss: 3.377589E+00 | loss scale: 1.0 | grad norm: 0.861 | number of skipped iterations:   0 | number of nan iterations:   0 |
7: [default3]: [2026-05-24 06:56:37.959954] iteration      385/    1819 | consumed samples:       197120 | elapsed time per iteration (ms): 3065.7 | throughput per GPU (TFLOP/s/GPU): 105.5 | tokens/sec/GPU: 21377 | learning rate: 9.403268E-05 | global batch size:   512 | lm loss: 3.323137E+00 | loss scale: 1.0 | grad norm: 0.865 | number of skipped iterations:   0 | number of nan iterations:   0 |
7: [default3]: [2026-05-24 06:56:40.504677] iteration      386/    1819 | consumed samples:       197632 | elapsed time per iteration (ms): 2544.5 | throughput per GPU (TFLOP/s/GPU): 127.2 | tokens/sec/GPU: 25755 | learning rate: 9.399169E-05 | global batch size:   512 | lm loss: 3.330647E+00 | loss scale: 1.0 | grad norm: 0.754 | number of skipped iterations:   0 | number of nan iterations:   0 |
7: [default3]: [2026-05-24 06:56:41.395560] iteration      387/    1819 | consumed samples:       198144 | elapsed time per iteration (ms): 890.7 | throughput per GPU (TFLOP/s/GPU): 363.2 | tokens/sec/GPU: 73580 | learning rate: 9.395057E-05 | global batch size:   512 | lm loss: 3.343897E+00 | loss scale: 1.0 | grad norm: 0.805 | number of skipped iterations:   0 | number of nan iterations:   0 |
7: [default3]: [2026-05-24 06:56:43.845432] iteration      388/    1819 | consumed samples:       198656 | elapsed time per iteration (ms): 2449.5 | throughput per GPU (TFLOP/s/GPU): 132.1 | tokens/sec/GPU: 26755 | learning rate: 9.390932E-05 | global batch size:   512 | lm loss: 3.375041E+00 | loss scale: 1.0 | grad norm: 0.801 | number of skipped iterations:   0 | number of nan iterations:   0 |
7: [default3]: [2026-05-24 06:56:48.341681] iteration      389/    1819 | consumed samples:       199168 | elapsed time per iteration (ms): 4496.1 | throughput per GPU (TFLOP/s/GPU): 72.0 | tokens/sec/GPU: 14576 | learning rate: 9.386794E-05 | global batch size:   512 | lm loss: 3.366720E+00 | loss scale: 1.0 | grad norm: 0.775 | number of skipped iterations:   0 | number of nan iterations:   0 |
7: [default3]: [2026-05-24 06:56:52.590945] iteration      390/    1819 | consumed samples:       199680 | elapsed time per iteration (ms): 4249.1 | throughput per GPU (TFLOP/s/GPU): 76.1 | tokens/sec/GPU: 15424 | learning rate: 9.382643E-05 | global batch size:   512 | lm loss: 3.418969E+00 | loss scale: 1.0 | grad norm: 0.792 | number of skipped iterations:   0 | number of nan iterations:   0 |
7: [default3]: [2026-05-24 06:56:53.485899] iteration      391/    1819 | consumed samples:       200192 | elapsed time per iteration (ms): 894.6 | throughput per GPU (TFLOP/s/GPU): 361.7 | tokens/sec/GPU: 73257 | learning rate: 9.378479E-05 | global batch size:   512 | lm loss: 3.363295E+00 | loss scale: 1.0 | grad norm: 0.781 | number of skipped iterations:   0 | number of nan iterations:   0 |
7: [default3]: [2026-05-24 06:56:57.610335] iteration      392/    1819 | consumed samples:       200704 | elapsed time per iteration (ms): 4124.3 | throughput per GPU (TFLOP/s/GPU): 78.4 | tokens/sec/GPU: 15890 | learning rate: 9.374302E-05 | global batch size:   512 | lm loss: 3.382585E+00 | loss scale: 1.0 | grad norm: 0.854 | number of skipped iterations:   0 | number of nan iterations:   0 |
7: [default3]: [2026-05-24 06:56:58.507706] iteration      393/    1819 | consumed samples:       201216 | elapsed time per iteration (ms): 897.2 | throughput per GPU (TFLOP/s/GPU): 360.6 | tokens/sec/GPU: 73045 | learning rate: 9.370112E-05 | global batch size:   512 | lm loss: 3.323033E+00 | loss scale: 1.0 | grad norm: 0.854 | number of skipped iterations:   0 | number of nan iterations:   0 |
7: [default3]: [2026-05-24 06:57:03.439958] iteration      394/    1819 | consumed samples:       201728 | elapsed time per iteration (ms): 4931.5 | throughput per GPU (TFLOP/s/GPU): 65.6 | tokens/sec/GPU: 13289 | learning rate: 9.365909E-05 | global batch size:   512 | lm loss: 3.348952E+00 | loss scale: 1.0 | grad norm: 0.761 | number of skipped iterations:   0 | number of nan iterations:   0 |
7: [default3]: [2026-05-24 06:57:04.327764] iteration      395/    1819 | consumed samples:       202240 | elapsed time per iteration (ms): 887.6 | throughput per GPU (TFLOP/s/GPU): 364.5 | tokens/sec/GPU: 73834 | learning rate: 9.361693E-05 | global batch size:   512 | lm loss: 3.380365E+00 | loss scale: 1.0 | grad norm: 0.766 | number of skipped iterations:   0 | number of nan iterations:   0 |
7: [default3]: [2026-05-24 06:57:11.629308] iteration      396/    1819 | consumed samples:       202752 | elapsed time per iteration (ms): 7301.3 | throughput per GPU (TFLOP/s/GPU): 44.3 | tokens/sec/GPU: 8976 | learning rate: 9.357464E-05 | global batch size:   512 | lm loss: 3.286537E+00 | loss scale: 1.0 | grad norm: 0.785 | number of skipped iterations:   0 | number of nan iterations:   0 |
7: [default3]: [2026-05-24 06:57:12.517933] iteration      397/    1819 | consumed samples:       203264 | elapsed time per iteration (ms): 888.4 | throughput per GPU (TFLOP/s/GPU): 364.2 | tokens/sec/GPU: 73769 | learning rate: 9.353223E-05 | global batch size:   512 | lm loss: 3.322725E+00 | loss scale: 1.0 | grad norm: 0.713 | number of skipped iterations:   0 | number of nan iterations:   0 |
7: [default3]: [2026-05-24 06:57:13.848575] iteration      398/    1819 | consumed samples:       203776 | elapsed time per iteration (ms): 1330.3 | throughput per GPU (TFLOP/s/GPU): 243.2 | tokens/sec/GPU: 49265 | learning rate: 9.348969E-05 | global batch size:   512 | lm loss: 3.312364E+00 | loss scale: 1.0 | grad norm: 0.707 | number of skipped iterations:   0 | number of nan iterations:   0 |
7: [default3]: [2026-05-24 06:57:14.754868] iteration      399/    1819 | consumed samples:       204288 | elapsed time per iteration (ms): 906.1 | throughput per GPU (TFLOP/s/GPU): 357.1 | tokens/sec/GPU: 72326 | learning rate: 9.344702E-05 | global batch size:   512 | lm loss: 3.340133E+00 | loss scale: 1.0 | grad norm: 0.696 | number of skipped iterations:   0 | number of nan iterations:   0 |
7: [default3]: [2026-05-24 06:57:22.490719] iteration      400/    1819 | consumed samples:       204800 | elapsed time per iteration (ms): 7735.7 | throughput per GPU (TFLOP/s/GPU): 41.8 | tokens/sec/GPU: 8472 | learning rate: 9.340421E-05 | global batch size:   512 | lm loss: 3.274553E+00 | loss scale: 1.0 | grad norm: 0.688 | number of skipped iterations:   0 | number of nan iterations:   0 |
7: [default3]: [2026-05-24 06:57:23.778770] iteration      401/    1819 | consumed samples:       205312 | elapsed time per iteration (ms): 1287.8 | throughput per GPU (TFLOP/s/GPU): 251.2 | tokens/sec/GPU: 50891 | learning rate: 9.336128E-05 | global batch size:   512 | lm loss: 3.340698E+00 | loss scale: 1.0 | grad norm: 0.634 | number of skipped iterations:   0 | number of nan iterations:   0 |
7: [default3]: [2026-05-24 06:57:25.500818] iteration      402/    1819 | consumed samples:       205824 | elapsed time per iteration (ms): 1721.7 | throughput per GPU (TFLOP/s/GPU): 187.9 | tokens/sec/GPU: 38065 | learning rate: 9.331823E-05 | global batch size:   512 | lm loss: 3.337827E+00 | loss scale: 1.0 | grad norm: 0.659 | number of skipped iterations:   0 | number of nan iterations:   0 |
7: [default3]: [2026-05-24 06:57:26.402333] iteration      403/    1819 | consumed samples:       206336 | elapsed time per iteration (ms): 901.3 | throughput per GPU (TFLOP/s/GPU): 359.0 | tokens/sec/GPU: 72713 | learning rate: 9.327504E-05 | global batch size:   512 | lm loss: 3.335724E+00 | loss scale: 1.0 | grad norm: 0.710 | number of skipped iterations:   0 | number of nan iterations:   0 |
7: [default3]: [2026-05-24 06:57:33.424486] iteration      404/    1819 | consumed samples:       206848 | elapsed time per iteration (ms): 7021.7 | throughput per GPU (TFLOP/s/GPU): 46.1 | tokens/sec/GPU: 9333 | learning rate: 9.323173E-05 | global batch size:   512 | lm loss: 3.329295E+00 | loss scale: 1.0 | grad norm: 0.696 | number of skipped iterations:   0 | number of nan iterations:   0 |
7: [default3]: [2026-05-24 06:57:34.318588] iteration      405/    1819 | consumed samples:       207360 | elapsed time per iteration (ms): 893.9 | throughput per GPU (TFLOP/s/GPU): 361.9 | tokens/sec/GPU: 73316 | learning rate: 9.318829E-05 | global batch size:   512 | lm loss: 3.281364E+00 | loss scale: 1.0 | grad norm: 0.793 | number of skipped iterations:   0 | number of nan iterations:   0 |
7: [default3]: [2026-05-24 06:57:37.628186] iteration      406/    1819 | consumed samples:       207872 | elapsed time per iteration (ms): 3309.4 | throughput per GPU (TFLOP/s/GPU): 97.8 | tokens/sec/GPU: 19803 | learning rate: 9.314472E-05 | global batch size:   512 | lm loss: 3.276433E+00 | loss scale: 1.0 | grad norm: 0.709 | number of skipped iterations:   0 | number of nan iterations:   0 |
7: [default3]: [2026-05-24 06:57:38.517690] iteration      407/    1819 | consumed samples:       208384 | elapsed time per iteration (ms): 889.2 | throughput per GPU (TFLOP/s/GPU): 363.9 | tokens/sec/GPU: 73704 | learning rate: 9.310103E-05 | global batch size:   512 | lm loss: 3.284984E+00 | loss scale: 1.0 | grad norm: 0.759 | number of skipped iterations:   0 | number of nan iterations:   0 |
7: [default3]: [2026-05-24 06:57:44.889744] iteration      408/    1819 | consumed samples:       208896 | elapsed time per iteration (ms): 6371.9 | throughput per GPU (TFLOP/s/GPU): 50.8 | tokens/sec/GPU: 10285 | learning rate: 9.305721E-05 | global batch size:   512 | lm loss: 3.355500E+00 | loss scale: 1.0 | grad norm: 0.769 | number of skipped iterations:   0 | number of nan iterations:   0 |
7: [default3]: [2026-05-24 06:57:45.777172] iteration      409/    1819 | consumed samples:       209408 | elapsed time per iteration (ms): 887.3 | throughput per GPU (TFLOP/s/GPU): 364.7 | tokens/sec/GPU: 73864 | learning rate: 9.301325E-05 | global batch size:   512 | lm loss: 3.292968E+00 | loss scale: 1.0 | grad norm: 0.745 | number of skipped iterations:   0 | number of nan iterations:   0 |
7: [default3]: [2026-05-24 06:57:50.708976] iteration      410/    1819 | consumed samples:       209920 | elapsed time per iteration (ms): 4931.4 | throughput per GPU (TFLOP/s/GPU): 65.6 | tokens/sec/GPU: 13290 | learning rate: 9.296917E-05 | global batch size:   512 | lm loss: 3.266605E+00 | loss scale: 1.0 | grad norm: 0.674 | number of skipped iterations:   0 | number of nan iterations:   0 |
7: [default3]: [2026-05-24 06:57:51.608862] iteration      411/    1819 | consumed samples:       210432 | elapsed time per iteration (ms): 899.7 | throughput per GPU (TFLOP/s/GPU): 359.6 | tokens/sec/GPU: 72841 | learning rate: 9.292497E-05 | global batch size:   512 | lm loss: 3.242127E+00 | loss scale: 1.0 | grad norm: 0.717 | number of skipped iterations:   0 | number of nan iterations:   0 |
7: [default3]: [2026-05-24 06:57:53.345847] iteration      412/    1819 | consumed samples:       210944 | elapsed time per iteration (ms): 1736.8 | throughput per GPU (TFLOP/s/GPU): 186.3 | tokens/sec/GPU: 37734 | learning rate: 9.288064E-05 | global batch size:   512 | lm loss: 3.239303E+00 | loss scale: 1.0 | grad norm: 0.699 | number of skipped iterations:   0 | number of nan iterations:   0 |
7: [default3]: [2026-05-24 06:57:54.244612] iteration      413/    1819 | consumed samples:       211456 | elapsed time per iteration (ms): 898.5 | throughput per GPU (TFLOP/s/GPU): 360.1 | tokens/sec/GPU: 72941 | learning rate: 9.283618E-05 | global batch size:   512 | lm loss: 3.273554E+00 | loss scale: 1.0 | grad norm: 0.701 | number of skipped iterations:   0 | number of nan iterations:   0 |
7: [default3]: [2026-05-24 06:57:57.813836] iteration      414/    1819 | consumed samples:       211968 | elapsed time per iteration (ms): 3569.1 | throughput per GPU (TFLOP/s/GPU): 90.7 | tokens/sec/GPU: 18362 | learning rate: 9.279160E-05 | global batch size:   512 | lm loss: 3.289746E+00 | loss scale: 1.0 | grad norm: 0.762 | number of skipped iterations:   0 | number of nan iterations:   0 |
7: [default3]: [2026-05-24 06:57:58.704108] iteration      415/    1819 | consumed samples:       212480 | elapsed time per iteration (ms): 889.8 | throughput per GPU (TFLOP/s/GPU): 363.6 | tokens/sec/GPU: 73654 | learning rate: 9.274689E-05 | global batch size:   512 | lm loss: 3.234632E+00 | loss scale: 1.0 | grad norm: 0.729 | number of skipped iterations:   0 | number of nan iterations:   0 |
7: [default3]: [2026-05-24 06:58:09.016949] iteration      416/    1819 | consumed samples:       212992 | elapsed time per iteration (ms): 10312.7 | throughput per GPU (TFLOP/s/GPU): 31.4 | tokens/sec/GPU: 6355 | learning rate: 9.270206E-05 | global batch size:   512 | lm loss: 3.261391E+00 | loss scale: 1.0 | grad norm: 0.720 | number of skipped iterations:   0 | number of nan iterations:   0 |
7: [default3]: [2026-05-24 06:58:09.902847] iteration      417/    1819 | consumed samples:       213504 | elapsed time per iteration (ms): 885.5 | throughput per GPU (TFLOP/s/GPU): 365.4 | tokens/sec/GPU: 74008 | learning rate: 9.265709E-05 | global batch size:   512 | lm loss: 3.267881E+00 | loss scale: 1.0 | grad norm: 0.703 | number of skipped iterations:   0 | number of nan iterations:   0 |
7: [default3]: [2026-05-24 06:58:10.796828] iteration      418/    1819 | consumed samples:       214016 | elapsed time per iteration (ms): 893.8 | throughput per GPU (TFLOP/s/GPU): 362.0 | tokens/sec/GPU: 73325 | learning rate: 9.261201E-05 | global batch size:   512 | lm loss: 3.260590E+00 | loss scale: 1.0 | grad norm: 0.814 | number of skipped iterations:   0 | number of nan iterations:   0 |
7: [default3]: [2026-05-24 06:58:11.696698] iteration      419/    1819 | consumed samples:       214528 | elapsed time per iteration (ms): 899.7 | throughput per GPU (TFLOP/s/GPU): 359.6 | tokens/sec/GPU: 72842 | learning rate: 9.256680E-05 | global batch size:   512 | lm loss: 3.269190E+00 | loss scale: 1.0 | grad norm: 0.747 | number of skipped iterations:   0 | number of nan iterations:   0 |
7: [default3]: [2026-05-24 06:58:17.435734] iteration      420/    1819 | consumed samples:       215040 | elapsed time per iteration (ms): 5738.8 | throughput per GPU (TFLOP/s/GPU): 56.4 | tokens/sec/GPU: 11420 | learning rate: 9.252146E-05 | global batch size:   512 | lm loss: 3.268823E+00 | loss scale: 1.0 | grad norm: 0.738 | number of skipped iterations:   0 | number of nan iterations:   0 |
7: [default3]: [2026-05-24 06:58:18.321891] iteration      421/    1819 | consumed samples:       215552 | elapsed time per iteration (ms): 886.0 | throughput per GPU (TFLOP/s/GPU): 365.2 | tokens/sec/GPU: 73972 | learning rate: 9.247600E-05 | global batch size:   512 | lm loss: 3.319584E+00 | loss scale: 1.0 | grad norm: 0.793 | number of skipped iterations:   0 | number of nan iterations:   0 |
7: [default3]: [2026-05-24 06:58:21.606912] iteration      422/    1819 | consumed samples:       216064 | elapsed time per iteration (ms): 3284.7 | throughput per GPU (TFLOP/s/GPU): 98.5 | tokens/sec/GPU: 19952 | learning rate: 9.243040E-05 | global batch size:   512 | lm loss: 3.240293E+00 | loss scale: 1.0 | grad norm: 0.754 | number of skipped iterations:   0 | number of nan iterations:   0 |
7: [default3]: [2026-05-24 06:58:22.494201] iteration      423/    1819 | consumed samples:       216576 | elapsed time per iteration (ms): 887.1 | throughput per GPU (TFLOP/s/GPU): 364.7 | tokens/sec/GPU: 73880 | learning rate: 9.238469E-05 | global batch size:   512 | lm loss: 3.245346E+00 | loss scale: 1.0 | grad norm: 0.740 | number of skipped iterations:   0 | number of nan iterations:   0 |
7: [default3]: [2026-05-24 06:58:26.938920] iteration      424/    1819 | consumed samples:       217088 | elapsed time per iteration (ms): 4444.5 | throughput per GPU (TFLOP/s/GPU): 72.8 | tokens/sec/GPU: 14745 | learning rate: 9.233885E-05 | global batch size:   512 | lm loss: 3.222435E+00 | loss scale: 1.0 | grad norm: 0.755 | number of skipped iterations:   0 | number of nan iterations:   0 |
7: [default3]: [2026-05-24 06:58:27.831573] iteration      425/    1819 | consumed samples:       217600 | elapsed time per iteration (ms): 892.4 | throughput per GPU (TFLOP/s/GPU): 362.5 | tokens/sec/GPU: 73434 | learning rate: 9.229289E-05 | global batch size:   512 | lm loss: 3.370158E+00 | loss scale: 1.0 | grad norm: 0.709 | number of skipped iterations:   0 | number of nan iterations:   0 |
7: [default3]: [2026-05-24 06:58:28.724511] iteration      426/    1819 | consumed samples:       218112 | elapsed time per iteration (ms): 892.7 | throughput per GPU (TFLOP/s/GPU): 362.4 | tokens/sec/GPU: 73413 | learning rate: 9.224680E-05 | global batch size:   512 | lm loss: 3.242406E+00 | loss scale: 1.0 | grad norm: 0.853 | number of skipped iterations:   0 | number of nan iterations:   0 |
7: [default3]: [2026-05-24 06:58:29.621904] iteration      427/    1819 | consumed samples:       218624 | elapsed time per iteration (ms): 897.2 | throughput per GPU (TFLOP/s/GPU): 360.6 | tokens/sec/GPU: 73042 | learning rate: 9.220059E-05 | global batch size:   512 | lm loss: 3.213305E+00 | loss scale: 1.0 | grad norm: 0.732 | number of skipped iterations:   0 | number of nan iterations:   0 |
7: [default3]: [2026-05-24 06:58:37.519270] iteration      428/    1819 | consumed samples:       219136 | elapsed time per iteration (ms): 7897.2 | throughput per GPU (TFLOP/s/GPU): 41.0 | tokens/sec/GPU: 8299 | learning rate: 9.215425E-05 | global batch size:   512 | lm loss: 3.247211E+00 | loss scale: 1.0 | grad norm: 0.641 | number of skipped iterations:   0 | number of nan iterations:   0 |
7: [default3]: [2026-05-24 06:58:38.405840] iteration      429/    1819 | consumed samples:       219648 | elapsed time per iteration (ms): 886.4 | throughput per GPU (TFLOP/s/GPU): 365.0 | tokens/sec/GPU: 73937 | learning rate: 9.210779E-05 | global batch size:   512 | lm loss: 3.209353E+00 | loss scale: 1.0 | grad norm: 0.622 | number of skipped iterations:   0 | number of nan iterations:   0 |
7: [default3]: [2026-05-24 06:58:39.990334] iteration      430/    1819 | consumed samples:       220160 | elapsed time per iteration (ms): 1584.3 | throughput per GPU (TFLOP/s/GPU): 204.2 | tokens/sec/GPU: 41366 | learning rate: 9.206121E-05 | global batch size:   512 | lm loss: 3.238807E+00 | loss scale: 1.0 | grad norm: 0.604 | number of skipped iterations:   0 | number of nan iterations:   0 |
7: [default3]: [2026-05-24 06:58:40.886505] iteration      431/    1819 | consumed samples:       220672 | elapsed time per iteration (ms): 896.0 | throughput per GPU (TFLOP/s/GPU): 361.1 | tokens/sec/GPU: 73146 | learning rate: 9.201450E-05 | global batch size:   512 | lm loss: 3.234735E+00 | loss scale: 1.0 | grad norm: 0.670 | number of skipped iterations:   0 | number of nan iterations:   0 |
7: [default3]: [2026-05-24 06:58:47.628700] iteration      432/    1819 | consumed samples:       221184 | elapsed time per iteration (ms): 6742.0 | throughput per GPU (TFLOP/s/GPU): 48.0 | tokens/sec/GPU: 9721 | learning rate: 9.196767E-05 | global batch size:   512 | lm loss: 3.188859E+00 | loss scale: 1.0 | grad norm: 0.567 | number of skipped iterations:   0 | number of nan iterations:   0 |
7: [default3]: [2026-05-24 06:58:48.518184] iteration      433/    1819 | consumed samples:       221696 | elapsed time per iteration (ms): 889.2 | throughput per GPU (TFLOP/s/GPU): 363.8 | tokens/sec/GPU: 73700 | learning rate: 9.192071E-05 | global batch size:   512 | lm loss: 3.230407E+00 | loss scale: 1.0 | grad norm: 0.602 | number of skipped iterations:   0 | number of nan iterations:   0 |
7: [default3]: [2026-05-24 06:58:51.093844] iteration      434/    1819 | consumed samples:       222208 | elapsed time per iteration (ms): 2575.3 | throughput per GPU (TFLOP/s/GPU): 125.6 | tokens/sec/GPU: 25448 | learning rate: 9.187363E-05 | global batch size:   512 | lm loss: 3.161093E+00 | loss scale: 1.0 | grad norm: 0.646 | number of skipped iterations:   0 | number of nan iterations:   0 |
7: [default3]: [2026-05-24 06:58:51.991311] iteration      435/    1819 | consumed samples:       222720 | elapsed time per iteration (ms): 897.2 | throughput per GPU (TFLOP/s/GPU): 360.6 | tokens/sec/GPU: 73046 | learning rate: 9.182643E-05 | global batch size:   512 | lm loss: 3.216702E+00 | loss scale: 1.0 | grad norm: 0.789 | number of skipped iterations:   0 | number of nan iterations:   0 |
7: [default3]: [2026-05-24 06:58:56.925053] iteration      436/    1819 | consumed samples:       223232 | elapsed time per iteration (ms): 4933.6 | throughput per GPU (TFLOP/s/GPU): 65.6 | tokens/sec/GPU: 13284 | learning rate: 9.177910E-05 | global batch size:   512 | lm loss: 3.179218E+00 | loss scale: 1.0 | grad norm: 0.669 | number of skipped iterations:   0 | number of nan iterations:   0 |
7: [default3]: [2026-05-24 06:58:57.810565] iteration      437/    1819 | consumed samples:       223744 | elapsed time per iteration (ms): 885.3 | throughput per GPU (TFLOP/s/GPU): 365.5 | tokens/sec/GPU: 74025 | learning rate: 9.173166E-05 | global batch size:   512 | lm loss: 3.280414E+00 | loss scale: 1.0 | grad norm: 0.660 | number of skipped iterations:   0 | number of nan iterations:   0 |
7: [default3]: [2026-05-24 06:59:00.289138] iteration      438/    1819 | consumed samples:       224256 | elapsed time per iteration (ms): 2478.3 | throughput per GPU (TFLOP/s/GPU): 130.5 | tokens/sec/GPU: 26444 | learning rate: 9.168409E-05 | global batch size:   512 | lm loss: 3.216702E+00 | loss scale: 1.0 | grad norm: 0.735 | number of skipped iterations:   0 | number of nan iterations:   0 |
7: [default3]: [2026-05-24 06:59:01.181058] iteration      439/    1819 | consumed samples:       224768 | elapsed time per iteration (ms): 891.8 | throughput per GPU (TFLOP/s/GPU): 362.8 | tokens/sec/GPU: 73491 | learning rate: 9.163639E-05 | global batch size:   512 | lm loss: 3.211349E+00 | loss scale: 1.0 | grad norm: 0.877 | number of skipped iterations:   0 | number of nan iterations:   0 |
7: [default3]: [2026-05-24 06:59:07.318610] iteration      440/    1819 | consumed samples:       225280 | elapsed time per iteration (ms): 6137.4 | throughput per GPU (TFLOP/s/GPU): 52.7 | tokens/sec/GPU: 10678 | learning rate: 9.158858E-05 | global batch size:   512 | lm loss: 3.167376E+00 | loss scale: 1.0 | grad norm: 0.875 | number of skipped iterations:   0 | number of nan iterations:   0 |
7: [default3]: [2026-05-24 06:59:08.210911] iteration      441/    1819 | consumed samples:       225792 | elapsed time per iteration (ms): 892.1 | throughput per GPU (TFLOP/s/GPU): 362.7 | tokens/sec/GPU: 73463 | learning rate: 9.154064E-05 | global batch size:   512 | lm loss: 3.159128E+00 | loss scale: 1.0 | grad norm: 0.867 | number of skipped iterations:   0 | number of nan iterations:   0 |
7: [default3]: [2026-05-24 06:59:10.489957] iteration      442/    1819 | consumed samples:       226304 | elapsed time per iteration (ms): 2278.8 | throughput per GPU (TFLOP/s/GPU): 142.0 | tokens/sec/GPU: 28759 | learning rate: 9.149258E-05 | global batch size:   512 | lm loss: 3.242612E+00 | loss scale: 1.0 | grad norm: 0.856 | number of skipped iterations:   0 | number of nan iterations:   0 |
7: [default3]: [2026-05-24 06:59:11.386887] iteration      443/    1819 | consumed samples:       226816 | elapsed time per iteration (ms): 896.3 | throughput per GPU (TFLOP/s/GPU): 361.0 | tokens/sec/GPU: 73119 | learning rate: 9.144440E-05 | global batch size:   512 | lm loss: 3.195438E+00 | loss scale: 1.0 | grad norm: 0.910 | number of skipped iterations:   0 | number of nan iterations:   0 |
7: [default3]: [2026-05-24 06:59:16.730992] iteration      444/    1819 | consumed samples:       227328 | elapsed time per iteration (ms): 5343.9 | throughput per GPU (TFLOP/s/GPU): 60.5 | tokens/sec/GPU: 12264 | learning rate: 9.139610E-05 | global batch size:   512 | lm loss: 3.206205E+00 | loss scale: 1.0 | grad norm: 1.027 | number of skipped iterations:   0 | number of nan iterations:   0 |
7: [default3]: [2026-05-24 06:59:18.118000] iteration      445/    1819 | consumed samples:       227840 | elapsed time per iteration (ms): 1386.8 | throughput per GPU (TFLOP/s/GPU): 233.3 | tokens/sec/GPU: 47256 | learning rate: 9.134767E-05 | global batch size:   512 | lm loss: 3.199323E+00 | loss scale: 1.0 | grad norm: 0.881 | number of skipped iterations:   0 | number of nan iterations:   0 |
7: [default3]: [2026-05-24 06:59:19.937999] iteration      446/    1819 | consumed samples:       228352 | elapsed time per iteration (ms): 1818.9 | throughput per GPU (TFLOP/s/GPU): 177.9 | tokens/sec/GPU: 36030 | learning rate: 9.129912E-05 | global batch size:   512 | lm loss: 3.235107E+00 | loss scale: 1.0 | grad norm: 0.976 | number of skipped iterations:   0 | number of nan iterations:   0 |
7: [default3]: [2026-05-24 06:59:20.834198] iteration      447/    1819 | consumed samples:       228864 | elapsed time per iteration (ms): 896.0 | throughput per GPU (TFLOP/s/GPU): 361.1 | tokens/sec/GPU: 73139 | learning rate: 9.125045E-05 | global batch size:   512 | lm loss: 3.165849E+00 | loss scale: 1.0 | grad norm: 0.847 | number of skipped iterations:   0 | number of nan iterations:   0 |
7: [default3]: [2026-05-24 06:59:23.891708] iteration      448/    1819 | consumed samples:       229376 | elapsed time per iteration (ms): 3057.3 | throughput per GPU (TFLOP/s/GPU): 105.8 | tokens/sec/GPU: 21436 | learning rate: 9.120167E-05 | global batch size:   512 | lm loss: 3.206489E+00 | loss scale: 1.0 | grad norm: 0.846 | number of skipped iterations:   0 | number of nan iterations:   0 |
7: [default3]: [2026-05-24 06:59:26.544905] iteration      449/    1819 | consumed samples:       229888 | elapsed time per iteration (ms): 2653.0 | throughput per GPU (TFLOP/s/GPU): 122.0 | tokens/sec/GPU: 24703 | learning rate: 9.115276E-05 | global batch size:   512 | lm loss: 3.242871E+00 | loss scale: 1.0 | grad norm: 2.862 | number of skipped iterations:   0 | number of nan iterations:   0 |
7: [default3]: [2026-05-24 06:59:28.489904] iteration      450/    1819 | consumed samples:       230400 | elapsed time per iteration (ms): 1944.7 | throughput per GPU (TFLOP/s/GPU): 166.4 | tokens/sec/GPU: 33700 | learning rate: 9.110373E-05 | global batch size:   512 | lm loss: 3.235946E+00 | loss scale: 1.0 | grad norm: 0.969 | number of skipped iterations:   0 | number of nan iterations:   0 |
7: [default3]: [2026-05-24 06:59:30.617517] iteration      451/    1819 | consumed samples:       230912 | elapsed time per iteration (ms): 2127.4 | throughput per GPU (TFLOP/s/GPU): 152.1 | tokens/sec/GPU: 30805 | learning rate: 9.105458E-05 | global batch size:   512 | lm loss: 3.255191E+00 | loss scale: 1.0 | grad norm: 1.213 | number of skipped iterations:   0 | number of nan iterations:   0 |
7: [default3]: [2026-05-24 06:59:32.720735] iteration      452/    1819 | consumed samples:       231424 | elapsed time per iteration (ms): 2102.9 | throughput per GPU (TFLOP/s/GPU): 153.9 | tokens/sec/GPU: 31164 | learning rate: 9.100531E-05 | global batch size:   512 | lm loss: 3.208110E+00 | loss scale: 1.0 | grad norm: 1.162 | number of skipped iterations:   0 | number of nan iterations:   0 |
7: [default3]: [2026-05-24 06:59:36.658445] iteration      453/    1819 | consumed samples:       231936 | elapsed time per iteration (ms): 3937.5 | throughput per GPU (TFLOP/s/GPU): 82.2 | tokens/sec/GPU: 16644 | learning rate: 9.095592E-05 | global batch size:   512 | lm loss: 3.216467E+00 | loss scale: 1.0 | grad norm: 0.763 | number of skipped iterations:   0 | number of nan iterations:   0 |
7: [default3]: [2026-05-24 06:59:40.144342] iteration      454/    1819 | consumed samples:       232448 | elapsed time per iteration (ms): 3485.7 | throughput per GPU (TFLOP/s/GPU): 92.8 | tokens/sec/GPU: 18801 | learning rate: 9.090640E-05 | global batch size:   512 | lm loss: 3.100146E+00 | loss scale: 1.0 | grad norm: 0.684 | number of skipped iterations:   0 | number of nan iterations:   0 |
7: [default3]: [2026-05-24 06:59:41.034487] iteration      455/    1819 | consumed samples:       232960 | elapsed time per iteration (ms): 889.8 | throughput per GPU (TFLOP/s/GPU): 363.6 | tokens/sec/GPU: 73649 | learning rate: 9.085677E-05 | global batch size:   512 | lm loss: 3.126807E+00 | loss scale: 1.0 | grad norm: 0.651 | number of skipped iterations:   0 | number of nan iterations:   0 |
7: [default3]: [2026-05-24 06:59:41.931818] iteration      456/    1819 | consumed samples:       233472 | elapsed time per iteration (ms): 897.2 | throughput per GPU (TFLOP/s/GPU): 360.6 | tokens/sec/GPU: 73045 | learning rate: 9.080702E-05 | global batch size:   512 | lm loss: 3.197894E+00 | loss scale: 1.0 | grad norm: 0.617 | number of skipped iterations:   0 | number of nan iterations:   0 |
7: [default3]: [2026-05-24 06:59:46.061696] iteration      457/    1819 | consumed samples:       233984 | elapsed time per iteration (ms): 4129.4 | throughput per GPU (TFLOP/s/GPU): 78.3 | tokens/sec/GPU: 15870 | learning rate: 9.075714E-05 | global batch size:   512 | lm loss: 3.195139E+00 | loss scale: 1.0 | grad norm: 0.675 | number of skipped iterations:   0 | number of nan iterations:   0 |
7: [default3]: [2026-05-24 06:59:48.048080] iteration      458/    1819 | consumed samples:       234496 | elapsed time per iteration (ms): 1986.2 | throughput per GPU (TFLOP/s/GPU): 162.9 | tokens/sec/GPU: 32996 | learning rate: 9.070716E-05 | global batch size:   512 | lm loss: 3.134851E+00 | loss scale: 1.0 | grad norm: 0.644 | number of skipped iterations:   0 | number of nan iterations:   0 |
7: [default3]: [2026-05-24 06:59:48.941058] iteration      459/    1819 | consumed samples:       235008 | elapsed time per iteration (ms): 892.4 | throughput per GPU (TFLOP/s/GPU): 362.5 | tokens/sec/GPU: 73438 | learning rate: 9.065705E-05 | global batch size:   512 | lm loss: 3.156695E+00 | loss scale: 1.0 | grad norm: 0.633 | number of skipped iterations:   0 | number of nan iterations:   0 |
7: [default3]: [2026-05-24 06:59:51.249584] iteration      460/    1819 | consumed samples:       235520 | elapsed time per iteration (ms): 2307.9 | throughput per GPU (TFLOP/s/GPU): 140.2 | tokens/sec/GPU: 28397 | learning rate: 9.060682E-05 | global batch size:   512 | lm loss: 3.231399E+00 | loss scale: 1.0 | grad norm: 0.637 | number of skipped iterations:   0 | number of nan iterations:   0 |
7: [default3]: [2026-05-24 06:59:56.061648] iteration      461/    1819 | consumed samples:       236032 | elapsed time per iteration (ms): 4811.9 | throughput per GPU (TFLOP/s/GPU): 67.2 | tokens/sec/GPU: 13620 | learning rate: 9.055647E-05 | global batch size:   512 | lm loss: 3.149371E+00 | loss scale: 1.0 | grad norm: 0.613 | number of skipped iterations:   0 | number of nan iterations:   0 |
7: [default3]: [2026-05-24 06:59:58.726397] iteration      462/    1819 | consumed samples:       236544 | elapsed time per iteration (ms): 2664.5 | throughput per GPU (TFLOP/s/GPU): 121.4 | tokens/sec/GPU: 24596 | learning rate: 9.050601E-05 | global batch size:   512 | lm loss: 3.185784E+00 | loss scale: 1.0 | grad norm: 0.615 | number of skipped iterations:   0 | number of nan iterations:   0 |
7: [default3]: [2026-05-24 06:59:59.614823] iteration      463/    1819 | consumed samples:       237056 | elapsed time per iteration (ms): 888.2 | throughput per GPU (TFLOP/s/GPU): 364.3 | tokens/sec/GPU: 73782 | learning rate: 9.045542E-05 | global batch size:   512 | lm loss: 3.163307E+00 | loss scale: 1.0 | grad norm: 0.676 | number of skipped iterations:   0 | number of nan iterations:   0 |
7: [default3]: [2026-05-24 07:00:00.506429] iteration      464/    1819 | consumed samples:       237568 | elapsed time per iteration (ms): 891.4 | throughput per GPU (TFLOP/s/GPU): 363.0 | tokens/sec/GPU: 73521 | learning rate: 9.040472E-05 | global batch size:   512 | lm loss: 3.112183E+00 | loss scale: 1.0 | grad norm: 0.749 | number of skipped iterations:   0 | number of nan iterations:   0 |
7: [default3]: [2026-05-24 07:00:05.609496] iteration      465/    1819 | consumed samples:       238080 | elapsed time per iteration (ms): 5102.7 | throughput per GPU (TFLOP/s/GPU): 63.4 | tokens/sec/GPU: 12844 | learning rate: 9.035390E-05 | global batch size:   512 | lm loss: 3.170772E+00 | loss scale: 1.0 | grad norm: 0.576 | number of skipped iterations:   0 | number of nan iterations:   0 |
7: [default3]: [2026-05-24 07:00:06.503766] iteration      466/    1819 | consumed samples:       238592 | elapsed time per iteration (ms): 893.3 | throughput per GPU (TFLOP/s/GPU): 362.2 | tokens/sec/GPU: 73364 | learning rate: 9.030296E-05 | global batch size:   512 | lm loss: 3.075759E+00 | loss scale: 1.0 | grad norm: 0.541 | number of skipped iterations:   0 | number of nan iterations:   0 |
7: [default3]: [2026-05-24 07:00:07.400134] iteration      467/    1819 | consumed samples:       239104 | elapsed time per iteration (ms): 896.2 | throughput per GPU (TFLOP/s/GPU): 361.0 | tokens/sec/GPU: 73130 | learning rate: 9.025190E-05 | global batch size:   512 | lm loss: 3.218918E+00 | loss scale: 1.0 | grad norm: 0.582 | number of skipped iterations:   0 | number of nan iterations:   0 |
7: [default3]: [2026-05-24 07:00:08.292052] iteration      468/    1819 | consumed samples:       239616 | elapsed time per iteration (ms): 891.7 | throughput per GPU (TFLOP/s/GPU): 362.8 | tokens/sec/GPU: 73496 | learning rate: 9.020072E-05 | global batch size:   512 | lm loss: 3.132915E+00 | loss scale: 1.0 | grad norm: 0.576 | number of skipped iterations:   0 | number of nan iterations:   0 |
7: [default3]: [2026-05-24 07:00:15.120603] iteration      469/    1819 | consumed samples:       240128 | elapsed time per iteration (ms): 6828.4 | throughput per GPU (TFLOP/s/GPU): 47.4 | tokens/sec/GPU: 9598 | learning rate: 9.014943E-05 | global batch size:   512 | lm loss: 3.119760E+00 | loss scale: 1.0 | grad norm: 0.587 | number of skipped iterations:   0 | number of nan iterations:   0 |
7: [default3]: [2026-05-24 07:00:16.025365] iteration      470/    1819 | consumed samples:       240640 | elapsed time per iteration (ms): 904.4 | throughput per GPU (TFLOP/s/GPU): 357.7 | tokens/sec/GPU: 72460 | learning rate: 9.009802E-05 | global batch size:   512 | lm loss: 3.109406E+00 | loss scale: 1.0 | grad norm: 0.576 | number of skipped iterations:   0 | number of nan iterations:   0 |
7: [default3]: [2026-05-24 07:00:17.249480] iteration      471/    1819 | consumed samples:       241152 | elapsed time per iteration (ms): 1223.5 | throughput per GPU (TFLOP/s/GPU): 264.4 | tokens/sec/GPU: 53565 | learning rate: 9.004649E-05 | global batch size:   512 | lm loss: 3.124757E+00 | loss scale: 1.0 | grad norm: 0.574 | number of skipped iterations:   0 | number of nan iterations:   0 |
7: [default3]: [2026-05-24 07:00:18.146212] iteration      472/    1819 | consumed samples:       241664 | elapsed time per iteration (ms): 896.4 | throughput per GPU (TFLOP/s/GPU): 360.9 | tokens/sec/GPU: 73107 | learning rate: 8.999485E-05 | global batch size:   512 | lm loss: 3.046976E+00 | loss scale: 1.0 | grad norm: 0.550 | number of skipped iterations:   0 | number of nan iterations:   0 |
7: [default3]: [2026-05-24 07:00:24.934370] iteration      473/    1819 | consumed samples:       242176 | elapsed time per iteration (ms): 6787.9 | throughput per GPU (TFLOP/s/GPU): 47.7 | tokens/sec/GPU: 9655 | learning rate: 8.994308E-05 | global batch size:   512 | lm loss: 3.133602E+00 | loss scale: 1.0 | grad norm: 0.605 | number of skipped iterations:   0 | number of nan iterations:   0 |
7: [default3]: [2026-05-24 07:00:25.831086] iteration      474/    1819 | consumed samples:       242688 | elapsed time per iteration (ms): 896.5 | throughput per GPU (TFLOP/s/GPU): 360.9 | tokens/sec/GPU: 73100 | learning rate: 8.989120E-05 | global batch size:   512 | lm loss: 3.086370E+00 | loss scale: 1.0 | grad norm: 0.703 | number of skipped iterations:   0 | number of nan iterations:   0 |
7: [default3]: [2026-05-24 07:00:26.734435] iteration      475/    1819 | consumed samples:       243200 | elapsed time per iteration (ms): 903.1 | throughput per GPU (TFLOP/s/GPU): 358.3 | tokens/sec/GPU: 72571 | learning rate: 8.983921E-05 | global batch size:   512 | lm loss: 3.085504E+00 | loss scale: 1.0 | grad norm: 0.944 | number of skipped iterations:   0 | number of nan iterations:   0 |
7: [default3]: [2026-05-24 07:00:27.632406] iteration      476/    1819 | consumed samples:       243712 | elapsed time per iteration (ms): 897.7 | throughput per GPU (TFLOP/s/GPU): 360.4 | tokens/sec/GPU: 73002 | learning rate: 8.978710E-05 | global batch size:   512 | lm loss: 3.161379E+00 | loss scale: 1.0 | grad norm: 0.939 | number of skipped iterations:   0 | number of nan iterations:   0 |
7: [default3]: [2026-05-24 07:00:28.529475] iteration      477/    1819 | consumed samples:       244224 | elapsed time per iteration (ms): 896.6 | throughput per GPU (TFLOP/s/GPU): 360.8 | tokens/sec/GPU: 73090 | learning rate: 8.973487E-05 | global batch size:   512 | lm loss: 3.160386E+00 | loss scale: 1.0 | grad norm: 0.994 | number of skipped iterations:   0 | number of nan iterations:   0 |
7: [default3]: [2026-05-24 07:00:29.425103] iteration      478/    1819 | consumed samples:       244736 | elapsed time per iteration (ms): 895.5 | throughput per GPU (TFLOP/s/GPU): 361.3 | tokens/sec/GPU: 73187 | learning rate: 8.968253E-05 | global batch size:   512 | lm loss: 3.108991E+00 | loss scale: 1.0 | grad norm: 0.805 | number of skipped iterations:   0 | number of nan iterations:   0 |
7: [default3]: [2026-05-24 07:00:30.883450] iteration      479/    1819 | consumed samples:       245248 | elapsed time per iteration (ms): 1458.1 | throughput per GPU (TFLOP/s/GPU): 221.9 | tokens/sec/GPU: 44945 | learning rate: 8.963007E-05 | global batch size:   512 | lm loss: 3.085495E+00 | loss scale: 1.0 | grad norm: 1.104 | number of skipped iterations:   0 | number of nan iterations:   0 |
7: [default3]: [2026-05-24 07:00:34.072146] iteration      480/    1819 | consumed samples:       245760 | elapsed time per iteration (ms): 3188.4 | throughput per GPU (TFLOP/s/GPU): 101.5 | tokens/sec/GPU: 20554 | learning rate: 8.957749E-05 | global batch size:   512 | lm loss: 3.093833E+00 | loss scale: 1.0 | grad norm: 0.865 | number of skipped iterations:   0 | number of nan iterations:   0 |
7: [default3]: [2026-05-24 07:00:43.292124] iteration      481/    1819 | consumed samples:       246272 | elapsed time per iteration (ms): 9219.8 | throughput per GPU (TFLOP/s/GPU): 35.1 | tokens/sec/GPU: 7108 | learning rate: 8.952481E-05 | global batch size:   512 | lm loss: 3.067665E+00 | loss scale: 1.0 | grad norm: 1.052 | number of skipped iterations:   0 | number of nan iterations:   0 |
7: [default3]: [2026-05-24 07:00:44.187131] iteration      482/    1819 | consumed samples:       246784 | elapsed time per iteration (ms): 894.7 | throughput per GPU (TFLOP/s/GPU): 361.6 | tokens/sec/GPU: 73247 | learning rate: 8.947200E-05 | global batch size:   512 | lm loss: 3.049681E+00 | loss scale: 1.0 | grad norm: 0.877 | number of skipped iterations:   0 | number of nan iterations:   0 |
7: [default3]: [2026-05-24 07:00:45.697637] iteration      483/    1819 | consumed samples:       247296 | elapsed time per iteration (ms): 1510.4 | throughput per GPU (TFLOP/s/GPU): 214.2 | tokens/sec/GPU: 43391 | learning rate: 8.941908E-05 | global batch size:   512 | lm loss: 3.131685E+00 | loss scale: 1.0 | grad norm: 0.883 | number of skipped iterations:   0 | number of nan iterations:   0 |
7: [default3]: [2026-05-24 07:00:46.593478] iteration      484/    1819 | consumed samples:       247808 | elapsed time per iteration (ms): 895.7 | throughput per GPU (TFLOP/s/GPU): 361.2 | tokens/sec/GPU: 73170 | learning rate: 8.936604E-05 | global batch size:   512 | lm loss: 3.124525E+00 | loss scale: 1.0 | grad norm: 0.893 | number of skipped iterations:   0 | number of nan iterations:   0 |
7: [default3]: [2026-05-24 07:00:53.084739] iteration      485/    1819 | consumed samples:       248320 | elapsed time per iteration (ms): 6491.1 | throughput per GPU (TFLOP/s/GPU): 49.8 | tokens/sec/GPU: 10096 | learning rate: 8.931290E-05 | global batch size:   512 | lm loss: 3.044574E+00 | loss scale: 1.0 | grad norm: 0.780 | number of skipped iterations:   0 | number of nan iterations:   0 |
7: [default3]: [2026-05-24 07:00:53.973782] iteration      486/    1819 | consumed samples:       248832 | elapsed time per iteration (ms): 888.9 | throughput per GPU (TFLOP/s/GPU): 364.0 | tokens/sec/GPU: 73730 | learning rate: 8.925963E-05 | global batch size:   512 | lm loss: 3.103863E+00 | loss scale: 1.0 | grad norm: 0.780 | number of skipped iterations:   0 | number of nan iterations:   0 |
7: [default3]: [2026-05-24 07:00:55.295151] iteration      487/    1819 | consumed samples:       249344 | elapsed time per iteration (ms): 1321.1 | throughput per GPU (TFLOP/s/GPU): 244.9 | tokens/sec/GPU: 49606 | learning rate: 8.920625E-05 | global batch size:   512 | lm loss: 3.089506E+00 | loss scale: 1.0 | grad norm: 0.751 | number of skipped iterations:   0 | number of nan iterations:   0 |
7: [default3]: [2026-05-24 07:00:56.189868] iteration      488/    1819 | consumed samples:       249856 | elapsed time per iteration (ms): 893.8 | throughput per GPU (TFLOP/s/GPU): 362.0 | tokens/sec/GPU: 73325 | learning rate: 8.915275E-05 | global batch size:   512 | lm loss: 3.056142E+00 | loss scale: 1.0 | grad norm: 0.786 | number of skipped iterations:   0 | number of nan iterations:   0 |
7: [default3]: [2026-05-24 07:01:00.966501] iteration      489/    1819 | consumed samples:       250368 | elapsed time per iteration (ms): 4776.4 | throughput per GPU (TFLOP/s/GPU): 67.7 | tokens/sec/GPU: 13721 | learning rate: 8.909914E-05 | global batch size:   512 | lm loss: 3.056419E+00 | loss scale: 1.0 | grad norm: 0.799 | number of skipped iterations:   0 | number of nan iterations:   0 |
7: [default3]: [2026-05-24 07:01:01.862867] iteration      490/    1819 | consumed samples:       250880 | elapsed time per iteration (ms): 895.3 | throughput per GPU (TFLOP/s/GPU): 361.4 | tokens/sec/GPU: 73203 | learning rate: 8.904542E-05 | global batch size:   512 | lm loss: 3.071044E+00 | loss scale: 1.0 | grad norm: 0.865 | number of skipped iterations:   0 | number of nan iterations:   0 |
7: [default3]: [2026-05-24 07:01:02.757424] iteration      491/    1819 | consumed samples:       251392 | elapsed time per iteration (ms): 894.3 | throughput per GPU (TFLOP/s/GPU): 361.8 | tokens/sec/GPU: 73281 | learning rate: 8.899159E-05 | global batch size:   512 | lm loss: 3.099543E+00 | loss scale: 1.0 | grad norm: 0.800 | number of skipped iterations:   0 | number of nan iterations:   0 |
7: [default3]: [2026-05-24 07:01:03.652266] iteration      492/    1819 | consumed samples:       251904 | elapsed time per iteration (ms): 894.6 | throughput per GPU (TFLOP/s/GPU): 361.6 | tokens/sec/GPU: 73253 | learning rate: 8.893764E-05 | global batch size:   512 | lm loss: 3.089163E+00 | loss scale: 1.0 | grad norm: 0.721 | number of skipped iterations:   0 | number of nan iterations:   0 |
7: [default3]: [2026-05-24 07:01:09.796578] iteration      493/    1819 | consumed samples:       252416 | elapsed time per iteration (ms): 6144.1 | throughput per GPU (TFLOP/s/GPU): 52.7 | tokens/sec/GPU: 10666 | learning rate: 8.888358E-05 | global batch size:   512 | lm loss: 3.088388E+00 | loss scale: 1.0 | grad norm: 1.002 | number of skipped iterations:   0 | number of nan iterations:   0 |
7: [default3]: [2026-05-24 07:01:10.688058] iteration      494/    1819 | consumed samples:       252928 | elapsed time per iteration (ms): 891.2 | throughput per GPU (TFLOP/s/GPU): 363.0 | tokens/sec/GPU: 73538 | learning rate: 8.882940E-05 | global batch size:   512 | lm loss: 3.091829E+00 | loss scale: 1.0 | grad norm: 0.780 | number of skipped iterations:   0 | number of nan iterations:   0 |
7: [default3]: [2026-05-24 07:01:11.587310] iteration      495/    1819 | consumed samples:       253440 | elapsed time per iteration (ms): 899.0 | throughput per GPU (TFLOP/s/GPU): 359.9 | tokens/sec/GPU: 72897 | learning rate: 8.877512E-05 | global batch size:   512 | lm loss: 3.084172E+00 | loss scale: 1.0 | grad norm: 0.715 | number of skipped iterations:   0 | number of nan iterations:   0 |
7: [default3]: [2026-05-24 07:01:12.486222] iteration      496/    1819 | consumed samples:       253952 | elapsed time per iteration (ms): 898.7 | throughput per GPU (TFLOP/s/GPU): 360.0 | tokens/sec/GPU: 72923 | learning rate: 8.872071E-05 | global batch size:   512 | lm loss: 3.082363E+00 | loss scale: 1.0 | grad norm: 0.782 | number of skipped iterations:   0 | number of nan iterations:   0 |
7: [default3]: [2026-05-24 07:01:21.392748] iteration      497/    1819 | consumed samples:       254464 | elapsed time per iteration (ms): 8906.4 | throughput per GPU (TFLOP/s/GPU): 36.3 | tokens/sec/GPU: 7358 | learning rate: 8.866619E-05 | global batch size:   512 | lm loss: 3.073218E+00 | loss scale: 1.0 | grad norm: 0.683 | number of skipped iterations:   0 | number of nan iterations:   0 |
7: [default3]: [2026-05-24 07:01:22.289249] iteration      498/    1819 | consumed samples:       254976 | elapsed time per iteration (ms): 896.2 | throughput per GPU (TFLOP/s/GPU): 361.0 | tokens/sec/GPU: 73124 | learning rate: 8.861157E-05 | global batch size:   512 | lm loss: 3.077164E+00 | loss scale: 1.0 | grad norm: 0.670 | number of skipped iterations:   0 | number of nan iterations:   0 |
7: [default3]: [2026-05-24 07:01:23.184338] iteration      499/    1819 | consumed samples:       255488 | elapsed time per iteration (ms): 894.9 | throughput per GPU (TFLOP/s/GPU): 361.5 | tokens/sec/GPU: 73234 | learning rate: 8.855683E-05 | global batch size:   512 | lm loss: 3.097262E+00 | loss scale: 1.0 | grad norm: 0.684 | number of skipped iterations:   0 | number of nan iterations:   0 |
7: [default3]: [2026-05-24 07:01:24.084716] iteration      500/    1819 | consumed samples:       256000 | elapsed time per iteration (ms): 900.1 | throughput per GPU (TFLOP/s/GPU): 359.4 | tokens/sec/GPU: 72808 | learning rate: 8.850198E-05 | global batch size:   512 | lm loss: 3.062383E+00 | loss scale: 1.0 | grad norm: 0.643 | number of skipped iterations:   0 | number of nan iterations:   0 |
0: [default0]:[Rank 0] (before save_checkpoint for iteration 500) memory (MB) | allocated: 4523.07 | max allocated: 27427.20 | reserved: 30354.00 | max reserved: 30354.00
0: [default0]:[2026-05-24 07:01:24.498889] saving checkpoint at iteration     500 to /iopsstor/scratch/cscs/course_00179/gipfelsturm/gipfelsturm/train-760m-8n/checkpoints in torch_dist format
0: [default0]:Storing distributed optimizer sharded state of type dp_reshardable
0: [default0]:WARNING:megatron.core.dist_checkpointing.serialization:Overwriting old incomplete / corrupted checkpoint...
0: [default0]:/iopsstor/scratch/cscs/course_00179/lsaie-ss26-gipfelsturm/Megatron-LM/megatron/core/dist_checkpointing/strategies/filesystem_async.py:509: UserWarning: Detected an existing checkpoint in /iopsstor/scratch/cscs/course_00179/gipfelsturm/gipfelsturm/train-760m-8n/checkpoints/iter_0000500, overwriting since self.overwrite=True. Past version 2.5 of PyTorch, `overwrite` will default to False. Set this variable to True to maintain this functionality or False to raise when an existing checkpoint is found.
0: [default0]:  super().prepare_local_plan(plan)
0: [default0]:/usr/local/lib/python3.12/dist-packages/torch/library.py:357: UserWarning: Warning only once for all operators,  other operators may also be overridden.
0: [default0]:  Overriding a previously registered kernel for the same operator and the same dispatch key
0: [default0]:  operator: flash_attn::_flash_attn_backward(Tensor dout, Tensor q, Tensor k, Tensor v, Tensor out, Tensor softmax_lse, Tensor(a6!)? dq, Tensor(a7!)? dk, Tensor(a8!)? dv, float dropout_p, float softmax_scale, bool causal, SymInt window_size_left, SymInt window_size_right, float softcap, Tensor? alibi_slopes, bool deterministic, Tensor? rng_state=None) -> Tensor
0: [default0]:    registered at /usr/local/lib/python3.12/dist-packages/torch/_library/custom_ops.py:926
0: [default0]:  dispatch key: ADInplaceOrView
0: [default0]:  previous kernel: no debug info
0: [default0]:       new kernel: registered at /usr/local/lib/python3.12/dist-packages/torch/_library/custom_ops.py:926 (Triggered internally at /opt/pytorch/pytorch/aten/src/ATen/core/dispatch/Op
0: eratorEntry.cpp:208.)
0: [default0]:  self.m.impl(
0: [default0]:  [2026-05-24 07:01:37.917155] successfully saved checkpoint from iteration     500 to /iopsstor/scratch/cscs/course_00179/gipfelsturm/gipfelsturm/train-760m-8n/checkpoints [ t 1/1, p 1/1 ]
0: [default0]:[Rank 0] (after save_checkpoint for iteration 500) memory (MB) | allocated: 4523.07 | max allocated: 27427.20 | reserved: 30354.00 | max reserved: 30354.00
7: [default3]:INFO:megatron.core.timers:(min, max) time across ranks (ms):
7: [default3]:    save-checkpoint ................................: (13693.75, 13693.99)
7: [default3]: [2026-05-24 07:01:39.091269] iteration      501/    1819 | consumed samples:       256512 | elapsed time per iteration (ms): 1303.0 | throughput per GPU (TFLOP/s/GPU): 248.3 | tokens/sec/GPU: 50295 | learning rate: 8.844702E-05 | global batch size:   512 | lm loss: 3.110354E+00 | loss scale: 1.0 | grad norm: 0.709 | number of skipped iterations:   0 | number of nan iterations:   0 |
7: [default3]: [2026-05-24 07:01:39.971774] iteration      502/    1819 | consumed samples:       257024 | elapsed time per iteration (ms): 880.3 | throughput per GPU (TFLOP/s/GPU): 367.5 | tokens/sec/GPU: 74449 | learning rate: 8.839194E-05 | global batch size:   512 | lm loss: 3.094941E+00 | loss scale: 1.0 | grad norm: 0.660 | number of skipped iterations:   0 | number of nan iterations:   0 |
7: [default3]: [2026-05-24 07:01:40.867041] iteration      503/    1819 | consumed samples:       257536 | elapsed time per iteration (ms): 894.9 | throughput per GPU (TFLOP/s/GPU): 361.5 | tokens/sec/GPU: 73229 | learning rate: 8.833676E-05 | global batch size:   512 | lm loss: 3.045122E+00 | loss scale: 1.0 | grad norm: 0.590 | number of skipped iterations:   0 | number of nan iterations:   0 |
7: [default3]: [2026-05-24 07:01:41.764851] iteration      504/    1819 | consumed samples:       258048 | elapsed time per iteration (ms): 897.6 | throughput per GPU (TFLOP/s/GPU): 360.4 | tokens/sec/GPU: 73011 | learning rate: 8.828146E-05 | global batch size:   512 | lm loss: 3.043606E+00 | loss scale: 1.0 | grad norm: 0.615 | number of skipped iterations:   0 | number of nan iterations:   0 |
7: [default3]: [2026-05-24 07:01:42.672741] iteration      505/    1819 | consumed samples:       258560 | elapsed time per iteration (ms): 907.5 | throughput per GPU (TFLOP/s/GPU): 356.5 | tokens/sec/GPU: 72215 | learning rate: 8.822605E-05 | global batch size:   512 | lm loss: 3.059612E+00 | loss scale: 1.0 | grad norm: 0.587 | number of skipped iterations:   0 | number of nan iterations:   0 |
7: [default3]: [2026-05-24 07:01:43.573066] iteration      506/    1819 | consumed samples:       259072 | elapsed time per iteration (ms): 900.0 | throughput per GPU (TFLOP/s/GPU): 359.5 | tokens/sec/GPU: 72819 | learning rate: 8.817053E-05 | global batch size:   512 | lm loss: 3.070265E+00 | loss scale: 1.0 | grad norm: 0.556 | number of skipped iterations:   0 | number of nan iterations:   0 |
7: [default3]: [2026-05-24 07:01:44.483233] iteration      507/    1819 | consumed samples:       259584 | elapsed time per iteration (ms): 909.8 | throughput per GPU (TFLOP/s/GPU): 355.6 | tokens/sec/GPU: 72030 | learning rate: 8.811490E-05 | global batch size:   512 | lm loss: 3.040604E+00 | loss scale: 1.0 | grad norm: 0.593 | number of skipped iterations:   0 | number of nan iterations:   0 |
7: [default3]: [2026-05-24 07:01:45.394542] iteration      508/    1819 | consumed samples:       260096 | elapsed time per iteration (ms): 911.0 | throughput per GPU (TFLOP/s/GPU): 355.2 | tokens/sec/GPU: 71942 | learning rate: 8.805916E-05 | global batch size:   512 | lm loss: 3.022077E+00 | loss scale: 1.0 | grad norm: 0.594 | number of skipped iterations:   0 | number of nan iterations:   0 |
7: [default3]: [2026-05-24 07:01:53.178116] iteration      509/    1819 | consumed samples:       260608 | elapsed time per iteration (ms): 7783.4 | throughput per GPU (TFLOP/s/GPU): 41.6 | tokens/sec/GPU: 8420 | learning rate: 8.800331E-05 | global batch size:   512 | lm loss: 3.024525E+00 | loss scale: 1.0 | grad norm: 0.624 | number of skipped iterations:   0 | number of nan iterations:   0 |
7: [default3]: [2026-05-24 07:01:54.068504] iteration      510/    1819 | consumed samples:       261120 | elapsed time per iteration (ms): 890.2 | throughput per GPU (TFLOP/s/GPU): 363.5 | tokens/sec/GPU: 73622 | learning rate: 8.794735E-05 | global batch size:   512 | lm loss: 3.021074E+00 | loss scale: 1.0 | grad norm: 0.588 | number of skipped iterations:   0 | number of nan iterations:   0 |
7: [default3]: [2026-05-24 07:01:54.969229] iteration      511/    1819 | consumed samples:       261632 | elapsed time per iteration (ms): 900.5 | throughput per GPU (TFLOP/s/GPU): 359.3 | tokens/sec/GPU: 72776 | learning rate: 8.789128E-05 | global batch size:   512 | lm loss: 3.028672E+00 | loss scale: 1.0 | grad norm: 0.589 | number of skipped iterations:   0 | number of nan iterations:   0 |
7: [default3]: [2026-05-24 07:01:56.991346] iteration      512/    1819 | consumed samples:       262144 | elapsed time per iteration (ms): 2021.9 | throughput per GPU (TFLOP/s/GPU): 160.0 | tokens/sec/GPU: 32413 | learning rate: 8.783510E-05 | global batch size:   512 | lm loss: 3.041731E+00 | loss scale: 1.0 | grad norm: 0.841 | number of skipped iterations:   0 | number of nan iterations:   0 |
7: [default3]: [2026-05-24 07:02:04.566382] iteration      513/    1819 | consumed samples:       262656 | elapsed time per iteration (ms): 7574.8 | throughput per GPU (TFLOP/s/GPU): 42.7 | tokens/sec/GPU: 8652 | learning rate: 8.777880E-05 | global batch size:   512 | lm loss: 3.029035E+00 | loss scale: 1.0 | grad norm: 0.681 | number of skipped iterations:   0 | number of nan iterations:   0 |
7: [default3]: [2026-05-24 07:02:05.461856] iteration      514/    1819 | consumed samples:       263168 | elapsed time per iteration (ms): 895.3 | throughput per GPU (TFLOP/s/GPU): 361.4 | tokens/sec/GPU: 73199 | learning rate: 8.772241E-05 | global batch size:   512 | lm loss: 3.055528E+00 | loss scale: 1.0 | grad norm: 0.674 | number of skipped iterations:   0 | number of nan iterations:   0 |
7: [default3]: [2026-05-24 07:02:06.358152] iteration      515/    1819 | consumed samples:       263680 | elapsed time per iteration (ms): 895.9 | throughput per GPU (TFLOP/s/GPU): 361.1 | tokens/sec/GPU: 73153 | learning rate: 8.766590E-05 | global batch size:   512 | lm loss: 2.983200E+00 | loss scale: 1.0 | grad norm: 0.742 | number of skipped iterations:   0 | number of nan iterations:   0 |
7: [default3]: [2026-05-24 07:02:07.263443] iteration      516/    1819 | consumed samples:       264192 | elapsed time per iteration (ms): 905.1 | throughput per GPU (TFLOP/s/GPU): 357.5 | tokens/sec/GPU: 72410 | learning rate: 8.760927E-05 | global batch size:   512 | lm loss: 3.052473E+00 | loss scale: 1.0 | grad norm: 0.833 | number of skipped iterations:   0 | number of nan iterations:   0 |
7: [default3]: [2026-05-24 07:02:13.613907] iteration      517/    1819 | consumed samples:       264704 | elapsed time per iteration (ms): 6350.3 | throughput per GPU (TFLOP/s/GPU): 50.9 | tokens/sec/GPU: 10320 | learning rate: 8.755255E-05 | global batch size:   512 | lm loss: 3.021130E+00 | loss scale: 1.0 | grad norm: 0.724 | number of skipped iterations:   0 | number of nan iterations:   0 |
7: [default3]: [2026-05-24 07:02:14.505206] iteration      518/    1819 | consumed samples:       265216 | elapsed time per iteration (ms): 890.3 | throughput per GPU (TFLOP/s/GPU): 363.4 | tokens/sec/GPU: 73608 | learning rate: 8.749571E-05 | global batch size:   512 | lm loss: 3.079501E+00 | loss scale: 1.0 | grad norm: 0.688 | number of skipped iterations:   0 | number of nan iterations:   0 |
7: [default3]: [2026-05-24 07:02:17.262170] iteration      519/    1819 | consumed samples:       265728 | elapsed time per iteration (ms): 2756.6 | throughput per GPU (TFLOP/s/GPU): 117.4 | tokens/sec/GPU: 23775 | learning rate: 8.743877E-05 | global batch size:   512 | lm loss: 2.988258E+00 | loss scale: 1.0 | grad norm: 0.651 | number of skipped iterations:   0 | number of nan iterations:   0 |
7: [default3]: [2026-05-24 07:02:18.157286] iteration      520/    1819 | consumed samples:       266240 | elapsed time per iteration (ms): 894.9 | throughput per GPU (TFLOP/s/GPU): 361.5 | tokens/sec/GPU: 73229 | learning rate: 8.738171E-05 | global batch size:   512 | lm loss: 3.032168E+00 | loss scale: 1.0 | grad norm: 0.843 | number of skipped iterations:   0 | number of nan iterations:   0 |
7: [default3]: [2026-05-24 07:02:23.298462] iteration      521/    1819 | consumed samples:       266752 | elapsed time per iteration (ms): 5141.0 | throughput per GPU (TFLOP/s/GPU): 62.9 | tokens/sec/GPU: 12748 | learning rate: 8.732455E-05 | global batch size:   512 | lm loss: 3.026388E+00 | loss scale: 1.0 | grad norm: 0.565 | number of skipped iterations:   0 | number of nan iterations:   0 |
7: [default3]: [2026-05-24 07:02:24.189435] iteration      522/    1819 | consumed samples:       267264 | elapsed time per iteration (ms): 890.5 | throughput per GPU (TFLOP/s/GPU): 363.3 | tokens/sec/GPU: 73594 | learning rate: 8.726728E-05 | global batch size:   512 | lm loss: 3.016846E+00 | loss scale: 1.0 | grad norm: 0.609 | number of skipped iterations:   0 | number of nan iterations:   0 |
7: [default3]: [2026-05-24 07:02:25.458430] iteration      523/    1819 | consumed samples:       267776 | elapsed time per iteration (ms): 1268.8 | throughput per GPU (TFLOP/s/GPU): 255.0 | tokens/sec/GPU: 51652 | learning rate: 8.720990E-05 | global batch size:   512 | lm loss: 3.010895E+00 | loss scale: 1.0 | grad norm: 0.735 | number of skipped iterations:   0 | number of nan iterations:   0 |
7: [default3]: [2026-05-24 07:02:26.352825] iteration      524/    1819 | consumed samples:       268288 | elapsed time per iteration (ms): 894.1 | throughput per GPU (TFLOP/s/GPU): 361.8 | tokens/sec/GPU: 73295 | learning rate: 8.715242E-05 | global batch size:   512 | lm loss: 3.010320E+00 | loss scale: 1.0 | grad norm: 0.922 | number of skipped iterations:   0 | number of nan iterations:   0 |
7: [default3]: [2026-05-24 07:02:32.288772] iteration      525/    1819 | consumed samples:       268800 | elapsed time per iteration (ms): 5935.8 | throughput per GPU (TFLOP/s/GPU): 54.5 | tokens/sec/GPU: 11041 | learning rate: 8.709483E-05 | global batch size:   512 | lm loss: 3.028851E+00 | loss scale: 1.0 | grad norm: 0.890 | number of skipped iterations:   0 | number of nan iterations:   0 |
7: [default3]: [2026-05-24 07:02:33.179092] iteration      526/    1819 | consumed samples:       269312 | elapsed time per iteration (ms): 890.1 | throughput per GPU (TFLOP/s/GPU): 363.5 | tokens/sec/GPU: 73625 | learning rate: 8.703713E-05 | global batch size:   512 | lm loss: 3.031265E+00 | loss scale: 1.0 | grad norm: 0.828 | number of skipped iterations:   0 | number of nan iterations:   0 |
7: [default3]: [2026-05-24 07:02:34.857687] iteration      527/    1819 | consumed samples:       269824 | elapsed time per iteration (ms): 1678.4 | throughput per GPU (TFLOP/s/GPU): 192.8 | tokens/sec/GPU: 39047 | learning rate: 8.697932E-05 | global batch size:   512 | lm loss: 3.042558E+00 | loss scale: 1.0 | grad norm: 0.758 | number of skipped iterations:   0 | number of nan iterations:   0 |
7: [default3]: [2026-05-24 07:02:35.758579] iteration      528/    1819 | consumed samples:       270336 | elapsed time per iteration (ms): 900.6 | throughput per GPU (TFLOP/s/GPU): 359.2 | tokens/sec/GPU: 72766 | learning rate: 8.692141E-05 | global batch size:   512 | lm loss: 2.965727E+00 | loss scale: 1.0 | grad norm: 0.851 | number of skipped iterations:   0 | number of nan iterations:   0 |
7: [default3]: [2026-05-24 07:02:40.478341] iteration      529/    1819 | consumed samples:       270848 | elapsed time per iteration (ms): 4719.5 | throughput per GPU (TFLOP/s/GPU): 68.6 | tokens/sec/GPU: 13886 | learning rate: 8.686339E-05 | global batch size:   512 | lm loss: 3.006002E+00 | loss scale: 1.0 | grad norm: 0.757 | number of skipped iterations:   0 | number of nan iterations:   0 |
7: [default3]: [2026-05-24 07:02:41.370504] iteration      530/    1819 | consumed samples:       271360 | elapsed time per iteration (ms): 891.9 | throughput per GPU (TFLOP/s/GPU): 362.8 | tokens/sec/GPU: 73482 | learning rate: 8.680527E-05 | global batch size:   512 | lm loss: 3.019393E+00 | loss scale: 1.0 | grad norm: 0.720 | number of skipped iterations:   0 | number of nan iterations:   0 |
7: [default3]: [2026-05-24 07:02:44.373190] iteration      531/    1819 | consumed samples:       271872 | elapsed time per iteration (ms): 3002.5 | throughput per GPU (TFLOP/s/GPU): 107.8 | tokens/sec/GPU: 21827 | learning rate: 8.674703E-05 | global batch size:   512 | lm loss: 3.030335E+00 | loss scale: 1.0 | grad norm: 0.724 | number of skipped iterations:   0 | number of nan iterations:   0 |
7: [default3]: [2026-05-24 07:02:45.256321] iteration      532/    1819 | consumed samples:       272384 | elapsed time per iteration (ms): 883.0 | throughput per GPU (TFLOP/s/GPU): 366.4 | tokens/sec/GPU: 74223 | learning rate: 8.668869E-05 | global batch size:   512 | lm loss: 3.063982E+00 | loss scale: 1.0 | grad norm: 0.844 | number of skipped iterations:   0 | number of nan iterations:   0 |
7: [default3]: [2026-05-24 07:02:48.475319] iteration      533/    1819 | consumed samples:       272896 | elapsed time per iteration (ms): 3218.8 | throughput per GPU (TFLOP/s/GPU): 100.5 | tokens/sec/GPU: 20360 | learning rate: 8.663025E-05 | global batch size:   512 | lm loss: 3.040834E+00 | loss scale: 1.0 | grad norm: 0.757 | number of skipped iterations:   0 | number of nan iterations:   0 |
7: [default3]: [2026-05-24 07:02:52.424815] iteration      534/    1819 | consumed samples:       273408 | elapsed time per iteration (ms): 3949.3 | throughput per GPU (TFLOP/s/GPU): 81.9 | tokens/sec/GPU: 16594 | learning rate: 8.657170E-05 | global batch size:   512 | lm loss: 3.001170E+00 | loss scale: 1.0 | grad norm: 0.760 | number of skipped iterations:   0 | number of nan iterations:   0 |
7: [default3]: [2026-05-24 07:02:56.042850] iteration      535/    1819 | consumed samples:       273920 | elapsed time per iteration (ms): 3617.9 | throughput per GPU (TFLOP/s/GPU): 89.4 | tokens/sec/GPU: 18115 | learning rate: 8.651304E-05 | global batch size:   512 | lm loss: 2.961755E+00 | loss scale: 1.0 | grad norm: 0.767 | number of skipped iterations:   0 | number of nan iterations:   0 |
7: [default3]: [2026-05-24 07:02:56.932484] iteration      536/    1819 | consumed samples:       274432 | elapsed time per iteration (ms): 889.4 | throughput per GPU (TFLOP/s/GPU): 363.8 | tokens/sec/GPU: 73685 | learning rate: 8.645428E-05 | global batch size:   512 | lm loss: 2.986581E+00 | loss scale: 1.0 | grad norm: 0.695 | number of skipped iterations:   0 | number of nan iterations:   0 |
7: [default3]: [2026-05-24 07:03:00.578208] iteration      537/    1819 | consumed samples:       274944 | elapsed time per iteration (ms): 3645.6 | throughput per GPU (TFLOP/s/GPU): 88.7 | tokens/sec/GPU: 17977 | learning rate: 8.639542E-05 | global batch size:   512 | lm loss: 3.041697E+00 | loss scale: 1.0 | grad norm: 0.762 | number of skipped iterations:   0 | number of nan iterations:   0 |
7: [default3]: [2026-05-24 07:03:01.469508] iteration      538/    1819 | consumed samples:       275456 | elapsed time per iteration (ms): 891.1 | throughput per GPU (TFLOP/s/GPU): 363.1 | tokens/sec/GPU: 73546 | learning rate: 8.633645E-05 | global batch size:   512 | lm loss: 2.960448E+00 | loss scale: 1.0 | grad norm: 0.719 | number of skipped iterations:   0 | number of nan iterations:   0 |
7: [default3]: [2026-05-24 07:03:04.580262] iteration      539/    1819 | consumed samples:       275968 | elapsed time per iteration (ms): 3110.6 | throughput per GPU (TFLOP/s/GPU): 104.0 | tokens/sec/GPU: 21069 | learning rate: 8.627737E-05 | global batch size:   512 | lm loss: 3.000185E+00 | loss scale: 1.0 | grad norm: 0.736 | number of skipped iterations:   0 | number of nan iterations:   0 |
7: [default3]: [2026-05-24 07:03:05.473143] iteration      540/    1819 | consumed samples:       276480 | elapsed time per iteration (ms): 892.6 | throughput per GPU (TFLOP/s/GPU): 362.5 | tokens/sec/GPU: 73420 | learning rate: 8.621819E-05 | global batch size:   512 | lm loss: 3.025387E+00 | loss scale: 1.0 | grad norm: 0.648 | number of skipped iterations:   0 | number of nan iterations:   0 |
7: [default3]: [2026-05-24 07:03:07.931689] iteration      541/    1819 | consumed samples:       276992 | elapsed time per iteration (ms): 2458.2 | throughput per GPU (TFLOP/s/GPU): 131.6 | tokens/sec/GPU: 26660 | learning rate: 8.615891E-05 | global batch size:   512 | lm loss: 2.999279E+00 | loss scale: 1.0 | grad norm: 0.701 | number of skipped iterations:   0 | number of nan iterations:   0 |
7: [default3]: [2026-05-24 07:03:08.833360] iteration      542/    1819 | consumed samples:       277504 | elapsed time per iteration (ms): 901.5 | throughput per GPU (TFLOP/s/GPU): 358.9 | tokens/sec/GPU: 72697 | learning rate: 8.609952E-05 | global batch size:   512 | lm loss: 2.986654E+00 | loss scale: 1.0 | grad norm: 0.646 | number of skipped iterations:   0 | number of nan iterations:   0 |
7: [default3]: [2026-05-24 07:03:12.243540] iteration      543/    1819 | consumed samples:       278016 | elapsed time per iteration (ms): 3410.0 | throughput per GPU (TFLOP/s/GPU): 94.9 | tokens/sec/GPU: 19219 | learning rate: 8.604003E-05 | global batch size:   512 | lm loss: 3.011075E+00 | loss scale: 1.0 | grad norm: 0.673 | number of skipped iterations:   0 | number of nan iterations:   0 |
7: [default3]: [2026-05-24 07:03:13.139105] iteration      544/    1819 | consumed samples:       278528 | elapsed time per iteration (ms): 895.4 | throughput per GPU (TFLOP/s/GPU): 361.4 | tokens/sec/GPU: 73196 | learning rate: 8.598043E-05 | global batch size:   512 | lm loss: 2.968366E+00 | loss scale: 1.0 | grad norm: 0.739 | number of skipped iterations:   0 | number of nan iterations:   0 |
7: [default3]: [2026-05-24 07:03:14.046341] iteration      545/    1819 | consumed samples:       279040 | elapsed time per iteration (ms): 907.0 | throughput per GPU (TFLOP/s/GPU): 356.7 | tokens/sec/GPU: 72254 | learning rate: 8.592073E-05 | global batch size:   512 | lm loss: 3.005875E+00 | loss scale: 1.0 | grad norm: 0.809 | number of skipped iterations:   0 | number of nan iterations:   0 |
7: [default3]: [2026-05-24 07:03:14.955213] iteration      546/    1819 | consumed samples:       279552 | elapsed time per iteration (ms): 908.6 | throughput per GPU (TFLOP/s/GPU): 356.1 | tokens/sec/GPU: 72126 | learning rate: 8.586093E-05 | global batch size:   512 | lm loss: 2.903157E+00 | loss scale: 1.0 | grad norm: 0.721 | number of skipped iterations:   0 | number of nan iterations:   0 |
7: [default3]: [2026-05-24 07:03:23.483853] iteration      547/    1819 | consumed samples:       280064 | elapsed time per iteration (ms): 8528.5 | throughput per GPU (TFLOP/s/GPU): 37.9 | tokens/sec/GPU: 7684 | learning rate: 8.580102E-05 | global batch size:   512 | lm loss: 2.960813E+00 | loss scale: 1.0 | grad norm: 0.638 | number of skipped iterations:   0 | number of nan iterations:   0 |
7: [default3]: [2026-05-24 07:03:24.367943] iteration      548/    1819 | consumed samples:       280576 | elapsed time per iteration (ms): 883.9 | throughput per GPU (TFLOP/s/GPU): 366.0 | tokens/sec/GPU: 74144 | learning rate: 8.574101E-05 | global batch size:   512 | lm loss: 2.896975E+00 | loss scale: 1.0 | grad norm: 0.657 | number of skipped iterations:   0 | number of nan iterations:   0 |
7: [default3]: [2026-05-24 07:03:25.266563] iteration      549/    1819 | consumed samples:       281088 | elapsed time per iteration (ms): 898.4 | throughput per GPU (TFLOP/s/GPU): 360.1 | tokens/sec/GPU: 72949 | learning rate: 8.568091E-05 | global batch size:   512 | lm loss: 2.969096E+00 | loss scale: 1.0 | grad norm: 0.650 | number of skipped iterations:   0 | number of nan iterations:   0 |
7: [default3]: [2026-05-24 07:03:26.170251] iteration      550/    1819 | consumed samples:       281600 | elapsed time per iteration (ms): 903.5 | throughput per GPU (TFLOP/s/GPU): 358.1 | tokens/sec/GPU: 72540 | learning rate: 8.562069E-05 | global batch size:   512 | lm loss: 2.975502E+00 | loss scale: 1.0 | grad norm: 0.687 | number of skipped iterations:   0 | number of nan iterations:   0 |
7: [default3]: [2026-05-24 07:03:33.664954] iteration      551/    1819 | consumed samples:       282112 | elapsed time per iteration (ms): 7494.5 | throughput per GPU (TFLOP/s/GPU): 43.2 | tokens/sec/GPU: 8745 | learning rate: 8.556037E-05 | global batch size:   512 | lm loss: 2.885952E+00 | loss scale: 1.0 | grad norm: 0.566 | number of skipped iterations:   0 | number of nan iterations:   0 |
7: [default3]: [2026-05-24 07:03:34.554229] iteration      552/    1819 | consumed samples:       282624 | elapsed time per iteration (ms): 889.1 | throughput per GPU (TFLOP/s/GPU): 363.9 | tokens/sec/GPU: 73714 | learning rate: 8.549995E-05 | global batch size:   512 | lm loss: 2.887748E+00 | loss scale: 1.0 | grad norm: 1.421 | number of skipped iterations:   0 | number of nan iterations:   0 |
7: [default3]: [2026-05-24 07:03:35.452051] iteration      553/    1819 | consumed samples:       283136 | elapsed time per iteration (ms): 897.6 | throughput per GPU (TFLOP/s/GPU): 360.5 | tokens/sec/GPU: 73016 | learning rate: 8.543944E-05 | global batch size:   512 | lm loss: 2.914097E+00 | loss scale: 1.0 | grad norm: 0.563 | number of skipped iterations:   0 | number of nan iterations:   0 |
7: [default3]: [2026-05-24 07:03:36.360596] iteration      554/    1819 | consumed samples:       283648 | elapsed time per iteration (ms): 908.4 | throughput per GPU (TFLOP/s/GPU): 356.2 | tokens/sec/GPU: 72146 | learning rate: 8.537882E-05 | global batch size:   512 | lm loss: 2.928500E+00 | loss scale: 1.0 | grad norm: 0.565 | number of skipped iterations:   0 | number of nan iterations:   0 |
7: [default3]: [2026-05-24 07:03:42.924794] iteration      555/    1819 | consumed samples:       284160 | elapsed time per iteration (ms): 6564.0 | throughput per GPU (TFLOP/s/GPU): 49.3 | tokens/sec/GPU: 9984 | learning rate: 8.531809E-05 | global batch size:   512 | lm loss: 2.972924E+00 | loss scale: 1.0 | grad norm: 0.579 | number of skipped iterations:   0 | number of nan iterations:   0 |
7: [default3]: [2026-05-24 07:03:43.817494] iteration      556/    1819 | consumed samples:       284672 | elapsed time per iteration (ms): 892.5 | throughput per GPU (TFLOP/s/GPU): 362.5 | tokens/sec/GPU: 73429 | learning rate: 8.525727E-05 | global batch size:   512 | lm loss: 2.882896E+00 | loss scale: 1.0 | grad norm: 0.691 | number of skipped iterations:   0 | number of nan iterations:   0 |
7: [default3]: [2026-05-24 07:03:44.720840] iteration      557/    1819 | consumed samples:       285184 | elapsed time per iteration (ms): 903.1 | throughput per GPU (TFLOP/s/GPU): 358.3 | tokens/sec/GPU: 72571 | learning rate: 8.519634E-05 | global batch size:   512 | lm loss: 2.954889E+00 | loss scale: 1.0 | grad norm: 0.805 | number of skipped iterations:   0 | number of nan iterations:   0 |
7: [default3]: [2026-05-24 07:03:45.628768] iteration      558/    1819 | consumed samples:       285696 | elapsed time per iteration (ms): 907.7 | throughput per GPU (TFLOP/s/GPU): 356.4 | tokens/sec/GPU: 72198 | learning rate: 8.513532E-05 | global batch size:   512 | lm loss: 2.998669E+00 | loss scale: 1.0 | grad norm: 0.899 | number of skipped iterations:   0 | number of nan iterations:   0 |
7: [default3]: [2026-05-24 07:03:53.584939] iteration      559/    1819 | consumed samples:       286208 | elapsed time per iteration (ms): 7956.0 | throughput per GPU (TFLOP/s/GPU): 40.7 | tokens/sec/GPU: 8237 | learning rate: 8.507419E-05 | global batch size:   512 | lm loss: 2.930682E+00 | loss scale: 1.0 | grad norm: 0.794 | number of skipped iterations:   0 | number of nan iterations:   0 |
7: [default3]: [2026-05-24 07:03:54.472242] iteration      560/    1819 | consumed samples:       286720 | elapsed time per iteration (ms): 887.0 | throughput per GPU (TFLOP/s/GPU): 364.7 | tokens/sec/GPU: 73883 | learning rate: 8.501297E-05 | global batch size:   512 | lm loss: 2.903654E+00 | loss scale: 1.0 | grad norm: 0.787 | number of skipped iterations:   0 | number of nan iterations:   0 |
7: [default3]: [2026-05-24 07:03:55.370808] iteration      561/    1819 | consumed samples:       287232 | elapsed time per iteration (ms): 898.4 | throughput per GPU (TFLOP/s/GPU): 360.1 | tokens/sec/GPU: 72948 | learning rate: 8.495164E-05 | global batch size:   512 | lm loss: 2.966506E+00 | loss scale: 1.0 | grad norm: 0.756 | number of skipped iterations:   0 | number of nan iterations:   0 |
7: [default3]: [2026-05-24 07:03:56.271126] iteration      562/    1819 | consumed samples:       287744 | elapsed time per iteration (ms): 900.0 | throughput per GPU (TFLOP/s/GPU): 359.5 | tokens/sec/GPU: 72818 | learning rate: 8.489021E-05 | global batch size:   512 | lm loss: 3.023976E+00 | loss scale: 1.0 | grad norm: 0.710 | number of skipped iterations:   0 | number of nan iterations:   0 |
7: [default3]: [2026-05-24 07:04:00.591603] iteration      563/    1819 | consumed samples:       288256 | elapsed time per iteration (ms): 4320.3 | throughput per GPU (TFLOP/s/GPU): 74.9 | tokens/sec/GPU: 15169 | learning rate: 8.482868E-05 | global batch size:   512 | lm loss: 2.911658E+00 | loss scale: 1.0 | grad norm: 0.709 | number of skipped iterations:   0 | number of nan iterations:   0 |
7: [default3]: [2026-05-24 07:04:01.482031] iteration      564/    1819 | consumed samples:       288768 | elapsed time per iteration (ms): 890.2 | throughput per GPU (TFLOP/s/GPU): 363.5 | tokens/sec/GPU: 73620 | learning rate: 8.476705E-05 | global batch size:   512 | lm loss: 2.944050E+00 | loss scale: 1.0 | grad norm: 0.723 | number of skipped iterations:   0 | number of nan iterations:   0 |
7: [default3]: [2026-05-24 07:04:02.382193] iteration      565/    1819 | consumed samples:       289280 | elapsed time per iteration (ms): 900.0 | throughput per GPU (TFLOP/s/GPU): 359.5 | tokens/sec/GPU: 72819 | learning rate: 8.470532E-05 | global batch size:   512 | lm loss: 2.926560E+00 | loss scale: 1.0 | grad norm: 0.619 | number of skipped iterations:   0 | number of nan iterations:   0 |
7: [default3]: [2026-05-24 07:04:03.363434] iteration      566/    1819 | consumed samples:       289792 | elapsed time per iteration (ms): 981.1 | throughput per GPU (TFLOP/s/GPU): 329.8 | tokens/sec/GPU: 66802 | learning rate: 8.464350E-05 | global batch size:   512 | lm loss: 2.893782E+00 | loss scale: 1.0 | grad norm: 0.636 | number of skipped iterations:   0 | number of nan iterations:   0 |
7: [default3]: [2026-05-24 07:04:09.351930] iteration      567/    1819 | consumed samples:       290304 | elapsed time per iteration (ms): 5988.3 | throughput per GPU (TFLOP/s/GPU): 54.0 | tokens/sec/GPU: 10944 | learning rate: 8.458157E-05 | global batch size:   512 | lm loss: 2.968902E+00 | loss scale: 1.0 | grad norm: 0.627 | number of skipped iterations:   0 | number of nan iterations:   0 |
7: [default3]: [2026-05-24 07:04:12.633861] iteration      568/    1819 | consumed samples:       290816 | elapsed time per iteration (ms): 3281.7 | throughput per GPU (TFLOP/s/GPU): 98.6 | tokens/sec/GPU: 19970 | learning rate: 8.451955E-05 | global batch size:   512 | lm loss: 2.892514E+00 | loss scale: 1.0 | grad norm: 0.640 | number of skipped iterations:   0 | number of nan iterations:   0 |
7: [default3]: [2026-05-24 07:04:13.526499] iteration      569/    1819 | consumed samples:       291328 | elapsed time per iteration (ms): 892.2 | throughput per GPU (TFLOP/s/GPU): 362.6 | tokens/sec/GPU: 73451 | learning rate: 8.445743E-05 | global batch size:   512 | lm loss: 2.913991E+00 | loss scale: 1.0 | grad norm: 0.828 | number of skipped iterations:   0 | number of nan iterations:   0 |
7: [default3]: [2026-05-24 07:04:14.433745] iteration      570/    1819 | consumed samples:       291840 | elapsed time per iteration (ms): 907.0 | throughput per GPU (TFLOP/s/GPU): 356.7 | tokens/sec/GPU: 72252 | learning rate: 8.439521E-05 | global batch size:   512 | lm loss: 2.934976E+00 | loss scale: 1.0 | grad norm: 0.706 | number of skipped iterations:   0 | number of nan iterations:   0 |
7: [default3]: [2026-05-24 07:04:16.662176] iteration      571/    1819 | consumed samples:       292352 | elapsed time per iteration (ms): 2228.2 | throughput per GPU (TFLOP/s/GPU): 145.2 | tokens/sec/GPU: 29412 | learning rate: 8.433289E-05 | global batch size:   512 | lm loss: 2.936720E+00 | loss scale: 1.0 | grad norm: 0.636 | number of skipped iterations:   0 | number of nan iterations:   0 |
7: [default3]: [2026-05-24 07:04:20.343259] iteration      572/    1819 | consumed samples:       292864 | elapsed time per iteration (ms): 3680.9 | throughput per GPU (TFLOP/s/GPU): 87.9 | tokens/sec/GPU: 17804 | learning rate: 8.427048E-05 | global batch size:   512 | lm loss: 2.976102E+00 | loss scale: 1.0 | grad norm: 0.630 | number of skipped iterations:   0 | number of nan iterations:   0 |
7: [default3]: [2026-05-24 07:04:21.238793] iteration      573/    1819 | consumed samples:       293376 | elapsed time per iteration (ms): 894.4 | throughput per GPU (TFLOP/s/GPU): 361.7 | tokens/sec/GPU: 73272 | learning rate: 8.420796E-05 | global batch size:   512 | lm loss: 2.964046E+00 | loss scale: 1.0 | grad norm: 0.688 | number of skipped iterations:   0 | number of nan iterations:   0 |
7: [default3]: [2026-05-24 07:04:22.142812] iteration      574/    1819 | consumed samples:       293888 | elapsed time per iteration (ms): 903.8 | throughput per GPU (TFLOP/s/GPU): 358.0 | tokens/sec/GPU: 72508 | learning rate: 8.414535E-05 | global batch size:   512 | lm loss: 2.839634E+00 | loss scale: 1.0 | grad norm: 0.646 | number of skipped iterations:   0 | number of nan iterations:   0 |
7: [default3]: [2026-05-24 07:04:25.553894] iteration      575/    1819 | consumed samples:       294400 | elapsed time per iteration (ms): 3410.9 | throughput per GPU (TFLOP/s/GPU): 94.9 | tokens/sec/GPU: 19214 | learning rate: 8.408264E-05 | global batch size:   512 | lm loss: 2.915656E+00 | loss scale: 1.0 | grad norm: 0.838 | number of skipped iterations:   0 | number of nan iterations:   0 |
7: [default3]: [2026-05-24 07:04:30.581856] iteration      576/    1819 | consumed samples:       294912 | elapsed time per iteration (ms): 5027.8 | throughput per GPU (TFLOP/s/GPU): 64.4 | tokens/sec/GPU: 13035 | learning rate: 8.401983E-05 | global batch size:   512 | lm loss: 2.925093E+00 | loss scale: 1.0 | grad norm: 0.535 | number of skipped iterations:   0 | number of nan iterations:   0 |
7: [default3]: [2026-05-24 07:04:31.476627] iteration      577/    1819 | consumed samples:       295424 | elapsed time per iteration (ms): 894.5 | throughput per GPU (TFLOP/s/GPU): 361.7 | tokens/sec/GPU: 73268 | learning rate: 8.395693E-05 | global batch size:   512 | lm loss: 2.941831E+00 | loss scale: 1.0 | grad norm: 0.568 | number of skipped iterations:   0 | number of nan iterations:   0 |
7: [default3]: [2026-05-24 07:04:32.388275] iteration      578/    1819 | consumed samples:       295936 | elapsed time per iteration (ms): 910.6 | throughput per GPU (TFLOP/s/GPU): 355.3 | tokens/sec/GPU: 71973 | learning rate: 8.389393E-05 | global batch size:   512 | lm loss: 2.860033E+00 | loss scale: 1.0 | grad norm: 0.633 | number of skipped iterations:   0 | number of nan iterations:   0 |
7: [default3]: [2026-05-24 07:04:33.372134] iteration      579/    1819 | consumed samples:       296448 | elapsed time per iteration (ms): 983.2 | throughput per GPU (TFLOP/s/GPU): 329.1 | tokens/sec/GPU: 66659 | learning rate: 8.383083E-05 | global batch size:   512 | lm loss: 2.939967E+00 | loss scale: 1.0 | grad norm: 0.788 | number of skipped iterations:   0 | number of nan iterations:   0 |
7: [default3]: [2026-05-24 07:04:39.406679] iteration      580/    1819 | consumed samples:       296960 | elapsed time per iteration (ms): 6034.4 | throughput per GPU (TFLOP/s/GPU): 53.6 | tokens/sec/GPU: 10860 | learning rate: 8.376764E-05 | global batch size:   512 | lm loss: 2.892624E+00 | loss scale: 1.0 | grad norm: 0.756 | number of skipped iterations:   0 | number of nan iterations:   0 |
7: [default3]: [2026-05-24 07:04:40.296301] iteration      581/    1819 | consumed samples:       297472 | elapsed time per iteration (ms): 889.4 | throughput per GPU (TFLOP/s/GPU): 363.8 | tokens/sec/GPU: 73685 | learning rate: 8.370436E-05 | global batch size:   512 | lm loss: 2.943326E+00 | loss scale: 1.0 | grad norm: 0.695 | number of skipped iterations:   0 | number of nan iterations:   0 |
7: [default3]: [2026-05-24 07:04:41.198998] iteration      582/    1819 | consumed samples:       297984 | elapsed time per iteration (ms): 902.4 | throughput per GPU (TFLOP/s/GPU): 358.5 | tokens/sec/GPU: 72626 | learning rate: 8.364097E-05 | global batch size:   512 | lm loss: 2.899380E+00 | loss scale: 1.0 | grad norm: 0.804 | number of skipped iterations:   0 | number of nan iterations:   0 |
7: [default3]: [2026-05-24 07:04:42.100501] iteration      583/    1819 | consumed samples:       298496 | elapsed time per iteration (ms): 901.3 | throughput per GPU (TFLOP/s/GPU): 359.0 | tokens/sec/GPU: 72712 | learning rate: 8.357748E-05 | global batch size:   512 | lm loss: 3.015110E+00 | loss scale: 1.0 | grad norm: 1.538 | number of skipped iterations:   0 | number of nan iterations:   0 |
7: [default3]: [2026-05-24 07:04:45.009523] iteration      584/    1819 | consumed samples:       299008 | elapsed time per iteration (ms): 2908.8 | throughput per GPU (TFLOP/s/GPU): 111.2 | tokens/sec/GPU: 22530 | learning rate: 8.351391E-05 | global batch size:   512 | lm loss: 2.873251E+00 | loss scale: 1.0 | grad norm: 0.677 | number of skipped iterations:   0 | number of nan iterations:   0 |
7: [default3]: [2026-05-24 07:04:46.348126] iteration      585/    1819 | consumed samples:       299520 | elapsed time per iteration (ms): 1338.4 | throughput per GPU (TFLOP/s/GPU): 241.7 | tokens/sec/GPU: 48966 | learning rate: 8.345024E-05 | global batch size:   512 | lm loss: 2.935723E+00 | loss scale: 1.0 | grad norm: 0.700 | number of skipped iterations:   0 | number of nan iterations:   0 |
7: [default3]: [2026-05-24 07:04:47.234651] iteration      586/    1819 | consumed samples:       300032 | elapsed time per iteration (ms): 886.3 | throughput per GPU (TFLOP/s/GPU): 365.1 | tokens/sec/GPU: 73945 | learning rate: 8.338648E-05 | global batch size:   512 | lm loss: 2.913279E+00 | loss scale: 1.0 | grad norm: 0.645 | number of skipped iterations:   0 | number of nan iterations:   0 |
7: [default3]: [2026-05-24 07:04:51.265369] iteration      587/    1819 | consumed samples:       300544 | elapsed time per iteration (ms): 4030.5 | throughput per GPU (TFLOP/s/GPU): 80.3 | tokens/sec/GPU: 16260 | learning rate: 8.332261E-05 | global batch size:   512 | lm loss: 2.926002E+00 | loss scale: 1.0 | grad norm: 0.694 | number of skipped iterations:   0 | number of nan iterations:   0 |
7: [default3]: [2026-05-24 07:04:54.557970] iteration      588/    1819 | consumed samples:       301056 | elapsed time per iteration (ms): 3292.4 | throughput per GPU (TFLOP/s/GPU): 98.3 | tokens/sec/GPU: 19905 | learning rate: 8.325866E-05 | global batch size:   512 | lm loss: 2.933249E+00 | loss scale: 1.0 | grad norm: 0.746 | number of skipped iterations:   0 | number of nan iterations:   0 |
7: [default3]: [2026-05-24 07:04:55.450943] iteration      589/    1819 | consumed samples:       301568 | elapsed time per iteration (ms): 892.7 | throughput per GPU (TFLOP/s/GPU): 362.4 | tokens/sec/GPU: 73410 | learning rate: 8.319461E-05 | global batch size:   512 | lm loss: 2.928506E+00 | loss scale: 1.0 | grad norm: 0.831 | number of skipped iterations:   0 | number of nan iterations:   0 |
7: [default3]: [2026-05-24 07:04:56.346252] iteration      590/    1819 | consumed samples:       302080 | elapsed time per iteration (ms): 895.1 | throughput per GPU (TFLOP/s/GPU): 361.5 | tokens/sec/GPU: 73217 | learning rate: 8.313046E-05 | global batch size:   512 | lm loss: 2.916870E+00 | loss scale: 1.0 | grad norm: 0.990 | number of skipped iterations:   0 | number of nan iterations:   0 |
7: [default3]: [2026-05-24 07:05:00.610070] iteration      591/    1819 | consumed samples:       302592 | elapsed time per iteration (ms): 4263.6 | throughput per GPU (TFLOP/s/GPU): 75.9 | tokens/sec/GPU: 15371 | learning rate: 8.306622E-05 | global batch size:   512 | lm loss: 2.931097E+00 | loss scale: 1.0 | grad norm: 1.012 | number of skipped iterations:   0 | number of nan iterations:   0 |
7: [default3]: [2026-05-24 07:05:02.052409] iteration      592/    1819 | consumed samples:       303104 | elapsed time per iteration (ms): 1442.2 | throughput per GPU (TFLOP/s/GPU): 224.3 | tokens/sec/GPU: 45443 | learning rate: 8.300189E-05 | global batch size:   512 | lm loss: 2.919405E+00 | loss scale: 1.0 | grad norm: 0.989 | number of skipped iterations:   0 | number of nan iterations:   0 |
7: [default3]: [2026-05-24 07:05:03.352294] iteration      593/    1819 | consumed samples:       303616 | elapsed time per iteration (ms): 1299.7 | throughput per GPU (TFLOP/s/GPU): 248.9 | tokens/sec/GPU: 50426 | learning rate: 8.293747E-05 | global batch size:   512 | lm loss: 2.911683E+00 | loss scale: 1.0 | grad norm: 1.165 | number of skipped iterations:   0 | number of nan iterations:   0 |
7: [default3]: [2026-05-24 07:05:04.246399] iteration      594/    1819 | consumed samples:       304128 | elapsed time per iteration (ms): 893.9 | throughput per GPU (TFLOP/s/GPU): 362.0 | tokens/sec/GPU: 73317 | learning rate: 8.287295E-05 | global batch size:   512 | lm loss: 2.851882E+00 | loss scale: 1.0 | grad norm: 0.979 | number of skipped iterations:   0 | number of nan iterations:   0 |
7: [default3]: [2026-05-24 07:05:06.852973] iteration      595/    1819 | consumed samples:       304640 | elapsed time per iteration (ms): 2606.2 | throughput per GPU (TFLOP/s/GPU): 124.1 | tokens/sec/GPU: 25146 | learning rate: 8.280834E-05 | global batch size:   512 | lm loss: 2.966528E+00 | loss scale: 1.0 | grad norm: 1.077 | number of skipped iterations:   0 | number of nan iterations:   0 |
7: [default3]: [2026-05-24 07:05:13.027048] iteration      596/    1819 | consumed samples:       305152 | elapsed time per iteration (ms): 6173.9 | throughput per GPU (TFLOP/s/GPU): 52.4 | tokens/sec/GPU: 10615 | learning rate: 8.274363E-05 | global batch size:   512 | lm loss: 2.946087E+00 | loss scale: 1.0 | grad norm: 0.966 | number of skipped iterations:   0 | number of nan iterations:   0 |
7: [default3]: [2026-05-24 07:05:14.432136] iteration      597/    1819 | consumed samples:       305664 | elapsed time per iteration (ms): 1404.8 | throughput per GPU (TFLOP/s/GPU): 230.3 | tokens/sec/GPU: 46652 | learning rate: 8.267884E-05 | global batch size:   512 | lm loss: 2.914720E+00 | loss scale: 1.0 | grad norm: 0.808 | number of skipped iterations:   0 | number of nan iterations:   0 |
7: [default3]: [2026-05-24 07:05:15.330626] iteration      598/    1819 | consumed samples:       306176 | elapsed time per iteration (ms): 898.3 | throughput per GPU (TFLOP/s/GPU): 360.2 | tokens/sec/GPU: 72955 | learning rate: 8.261394E-05 | global batch size:   512 | lm loss: 2.901620E+00 | loss scale: 1.0 | grad norm: 0.766 | number of skipped iterations:   0 | number of nan iterations:   0 |
7: [default3]: [2026-05-24 07:05:16.228327] iteration      599/    1819 | consumed samples:       306688 | elapsed time per iteration (ms): 897.5 | throughput per GPU (TFLOP/s/GPU): 360.5 | tokens/sec/GPU: 73023 | learning rate: 8.254896E-05 | global batch size:   512 | lm loss: 2.936206E+00 | loss scale: 1.0 | grad norm: 0.758 | number of skipped iterations:   0 | number of nan iterations:   0 |
7: [default3]: [2026-05-24 07:05:20.562615] iteration      600/    1819 | consumed samples:       307200 | elapsed time per iteration (ms): 4334.1 | throughput per GPU (TFLOP/s/GPU): 74.7 | tokens/sec/GPU: 15121 | learning rate: 8.248389E-05 | global batch size:   512 | lm loss: 2.922099E+00 | loss scale: 1.0 | grad norm: 0.750 | number of skipped iterations:   0 | number of nan iterations:   0 |
7: [default3]: [2026-05-24 07:05:24.864782] iteration      601/    1819 | consumed samples:       307712 | elapsed time per iteration (ms): 4301.6 | throughput per GPU (TFLOP/s/GPU): 75.2 | tokens/sec/GPU: 15235 | learning rate: 8.241872E-05 | global batch size:   512 | lm loss: 2.870241E+00 | loss scale: 1.0 | grad norm: 0.566 | number of skipped iterations:   0 | number of nan iterations:   0 |
7: [default3]: [2026-05-24 07:05:25.769801] iteration      602/    1819 | consumed samples:       308224 | elapsed time per iteration (ms): 904.7 | throughput per GPU (TFLOP/s/GPU): 357.6 | tokens/sec/GPU: 72438 | learning rate: 8.235346E-05 | global batch size:   512 | lm loss: 2.928916E+00 | loss scale: 1.0 | grad norm: 0.652 | number of skipped iterations:   0 | number of nan iterations:   0 |
7: [default3]: [2026-05-24 07:05:26.665519] iteration      603/    1819 | consumed samples:       308736 | elapsed time per iteration (ms): 895.5 | throughput per GPU (TFLOP/s/GPU): 361.3 | tokens/sec/GPU: 73184 | learning rate: 8.228812E-05 | global batch size:   512 | lm loss: 2.919661E+00 | loss scale: 1.0 | grad norm: 0.554 | number of skipped iterations:   0 | number of nan iterations:   0 |
7: [default3]: [2026-05-24 07:05:29.910628] iteration      604/    1819 | consumed samples:       309248 | elapsed time per iteration (ms): 3245.0 | throughput per GPU (TFLOP/s/GPU): 99.7 | tokens/sec/GPU: 20196 | learning rate: 8.222268E-05 | global batch size:   512 | lm loss: 2.860568E+00 | loss scale: 1.0 | grad norm: 0.539 | number of skipped iterations:   0 | number of nan iterations:   0 |
7: [default3]: [2026-05-24 07:05:33.649447] iteration      605/    1819 | consumed samples:       309760 | elapsed time per iteration (ms): 3738.5 | throughput per GPU (TFLOP/s/GPU): 86.5 | tokens/sec/GPU: 17530 | learning rate: 8.215715E-05 | global batch size:   512 | lm loss: 2.856472E+00 | loss scale: 1.0 | grad norm: 0.503 | number of skipped iterations:   0 | number of nan iterations:   0 |
7: [default3]: [2026-05-24 07:05:34.538946] iteration      606/    1819 | consumed samples:       310272 | elapsed time per iteration (ms): 889.3 | throughput per GPU (TFLOP/s/GPU): 363.8 | tokens/sec/GPU: 73692 | learning rate: 8.209153E-05 | global batch size:   512 | lm loss: 2.958546E+00 | loss scale: 1.0 | grad norm: 0.875 | number of skipped iterations:   0 | number of nan iterations:   0 |
7: [default3]: [2026-05-24 07:05:35.434467] iteration      607/    1819 | consumed samples:       310784 | elapsed time per iteration (ms): 895.3 | throughput per GPU (TFLOP/s/GPU): 361.4 | tokens/sec/GPU: 73201 | learning rate: 8.202581E-05 | global batch size:   512 | lm loss: 2.925953E+00 | loss scale: 1.0 | grad norm: 0.559 | number of skipped iterations:   0 | number of nan iterations:   0 |
7: [default3]: [2026-05-24 07:05:39.377941] iteration      608/    1819 | consumed samples:       311296 | elapsed time per iteration (ms): 3943.3 | throughput per GPU (TFLOP/s/GPU): 82.0 | tokens/sec/GPU: 16620 | learning rate: 8.196001E-05 | global batch size:   512 | lm loss: 2.917872E+00 | loss scale: 1.0 | grad norm: 0.576 | number of skipped iterations:   0 | number of nan iterations:   0 |
7: [default3]: [2026-05-24 07:05:44.595101] iteration      609/    1819 | consumed samples:       311808 | elapsed time per iteration (ms): 5217.0 | throughput per GPU (TFLOP/s/GPU): 62.0 | tokens/sec/GPU: 12562 | learning rate: 8.189412E-05 | global batch size:   512 | lm loss: 2.821094E+00 | loss scale: 1.0 | grad norm: 0.568 | number of skipped iterations:   0 | number of nan iterations:   0 |
7: [default3]: [2026-05-24 07:05:45.480404] iteration      610/    1819 | consumed samples:       312320 | elapsed time per iteration (ms): 885.1 | throughput per GPU (TFLOP/s/GPU): 365.5 | tokens/sec/GPU: 74040 | learning rate: 8.182814E-05 | global batch size:   512 | lm loss: 2.880060E+00 | loss scale: 1.0 | grad norm: 0.591 | number of skipped iterations:   0 | number of nan iterations:   0 |
7: [default3]: [2026-05-24 07:05:46.376483] iteration      611/    1819 | consumed samples:       312832 | elapsed time per iteration (ms): 895.8 | throughput per GPU (TFLOP/s/GPU): 361.2 | tokens/sec/GPU: 73158 | learning rate: 8.176207E-05 | global batch size:   512 | lm loss: 2.938423E+00 | loss scale: 1.0 | grad norm: 0.601 | number of skipped iterations:   0 | number of nan iterations:   0 |
7: [default3]: [2026-05-24 07:05:48.703659] iteration      612/    1819 | consumed samples:       313344 | elapsed time per iteration (ms): 2327.0 | throughput per GPU (TFLOP/s/GPU): 139.0 | tokens/sec/GPU: 28163 | learning rate: 8.169591E-05 | global batch size:   512 | lm loss: 2.898629E+00 | loss scale: 1.0 | grad norm: 0.580 | number of skipped iterations:   0 | number of nan iterations:   0 |
7: [default3]: [2026-05-24 07:05:53.970516] iteration      613/    1819 | consumed samples:       313856 | elapsed time per iteration (ms): 5266.6 | throughput per GPU (TFLOP/s/GPU): 61.4 | tokens/sec/GPU: 12444 | learning rate: 8.162965E-05 | global batch size:   512 | lm loss: 2.894316E+00 | loss scale: 1.0 | grad norm: 0.601 | number of skipped iterations:   0 | number of nan iterations:   0 |
7: [default3]: [2026-05-24 07:05:54.861639] iteration      614/    1819 | consumed samples:       314368 | elapsed time per iteration (ms): 890.9 | throughput per GPU (TFLOP/s/GPU): 363.1 | tokens/sec/GPU: 73559 | learning rate: 8.156332E-05 | global batch size:   512 | lm loss: 2.895308E+00 | loss scale: 1.0 | grad norm: 0.664 | number of skipped iterations:   0 | number of nan iterations:   0 |
7: [default3]: [2026-05-24 07:05:55.754536] iteration      615/    1819 | consumed samples:       314880 | elapsed time per iteration (ms): 892.7 | throughput per GPU (TFLOP/s/GPU): 362.4 | tokens/sec/GPU: 73415 | learning rate: 8.149689E-05 | global batch size:   512 | lm loss: 2.924354E+00 | loss scale: 1.0 | grad norm: 0.619 | number of skipped iterations:   0 | number of nan iterations:   0 |
7: [default3]: [2026-05-24 07:05:56.886635] iteration      616/    1819 | consumed samples:       315392 | elapsed time per iteration (ms): 1131.8 | throughput per GPU (TFLOP/s/GPU): 285.9 | tokens/sec/GPU: 57903 | learning rate: 8.143037E-05 | global batch size:   512 | lm loss: 2.881805E+00 | loss scale: 1.0 | grad norm: 0.621 | number of skipped iterations:   0 | number of nan iterations:   0 |
7: [default3]: [2026-05-24 07:06:03.362929] iteration      617/    1819 | consumed samples:       315904 | elapsed time per iteration (ms): 6476.0 | throughput per GPU (TFLOP/s/GPU): 50.0 | tokens/sec/GPU: 10120 | learning rate: 8.136377E-05 | global batch size:   512 | lm loss: 2.843971E+00 | loss scale: 1.0 | grad norm: 0.920 | number of skipped iterations:   0 | number of nan iterations:   0 |
7: [default3]: [2026-05-24 07:06:04.251372] iteration      618/    1819 | consumed samples:       316416 | elapsed time per iteration (ms): 888.3 | throughput per GPU (TFLOP/s/GPU): 364.2 | tokens/sec/GPU: 73780 | learning rate: 8.129708E-05 | global batch size:   512 | lm loss: 2.878061E+00 | loss scale: 1.0 | grad norm: 0.575 | number of skipped iterations:   0 | number of nan iterations:   0 |
7: [default3]: [2026-05-24 07:06:05.144956] iteration      619/    1819 | consumed samples:       316928 | elapsed time per iteration (ms): 893.4 | throughput per GPU (TFLOP/s/GPU): 362.2 | tokens/sec/GPU: 73359 | learning rate: 8.123030E-05 | global batch size:   512 | lm loss: 2.798356E+00 | loss scale: 1.0 | grad norm: 0.535 | number of skipped iterations:   0 | number of nan iterations:   0 |
7: [default3]: [2026-05-24 07:06:06.047523] iteration      620/    1819 | consumed samples:       317440 | elapsed time per iteration (ms): 902.2 | throughput per GPU (TFLOP/s/GPU): 358.6 | tokens/sec/GPU: 72637 | learning rate: 8.116342E-05 | global batch size:   512 | lm loss: 2.893296E+00 | loss scale: 1.0 | grad norm: 0.546 | number of skipped iterations:   0 | number of nan iterations:   0 |
7: [default3]: [2026-05-24 07:06:10.192020] iteration      621/    1819 | consumed samples:       317952 | elapsed time per iteration (ms): 4144.1 | throughput per GPU (TFLOP/s/GPU): 78.1 | tokens/sec/GPU: 15814 | learning rate: 8.109647E-05 | global batch size:   512 | lm loss: 2.912647E+00 | loss scale: 1.0 | grad norm: 0.622 | number of skipped iterations:   0 | number of nan iterations:   0 |
7: [default3]: [2026-05-24 07:06:11.087140] iteration      622/    1819 | consumed samples:       318464 | elapsed time per iteration (ms): 894.9 | throughput per GPU (TFLOP/s/GPU): 361.5 | tokens/sec/GPU: 73234 | learning rate: 8.102943E-05 | global batch size:   512 | lm loss: 2.835608E+00 | loss scale: 1.0 | grad norm: 0.593 | number of skipped iterations:   0 | number of nan iterations:   0 |
7: [default3]: [2026-05-24 07:06:11.984270] iteration      623/    1819 | consumed samples:       318976 | elapsed time per iteration (ms): 896.9 | throughput per GPU (TFLOP/s/GPU): 360.7 | tokens/sec/GPU: 73066 | learning rate: 8.096230E-05 | global batch size:   512 | lm loss: 2.888280E+00 | loss scale: 1.0 | grad norm: 0.621 | number of skipped iterations:   0 | number of nan iterations:   0 |
7: [default3]: [2026-05-24 07:06:12.954073] iteration      624/    1819 | consumed samples:       319488 | elapsed time per iteration (ms): 969.6 | throughput per GPU (TFLOP/s/GPU): 333.7 | tokens/sec/GPU: 67591 | learning rate: 8.089508E-05 | global batch size:   512 | lm loss: 2.841831E+00 | loss scale: 1.0 | grad norm: 0.698 | number of skipped iterations:   0 | number of nan iterations:   0 |
7: [default3]: [2026-05-24 07:06:21.205965] iteration      625/    1819 | consumed samples:       320000 | elapsed time per iteration (ms): 8251.7 | throughput per GPU (TFLOP/s/GPU): 39.2 | tokens/sec/GPU: 7942 | learning rate: 8.082778E-05 | global batch size:   512 | lm loss: 2.815992E+00 | loss scale: 1.0 | grad norm: 0.657 | number of skipped iterations:   0 | number of nan iterations:   0 |
7: [default3]: [2026-05-24 07:06:22.115391] iteration      626/    1819 | consumed samples:       320512 | elapsed time per iteration (ms): 909.2 | throughput per GPU (TFLOP/s/GPU): 355.9 | tokens/sec/GPU: 72082 | learning rate: 8.076039E-05 | global batch size:   512 | lm loss: 2.866577E+00 | loss scale: 1.0 | grad norm: 1.493 | number of skipped iterations:   0 | number of nan iterations:   0 |
7: [default3]: [2026-05-24 07:06:23.019141] iteration      627/    1819 | consumed samples:       321024 | elapsed time per iteration (ms): 903.3 | throughput per GPU (TFLOP/s/GPU): 358.2 | tokens/sec/GPU: 72554 | learning rate: 8.069292E-05 | global batch size:   512 | lm loss: 2.903350E+00 | loss scale: 1.0 | grad norm: 0.584 | number of skipped iterations:   0 | number of nan iterations:   0 |
7: [default3]: [2026-05-24 07:06:23.919055] iteration      628/    1819 | consumed samples:       321536 | elapsed time per iteration (ms): 899.7 | throughput per GPU (TFLOP/s/GPU): 359.6 | tokens/sec/GPU: 72839 | learning rate: 8.062535E-05 | global batch size:   512 | lm loss: 2.865844E+00 | loss scale: 1.0 | grad norm: 0.601 | number of skipped iterations:   0 | number of nan iterations:   0 |
7: [default3]: [2026-05-24 07:06:25.747323] iteration      629/    1819 | consumed samples:       322048 | elapsed time per iteration (ms): 1828.0 | throughput per GPU (TFLOP/s/GPU): 177.0 | tokens/sec/GPU: 35850 | learning rate: 8.055771E-05 | global batch size:   512 | lm loss: 2.845981E+00 | loss scale: 1.0 | grad norm: 1.411 | number of skipped iterations:   0 | number of nan iterations:   0 |
7: [default3]: [2026-05-24 07:06:29.878003] iteration      630/    1819 | consumed samples:       322560 | elapsed time per iteration (ms): 4130.4 | throughput per GPU (TFLOP/s/GPU): 78.3 | tokens/sec/GPU: 15867 | learning rate: 8.048998E-05 | global batch size:   512 | lm loss: 2.898146E+00 | loss scale: 1.0 | grad norm: 0.551 | number of skipped iterations:   0 | number of nan iterations:   0 |
7: [default3]: [2026-05-24 07:06:30.769815] iteration      631/    1819 | consumed samples:       323072 | elapsed time per iteration (ms): 891.2 | throughput per GPU (TFLOP/s/GPU): 363.0 | tokens/sec/GPU: 73536 | learning rate: 8.042216E-05 | global batch size:   512 | lm loss: 2.896789E+00 | loss scale: 1.0 | grad norm: 0.588 | number of skipped iterations:   0 | number of nan iterations:   0 |
7: [default3]: [2026-05-24 07:06:31.672775] iteration      632/    1819 | consumed samples:       323584 | elapsed time per iteration (ms): 902.7 | throughput per GPU (TFLOP/s/GPU): 358.4 | tokens/sec/GPU: 72600 | learning rate: 8.035426E-05 | global batch size:   512 | lm loss: 2.874068E+00 | loss scale: 1.0 | grad norm: 0.623 | number of skipped iterations:   0 | number of nan iterations:   0 |
7: [default3]: [2026-05-24 07:06:34.276324] iteration      633/    1819 | consumed samples:       324096 | elapsed time per iteration (ms): 2603.2 | throughput per GPU (TFLOP/s/GPU): 124.3 | tokens/sec/GPU: 25176 | learning rate: 8.028627E-05 | global batch size:   512 | lm loss: 2.835185E+00 | loss scale: 1.0 | grad norm: 0.639 | number of skipped iterations:   0 | number of nan iterations:   0 |
7: [default3]: [2026-05-24 07:06:38.617373] iteration      634/    1819 | consumed samples:       324608 | elapsed time per iteration (ms): 4340.9 | throughput per GPU (TFLOP/s/GPU): 74.5 | tokens/sec/GPU: 15097 | learning rate: 8.021820E-05 | global batch size:   512 | lm loss: 2.912279E+00 | loss scale: 1.0 | grad norm: 0.657 | number of skipped iterations:   0 | number of nan iterations:   0 |
7: [default3]: [2026-05-24 07:06:39.506734] iteration      635/    1819 | consumed samples:       325120 | elapsed time per iteration (ms): 889.1 | throughput per GPU (TFLOP/s/GPU): 363.9 | tokens/sec/GPU: 73708 | learning rate: 8.015004E-05 | global batch size:   512 | lm loss: 2.803275E+00 | loss scale: 1.0 | grad norm: 0.737 | number of skipped iterations:   0 | number of nan iterations:   0 |
7: [default3]: [2026-05-24 07:06:40.404827] iteration      636/    1819 | consumed samples:       325632 | elapsed time per iteration (ms): 897.9 | throughput per GPU (TFLOP/s/GPU): 360.3 | tokens/sec/GPU: 72986 | learning rate: 8.008180E-05 | global batch size:   512 | lm loss: 2.840988E+00 | loss scale: 1.0 | grad norm: 0.728 | number of skipped iterations:   0 | number of nan iterations:   0 |
7: [default3]: [2026-05-24 07:06:42.295138] iteration      637/    1819 | consumed samples:       326144 | elapsed time per iteration (ms): 1890.1 | throughput per GPU (TFLOP/s/GPU): 171.2 | tokens/sec/GPU: 34673 | learning rate: 8.001348E-05 | global batch size:   512 | lm loss: 2.851518E+00 | loss scale: 1.0 | grad norm: 0.831 | number of skipped iterations:   0 | number of nan iterations:   0 |
7: [default3]: [2026-05-24 07:06:47.986297] iteration      638/    1819 | consumed samples:       326656 | elapsed time per iteration (ms): 5691.0 | throughput per GPU (TFLOP/s/GPU): 56.9 | tokens/sec/GPU: 11516 | learning rate: 7.994507E-05 | global batch size:   512 | lm loss: 2.825035E+00 | loss scale: 1.0 | grad norm: 0.853 | number of skipped iterations:   0 | number of nan iterations:   0 |
7: [default3]: [2026-05-24 07:06:48.883305] iteration      639/    1819 | consumed samples:       327168 | elapsed time per iteration (ms): 896.8 | throughput per GPU (TFLOP/s/GPU): 360.8 | tokens/sec/GPU: 73075 | learning rate: 7.987658E-05 | global batch size:   512 | lm loss: 2.830600E+00 | loss scale: 1.0 | grad norm: 0.805 | number of skipped iterations:   0 | number of nan iterations:   0 |
7: [default3]: [2026-05-24 07:06:49.779359] iteration      640/    1819 | consumed samples:       327680 | elapsed time per iteration (ms): 895.9 | throughput per GPU (TFLOP/s/GPU): 361.1 | tokens/sec/GPU: 73153 | learning rate: 7.980801E-05 | global batch size:   512 | lm loss: 2.878632E+00 | loss scale: 1.0 | grad norm: 0.762 | number of skipped iterations:   0 | number of nan iterations:   0 |
7: [default3]: [2026-05-24 07:06:50.682062] iteration      641/    1819 | consumed samples:       328192 | elapsed time per iteration (ms): 902.5 | throughput per GPU (TFLOP/s/GPU): 358.5 | tokens/sec/GPU: 72616 | learning rate: 7.973935E-05 | global batch size:   512 | lm loss: 2.871270E+00 | loss scale: 1.0 | grad norm: 2.866 | number of skipped iterations:   0 | number of nan iterations:   0 |
7: [default3]: [2026-05-24 07:06:58.546114] iteration      642/    1819 | consumed samples:       328704 | elapsed time per iteration (ms): 7863.9 | throughput per GPU (TFLOP/s/GPU): 41.1 | tokens/sec/GPU: 8334 | learning rate: 7.967062E-05 | global batch size:   512 | lm loss: 2.913472E+00 | loss scale: 1.0 | grad norm: 0.972 | number of skipped iterations:   0 | number of nan iterations:   0 |
7: [default3]: [2026-05-24 07:06:59.437121] iteration      643/    1819 | consumed samples:       329216 | elapsed time per iteration (ms): 890.8 | throughput per GPU (TFLOP/s/GPU): 363.2 | tokens/sec/GPU: 73567 | learning rate: 7.960179E-05 | global batch size:   512 | lm loss: 2.879464E+00 | loss scale: 1.0 | grad norm: 0.941 | number of skipped iterations:   0 | number of nan iterations:   0 |
7: [default3]: [2026-05-24 07:07:00.330995] iteration      644/    1819 | consumed samples:       329728 | elapsed time per iteration (ms): 893.7 | throughput per GPU (TFLOP/s/GPU): 362.0 | tokens/sec/GPU: 73332 | learning rate: 7.953289E-05 | global batch size:   512 | lm loss: 2.838079E+00 | loss scale: 1.0 | grad norm: 0.876 | number of skipped iterations:   0 | number of nan iterations:   0 |
7: [default3]: [2026-05-24 07:07:01.227446] iteration      645/    1819 | consumed samples:       330240 | elapsed time per iteration (ms): 895.4 | throughput per GPU (TFLOP/s/GPU): 361.3 | tokens/sec/GPU: 73191 | learning rate: 7.946391E-05 | global batch size:   512 | lm loss: 2.803770E+00 | loss scale: 1.0 | grad norm: 0.700 | number of skipped iterations:   0 | number of nan iterations:   0 |
7: [default3]: [2026-05-24 07:07:05.327429] iteration      646/    1819 | consumed samples:       330752 | elapsed time per iteration (ms): 4099.8 | throughput per GPU (TFLOP/s/GPU): 78.9 | tokens/sec/GPU: 15985 | learning rate: 7.939484E-05 | global batch size:   512 | lm loss: 2.865114E+00 | loss scale: 1.0 | grad norm: 0.676 | number of skipped iterations:   0 | number of nan iterations:   0 |
7: [default3]: [2026-05-24 07:07:06.219816] iteration      647/    1819 | consumed samples:       331264 | elapsed time per iteration (ms): 892.2 | throughput per GPU (TFLOP/s/GPU): 362.6 | tokens/sec/GPU: 73455 | learning rate: 7.932569E-05 | global batch size:   512 | lm loss: 2.788757E+00 | loss scale: 1.0 | grad norm: 0.636 | number of skipped iterations:   0 | number of nan iterations:   0 |
7: [default3]: [2026-05-24 07:07:07.112621] iteration      648/    1819 | consumed samples:       331776 | elapsed time per iteration (ms): 892.6 | throughput per GPU (TFLOP/s/GPU): 362.5 | tokens/sec/GPU: 73424 | learning rate: 7.925646E-05 | global batch size:   512 | lm loss: 2.836544E+00 | loss scale: 1.0 | grad norm: 0.620 | number of skipped iterations:   0 | number of nan iterations:   0 |
7: [default3]: [2026-05-24 07:07:08.596699] iteration      649/    1819 | consumed samples:       332288 | elapsed time per iteration (ms): 1483.9 | throughput per GPU (TFLOP/s/GPU): 218.0 | tokens/sec/GPU: 44165 | learning rate: 7.918715E-05 | global batch size:   512 | lm loss: 2.904784E+00 | loss scale: 1.0 | grad norm: 0.645 | number of skipped iterations:   0 | number of nan iterations:   0 |
7: [default3]: [2026-05-24 07:07:13.745145] iteration      650/    1819 | consumed samples:       332800 | elapsed time per iteration (ms): 5148.3 | throughput per GPU (TFLOP/s/GPU): 62.8 | tokens/sec/GPU: 12730 | learning rate: 7.911776E-05 | global batch size:   512 | lm loss: 2.807237E+00 | loss scale: 1.0 | grad norm: 0.603 | number of skipped iterations:   0 | number of nan iterations:   0 |
7: [default3]: [2026-05-24 07:07:15.039988] iteration      651/    1819 | consumed samples:       333312 | elapsed time per iteration (ms): 1294.7 | throughput per GPU (TFLOP/s/GPU): 249.9 | tokens/sec/GPU: 50621 | learning rate: 7.904829E-05 | global batch size:   512 | lm loss: 2.824152E+00 | loss scale: 1.0 | grad norm: 0.574 | number of skipped iterations:   0 | number of nan iterations:   0 |
7: [default3]: [2026-05-24 07:07:15.937453] iteration      652/    1819 | consumed samples:       333824 | elapsed time per iteration (ms): 897.2 | throughput per GPU (TFLOP/s/GPU): 360.6 | tokens/sec/GPU: 73044 | learning rate: 7.897874E-05 | global batch size:   512 | lm loss: 2.802763E+00 | loss scale: 1.0 | grad norm: 0.612 | number of skipped iterations:   0 | number of nan iterations:   0 |
7: [default3]: [2026-05-24 07:07:19.781413] iteration      653/    1819 | consumed samples:       334336 | elapsed time per iteration (ms): 3843.8 | throughput per GPU (TFLOP/s/GPU): 84.2 | tokens/sec/GPU: 17050 | learning rate: 7.890911E-05 | global batch size:   512 | lm loss: 2.846212E+00 | loss scale: 1.0 | grad norm: 0.686 | number of skipped iterations:   0 | number of nan iterations:   0 |
7: [default3]: [2026-05-24 07:07:23.476019] iteration      654/    1819 | consumed samples:       334848 | elapsed time per iteration (ms): 3694.4 | throughput per GPU (TFLOP/s/GPU): 87.6 | tokens/sec/GPU: 17739 | learning rate: 7.883940E-05 | global batch size:   512 | lm loss: 2.814657E+00 | loss scale: 1.0 | grad norm: 0.730 | number of skipped iterations:   0 | number of nan iterations:   0 |
7: [default3]: [2026-05-24 07:07:24.373940] iteration      655/    1819 | consumed samples:       335360 | elapsed time per iteration (ms): 897.7 | throughput per GPU (TFLOP/s/GPU): 360.4 | tokens/sec/GPU: 73007 | learning rate: 7.876960E-05 | global batch size:   512 | lm loss: 2.743585E+00 | loss scale: 1.0 | grad norm: 0.745 | number of skipped iterations:   0 | number of nan iterations:   0 |
7: [default3]: [2026-05-24 07:07:25.278587] iteration      656/    1819 | consumed samples:       335872 | elapsed time per iteration (ms): 904.4 | throughput per GPU (TFLOP/s/GPU): 357.8 | tokens/sec/GPU: 72467 | learning rate: 7.869973E-05 | global batch size:   512 | lm loss: 2.806056E+00 | loss scale: 1.0 | grad norm: 0.714 | number of skipped iterations:   0 | number of nan iterations:   0 |
7: [default3]: [2026-05-24 07:07:26.444326] iteration      657/    1819 | consumed samples:       336384 | elapsed time per iteration (ms): 1165.4 | throughput per GPU (TFLOP/s/GPU): 277.6 | tokens/sec/GPU: 56235 | learning rate: 7.862978E-05 | global batch size:   512 | lm loss: 2.786061E+00 | loss scale: 1.0 | grad norm: 0.607 | number of skipped iterations:   0 | number of nan iterations:   0 |
7: [default3]: [2026-05-24 07:07:29.329530] iteration      658/    1819 | consumed samples:       336896 | elapsed time per iteration (ms): 2885.0 | throughput per GPU (TFLOP/s/GPU): 112.1 | tokens/sec/GPU: 22716 | learning rate: 7.855975E-05 | global batch size:   512 | lm loss: 2.838182E+00 | loss scale: 1.0 | grad norm: 0.592 | number of skipped iterations:   0 | number of nan iterations:   0 |
7: [default3]: [2026-05-24 07:07:30.314440] iteration      659/    1819 | consumed samples:       337408 | elapsed time per iteration (ms): 984.7 | throughput per GPU (TFLOP/s/GPU): 328.6 | tokens/sec/GPU: 66554 | learning rate: 7.848964E-05 | global batch size:   512 | lm loss: 2.805237E+00 | loss scale: 1.0 | grad norm: 0.562 | number of skipped iterations:   0 | number of nan iterations:   0 |
7: [default3]: [2026-05-24 07:07:31.211636] iteration      660/    1819 | consumed samples:       337920 | elapsed time per iteration (ms): 897.0 | throughput per GPU (TFLOP/s/GPU): 360.7 | tokens/sec/GPU: 73060 | learning rate: 7.841946E-05 | global batch size:   512 | lm loss: 2.845203E+00 | loss scale: 1.0 | grad norm: 0.580 | number of skipped iterations:   0 | number of nan iterations:   0 |
7: [default3]: [2026-05-24 07:07:36.484396] iteration      661/    1819 | consumed samples:       338432 | elapsed time per iteration (ms): 5272.6 | throughput per GPU (TFLOP/s/GPU): 61.4 | tokens/sec/GPU: 12430 | learning rate: 7.834919E-05 | global batch size:   512 | lm loss: 2.811851E+00 | loss scale: 1.0 | grad norm: 0.577 | number of skipped iterations:   0 | number of nan iterations:   0 |
7: [default3]: [2026-05-24 07:07:38.483724] iteration      662/    1819 | consumed samples:       338944 | elapsed time per iteration (ms): 1999.2 | throughput per GPU (TFLOP/s/GPU): 161.8 | tokens/sec/GPU: 32782 | learning rate: 7.827885E-05 | global batch size:   512 | lm loss: 2.817148E+00 | loss scale: 1.0 | grad norm: 0.553 | number of skipped iterations:   0 | number of nan iterations:   0 |
7: [default3]: [2026-05-24 07:07:39.406705] iteration      663/    1819 | consumed samples:       339456 | elapsed time per iteration (ms): 922.7 | throughput per GPU (TFLOP/s/GPU): 350.6 | tokens/sec/GPU: 71026 | learning rate: 7.820842E-05 | global batch size:   512 | lm loss: 2.839920E+00 | loss scale: 1.0 | grad norm: 0.594 | number of skipped iterations:   0 | number of nan iterations:   0 |
7: [default3]: [2026-05-24 07:07:40.296574] iteration      664/    1819 | consumed samples:       339968 | elapsed time per iteration (ms): 888.9 | throughput per GPU (TFLOP/s/GPU): 364.0 | tokens/sec/GPU: 73730 | learning rate: 7.813793E-05 | global batch size:   512 | lm loss: 2.830398E+00 | loss scale: 1.0 | grad norm: 0.624 | number of skipped iterations:   0 | number of nan iterations:   0 |
7: [default3]: [2026-05-24 07:07:42.307987] iteration      665/    1819 | consumed samples:       340480 | elapsed time per iteration (ms): 2011.2 | throughput per GPU (TFLOP/s/GPU): 160.9 | tokens/sec/GPU: 32586 | learning rate: 7.806736E-05 | global batch size:   512 | lm loss: 2.835939E+00 | loss scale: 1.0 | grad norm: 0.606 | number of skipped iterations:   0 | number of nan iterations:   0 |
7: [default3]: [2026-05-24 07:07:49.578157] iteration      666/    1819 | consumed samples:       340992 | elapsed time per iteration (ms): 7269.9 | throughput per GPU (TFLOP/s/GPU): 44.5 | tokens/sec/GPU: 9015 | learning rate: 7.799670E-05 | global batch size:   512 | lm loss: 2.864781E+00 | loss scale: 1.0 | grad norm: 1.285 | number of skipped iterations:   0 | number of nan iterations:   0 |
7: [default3]: [2026-05-24 07:07:50.466785] iteration      667/    1819 | consumed samples:       341504 | elapsed time per iteration (ms): 888.5 | throughput per GPU (TFLOP/s/GPU): 364.2 | tokens/sec/GPU: 73763 | learning rate: 7.792597E-05 | global batch size:   512 | lm loss: 2.807070E+00 | loss scale: 1.0 | grad norm: 0.566 | number of skipped iterations:   0 | number of nan iterations:   0 |
7: [default3]: [2026-05-24 07:07:51.361336] iteration      668/    1819 | consumed samples:       342016 | elapsed time per iteration (ms): 894.4 | throughput per GPU (TFLOP/s/GPU): 361.8 | tokens/sec/GPU: 73276 | learning rate: 7.785517E-05 | global batch size:   512 | lm loss: 2.827835E+00 | loss scale: 1.0 | grad norm: 0.553 | number of skipped iterations:   0 | number of nan iterations:   0 |
7: [default3]: [2026-05-24 07:07:52.654978] iteration      669/    1819 | consumed samples:       342528 | elapsed time per iteration (ms): 1293.5 | throughput per GPU (TFLOP/s/GPU): 250.1 | tokens/sec/GPU: 50667 | learning rate: 7.778429E-05 | global batch size:   512 | lm loss: 2.755992E+00 | loss scale: 1.0 | grad norm: 0.567 | number of skipped iterations:   0 | number of nan iterations:   0 |
7: [default3]: [2026-05-24 07:07:56.239613] iteration      670/    1819 | consumed samples:       343040 | elapsed time per iteration (ms): 3584.4 | throughput per GPU (TFLOP/s/GPU): 90.3 | tokens/sec/GPU: 18284 | learning rate: 7.771333E-05 | global batch size:   512 | lm loss: 2.786985E+00 | loss scale: 1.0 | grad norm: 0.516 | number of skipped iterations:   0 | number of nan iterations:   0 |
7: [default3]: [2026-05-24 07:07:57.132439] iteration      671/    1819 | consumed samples:       343552 | elapsed time per iteration (ms): 892.3 | throughput per GPU (TFLOP/s/GPU): 362.6 | tokens/sec/GPU: 73446 | learning rate: 7.764230E-05 | global batch size:   512 | lm loss: 2.839643E+00 | loss scale: 1.0 | grad norm: 0.549 | number of skipped iterations:   0 | number of nan iterations:   0 |
7: [default3]: [2026-05-24 07:07:58.033279] iteration      672/    1819 | consumed samples:       344064 | elapsed time per iteration (ms): 900.7 | throughput per GPU (TFLOP/s/GPU): 359.2 | tokens/sec/GPU: 72764 | learning rate: 7.757118E-05 | global batch size:   512 | lm loss: 2.809753E+00 | loss scale: 1.0 | grad norm: 0.640 | number of skipped iterations:   0 | number of nan iterations:   0 |
7: [default3]: [2026-05-24 07:08:00.070524] iteration      673/    1819 | consumed samples:       344576 | elapsed time per iteration (ms): 2037.0 | throughput per GPU (TFLOP/s/GPU): 158.8 | tokens/sec/GPU: 32172 | learning rate: 7.750000E-05 | global batch size:   512 | lm loss: 2.830620E+00 | loss scale: 1.0 | grad norm: 0.680 | number of skipped iterations:   0 | number of nan iterations:   0 |
7: [default3]: [2026-05-24 07:08:03.451656] iteration      674/    1819 | consumed samples:       345088 | elapsed time per iteration (ms): 3380.9 | throughput per GPU (TFLOP/s/GPU): 95.7 | tokens/sec/GPU: 19384 | learning rate: 7.742874E-05 | global batch size:   512 | lm loss: 2.817570E+00 | loss scale: 1.0 | grad norm: 0.786 | number of skipped iterations:   0 | number of nan iterations:   0 |
7: [default3]: [2026-05-24 07:08:06.609135] iteration      675/    1819 | consumed samples:       345600 | elapsed time per iteration (ms): 3157.3 | throughput per GPU (TFLOP/s/GPU): 102.5 | tokens/sec/GPU: 20757 | learning rate: 7.735741E-05 | global batch size:   512 | lm loss: 2.770285E+00 | loss scale: 1.0 | grad norm: 0.838 | number of skipped iterations:   0 | number of nan iterations:   0 |
7: [default3]: [2026-05-24 07:08:07.502883] iteration      676/    1819 | consumed samples:       346112 | elapsed time per iteration (ms): 893.5 | throughput per GPU (TFLOP/s/GPU): 362.1 | tokens/sec/GPU: 73343 | learning rate: 7.728599E-05 | global batch size:   512 | lm loss: 2.819534E+00 | loss scale: 1.0 | grad norm: 0.737 | number of skipped iterations:   0 | number of nan iterations:   0 |
7: [default3]: [2026-05-24 07:08:09.284531] iteration      677/    1819 | consumed samples:       346624 | elapsed time per iteration (ms): 1781.4 | throughput per GPU (TFLOP/s/GPU): 181.6 | tokens/sec/GPU: 36790 | learning rate: 7.721451E-05 | global batch size:   512 | lm loss: 2.839938E+00 | loss scale: 1.0 | grad norm: 0.756 | number of skipped iterations:   0 | number of nan iterations:   0 |
7: [default3]: [2026-05-24 07:08:13.068605] iteration      678/    1819 | consumed samples:       347136 | elapsed time per iteration (ms): 3783.8 | throughput per GPU (TFLOP/s/GPU): 85.5 | tokens/sec/GPU: 17320 | learning rate: 7.714295E-05 | global batch size:   512 | lm loss: 2.810176E+00 | loss scale: 1.0 | grad norm: 0.813 | number of skipped iterations:   0 | number of nan iterations:   0 |
7: [default3]: [2026-05-24 07:08:14.677371] iteration      679/    1819 | consumed samples:       347648 | elapsed time per iteration (ms): 1608.6 | throughput per GPU (TFLOP/s/GPU): 201.1 | tokens/sec/GPU: 40742 | learning rate: 7.707132E-05 | global batch size:   512 | lm loss: 2.803417E+00 | loss scale: 1.0 | grad norm: 0.763 | number of skipped iterations:   0 | number of nan iterations:   0 |
7: [default3]: [2026-05-24 07:08:15.576308] iteration      680/    1819 | consumed samples:       348160 | elapsed time per iteration (ms): 898.7 | throughput per GPU (TFLOP/s/GPU): 360.0 | tokens/sec/GPU: 72922 | learning rate: 7.699962E-05 | global batch size:   512 | lm loss: 2.816676E+00 | loss scale: 1.0 | grad norm: 0.673 | number of skipped iterations:   0 | number of nan iterations:   0 |
7: [default3]: [2026-05-24 07:08:19.815297] iteration      681/    1819 | consumed samples:       348672 | elapsed time per iteration (ms): 4238.6 | throughput per GPU (TFLOP/s/GPU): 76.3 | tokens/sec/GPU: 15462 | learning rate: 7.692783E-05 | global batch size:   512 | lm loss: 2.835526E+00 | loss scale: 1.0 | grad norm: 0.716 | number of skipped iterations:   0 | number of nan iterations:   0 |
7: [default3]: [2026-05-24 07:08:21.654673] iteration      682/    1819 | consumed samples:       349184 | elapsed time per iteration (ms): 1839.2 | throughput per GPU (TFLOP/s/GPU): 175.9 | tokens/sec/GPU: 35633 | learning rate: 7.685598E-05 | global batch size:   512 | lm loss: 2.785989E+00 | loss scale: 1.0 | grad norm: 0.615 | number of skipped iterations:   0 | number of nan iterations:   0 |
7: [default3]: [2026-05-24 07:08:22.954947] iteration      683/    1819 | consumed samples:       349696 | elapsed time per iteration (ms): 1300.1 | throughput per GPU (TFLOP/s/GPU): 248.9 | tokens/sec/GPU: 50409 | learning rate: 7.678405E-05 | global batch size:   512 | lm loss: 2.818436E+00 | loss scale: 1.0 | grad norm: 0.596 | number of skipped iterations:   0 | number of nan iterations:   0 |
7: [default3]: [2026-05-24 07:08:23.854178] iteration      684/    1819 | consumed samples:       350208 | elapsed time per iteration (ms): 899.0 | throughput per GPU (TFLOP/s/GPU): 359.9 | tokens/sec/GPU: 72898 | learning rate: 7.671206E-05 | global batch size:   512 | lm loss: 2.806066E+00 | loss scale: 1.0 | grad norm: 0.581 | number of skipped iterations:   0 | number of nan iterations:   0 |
7: [default3]: [2026-05-24 07:08:26.252595] iteration      685/    1819 | consumed samples:       350720 | elapsed time per iteration (ms): 2398.0 | throughput per GPU (TFLOP/s/GPU): 134.9 | tokens/sec/GPU: 27329 | learning rate: 7.663999E-05 | global batch size:   512 | lm loss: 2.843092E+00 | loss scale: 1.0 | grad norm: 0.555 | number of skipped iterations:   0 | number of nan iterations:   0 |
7: [default3]: [2026-05-24 07:08:30.622460] iteration      686/    1819 | consumed samples:       351232 | elapsed time per iteration (ms): 4369.6 | throughput per GPU (TFLOP/s/GPU): 74.0 | tokens/sec/GPU: 14998 | learning rate: 7.656784E-05 | global batch size:   512 | lm loss: 2.730248E+00 | loss scale: 1.0 | grad norm: 0.563 | number of skipped iterations:   0 | number of nan iterations:   0 |
7: [default3]: [2026-05-24 07:08:31.517466] iteration      687/    1819 | consumed samples:       351744 | elapsed time per iteration (ms): 894.6 | throughput per GPU (TFLOP/s/GPU): 361.6 | tokens/sec/GPU: 73254 | learning rate: 7.649563E-05 | global batch size:   512 | lm loss: 2.780554E+00 | loss scale: 1.0 | grad norm: 0.527 | number of skipped iterations:   0 | number of nan iterations:   0 |
7: [default3]: [2026-05-24 07:08:32.419958] iteration      688/    1819 | consumed samples:       352256 | elapsed time per iteration (ms): 902.0 | throughput per GPU (TFLOP/s/GPU): 358.7 | tokens/sec/GPU: 72658 | learning rate: 7.642334E-05 | global batch size:   512 | lm loss: 2.805198E+00 | loss scale: 1.0 | grad norm: 0.557 | number of skipped iterations:   0 | number of nan iterations:   0 |
7: [default3]: [2026-05-24 07:08:33.707195] iteration      689/    1819 | consumed samples:       352768 | elapsed time per iteration (ms): 1287.0 | throughput per GPU (TFLOP/s/GPU): 251.4 | tokens/sec/GPU: 50920 | learning rate: 7.635098E-05 | global batch size:   512 | lm loss: 2.819748E+00 | loss scale: 1.0 | grad norm: 0.559 | number of skipped iterations:   0 | number of nan iterations:   0 |
7: [default3]: [2026-05-24 07:08:38.581311] iteration      690/    1819 | consumed samples:       353280 | elapsed time per iteration (ms): 4874.0 | throughput per GPU (TFLOP/s/GPU): 66.4 | tokens/sec/GPU: 13446 | learning rate: 7.627856E-05 | global batch size:   512 | lm loss: 2.825243E+00 | loss scale: 1.0 | grad norm: 0.594 | number of skipped iterations:   0 | number of nan iterations:   0 |
7: [default3]: [2026-05-24 07:08:39.481265] iteration      691/    1819 | consumed samples:       353792 | elapsed time per iteration (ms): 899.8 | throughput per GPU (TFLOP/s/GPU): 359.6 | tokens/sec/GPU: 72837 | learning rate: 7.620605E-05 | global batch size:   512 | lm loss: 2.767506E+00 | loss scale: 1.0 | grad norm: 0.631 | number of skipped iterations:   0 | number of nan iterations:   0 |
7: [default3]: [2026-05-24 07:08:40.382265] iteration      692/    1819 | consumed samples:       354304 | elapsed time per iteration (ms): 900.8 | throughput per GPU (TFLOP/s/GPU): 359.2 | tokens/sec/GPU: 72752 | learning rate: 7.613348E-05 | global batch size:   512 | lm loss: 2.743407E+00 | loss scale: 1.0 | grad norm: 0.610 | number of skipped iterations:   0 | number of nan iterations:   0 |
7: [default3]: [2026-05-24 07:08:41.286639] iteration      693/    1819 | consumed samples:       354816 | elapsed time per iteration (ms): 904.2 | throughput per GPU (TFLOP/s/GPU): 357.8 | tokens/sec/GPU: 72482 | learning rate: 7.606084E-05 | global batch size:   512 | lm loss: 2.838123E+00 | loss scale: 1.0 | grad norm: 0.585 | number of skipped iterations:   0 | number of nan iterations:   0 |
7: [default3]: [2026-05-24 07:08:46.887339] iteration      694/    1819 | consumed samples:       355328 | elapsed time per iteration (ms): 5600.5 | throughput per GPU (TFLOP/s/GPU): 57.8 | tokens/sec/GPU: 11702 | learning rate: 7.598813E-05 | global batch size:   512 | lm loss: 2.814683E+00 | loss scale: 1.0 | grad norm: 0.609 | number of skipped iterations:   0 | number of nan iterations:   0 |
7: [default3]: [2026-05-24 07:08:51.065038] iteration      695/    1819 | consumed samples:       355840 | elapsed time per iteration (ms): 4177.4 | throughput per GPU (TFLOP/s/GPU): 77.4 | tokens/sec/GPU: 15688 | learning rate: 7.591534E-05 | global batch size:   512 | lm loss: 2.756218E+00 | loss scale: 1.0 | grad norm: 0.655 | number of skipped iterations:   0 | number of nan iterations:   0 |
7: [default3]: [2026-05-24 07:08:51.958715] iteration      696/    1819 | consumed samples:       356352 | elapsed time per iteration (ms): 893.3 | throughput per GPU (TFLOP/s/GPU): 362.2 | tokens/sec/GPU: 73361 | learning rate: 7.584249E-05 | global batch size:   512 | lm loss: 2.800024E+00 | loss scale: 1.0 | grad norm: 0.643 | number of skipped iterations:   0 | number of nan iterations:   0 |
7: [default3]: [2026-05-24 07:08:52.861865] iteration      697/    1819 | consumed samples:       356864 | elapsed time per iteration (ms): 903.0 | throughput per GPU (TFLOP/s/GPU): 358.3 | tokens/sec/GPU: 72579 | learning rate: 7.576957E-05 | global batch size:   512 | lm loss: 2.765744E+00 | loss scale: 1.0 | grad norm: 0.590 | number of skipped iterations:   0 | number of nan iterations:   0 |
7: [default3]: [2026-05-24 07:08:57.911131] iteration      698/    1819 | consumed samples:       357376 | elapsed time per iteration (ms): 5049.1 | throughput per GPU (TFLOP/s/GPU): 64.1 | tokens/sec/GPU: 12980 | learning rate: 7.569657E-05 | global batch size:   512 | lm loss: 2.752965E+00 | loss scale: 1.0 | grad norm: 0.666 | number of skipped iterations:   0 | number of nan iterations:   0 |
7: [default3]: [2026-05-24 07:08:59.928714] iteration      699/    1819 | consumed samples:       357888 | elapsed time per iteration (ms): 2017.2 | throughput per GPU (TFLOP/s/GPU): 160.4 | tokens/sec/GPU: 32489 | learning rate: 7.562352E-05 | global batch size:   512 | lm loss: 2.775213E+00 | loss scale: 1.0 | grad norm: 0.615 | number of skipped iterations:   0 | number of nan iterations:   0 |
7: [default3]: [2026-05-24 07:09:00.826548] iteration      700/    1819 | consumed samples:       358400 | elapsed time per iteration (ms): 897.7 | throughput per GPU (TFLOP/s/GPU): 360.4 | tokens/sec/GPU: 73008 | learning rate: 7.555039E-05 | global batch size:   512 | lm loss: 2.761208E+00 | loss scale: 1.0 | grad norm: 0.679 | number of skipped iterations:   0 | number of nan iterations:   0 |
7: [default3]: [2026-05-24 07:09:02.141926] iteration      701/    1819 | consumed samples:       358912 | elapsed time per iteration (ms): 1315.2 | throughput per GPU (TFLOP/s/GPU): 246.0 | tokens/sec/GPU: 49830 | learning rate: 7.547719E-05 | global batch size:   512 | lm loss: 2.778407E+00 | loss scale: 1.0 | grad norm: 0.603 | number of skipped iterations:   0 | number of nan iterations:   0 |
7: [default3]: [2026-05-24 07:09:03.036247] iteration      702/    1819 | consumed samples:       359424 | elapsed time per iteration (ms): 894.0 | throughput per GPU (TFLOP/s/GPU): 361.9 | tokens/sec/GPU: 73305 | learning rate: 7.540392E-05 | global batch size:   512 | lm loss: 2.808691E+00 | loss scale: 1.0 | grad norm: 0.635 | number of skipped iterations:   0 | number of nan iterations:   0 |
7: [default3]: [2026-05-24 07:09:07.991230] iteration      703/    1819 | consumed samples:       359936 | elapsed time per iteration (ms): 4954.6 | throughput per GPU (TFLOP/s/GPU): 65.3 | tokens/sec/GPU: 13227 | learning rate: 7.533059E-05 | global batch size:   512 | lm loss: 2.752095E+00 | loss scale: 1.0 | grad norm: 0.663 | number of skipped iterations:   0 | number of nan iterations:   0 |
7: [default3]: [2026-05-24 07:09:08.883891] iteration      704/    1819 | consumed samples:       360448 | elapsed time per iteration (ms): 892.4 | throughput per GPU (TFLOP/s/GPU): 362.6 | tokens/sec/GPU: 73441 | learning rate: 7.525719E-05 | global batch size:   512 | lm loss: 2.770185E+00 | loss scale: 1.0 | grad norm: 0.627 | number of skipped iterations:   0 | number of nan iterations:   0 |
7: [default3]: [2026-05-24 07:09:09.784295] iteration      705/    1819 | consumed samples:       360960 | elapsed time per iteration (ms): 900.1 | throughput per GPU (TFLOP/s/GPU): 359.5 | tokens/sec/GPU: 72810 | learning rate: 7.518371E-05 | global batch size:   512 | lm loss: 2.793985E+00 | loss scale: 1.0 | grad norm: 0.563 | number of skipped iterations:   0 | number of nan iterations:   0 |
7: [default3]: [2026-05-24 07:09:14.224272] iteration      706/    1819 | consumed samples:       361472 | elapsed time per iteration (ms): 4439.8 | throughput per GPU (TFLOP/s/GPU): 72.9 | tokens/sec/GPU: 14761 | learning rate: 7.511018E-05 | global batch size:   512 | lm loss: 2.785991E+00 | loss scale: 1.0 | grad norm: 0.631 | number of skipped iterations:   0 | number of nan iterations:   0 |
7: [default3]: [2026-05-24 07:09:18.879733] iteration      707/    1819 | consumed samples:       361984 | elapsed time per iteration (ms): 4655.3 | throughput per GPU (TFLOP/s/GPU): 69.5 | tokens/sec/GPU: 14078 | learning rate: 7.503657E-05 | global batch size:   512 | lm loss: 2.756702E+00 | loss scale: 1.0 | grad norm: 0.615 | number of skipped iterations:   0 | number of nan iterations:   0 |
7: [default3]: [2026-05-24 07:09:19.776376] iteration      708/    1819 | consumed samples:       362496 | elapsed time per iteration (ms): 896.4 | throughput per GPU (TFLOP/s/GPU): 360.9 | tokens/sec/GPU: 73112 | learning rate: 7.496290E-05 | global batch size:   512 | lm loss: 2.725010E+00 | loss scale: 1.0 | grad norm: 0.560 | number of skipped iterations:   0 | number of nan iterations:   0 |
7: [default3]: [2026-05-24 07:09:20.668820] iteration      709/    1819 | consumed samples:       363008 | elapsed time per iteration (ms): 892.2 | throughput per GPU (TFLOP/s/GPU): 362.6 | tokens/sec/GPU: 73457 | learning rate: 7.488916E-05 | global batch size:   512 | lm loss: 2.773386E+00 | loss scale: 1.0 | grad norm: 0.575 | number of skipped iterations:   0 | number of nan iterations:   0 |[default3]:
7: [default3]: [2026-05-24 07:09:21.562745] iteration      710/    1819 | consumed samples:       363520 | elapsed time per iteration (ms): 893.7 | throughput per GPU (TFLOP/s/GPU): 362.0 | tokens/sec/GPU: 73329 | learning rate: 7.481535E-05 | global batch size:   512 | lm loss: 2.749128E+00 | loss scale: 1.0 | grad norm: 0.626 | number of skipped iterations:   0 | number of nan iterations:   0 |
7: [default3]: [2026-05-24 07:09:28.274673] iteration      711/    1819 | consumed samples:       364032 | elapsed time per iteration (ms): 6711.6 | throughput per GPU (TFLOP/s/GPU): 48.2 | tokens/sec/GPU: 9765 | learning rate: 7.474148E-05 | global batch size:   512 | lm loss: 2.792342E+00 | loss scale: 1.0 | grad norm: 0.665 | number of skipped iterations:   0 | number of nan iterations:   0 |
7: [default3]: [2026-05-24 07:09:29.170616] iteration      712/    1819 | consumed samples:       364544 | elapsed time per iteration (ms): 895.7 | throughput per GPU (TFLOP/s/GPU): 361.2 | tokens/sec/GPU: 73167 | learning rate: 7.466754E-05 | global batch size:   512 | lm loss: 2.763425E+00 | loss scale: 1.0 | grad norm: 0.584 | number of skipped iterations:   0 | number of nan iterations:   0 |
7: [default3]: [2026-05-24 07:09:30.071572] iteration      713/    1819 | consumed samples:       365056 | elapsed time per iteration (ms): 900.7 | throughput per GPU (TFLOP/s/GPU): 359.2 | tokens/sec/GPU: 72762 | learning rate: 7.459355E-05 | global batch size:   512 | lm loss: 2.784046E+00 | loss scale: 1.0 | grad norm: 0.606 | number of skipped iterations:   0 | number of nan iterations:   0 |
7: [default3]: [2026-05-24 07:09:30.970609] iteration      714/    1819 | consumed samples:       365568 | elapsed time per iteration (ms): 898.8 | throughput per GPU (TFLOP/s/GPU): 359.9 | tokens/sec/GPU: 72911 | learning rate: 7.451948E-05 | global batch size:   512 | lm loss: 2.803800E+00 | loss scale: 1.0 | grad norm: 0.689 | number of skipped iterations:   0 | number of nan iterations:   0 |
7: [default3]: [2026-05-24 07:09:40.110295] iteration      715/    1819 | consumed samples:       366080 | elapsed time per iteration (ms): 9139.3 | throughput per GPU (TFLOP/s/GPU): 35.4 | tokens/sec/GPU: 7171 | learning rate: 7.444534E-05 | global batch size:   512 | lm loss: 2.761733E+00 | loss scale: 1.0 | grad norm: 0.624 | number of skipped iterations:   0 | number of nan iterations:   0 |
7: [default3]: [2026-05-24 07:09:40.998194] iteration      716/    1819 | consumed samples:       366592 | elapsed time per iteration (ms): 887.7 | throughput per GPU (TFLOP/s/GPU): 364.5 | tokens/sec/GPU: 73826 | learning rate: 7.437114E-05 | global batch size:   512 | lm loss: 2.794613E+00 | loss scale: 1.0 | grad norm: 0.641 | number of skipped iterations:   0 | number of nan iterations:   0 |
7: [default3]: [2026-05-24 07:09:41.895671] iteration      717/    1819 | consumed samples:       367104 | elapsed time per iteration (ms): 897.1 | throughput per GPU (TFLOP/s/GPU): 360.7 | tokens/sec/GPU: 73054 | learning rate: 7.429688E-05 | global batch size:   512 | lm loss: 2.799354E+00 | loss scale: 1.0 | grad norm: 0.642 | number of skipped iterations:   0 | number of nan iterations:   0 |
7: [default3]: [2026-05-24 07:09:42.798299] iteration      718/    1819 | consumed samples:       367616 | elapsed time per iteration (ms): 902.3 | throughput per GPU (TFLOP/s/GPU): 358.6 | tokens/sec/GPU: 72635 | learning rate: 7.422255E-05 | global batch size:   512 | lm loss: 2.727713E+00 | loss scale: 1.0 | grad norm: 0.537 | number of skipped iterations:   0 | number of nan iterations:   0 |
7: [default3]: [2026-05-24 07:09:49.437852] iteration      719/    1819 | consumed samples:       368128 | elapsed time per iteration (ms): 6639.4 | throughput per GPU (TFLOP/s/GPU): 48.7 | tokens/sec/GPU: 9871 | learning rate: 7.414816E-05 | global batch size:   512 | lm loss: 2.774885E+00 | loss scale: 1.0 | grad norm: 0.620 | number of skipped iterations:   0 | number of nan iterations:   0 |
7: [default3]: [2026-05-24 07:09:50.327923] iteration      720/    1819 | consumed samples:       368640 | elapsed time per iteration (ms): 889.7 | throughput per GPU (TFLOP/s/GPU): 363.7 | tokens/sec/GPU: 73664 | learning rate: 7.407371E-05 | global batch size:   512 | lm loss: 2.726818E+00 | loss scale: 1.0 | grad norm: 0.562 | number of skipped iterations:   0 | number of nan iterations:   0 |
7: [default3]: [2026-05-24 07:09:51.227511] iteration      721/    1819 | consumed samples:       369152 | elapsed time per iteration (ms): 899.1 | throughput per GPU (TFLOP/s/GPU): 359.8 | tokens/sec/GPU: 72890 | learning rate: 7.399919E-05 | global batch size:   512 | lm loss: 2.736718E+00 | loss scale: 1.0 | grad norm: 0.556 | number of skipped iterations:   0 | number of nan iterations:   0 |
7: [default3]: [2026-05-24 07:09:52.139885] iteration      722/    1819 | consumed samples:       369664 | elapsed time per iteration (ms): 912.1 | throughput per GPU (TFLOP/s/GPU): 354.7 | tokens/sec/GPU: 71849 | learning rate: 7.392460E-05 | global batch size:   512 | lm loss: 2.731914E+00 | loss scale: 1.0 | grad norm: 0.582 | number of skipped iterations:   0 | number of nan iterations:   0 |
7: [default3]: [2026-05-24 07:09:56.940824] iteration      723/    1819 | consumed samples:       370176 | elapsed time per iteration (ms): 4800.6 | throughput per GPU (TFLOP/s/GPU): 67.4 | tokens/sec/GPU: 13652 | learning rate: 7.384996E-05 | global batch size:   512 | lm loss: 2.722874E+00 | loss scale: 1.0 | grad norm: 0.613 | number of skipped iterations:   0 | number of nan iterations:   0 |
7: [default3]: [2026-05-24 07:09:57.833513] iteration      724/    1819 | consumed samples:       370688 | elapsed time per iteration (ms): 892.2 | throughput per GPU (TFLOP/s/GPU): 362.6 | tokens/sec/GPU: 73451 | learning rate: 7.377525E-05 | global batch size:   512 | lm loss: 2.713206E+00 | loss scale: 1.0 | grad norm: 0.632 | number of skipped iterations:   0 | number of nan iterations:   0 |
7: [default3]: [2026-05-24 07:09:58.734211] iteration      725/    1819 | consumed samples:       371200 | elapsed time per iteration (ms): 900.5 | throughput per GPU (TFLOP/s/GPU): 359.3 | tokens/sec/GPU: 72776 | learning rate: 7.370047E-05 | global batch size:   512 | lm loss: 2.789890E+00 | loss scale: 1.0 | grad norm: 0.670 | number of skipped iterations:   0 | number of nan iterations:   0 |
7: [default3]: [2026-05-24 07:09:59.631662] iteration      726/    1819 | consumed samples:       371712 | elapsed time per iteration (ms): 897.3 | throughput per GPU (TFLOP/s/GPU): 360.6 | tokens/sec/GPU: 73040 | learning rate: 7.362564E-05 | global batch size:   512 | lm loss: 2.755092E+00 | loss scale: 1.0 | grad norm: 0.665 | number of skipped iterations:   0 | number of nan iterations:   0 |
7: [default3]: [2026-05-24 07:10:02.884260] iteration      727/    1819 | consumed samples:       372224 | elapsed time per iteration (ms): 3252.2 | throughput per GPU (TFLOP/s/GPU): 99.5 | tokens/sec/GPU: 20151 | learning rate: 7.355074E-05 | global batch size:   512 | lm loss: 2.736269E+00 | loss scale: 1.0 | grad norm: 0.561 | number of skipped iterations:   0 | number of nan iterations:   0 |
7: [default3]: [2026-05-24 07:10:04.176577] iteration      728/    1819 | consumed samples:       372736 | elapsed time per iteration (ms): 1292.2 | throughput per GPU (TFLOP/s/GPU): 250.4 | tokens/sec/GPU: 50719 | learning rate: 7.347579E-05 | global batch size:   512 | lm loss: 2.736473E+00 | loss scale: 1.0 | grad norm: 0.574 | number of skipped iterations:   0 | number of nan iterations:   0 |
7: [default3]: [2026-05-24 07:10:05.082990] iteration      729/    1819 | consumed samples:       373248 | elapsed time per iteration (ms): 906.1 | throughput per GPU (TFLOP/s/GPU): 357.1 | tokens/sec/GPU: 72325 | learning rate: 7.340077E-05 | global batch size:   512 | lm loss: 2.746267E+00 | loss scale: 1.0 | grad norm: 0.517 | number of skipped iterations:   0 | number of nan iterations:   0 |
7: [default3]: [2026-05-24 07:10:05.979047] iteration      730/    1819 | consumed samples:       373760 | elapsed time per iteration (ms): 895.6 | throughput per GPU (TFLOP/s/GPU): 361.2 | tokens/sec/GPU: 73173 | learning rate: 7.332568E-05 | global batch size:   512 | lm loss: 2.759228E+00 | loss scale: 1.0 | grad norm: 0.490 | number of skipped iterations:   0 | number of nan iterations:   0 |
7: [default3]: [2026-05-24 07:10:09.931269] iteration      731/    1819 | consumed samples:       374272 | elapsed time per iteration (ms): 3952.0 | throughput per GPU (TFLOP/s/GPU): 81.9 | tokens/sec/GPU: 16583 | learning rate: 7.325054E-05 | global batch size:   512 | lm loss: 2.749428E+00 | loss scale: 1.0 | grad norm: 0.511 | number of skipped iterations:   0 | number of nan iterations:   0 |
7: [default3]: [2026-05-24 07:10:12.468980] iteration      732/    1819 | consumed samples:       374784 | elapsed time per iteration (ms): 2536.9 | throughput per GPU (TFLOP/s/GPU): 127.5 | tokens/sec/GPU: 25833 | learning rate: 7.317534E-05 | global batch size:   512 | lm loss: 2.742246E+00 | loss scale: 1.0 | grad norm: 0.593 | number of skipped iterations:   0 | number of nan iterations:   0 |
7: [default3]: [2026-05-24 07:10:13.364417] iteration      733/    1819 | consumed samples:       375296 | elapsed time per iteration (ms): 895.0 | throughput per GPU (TFLOP/s/GPU): 361.5 | tokens/sec/GPU: 73223 | learning rate: 7.310008E-05 | global batch size:   512 | lm loss: 2.804752E+00 | loss scale: 1.0 | grad norm: 0.639 | number of skipped iterations:   0 | number of nan iterations:   0 |
7: [default3]: [2026-05-24 07:10:14.262631] iteration      734/    1819 | consumed samples:       375808 | elapsed time per iteration (ms): 897.8 | throughput per GPU (TFLOP/s/GPU): 360.4 | tokens/sec/GPU: 72993 | learning rate: 7.302475E-05 | global batch size:   512 | lm loss: 2.736109E+00 | loss scale: 1.0 | grad norm: 0.683 | number of skipped iterations:   0 | number of nan iterations:   0 |
7: [default3]: [2026-05-24 07:10:20.301927] iteration      735/    1819 | consumed samples:       376320 | elapsed time per iteration (ms): 6039.0 | throughput per GPU (TFLOP/s/GPU): 53.6 | tokens/sec/GPU: 10852 | learning rate: 7.294936E-05 | global batch size:   512 | lm loss: 2.745950E+00 | loss scale: 1.0 | grad norm: 0.793 | number of skipped iterations:   0 | number of nan iterations:   0 |
7: [default3]: [2026-05-24 07:10:23.053211] iteration      736/    1819 | consumed samples:       376832 | elapsed time per iteration (ms): 2750.9 | throughput per GPU (TFLOP/s/GPU): 117.6 | tokens/sec/GPU: 23824 | learning rate: 7.287392E-05 | global batch size:   512 | lm loss: 2.684348E+00 | loss scale: 1.0 | grad norm: 0.728 | number of skipped iterations:   0 | number of nan iterations:   0 |
7: [default3]: [2026-05-24 07:10:23.946106] iteration      737/    1819 | consumed samples:       377344 | elapsed time per iteration (ms): 892.6 | throughput per GPU (TFLOP/s/GPU): 362.5 | tokens/sec/GPU: 73419 | learning rate: 7.279842E-05 | global batch size:   512 | lm loss: 2.679936E+00 | loss scale: 1.0 | grad norm: 0.594 | number of skipped iterations:   0 | number of nan iterations:   0 |
7: [default3]: [2026-05-24 07:10:24.840716] iteration      738/    1819 | consumed samples:       377856 | elapsed time per iteration (ms): 894.1 | throughput per GPU (TFLOP/s/GPU): 361.9 | tokens/sec/GPU: 73298 | learning rate: 7.272285E-05 | global batch size:   512 | lm loss: 2.727700E+00 | loss scale: 1.0 | grad norm: 0.603 | number of skipped iterations:   0 | number of nan iterations:   0 |
7: [default3]: [2026-05-24 07:10:29.300376] iteration      739/    1819 | consumed samples:       378368 | elapsed time per iteration (ms): 4459.4 | throughput per GPU (TFLOP/s/GPU): 72.6 | tokens/sec/GPU: 14696 | learning rate: 7.264723E-05 | global batch size:   512 | lm loss: 2.734832E+00 | loss scale: 1.0 | grad norm: 0.521 | number of skipped iterations:   0 | number of nan iterations:   0 |
7: [default3]: [2026-05-24 07:10:30.190527] iteration      740/    1819 | consumed samples:       378880 | elapsed time per iteration (ms): 889.8 | throughput per GPU (TFLOP/s/GPU): 363.6 | tokens/sec/GPU: 73653 | learning rate: 7.257154E-05 | global batch size:   512 | lm loss: 2.779374E+00 | loss scale: 1.0 | grad norm: 0.574 | number of skipped iterations:   0 | number of nan iterations:   0 |
7: [default3]: [2026-05-24 07:10:31.087888] iteration      741/    1819 | consumed samples:       379392 | elapsed time per iteration (ms): 896.7 | throughput per GPU (TFLOP/s/GPU): 360.8 | tokens/sec/GPU: 73085 | learning rate: 7.249580E-05 | global batch size:   512 | lm loss: 2.753152E+00 | loss scale: 1.0 | grad norm: 0.530 | number of skipped iterations:   0 | number of nan iterations:   0 |
7: [default3]: [2026-05-24 07:10:31.991050] iteration      742/    1819 | consumed samples:       379904 | elapsed time per iteration (ms): 902.6 | throughput per GPU (TFLOP/s/GPU): 358.5 | tokens/sec/GPU: 72608 | learning rate: 7.242001E-05 | global batch size:   512 | lm loss: 2.789101E+00 | loss scale: 1.0 | grad norm: 0.540 | number of skipped iterations:   0 | number of nan iterations:   0 |
7: [default3]: [2026-05-24 07:10:37.254866] iteration      743/    1819 | consumed samples:       380416 | elapsed time per iteration (ms): 5263.5 | throughput per GPU (TFLOP/s/GPU): 61.5 | tokens/sec/GPU: 12451 | learning rate: 7.234415E-05 | global batch size:   512 | lm loss: 2.702423E+00 | loss scale: 1.0 | grad norm: 0.547 | number of skipped iterations:   0 | number of nan iterations:   0 |
7: [default3]: [2026-05-24 07:10:38.146116] iteration      744/    1819 | consumed samples:       380928 | elapsed time per iteration (ms): 891.0 | throughput per GPU (TFLOP/s/GPU): 363.1 | tokens/sec/GPU: 73552 | learning rate: 7.226823E-05 | global batch size:   512 | lm loss: 2.734214E+00 | loss scale: 1.0 | grad norm: 0.538 | number of skipped iterations:   0 | number of nan iterations:   0 |
7: [default3]: [2026-05-24 07:10:39.033550] iteration      745/    1819 | consumed samples:       381440 | elapsed time per iteration (ms): 887.2 | throughput per GPU (TFLOP/s/GPU): 364.7 | tokens/sec/GPU: 73868 | learning rate: 7.219226E-05 | global batch size:   512 | lm loss: 2.708783E+00 | loss scale: 1.0 | grad norm: 0.509 | number of skipped iterations:   0 | number of nan iterations:   0 |
7: [default3]: [2026-05-24 07:10:39.936552] iteration      746/    1819 | consumed samples:       381952 | elapsed time per iteration (ms): 902.8 | throughput per GPU (TFLOP/s/GPU): 358.4 | tokens/sec/GPU: 72591 | learning rate: 7.211623E-05 | global batch size:   512 | lm loss: 2.729165E+00 | loss scale: 1.0 | grad norm: 0.491 | number of skipped iterations:   0 | number of nan iterations:   0 |
7: [default3]: [2026-05-24 07:10:45.774570] iteration      747/    1819 | consumed samples:       382464 | elapsed time per iteration (ms): 5837.8 | throughput per GPU (TFLOP/s/GPU): 55.4 | tokens/sec/GPU: 11226 | learning rate: 7.204014E-05 | global batch size:   512 | lm loss: 2.737434E+00 | loss scale: 1.0 | grad norm: 0.545 | number of skipped iterations:   0 | number of nan iterations:   0 |
7: [default3]: [2026-05-24 07:10:46.662331] iteration      748/    1819 | consumed samples:       382976 | elapsed time per iteration (ms): 887.6 | throughput per GPU (TFLOP/s/GPU): 364.5 | tokens/sec/GPU: 73836 | learning rate: 7.196399E-05 | global batch size:   512 | lm loss: 2.705534E+00 | loss scale: 1.0 | grad norm: 0.569 | number of skipped iterations:   0 | number of nan iterations:   0 |
7: [default3]: [2026-05-24 07:10:47.553575] iteration      749/    1819 | consumed samples:       383488 | elapsed time per iteration (ms): 890.7 | throughput per GPU (TFLOP/s/GPU): 363.2 | tokens/sec/GPU: 73579 | learning rate: 7.188779E-05 | global batch size:   512 | lm loss: 2.748778E+00 | loss scale: 1.0 | grad norm: 0.601 | number of skipped iterations:   0 | number of nan iterations:   0 |
7: [default3]: [2026-05-24 07:10:48.459598] iteration      750/    1819 | consumed samples:       384000 | elapsed time per iteration (ms): 905.8 | throughput per GPU (TFLOP/s/GPU): 357.2 | tokens/sec/GPU: 72355 | learning rate: 7.181153E-05 | global batch size:   512 | lm loss: 2.668741E+00 | loss scale: 1.0 | grad norm: 0.595 | number of skipped iterations:   0 | number of nan iterations:   0 |
7: [default3]: [2026-05-24 07:10:53.436807] iteration      751/    1819 | consumed samples:       384512 | elapsed time per iteration (ms): 4977.1 | throughput per GPU (TFLOP/s/GPU): 65.0 | tokens/sec/GPU: 13168 | learning rate: 7.173522E-05 | global batch size:   512 | lm loss: 2.745313E+00 | loss scale: 1.0 | grad norm: 0.550 | number of skipped iterations:   0 | number of nan iterations:   0 |
7: [default3]: [2026-05-24 07:10:55.767242] iteration      752/    1819 | consumed samples:       385024 | elapsed time per iteration (ms): 2330.2 | throughput per GPU (TFLOP/s/GPU): 138.8 | tokens/sec/GPU: 28124 | learning rate: 7.165885E-05 | global batch size:   512 | lm loss: 2.740706E+00 | loss scale: 1.0 | grad norm: 0.636 | number of skipped iterations:   0 | number of nan iterations:   0 |
7: [default3]: [2026-05-24 07:10:56.962871] iteration      753/    1819 | consumed samples:       385536 | elapsed time per iteration (ms): 1195.4 | throughput per GPU (TFLOP/s/GPU): 270.7 | tokens/sec/GPU: 54823 | learning rate: 7.158243E-05 | global batch size:   512 | lm loss: 2.695642E+00 | loss scale: 1.0 | grad norm: 0.544 | number of skipped iterations:   0 | number of nan iterations:   0 |
7: [default3]: [2026-05-24 07:10:57.858256] iteration      754/    1819 | consumed samples:       386048 | elapsed time per iteration (ms): 895.2 | throughput per GPU (TFLOP/s/GPU): 361.4 | tokens/sec/GPU: 73210 | learning rate: 7.150594E-05 | global batch size:   512 | lm loss: 2.702137E+00 | loss scale: 1.0 | grad norm: 0.511 | number of skipped iterations:   0 | number of nan iterations:   0 |
7: [default3]: [2026-05-24 07:11:00.671095] iteration      755/    1819 | consumed samples:       386560 | elapsed time per iteration (ms): 2812.7 | throughput per GPU (TFLOP/s/GPU): 115.0 | tokens/sec/GPU: 23300 | learning rate: 7.142941E-05 | global batch size:   512 | lm loss: 2.746872E+00 | loss scale: 1.0 | grad norm: 0.536 | number of skipped iterations:   0 | number of nan iterations:   0 |
7: [default3]: [2026-05-24 07:11:02.858245] iteration      756/    1819 | consumed samples:       387072 | elapsed time per iteration (ms): 2186.9 | throughput per GPU (TFLOP/s/GPU): 147.9 | tokens/sec/GPU: 29967 | learning rate: 7.135282E-05 | global batch size:   512 | lm loss: 2.735969E+00 | loss scale: 1.0 | grad norm: 0.484 | number of skipped iterations:   0 | number of nan iterations:   0 |
7: [default3]: [2026-05-24 07:11:05.123097] iteration      757/    1819 | consumed samples:       387584 | elapsed time per iteration (ms): 2264.4 | throughput per GPU (TFLOP/s/GPU): 142.9 | tokens/sec/GPU: 28942 | learning rate: 7.127618E-05 | global batch size:   512 | lm loss: 2.687942E+00 | loss scale: 1.0 | grad norm: 0.483 | number of skipped iterations:   0 | number of nan iterations:   0 |
7: [default3]: [2026-05-24 07:11:06.024861] iteration      758/    1819 | consumed samples:       388096 | elapsed time per iteration (ms): 901.5 | throughput per GPU (TFLOP/s/GPU): 358.9 | tokens/sec/GPU: 72700 | learning rate: 7.119947E-05 | global batch size:   512 | lm loss: 2.738677E+00 | loss scale: 1.0 | grad norm: 0.503 | number of skipped iterations:   0 | number of nan iterations:   0 |
7: [default3]: [2026-05-24 07:11:10.843928] iteration      759/    1819 | consumed samples:       388608 | elapsed time per iteration (ms): 4818.6 | throughput per GPU (TFLOP/s/GPU): 67.1 | tokens/sec/GPU: 13601 | learning rate: 7.112272E-05 | global batch size:   512 | lm loss: 2.726666E+00 | loss scale: 1.0 | grad norm: 0.593 | number of skipped iterations:   0 | number of nan iterations:   0 |
7: [default3]: [2026-05-24 07:11:11.742476] iteration      760/    1819 | consumed samples:       389120 | elapsed time per iteration (ms): 898.3 | throughput per GPU (TFLOP/s/GPU): 360.2 | tokens/sec/GPU: 72953 | learning rate: 7.104591E-05 | global batch size:   512 | lm loss: 2.741652E+00 | loss scale: 1.0 | grad norm: 0.685 | number of skipped iterations:   0 | number of nan iterations:   0 |
7: [default3]: [2026-05-24 07:11:12.635674] iteration      761/    1819 | consumed samples:       389632 | elapsed time per iteration (ms): 892.8 | throughput per GPU (TFLOP/s/GPU): 362.4 | tokens/sec/GPU: 73401 | learning rate: 7.096905E-05 | global batch size:   512 | lm loss: 2.647371E+00 | loss scale: 1.0 | grad norm: 0.725 | number of skipped iterations:   0 | number of nan iterations:   0 |
7: [default3]: [2026-05-24 07:11:13.537159] iteration      762/    1819 | consumed samples:       390144 | elapsed time per iteration (ms): 901.3 | throughput per GPU (TFLOP/s/GPU): 359.0 | tokens/sec/GPU: 72712 | learning rate: 7.089214E-05 | global batch size:   512 | lm loss: 2.765597E+00 | loss scale: 1.0 | grad norm: 0.638 | number of skipped iterations:   0 | number of nan iterations:   0 |
7: [default3]: [2026-05-24 07:11:17.935573] iteration      763/    1819 | consumed samples:       390656 | elapsed time per iteration (ms): 4398.1 | throughput per GPU (TFLOP/s/GPU): 73.6 | tokens/sec/GPU: 14901 | learning rate: 7.081516E-05 | global batch size:   512 | lm loss: 2.745700E+00 | loss scale: 1.0 | grad norm: 0.629 | number of skipped iterations:   0 | number of nan iterations:   0 |
7: [default3]: [2026-05-24 07:11:19.885450] iteration      764/    1819 | consumed samples:       391168 | elapsed time per iteration (ms): 1949.7 | throughput per GPU (TFLOP/s/GPU): 165.9 | tokens/sec/GPU: 33613 | learning rate: 7.073815E-05 | global batch size:   512 | lm loss: 2.692723E+00 | loss scale: 1.0 | grad norm: 0.630 | number of skipped iterations:   0 | number of nan iterations:   0 |
7: [default3]: [2026-05-24 07:11:20.779791] iteration      765/    1819 | consumed samples:       391680 | elapsed time per iteration (ms): 894.1 | throughput per GPU (TFLOP/s/GPU): 361.8 | tokens/sec/GPU: 73294 | learning rate: 7.066107E-05 | global batch size:   512 | lm loss: 2.692646E+00 | loss scale: 1.0 | grad norm: 0.550 | number of skipped iterations:   0 | number of nan iterations:   0 |
7: [default3]: [2026-05-24 07:11:22.535898] iteration      766/    1819 | consumed samples:       392192 | elapsed time per iteration (ms): 1755.6 | throughput per GPU (TFLOP/s/GPU): 184.3 | tokens/sec/GPU: 37331 | learning rate: 7.058395E-05 | global batch size:   512 | lm loss: 2.684695E+00 | loss scale: 1.0 | grad norm: 0.531 | number of skipped iterations:   0 | number of nan iterations:   0 |
7: [default3]: [2026-05-24 07:11:25.781361] iteration      767/    1819 | consumed samples:       392704 | elapsed time per iteration (ms): 3245.0 | throughput per GPU (TFLOP/s/GPU): 99.7 | tokens/sec/GPU: 20196 | learning rate: 7.050677E-05 | global batch size:   512 | lm loss: 2.762359E+00 | loss scale: 1.0 | grad norm: 0.495 | number of skipped iterations:   0 | number of nan iterations:   0 |
7: [default3]: [2026-05-24 07:11:27.807393] iteration      768/    1819 | consumed samples:       393216 | elapsed time per iteration (ms): 2025.6 | throughput per GPU (TFLOP/s/GPU): 159.7 | tokens/sec/GPU: 32354 | learning rate: 7.042954E-05 | global batch size:   512 | lm loss: 2.680725E+00 | loss scale: 1.0 | grad norm: 0.491 | number of skipped iterations:   0 | number of nan iterations:   0 |
7: [default3]: [2026-05-24 07:11:28.705672] iteration      769/    1819 | consumed samples:       393728 | elapsed time per iteration (ms): 898.1 | throughput per GPU (TFLOP/s/GPU): 360.3 | tokens/sec/GPU: 72973 | learning rate: 7.035226E-05 | global batch size:   512 | lm loss: 2.718180E+00 | loss scale: 1.0 | grad norm: 0.466 | number of skipped iterations:   0 | number of nan iterations:   0 |
7: [default3]: [2026-05-24 07:11:30.368849] iteration      770/    1819 | consumed samples:       394240 | elapsed time per iteration (ms): 1662.9 | throughput per GPU (TFLOP/s/GPU): 194.6 | tokens/sec/GPU: 39410 | learning rate: 7.027492E-05 | global batch size:   512 | lm loss: 2.719938E+00 | loss scale: 1.0 | grad norm: 0.488 | number of skipped iterations:   0 | number of nan iterations:   0 |
7: [default3]: [2026-05-24 07:11:33.547193] iteration      771/    1819 | consumed samples:       394752 | elapsed time per iteration (ms): 3177.9 | throughput per GPU (TFLOP/s/GPU): 101.8 | tokens/sec/GPU: 20623 | learning rate: 7.019754E-05 | global batch size:   512 | lm loss: 2.687204E+00 | loss scale: 1.0 | grad norm: 0.499 | number of skipped iterations:   0 | number of nan iterations:   0 |
7: [default3]: [2026-05-24 07:11:37.560648] iteration      772/    1819 | consumed samples:       395264 | elapsed time per iteration (ms): 4013.3 | throughput per GPU (TFLOP/s/GPU): 80.6 | tokens/sec/GPU: 16330 | learning rate: 7.012011E-05 | global batch size:   512 | lm loss: 2.768466E+00 | loss scale: 1.0 | grad norm: 0.590 | number of skipped iterations:   0 | number of nan iterations:   0 |
7: [default3]: [2026-05-24 07:11:38.457427] iteration      773/    1819 | consumed samples:       395776 | elapsed time per iteration (ms): 895.9 | throughput per GPU (TFLOP/s/GPU): 361.1 | tokens/sec/GPU: 73150 | learning rate: 7.004262E-05 | global batch size:   512 | lm loss: 2.744252E+00 | loss scale: 1.0 | grad norm: 0.614 | number of skipped iterations:   0 | number of nan iterations:   0 |
7: [default3]: [2026-05-24 07:11:39.363868] iteration      774/    1819 | consumed samples:       396288 | elapsed time per iteration (ms): 906.3 | throughput per GPU (TFLOP/s/GPU): 357.0 | tokens/sec/GPU: 72314 | learning rate: 6.996509E-05 | global batch size:   512 | lm loss: 2.716187E+00 | loss scale: 1.0 | grad norm: 0.560 | number of skipped iterations:   0 | number of nan iterations:   0 |
7: [default3]: [2026-05-24 07:11:42.365216] iteration      775/    1819 | consumed samples:       396800 | elapsed time per iteration (ms): 3001.2 | throughput per GPU (TFLOP/s/GPU): 107.8 | tokens/sec/GPU: 21837 | learning rate: 6.988751E-05 | global batch size:   512 | lm loss: 2.714821E+00 | loss scale: 1.0 | grad norm: 0.562 | number of skipped iterations:   0 | number of nan iterations:   0 |
7: [default3]: [2026-05-24 07:11:44.815204] iteration      776/    1819 | consumed samples:       397312 | elapsed time per iteration (ms): 2449.4 | throughput per GPU (TFLOP/s/GPU): 132.1 | tokens/sec/GPU: 26756 | learning rate: 6.980987E-05 | global batch size:   512 | lm loss: 2.721266E+00 | loss scale: 1.0 | grad norm: 0.574 | number of skipped iterations:   0 | number of nan iterations:   0 |
7: [default3]: [2026-05-24 07:11:45.757737] iteration      777/    1819 | consumed samples:       397824 | elapsed time per iteration (ms): 942.3 | throughput per GPU (TFLOP/s/GPU): 343.3 | tokens/sec/GPU: 69546 | learning rate: 6.973219E-05 | global batch size:   512 | lm loss: 2.693541E+00 | loss scale: 1.0 | grad norm: 0.579 | number of skipped iterations:   0 | number of nan iterations:   0 |
7: [default3]: [2026-05-24 07:11:46.749529] iteration      778/    1819 | consumed samples:       398336 | elapsed time per iteration (ms): 991.3 | throughput per GPU (TFLOP/s/GPU): 326.4 | tokens/sec/GPU: 66114 | learning rate: 6.965445E-05 | global batch size:   512 | lm loss: 2.750271E+00 | loss scale: 1.0 | grad norm: 0.578 | number of skipped iterations:   0 | number of nan iterations:   0 |
7: [default3]: [2026-05-24 07:11:49.008802] iteration      779/    1819 | consumed samples:       398848 | elapsed time per iteration (ms): 2258.8 | throughput per GPU (TFLOP/s/GPU): 143.2 | tokens/sec/GPU: 29014 | learning rate: 6.957667E-05 | global batch size:   512 | lm loss: 2.733762E+00 | loss scale: 1.0 | grad norm: 0.545 | number of skipped iterations:   0 | number of nan iterations:   0 |
7: [default3]: [2026-05-24 07:11:52.032272] iteration      780/    1819 | consumed samples:       399360 | elapsed time per iteration (ms): 3023.3 | throughput per GPU (TFLOP/s/GPU): 107.0 | tokens/sec/GPU: 21677 | learning rate: 6.949884E-05 | global batch size:   512 | lm loss: 2.691281E+00 | loss scale: 1.0 | grad norm: 0.528 | number of skipped iterations:   0 | number of nan iterations:   0 |
7: [default3]: [2026-05-24 07:11:53.507855] iteration      781/    1819 | consumed samples:       399872 | elapsed time per iteration (ms): 1475.4 | throughput per GPU (TFLOP/s/GPU): 219.3 | tokens/sec/GPU: 44419 | learning rate: 6.942096E-05 | global batch size:   512 | lm loss: 2.748356E+00 | loss scale: 1.0 | grad norm: 0.563 | number of skipped iterations:   0 | number of nan iterations:   0 |
7: [default3]: [2026-05-24 07:11:54.404490] iteration      782/    1819 | consumed samples:       400384 | elapsed time per iteration (ms): 896.4 | throughput per GPU (TFLOP/s/GPU): 360.9 | tokens/sec/GPU: 73108 | learning rate: 6.934303E-05 | global batch size:   512 | lm loss: 2.726802E+00 | loss scale: 1.0 | grad norm: 0.621 | number of skipped iterations:   0 | number of nan iterations:   0 |
7: [default3]: [2026-05-24 07:11:56.529234] iteration      783/    1819 | consumed samples:       400896 | elapsed time per iteration (ms): 2124.6 | throughput per GPU (TFLOP/s/GPU): 152.3 | tokens/sec/GPU: 30847 | learning rate: 6.926506E-05 | global batch size:   512 | lm loss: 2.734881E+00 | loss scale: 1.0 | grad norm: 0.615 | number of skipped iterations:   0 | number of nan iterations:   0 |
7: [default3]: [2026-05-24 07:11:59.763026] iteration      784/    1819 | consumed samples:       401408 | elapsed time per iteration (ms): 3233.6 | throughput per GPU (TFLOP/s/GPU): 100.1 | tokens/sec/GPU: 20267 | learning rate: 6.918704E-05 | global batch size:   512 | lm loss: 2.724699E+00 | loss scale: 1.0 | grad norm: 0.589 | number of skipped iterations:   0 | number of nan iterations:   0 |
7: [default3]: [2026-05-24 07:12:00.686860] iteration      785/    1819 | consumed samples:       401920 | elapsed time per iteration (ms): 923.4 | throughput per GPU (TFLOP/s/GPU): 350.4 | tokens/sec/GPU: 70972 | learning rate: 6.910897E-05 | global batch size:   512 | lm loss: 2.722644E+00 | loss scale: 1.0 | grad norm: 0.596 | number of skipped iterations:   0 | number of nan iterations:   0 |
7: [default3]: [2026-05-24 07:12:01.587723] iteration      786/    1819 | consumed samples:       402432 | elapsed time per iteration (ms): 900.6 | throughput per GPU (TFLOP/s/GPU): 359.2 | tokens/sec/GPU: 72769 | learning rate: 6.903085E-05 | global batch size:   512 | lm loss: 2.633867E+00 | loss scale: 1.0 | grad norm: 0.575 | number of skipped iterations:   0 | number of nan iterations:   0 |
7: [default3]: [2026-05-24 07:12:03.921580] iteration      787/    1819 | consumed samples:       402944 | elapsed time per iteration (ms): 2333.5 | throughput per GPU (TFLOP/s/GPU): 138.7 | tokens/sec/GPU: 28085 | learning rate: 6.895269E-05 | global batch size:   512 | lm loss: 2.709263E+00 | loss scale: 1.0 | grad norm: 0.571 | number of skipped iterations:   0 | number of nan iterations:   0 |
7: [default3]: [2026-05-24 07:12:09.729242] iteration      788/    1819 | consumed samples:       403456 | elapsed time per iteration (ms): 5807.3 | throughput per GPU (TFLOP/s/GPU): 55.7 | tokens/sec/GPU: 11285 | learning rate: 6.887448E-05 | global batch size:   512 | lm loss: 2.693267E+00 | loss scale: 1.0 | grad norm: 0.523 | number of skipped iterations:   0 | number of nan iterations:   0 |
7: [default3]: [2026-05-24 07:12:10.621924] iteration      789/    1819 | consumed samples:       403968 | elapsed time per iteration (ms): 892.4 | throughput per GPU (TFLOP/s/GPU): 362.5 | tokens/sec/GPU: 73434 | learning rate: 6.879622E-05 | global batch size:   512 | lm loss: 2.742686E+00 | loss scale: 1.0 | grad norm: 0.495 | number of skipped iterations:   0 | number of nan iterations:   0 |
7: [default3]: [2026-05-24 07:12:11.509500] iteration      790/    1819 | consumed samples:       404480 | elapsed time per iteration (ms): 887.3 | throughput per GPU (TFLOP/s/GPU): 364.6 | tokens/sec/GPU: 73862 | learning rate: 6.871791E-05 | global batch size:   512 | lm loss: 2.749323E+00 | loss scale: 1.0 | grad norm: 0.464 | number of skipped iterations:   0 | number of nan iterations:   0 |
7: [default3]: [2026-05-24 07:12:12.417009] iteration      791/    1819 | consumed samples:       404992 | elapsed time per iteration (ms): 905.9 | throughput per GPU (TFLOP/s/GPU): 357.1 | tokens/sec/GPU: 72342 | learning rate: 6.863957E-05 | global batch size:   512 | lm loss: 2.727429E+00 | loss scale: 1.0 | grad norm: 0.477 | number of skipped iterations:   0 | number of nan iterations:   0 |
7: [default3]: [2026-05-24 07:12:18.312718] iteration      792/    1819 | consumed samples:       405504 | elapsed time per iteration (ms): 5895.5 | throughput per GPU (TFLOP/s/GPU): 54.9 | tokens/sec/GPU: 11116 | learning rate: 6.856117E-05 | global batch size:   512 | lm loss: 2.758893E+00 | loss scale: 1.0 | grad norm: 0.473 | number of skipped iterations:   0 | number of nan iterations:   0 |
7: [default3]: [2026-05-24 07:12:19.198148] iteration      793/    1819 | consumed samples:       406016 | elapsed time per iteration (ms): 885.3 | throughput per GPU (TFLOP/s/GPU): 365.5 | tokens/sec/GPU: 74030 | learning rate: 6.848273E-05 | global batch size:   512 | lm loss: 2.687578E+00 | loss scale: 1.0 | grad norm: 0.509 | number of skipped iterations:   0 | number of nan iterations:   0 |
7: [default3]: [2026-05-24 07:12:20.097944] iteration      794/    1819 | consumed samples:       406528 | elapsed time per iteration (ms): 899.6 | throughput per GPU (TFLOP/s/GPU): 359.6 | tokens/sec/GPU: 72849 | learning rate: 6.840425E-05 | global batch size:   512 | lm loss: 2.737530E+00 | loss scale: 1.0 | grad norm: 0.562 | number of skipped iterations:   0 | number of nan iterations:   0 |
7: [default3]: [2026-05-24 07:12:20.992102] iteration      795/    1819 | consumed samples:       407040 | elapsed time per iteration (ms): 893.9 | throughput per GPU (TFLOP/s/GPU): 361.9 | tokens/sec/GPU: 73316 | learning rate: 6.832572E-05 | global batch size:   512 | lm loss: 2.717989E+00 | loss scale: 1.0 | grad norm: 0.580 | number of skipped iterations:   0 | number of nan iterations:   0 |
7: [default3]: [2026-05-24 07:12:25.018181] iteration      796/    1819 | consumed samples:       407552 | elapsed time per iteration (ms): 4025.9 | throughput per GPU (TFLOP/s/GPU): 80.4 | tokens/sec/GPU: 16279 | learning rate: 6.824714E-05 | global batch size:   512 | lm loss: 2.692264E+00 | loss scale: 1.0 | grad norm: 0.563 | number of skipped iterations:   0 | number of nan iterations:   0 |
7: [default3]: [2026-05-24 07:12:26.246875] iteration      797/    1819 | consumed samples:       408064 | elapsed time per iteration (ms): 1228.5 | throughput per GPU (TFLOP/s/GPU): 263.4 | tokens/sec/GPU: 53347 | learning rate: 6.816853E-05 | global batch size:   512 | lm loss: 2.735520E+00 | loss scale: 1.0 | grad norm: 0.575 | number of skipped iterations:   0 | number of nan iterations:   0 |
7: [default3]: [2026-05-24 07:12:27.142583] iteration      798/    1819 | consumed samples:       408576 | elapsed time per iteration (ms): 895.3 | throughput per GPU (TFLOP/s/GPU): 361.4 | tokens/sec/GPU: 73196 | learning rate: 6.808986E-05 | global batch size:   512 | lm loss: 2.701405E+00 | loss scale: 1.0 | grad norm: 0.608 | number of skipped iterations:   0 | number of nan iterations:   0 |
7: [default3]: [2026-05-24 07:12:28.328516] iteration      799/    1819 | consumed samples:       409088 | elapsed time per iteration (ms): 1185.6 | throughput per GPU (TFLOP/s/GPU): 272.9 | tokens/sec/GPU: 55276 | learning rate: 6.801116E-05 | global batch size:   512 | lm loss: 2.660840E+00 | loss scale: 1.0 | grad norm: 0.537 | number of skipped iterations:   0 | number of nan iterations:   0 |
7: [default3]: [2026-05-24 07:12:35.749991] iteration      800/    1819 | consumed samples:       409600 | elapsed time per iteration (ms): 7421.1 | throughput per GPU (TFLOP/s/GPU): 43.6 | tokens/sec/GPU: 8831 | learning rate: 6.793241E-05 | global batch size:   512 | lm loss: 2.686463E+00 | loss scale: 1.0 | grad norm: 0.508 | number of skipped iterations:   0 | number of nan iterations:   0 |
7: [default3]: [2026-05-24 07:12:37.039679] iteration      801/    1819 | consumed samples:       410112 | elapsed time per iteration (ms): 1289.5 | throughput per GPU (TFLOP/s/GPU): 250.9 | tokens/sec/GPU: 50825 | learning rate: 6.785361E-05 | global batch size:   512 | lm loss: 2.738293E+00 | loss scale: 1.0 | grad norm: 0.512 | number of skipped iterations:   0 | number of nan iterations:   0 |
7: [default3]: [2026-05-24 07:12:37.927700] iteration      802/    1819 | consumed samples:       410624 | elapsed time per iteration (ms): 887.7 | throughput per GPU (TFLOP/s/GPU): 364.5 | tokens/sec/GPU: 73823 | learning rate: 6.777477E-05 | global batch size:   512 | lm loss: 2.647497E+00 | loss scale: 1.0 | grad norm: 0.498 | number of skipped iterations:   0 | number of nan iterations:   0 |
7: [default3]: [2026-05-24 07:12:40.792928] iteration      803/    1819 | consumed samples:       411136 | elapsed time per iteration (ms): 2865.0 | throughput per GPU (TFLOP/s/GPU): 112.9 | tokens/sec/GPU: 22874 | learning rate: 6.769590E-05 | global batch size:   512 | lm loss: 2.662589E+00 | loss scale: 1.0 | grad norm: 0.514 | number of skipped iterations:   0 | number of nan iterations:   0 |
7: [default3]: [2026-05-24 07:12:43.889073] iteration      804/    1819 | consumed samples:       411648 | elapsed time per iteration (ms): 3096.0 | throughput per GPU (TFLOP/s/GPU): 104.5 | tokens/sec/GPU: 21168 | learning rate: 6.761698E-05 | global batch size:   512 | lm loss: 2.642233E+00 | loss scale: 1.0 | grad norm: 0.504 | number of skipped iterations:   0 | number of nan iterations:   0 |
7: [default3]: [2026-05-24 07:12:44.787489] iteration      805/    1819 | consumed samples:       412160 | elapsed time per iteration (ms): 898.2 | throughput per GPU (TFLOP/s/GPU): 360.2 | tokens/sec/GPU: 72961 | learning rate: 6.753801E-05 | global batch size:   512 | lm loss: 2.675048E+00 | loss scale: 1.0 | grad norm: 0.502 | number of skipped iterations:   0 | number of nan iterations:   0 |
7: [default3]: [2026-05-24 07:12:45.683376] iteration      806/    1819 | consumed samples:       412672 | elapsed time per iteration (ms): 895.7 | throughput per GPU (TFLOP/s/GPU): 361.2 | tokens/sec/GPU: 73171 | learning rate: 6.745901E-05 | global batch size:   512 | lm loss: 2.706071E+00 | loss scale: 1.0 | grad norm: 0.550 | number of skipped iterations:   0 | number of nan iterations:   0 |
7: [default3]: [2026-05-24 07:12:46.705868] iteration      807/    1819 | consumed samples:       413184 | elapsed time per iteration (ms): 1022.2 | throughput per GPU (TFLOP/s/GPU): 316.5 | tokens/sec/GPU: 64112 | learning rate: 6.737997E-05 | global batch size:   512 | lm loss: 2.704242E+00 | loss scale: 1.0 | grad norm: 0.609 | number of skipped iterations:   0 | number of nan iterations:   0 |
7: [default3]: [2026-05-24 07:12:51.946270] iteration      808/    1819 | consumed samples:       413696 | elapsed time per iteration (ms): 5240.2 | throughput per GPU (TFLOP/s/GPU): 61.7 | tokens/sec/GPU: 12506 | learning rate: 6.730088E-05 | global batch size:   512 | lm loss: 2.671608E+00 | loss scale: 1.0 | grad norm: 0.661 | number of skipped iterations:   0 | number of nan iterations:   0 |
7: [default3]: [2026-05-24 07:12:52.836052] iteration      809/    1819 | consumed samples:       414208 | elapsed time per iteration (ms): 889.6 | throughput per GPU (TFLOP/s/GPU): 363.7 | tokens/sec/GPU: 73668 | learning rate: 6.722174E-05 | global batch size:   512 | lm loss: 2.677228E+00 | loss scale: 1.0 | grad norm: 0.646 | number of skipped iterations:   0 | number of nan iterations:   0 |
7: [default3]: [2026-05-24 07:12:53.722305] iteration      810/    1819 | consumed samples:       414720 | elapsed time per iteration (ms): 886.1 | throughput per GPU (TFLOP/s/GPU): 365.1 | tokens/sec/GPU: 73963 | learning rate: 6.714257E-05 | global batch size:   512 | lm loss: 2.633395E+00 | loss scale: 1.0 | grad norm: 0.583 | number of skipped iterations:   0 | number of nan iterations:   0 |
7: [default3]: [2026-05-24 07:12:58.635108] iteration      811/    1819 | consumed samples:       415232 | elapsed time per iteration (ms): 4912.6 | throughput per GPU (TFLOP/s/GPU): 65.9 | tokens/sec/GPU: 13340 | learning rate: 6.706337E-05 | global batch size:   512 | lm loss: 2.687110E+00 | loss scale: 1.0 | grad norm: 0.552 | number of skipped iterations:   0 | number of nan iterations:   0 |
7: [default3]: [2026-05-24 07:13:01.908165] iteration      812/    1819 | consumed samples:       415744 | elapsed time per iteration (ms): 3272.9 | throughput per GPU (TFLOP/s/GPU): 98.9 | tokens/sec/GPU: 20024 | learning rate: 6.698412E-05 | global batch size:   512 | lm loss: 2.755430E+00 | loss scale: 1.0 | grad norm: 0.530 | number of skipped iterations:   0 | number of nan iterations:   0 |
7: [default3]: [2026-05-24 07:13:02.806979] iteration      813/    1819 | consumed samples:       416256 | elapsed time per iteration (ms): 898.5 | throughput per GPU (TFLOP/s/GPU): 360.1 | tokens/sec/GPU: 72938 | learning rate: 6.690482E-05 | global batch size:   512 | lm loss: 2.664138E+00 | loss scale: 1.0 | grad norm: 0.501 | number of skipped iterations:   0 | number of nan iterations:   0 |
7: [default3]: [2026-05-24 07:13:03.714698] iteration      814/    1819 | consumed samples:       416768 | elapsed time per iteration (ms): 907.3 | throughput per GPU (TFLOP/s/GPU): 356.6 | tokens/sec/GPU: 72229 | learning rate: 6.682549E-05 | global batch size:   512 | lm loss: 2.660096E+00 | loss scale: 1.0 | grad norm: 0.510 | number of skipped iterations:   0 | number of nan iterations:   0 |
7: [default3]: [2026-05-24 07:13:05.518732] iteration      815/    1819 | consumed samples:       417280 | elapsed time per iteration (ms): 1803.6 | throughput per GPU (TFLOP/s/GPU): 179.4 | tokens/sec/GPU: 36335 | learning rate: 6.674613E-05 | global batch size:   512 | lm loss: 2.661762E+00 | loss scale: 1.0 | grad norm: 0.486 | number of skipped iterations:   0 | number of nan iterations:   0 |
7: [default3]: [2026-05-24 07:13:08.829890] iteration      816/    1819 | consumed samples:       417792 | elapsed time per iteration (ms): 3310.9 | throughput per GPU (TFLOP/s/GPU): 97.7 | tokens/sec/GPU: 19794 | learning rate: 6.666672E-05 | global batch size:   512 | lm loss: 2.711925E+00 | loss scale: 1.0 | grad norm: 0.461 | number of skipped iterations:   0 | number of nan iterations:   0 |
7: [default3]: [2026-05-24 07:13:09.722293] iteration      817/    1819 | consumed samples:       418304 | elapsed time per iteration (ms): 892.1 | throughput per GPU (TFLOP/s/GPU): 362.7 | tokens/sec/GPU: 73463 | learning rate: 6.658726E-05 | global batch size:   512 | lm loss: 2.670955E+00 | loss scale: 1.0 | grad norm: 0.463 | number of skipped iterations:   0 | number of nan iterations:   0 |
7: [default3]: [2026-05-24 07:13:10.639348] iteration      818/    1819 | consumed samples:       418816 | elapsed time per iteration (ms): 916.7 | throughput per GPU (TFLOP/s/GPU): 352.9 | tokens/sec/GPU: 71488 | learning rate: 6.650778E-05 | global batch size:   512 | lm loss: 2.646264E+00 | loss scale: 1.0 | grad norm: 0.444 | number of skipped iterations:   0 | number of nan iterations:   0 |
7: [default3]: [2026-05-24 07:13:11.540288] iteration      819/    1819 | consumed samples:       419328 | elapsed time per iteration (ms): 900.6 | throughput per GPU (TFLOP/s/GPU): 359.2 | tokens/sec/GPU: 72766 | learning rate: 6.642826E-05 | global batch size:   512 | lm loss: 2.701568E+00 | loss scale: 1.0 | grad norm: 0.449 | number of skipped iterations:   0 | number of nan iterations:   0 |
7: [default3]: [2026-05-24 07:13:16.743881] iteration      820/    1819 | consumed samples:       419840 | elapsed time per iteration (ms): 5203.4 | throughput per GPU (TFLOP/s/GPU): 62.2 | tokens/sec/GPU: 12595 | learning rate: 6.634869E-05 | global batch size:   512 | lm loss: 2.666896E+00 | loss scale: 1.0 | grad norm: 0.473 | number of skipped iterations:   0 | number of nan iterations:   0 |
7: [default3]: [2026-05-24 07:13:17.647465] iteration      821/    1819 | consumed samples:       420352 | elapsed time per iteration (ms): 903.4 | throughput per GPU (TFLOP/s/GPU): 358.1 | tokens/sec/GPU: 72543 | learning rate: 6.626909E-05 | global batch size:   512 | lm loss: 2.736657E+00 | loss scale: 1.0 | grad norm: 0.533 | number of skipped iterations:   0 | number of nan iterations:   0 |
7: [default3]: [2026-05-24 07:13:18.547520] iteration      822/    1819 | consumed samples:       420864 | elapsed time per iteration (ms): 899.8 | throughput per GPU (TFLOP/s/GPU): 359.6 | tokens/sec/GPU: 72830 | learning rate: 6.618945E-05 | global batch size:   512 | lm loss: 2.738894E+00 | loss scale: 1.0 | grad norm: 0.623 | number of skipped iterations:   0 | number of nan iterations:   0 |
7: [default3]: [2026-05-24 07:13:19.442657] iteration      823/    1819 | consumed samples:       421376 | elapsed time per iteration (ms): 894.8 | throughput per GPU (TFLOP/s/GPU): 361.6 | tokens/sec/GPU: 73240 | learning rate: 6.610977E-05 | global batch size:   512 | lm loss: 2.639836E+00 | loss scale: 1.0 | grad norm: 0.622 | number of skipped iterations:   0 | number of nan iterations:   0 |
7: [default3]: [2026-05-24 07:13:20.346524] iteration      824/    1819 | consumed samples:       421888 | elapsed time per iteration (ms): 903.7 | throughput per GPU (TFLOP/s/GPU): 358.0 | tokens/sec/GPU: 72522 | learning rate: 6.603006E-05 | global batch size:   512 | lm loss: 2.604967E+00 | loss scale: 1.0 | grad norm: 0.550 | number of skipped iterations:   0 | number of nan iterations:   0 |
7: [default3]: [2026-05-24 07:13:21.246339] iteration      825/    1819 | consumed samples:       422400 | elapsed time per iteration (ms): 899.5 | throughput per GPU (TFLOP/s/GPU): 359.7 | tokens/sec/GPU: 72857 | learning rate: 6.595031E-05 | global batch size:   512 | lm loss: 2.693323E+00 | loss scale: 1.0 | grad norm: 0.522 | number of skipped iterations:   0 | number of nan iterations:   0 |
7: [default3]: [2026-05-24 07:13:22.149340] iteration      826/    1819 | consumed samples:       422912 | elapsed time per iteration (ms): 902.8 | throughput per GPU (TFLOP/s/GPU): 358.4 | tokens/sec/GPU: 72590 | learning rate: 6.587052E-05 | global batch size:   512 | lm loss: 2.705614E+00 | loss scale: 1.0 | grad norm: 0.567 | number of skipped iterations:   0 | number of nan iterations:   0 |
7: [default3]: [2026-05-24 07:13:23.053954] iteration      827/    1819 | consumed samples:       423424 | elapsed time per iteration (ms): 904.3 | throughput per GPU (TFLOP/s/GPU): 357.8 | tokens/sec/GPU: 72471 | learning rate: 6.579070E-05 | global batch size:   512 | lm loss: 2.646593E+00 | loss scale: 1.0 | grad norm: 0.582 | number of skipped iterations:   0 | number of nan iterations:   0 |
7: [default3]: [2026-05-24 07:13:29.421024] iteration      828/    1819 | consumed samples:       423936 | elapsed time per iteration (ms): 6366.9 | throughput per GPU (TFLOP/s/GPU): 50.8 | tokens/sec/GPU: 10293 | learning rate: 6.571084E-05 | global batch size:   512 | lm loss: 2.668488E+00 | loss scale: 1.0 | grad norm: 0.600 | number of skipped iterations:   0 | number of nan iterations:   0 |
7: [default3]: [2026-05-24 07:13:30.327594] iteration      829/    1819 | consumed samples:       424448 | elapsed time per iteration (ms): 906.3 | throughput per GPU (TFLOP/s/GPU): 357.0 | tokens/sec/GPU: 72313 | learning rate: 6.563095E-05 | global batch size:   512 | lm loss: 2.658232E+00 | loss scale: 1.0 | grad norm: 0.539 | number of skipped iterations:   0 | number of nan iterations:   0 |
7: [default3]: [2026-05-24 07:13:31.227241] iteration      830/    1819 | consumed samples:       424960 | elapsed time per iteration (ms): 899.5 | throughput per GPU (TFLOP/s/GPU): 359.7 | tokens/sec/GPU: 72861 | learning rate: 6.555102E-05 | global batch size:   512 | lm loss: 2.661362E+00 | loss scale: 1.0 | grad norm: 0.719 | number of skipped iterations:   0 | number of nan iterations:   0 |
7: [default3]: [2026-05-24 07:13:32.129101] iteration      831/    1819 | consumed samples:       425472 | elapsed time per iteration (ms): 901.7 | throughput per GPU (TFLOP/s/GPU): 358.8 | tokens/sec/GPU: 72682 | learning rate: 6.547105E-05 | global batch size:   512 | lm loss: 2.664028E+00 | loss scale: 1.0 | grad norm: 0.481 | number of skipped iterations:   0 | number of nan iterations:   0 |
7: [default3]: [2026-05-24 07:13:37.052607] iteration      832/    1819 | consumed samples:       425984 | elapsed time per iteration (ms): 4922.8 | throughput per GPU (TFLOP/s/GPU): 65.7 | tokens/sec/GPU: 13313 | learning rate: 6.539105E-05 | global batch size:   512 | lm loss: 2.670345E+00 | loss scale: 1.0 | grad norm: 0.532 | number of skipped iterations:   0 | number of nan iterations:   0 |
7: [default3]: [2026-05-24 07:13:38.093196] iteration      833/    1819 | consumed samples:       426496 | elapsed time per iteration (ms): 1040.2 | throughput per GPU (TFLOP/s/GPU): 311.0 | tokens/sec/GPU: 63003 | learning rate: 6.531102E-05 | global batch size:   512 | lm loss: 2.667745E+00 | loss scale: 1.0 | grad norm: 0.524 | number of skipped iterations:   0 | number of nan iterations:   0 |
7: [default3]: [2026-05-24 07:13:39.006319] iteration      834/    1819 | consumed samples:       427008 | elapsed time per iteration (ms): 912.9 | throughput per GPU (TFLOP/s/GPU): 354.4 | tokens/sec/GPU: 71787 | learning rate: 6.523095E-05 | global batch size:   512 | lm loss: 2.659037E+00 | loss scale: 1.0 | grad norm: 0.499 | number of skipped iterations:   0 | number of nan iterations:   0 |
7: [default3]: [2026-05-24 07:13:39.911006] iteration      835/    1819 | consumed samples:       427520 | elapsed time per iteration (ms): 904.4 | throughput per GPU (TFLOP/s/GPU): 357.7 | tokens/sec/GPU: 72465 | learning rate: 6.515085E-05 | global batch size:   512 | lm loss: 2.664515E+00 | loss scale: 1.0 | grad norm: 0.500 | number of skipped iterations:   0 | number of nan iterations:   0 |
7: [default3]: [2026-05-24 07:13:44.710230] iteration      836/    1819 | consumed samples:       428032 | elapsed time per iteration (ms): 4799.1 | throughput per GPU (TFLOP/s/GPU): 67.4 | tokens/sec/GPU: 13656 | learning rate: 6.507070E-05 | global batch size:   512 | lm loss: 2.660843E+00 | loss scale: 1.0 | grad norm: 0.498 | number of skipped iterations:   0 | number of nan iterations:   0 |
7: [default3]: [2026-05-24 07:13:45.607422] iteration      837/    1819 | consumed samples:       428544 | elapsed time per iteration (ms): 896.7 | throughput per GPU (TFLOP/s/GPU): 360.8 | tokens/sec/GPU: 73088 | learning rate: 6.499053E-05 | global batch size:   512 | lm loss: 2.722510E+00 | loss scale: 1.0 | grad norm: 0.534 | number of skipped iterations:   0 | number of nan iterations:   0 |
7: [default3]: [2026-05-24 07:13:46.505943] iteration      838/    1819 | consumed samples:       429056 | elapsed time per iteration (ms): 898.4 | throughput per GPU (TFLOP/s/GPU): 360.1 | tokens/sec/GPU: 72951 | learning rate: 6.491032E-05 | global batch size:   512 | lm loss: 2.649986E+00 | loss scale: 1.0 | grad norm: 0.541 | number of skipped iterations:   0 | number of nan iterations:   0 |
7: [default3]: [2026-05-24 07:13:47.407075] iteration      839/    1819 | consumed samples:       429568 | elapsed time per iteration (ms): 900.8 | throughput per GPU (TFLOP/s/GPU): 359.2 | tokens/sec/GPU: 72754 | learning rate: 6.483009E-05 | global batch size:   512 | lm loss: 2.660243E+00 | loss scale: 1.0 | grad norm: 0.506 | number of skipped iterations:   0 | number of nan iterations:   0 |
7: [default3]: [2026-05-24 07:13:55.502171] iteration      840/    1819 | consumed samples:       430080 | elapsed time per iteration (ms): 8094.9 | throughput per GPU (TFLOP/s/GPU): 40.0 | tokens/sec/GPU: 8096 | learning rate: 6.474982E-05 | global batch size:   512 | lm loss: 2.629815E+00 | loss scale: 1.0 | grad norm: 0.479 | number of skipped iterations:   0 | number of nan iterations:   0 |
7: [default3]: [2026-05-24 07:13:56.399940] iteration      841/    1819 | consumed samples:       430592 | elapsed time per iteration (ms): 897.6 | throughput per GPU (TFLOP/s/GPU): 360.5 | tokens/sec/GPU: 73014 | learning rate: 6.466952E-05 | global batch size:   512 | lm loss: 2.661583E+00 | loss scale: 1.0 | grad norm: 0.486 | number of skipped iterations:   0 | number of nan iterations:   0 |
7: [default3]: [2026-05-24 07:13:57.307044] iteration      842/    1819 | consumed samples:       431104 | elapsed time per iteration (ms): 906.8 | throughput per GPU (TFLOP/s/GPU): 356.8 | tokens/sec/GPU: 72274 | learning rate: 6.458918E-05 | global batch size:   512 | lm loss: 2.643553E+00 | loss scale: 1.0 | grad norm: 0.517 | number of skipped iterations:   0 | number of nan iterations:   0 |
7: [default3]: [2026-05-24 07:13:58.212095] iteration      843/    1819 | consumed samples:       431616 | elapsed time per iteration (ms): 904.7 | throughput per GPU (TFLOP/s/GPU): 357.6 | tokens/sec/GPU: 72439 | learning rate: 6.450881E-05 | global batch size:   512 | lm loss: 2.671283E+00 | loss scale: 1.0 | grad norm: 0.525 | number of skipped iterations:   0 | number of nan iterations:   0 |
7: [default3]: [2026-05-24 07:14:02.280351] iteration      844/    1819 | consumed samples:       432128 | elapsed time per iteration (ms): 4067.9 | throughput per GPU (TFLOP/s/GPU): 79.5 | tokens/sec/GPU: 16111 | learning rate: 6.442842E-05 | global batch size:   512 | lm loss: 2.694799E+00 | loss scale: 1.0 | grad norm: 0.512 | number of skipped iterations:   0 | number of nan iterations:   0 |
7: [default3]: [2026-05-24 07:14:03.182952] iteration      845/    1819 | consumed samples:       432640 | elapsed time per iteration (ms): 902.4 | throughput per GPU (TFLOP/s/GPU): 358.5 | tokens/sec/GPU: 72623 | learning rate: 6.434798E-05 | global batch size:   512 | lm loss: 2.646785E+00 | loss scale: 1.0 | grad norm: 0.551 | number of skipped iterations:   0 | number of nan iterations:   0 |
7: [default3]: [2026-05-24 07:14:04.092378] iteration      846/    1819 | consumed samples:       433152 | elapsed time per iteration (ms): 909.1 | throughput per GPU (TFLOP/s/GPU): 355.9 | tokens/sec/GPU: 72085 | learning rate: 6.426752E-05 | global batch size:   512 | lm loss: 2.656509E+00 | loss scale: 1.0 | grad norm: 0.551 | number of skipped iterations:   0 | number of nan iterations:   0 |
7: [default3]: [2026-05-24 07:14:04.998622] iteration      847/    1819 | consumed samples:       433664 | elapsed time per iteration (ms): 906.0 | throughput per GPU (TFLOP/s/GPU): 357.1 | tokens/sec/GPU: 72333 | learning rate: 6.418703E-05 | global batch size:   512 | lm loss: 2.682127E+00 | loss scale: 1.0 | grad norm: 0.540 | number of skipped iterations:   0 | number of nan iterations:   0 |
7: [default3]: [2026-05-24 07:14:08.967638] iteration      848/    1819 | consumed samples:       434176 | elapsed time per iteration (ms): 3968.7 | throughput per GPU (TFLOP/s/GPU): 81.5 | tokens/sec/GPU: 16513 | learning rate: 6.410651E-05 | global batch size:   512 | lm loss: 2.671708E+00 | loss scale: 1.0 | grad norm: 0.681 | number of skipped iterations:   0 | number of nan iterations:   0 |
7: [default3]: [2026-05-24 07:14:09.861604] iteration      849/    1819 | consumed samples:       434688 | elapsed time per iteration (ms): 893.7 | throughput per GPU (TFLOP/s/GPU): 362.0 | tokens/sec/GPU: 73331 | learning rate: 6.402595E-05 | global batch size:   512 | lm loss: 2.700137E+00 | loss scale: 1.0 | grad norm: 0.735 | number of skipped iterations:   0 | number of nan iterations:   0 |
7: [default3]: [2026-05-24 07:14:10.752998] iteration      850/    1819 | consumed samples:       435200 | elapsed time per iteration (ms): 891.2 | throughput per GPU (TFLOP/s/GPU): 363.0 | tokens/sec/GPU: 73538 | learning rate: 6.394536E-05 | global batch size:   512 | lm loss: 2.627330E+00 | loss scale: 1.0 | grad norm: 1.575 | number of skipped iterations:   0 | number of nan iterations:   0 |
7: [default3]: [2026-05-24 07:14:12.080297] iteration      851/    1819 | consumed samples:       435712 | elapsed time per iteration (ms): 1327.0 | throughput per GPU (TFLOP/s/GPU): 243.8 | tokens/sec/GPU: 49387 | learning rate: 6.386475E-05 | global batch size:   512 | lm loss: 2.689813E+00 | loss scale: 1.0 | grad norm: 0.594 | number of skipped iterations:   0 | number of nan iterations:   0 |
7: [default3]: [2026-05-24 07:14:16.534235] iteration      852/    1819 | consumed samples:       436224 | elapsed time per iteration (ms): 4453.4 | throughput per GPU (TFLOP/s/GPU): 72.7 | tokens/sec/GPU: 14716 | learning rate: 6.378411E-05 | global batch size:   512 | lm loss: 2.581851E+00 | loss scale: 1.0 | grad norm: 0.724 | number of skipped iterations:   0 | number of nan iterations:   0 |
7: [default3]: [2026-05-24 07:14:17.429200] iteration      853/    1819 | consumed samples:       436736 | elapsed time per iteration (ms): 894.7 | throughput per GPU (TFLOP/s/GPU): 361.6 | tokens/sec/GPU: 73252 | learning rate: 6.370343E-05 | global batch size:   512 | lm loss: 2.670165E+00 | loss scale: 1.0 | grad norm: 0.546 | number of skipped iterations:   0 | number of nan iterations:   0 |
7: [default3]: [2026-05-24 07:14:21.348065] iteration      854/    1819 | consumed samples:       437248 | elapsed time per iteration (ms): 3918.5 | throughput per GPU (TFLOP/s/GPU): 82.6 | tokens/sec/GPU: 16725 | learning rate: 6.362273E-05 | global batch size:   512 | lm loss: 2.655850E+00 | loss scale: 1.0 | grad norm: 0.572 | number of skipped iterations:   0 | number of nan iterations:   0 |
7: [default3]: [2026-05-24 07:14:22.466404] iteration      855/    1819 | consumed samples:       437760 | elapsed time per iteration (ms): 1118.1 | throughput per GPU (TFLOP/s/GPU): 289.4 | tokens/sec/GPU: 58613 | learning rate: 6.354200E-05 | global batch size:   512 | lm loss: 2.663477E+00 | loss scale: 1.0 | grad norm: 0.510 | number of skipped iterations:   0 | number of nan iterations:   0 |
7: [default3]: [2026-05-24 07:14:24.800763] iteration      856/    1819 | consumed samples:       438272 | elapsed time per iteration (ms): 2334.2 | throughput per GPU (TFLOP/s/GPU): 138.6 | tokens/sec/GPU: 28077 | learning rate: 6.346124E-05 | global batch size:   512 | lm loss: 2.689952E+00 | loss scale: 1.0 | grad norm: 0.529 | number of skipped iterations:   0 | number of nan iterations:   0 |
7: [default3]: [2026-05-24 07:14:25.988323] iteration      857/    1819 | consumed samples:       438784 | elapsed time per iteration (ms): 1186.9 | throughput per GPU (TFLOP/s/GPU): 272.6 | tokens/sec/GPU: 55217 | learning rate: 6.338045E-05 | global batch size:   512 | lm loss: 2.677470E+00 | loss scale: 1.0 | grad norm: 0.539 | number of skipped iterations:   0 | number of nan iterations:   0 |
7: [default3]: [2026-05-24 07:14:28.781189] iteration      858/    1819 | consumed samples:       439296 | elapsed time per iteration (ms): 2792.7 | throughput per GPU (TFLOP/s/GPU): 115.9 | tokens/sec/GPU: 23467 | learning rate: 6.329964E-05 | global batch size:   512 | lm loss: 2.646447E+00 | loss scale: 1.0 | grad norm: 0.516 | number of skipped iterations:   0 | number of nan iterations:   0 |
7: [default3]: [2026-05-24 07:14:33.117139] iteration      859/    1819 | consumed samples:       439808 | elapsed time per iteration (ms): 4335.7 | throughput per GPU (TFLOP/s/GPU): 74.6 | tokens/sec/GPU: 15115 | learning rate: 6.321879E-05 | global batch size:   512 | lm loss: 2.716906E+00 | loss scale: 1.0 | grad norm: 0.582 | number of skipped iterations:   0 | number of nan iterations:   0 |
7: [default3]: [2026-05-24 07:14:34.246183] iteration      860/    1819 | consumed samples:       440320 | elapsed time per iteration (ms): 1128.8 | throughput per GPU (TFLOP/s/GPU): 286.6 | tokens/sec/GPU: 58059 | learning rate: 6.313792E-05 | global batch size:   512 | lm loss: 2.668564E+00 | loss scale: 1.0 | grad norm: 0.602 | number of skipped iterations:   0 | number of nan iterations:   0 |
7: [default3]: [2026-05-24 07:14:35.140093] iteration      861/    1819 | consumed samples:       440832 | elapsed time per iteration (ms): 893.7 | throughput per GPU (TFLOP/s/GPU): 362.0 | tokens/sec/GPU: 73335 | learning rate: 6.305702E-05 | global batch size:   512 | lm loss: 2.643500E+00 | loss scale: 1.0 | grad norm: 0.492 | number of skipped iterations:   0 | number of nan iterations:   0 |
7: [default3]: [2026-05-24 07:14:37.955587] iteration      862/    1819 | consumed samples:       441344 | elapsed time per iteration (ms): 2815.3 | throughput per GPU (TFLOP/s/GPU): 114.9 | tokens/sec/GPU: 23278 | learning rate: 6.297610E-05 | global batch size:   512 | lm loss: 2.677234E+00 | loss scale: 1.0 | grad norm: 0.478 | number of skipped iterations:   0 | number of nan iterations:   0 |
7: [default3]: [2026-05-24 07:14:39.032377] iteration      863/    1819 | consumed samples:       441856 | elapsed time per iteration (ms): 1076.5 | throughput per GPU (TFLOP/s/GPU): 300.5 | tokens/sec/GPU: 60878 | learning rate: 6.289515E-05 | global batch size:   512 | lm loss: 2.671632E+00 | loss scale: 1.0 | grad norm: 0.501 | number of skipped iterations:   0 | number of nan iterations:   0 |
7: [default3]: [2026-05-24 07:14:42.199224] iteration      864/    1819 | consumed samples:       442368 | elapsed time per iteration (ms): 3166.7 | throughput per GPU (TFLOP/s/GPU): 102.2 | tokens/sec/GPU: 20696 | learning rate: 6.281417E-05 | global batch size:   512 | lm loss: 2.632570E+00 | loss scale: 1.0 | grad norm: 0.489 | number of skipped iterations:   0 | number of nan iterations:   0 |
7: [default3]: [2026-05-24 07:14:43.094459] iteration      865/    1819 | consumed samples:       442880 | elapsed time per iteration (ms): 894.9 | throughput per GPU (TFLOP/s/GPU): 361.5 | tokens/sec/GPU: 73234 | learning rate: 6.273316E-05 | global batch size:   512 | lm loss: 2.627433E+00 | loss scale: 1.0 | grad norm: 0.532 | number of skipped iterations:   0 | number of nan iterations:   0 |
7: [default3]: [2026-05-24 07:14:48.883518] iteration      866/    1819 | consumed samples:       443392 | elapsed time per iteration (ms): 5788.9 | throughput per GPU (TFLOP/s/GPU): 55.9 | tokens/sec/GPU: 11321 | learning rate: 6.265214E-05 | global batch size:   512 | lm loss: 2.688697E+00 | loss scale: 1.0 | grad norm: 0.572 | number of skipped iterations:   0 | number of nan iterations:   0 |
7: [default3]: [2026-05-24 07:14:49.780566] iteration      867/    1819 | consumed samples:       443904 | elapsed time per iteration (ms): 896.8 | throughput per GPU (TFLOP/s/GPU): 360.8 | tokens/sec/GPU: 73075 | learning rate: 6.257107E-05 | global batch size:   512 | lm loss: 2.680162E+00 | loss scale: 1.0 | grad norm: 0.565 | number of skipped iterations:   0 | number of nan iterations:   0 |
7: [default3]: [2026-05-24 07:14:50.854614] iteration      868/    1819 | consumed samples:       444416 | elapsed time per iteration (ms): 1073.8 | throughput per GPU (TFLOP/s/GPU): 301.3 | tokens/sec/GPU: 61031 | learning rate: 6.249000E-05 | global batch size:   512 | lm loss: 2.628964E+00 | loss scale: 1.0 | grad norm: 0.545 | number of skipped iterations:   0 | number of nan iterations:   0 |
7: [default3]: [2026-05-24 07:14:51.750829] iteration      869/    1819 | consumed samples:       444928 | elapsed time per iteration (ms): 895.8 | throughput per GPU (TFLOP/s/GPU): 361.2 | tokens/sec/GPU: 73161 | learning rate: 6.240889E-05 | global batch size:   512 | lm loss: 2.689224E+00 | loss scale: 1.0 | grad norm: 0.509 | number of skipped iterations:   0 | number of nan iterations:   0 |
7: [default3]: [2026-05-24 07:14:55.577186] iteration      870/    1819 | consumed samples:       445440 | elapsed time per iteration (ms): 3826.2 | throughput per GPU (TFLOP/s/GPU): 84.6 | tokens/sec/GPU: 17128 | learning rate: 6.232776E-05 | global batch size:   512 | lm loss: 2.650828E+00 | loss scale: 1.0 | grad norm: 0.509 | number of skipped iterations:   0 | number of nan iterations:   0 |
7: [default3]: [2026-05-24 07:14:56.472307] iteration      871/    1819 | consumed samples:       445952 | elapsed time per iteration (ms): 894.9 | throughput per GPU (TFLOP/s/GPU): 361.6 | tokens/sec/GPU: 73236 | learning rate: 6.224660E-05 | global batch size:   512 | lm loss: 2.575974E+00 | loss scale: 1.0 | grad norm: 0.470 | number of skipped iterations:   0 | number of nan iterations:   0 |
7: [default3]: [2026-05-24 07:14:58.326648] iteration      872/    1819 | consumed samples:       446464 | elapsed time per iteration (ms): 1854.0 | throughput per GPU (TFLOP/s/GPU): 174.5 | tokens/sec/GPU: 35348 | learning rate: 6.216543E-05 | global batch size:   512 | lm loss: 2.600662E+00 | loss scale: 1.0 | grad norm: 0.448 | number of skipped iterations:   0 | number of nan iterations:   0 |
7: [default3]: [2026-05-24 07:14:59.222999] iteration      873/    1819 | consumed samples:       446976 | elapsed time per iteration (ms): 896.0 | throughput per GPU (TFLOP/s/GPU): 361.1 | tokens/sec/GPU: 73139 | learning rate: 6.208423E-05 | global batch size:   512 | lm loss: 2.663111E+00 | loss scale: 1.0 | grad norm: 0.457 | number of skipped iterations:   0 | number of nan iterations:   0 |
7: [default3]: [2026-05-24 07:15:01.851028] iteration      874/    1819 | consumed samples:       447488 | elapsed time per iteration (ms): 2627.8 | throughput per GPU (TFLOP/s/GPU): 123.1 | tokens/sec/GPU: 24939 | learning rate: 6.200300E-05 | global batch size:   512 | lm loss: 2.623722E+00 | loss scale: 1.0 | grad norm: 0.472 | number of skipped iterations:   0 | number of nan iterations:   0 |
7: [default3]: [2026-05-24 07:15:03.494252] iteration      875/    1819 | consumed samples:       448000 | elapsed time per iteration (ms): 1643.0 | throughput per GPU (TFLOP/s/GPU): 196.9 | tokens/sec/GPU: 39888 | learning rate: 6.192175E-05 | global batch size:   512 | lm loss: 2.637569E+00 | loss scale: 1.0 | grad norm: 0.439 | number of skipped iterations:   0 | number of nan iterations:   0 |
7: [default3]: [2026-05-24 07:15:08.449538] iteration      876/    1819 | consumed samples:       448512 | elapsed time per iteration (ms): 4955.0 | throughput per GPU (TFLOP/s/GPU): 65.3 | tokens/sec/GPU: 13226 | learning rate: 6.184047E-05 | global batch size:   512 | lm loss: 2.647379E+00 | loss scale: 1.0 | grad norm: 0.432 | number of skipped iterations:   0 | number of nan iterations:   0 |
7: [default3]: [2026-05-24 07:15:09.340555] iteration      877/    1819 | consumed samples:       449024 | elapsed time per iteration (ms): 890.8 | throughput per GPU (TFLOP/s/GPU): 363.2 | tokens/sec/GPU: 73572 | learning rate: 6.175917E-05 | global batch size:   512 | lm loss: 2.633623E+00 | loss scale: 1.0 | grad norm: 0.431 | number of skipped iterations:   0 | number of nan iterations:   0 |
7: [default3]: [2026-05-24 07:15:12.620410] iteration      878/    1819 | consumed samples:       449536 | elapsed time per iteration (ms): 3279.7 | throughput per GPU (TFLOP/s/GPU): 98.6 | tokens/sec/GPU: 19982 | learning rate: 6.167786E-05 | global batch size:   512 | lm loss: 2.613714E+00 | loss scale: 1.0 | grad norm: 0.458 | number of skipped iterations:   0 | number of nan iterations:   0 |
7: [default3]: [2026-05-24 07:15:13.513017] iteration      879/    1819 | consumed samples:       450048 | elapsed time per iteration (ms): 892.4 | throughput per GPU (TFLOP/s/GPU): 362.5 | tokens/sec/GPU: 73436 | learning rate: 6.159652E-05 | global batch size:   512 | lm loss: 2.582071E+00 | loss scale: 1.0 | grad norm: 0.509 | number of skipped iterations:   0 | number of nan iterations:   0 |
7: [default3]: [2026-05-24 07:15:17.180960] iteration      880/    1819 | consumed samples:       450560 | elapsed time per iteration (ms): 3667.6 | throughput per GPU (TFLOP/s/GPU): 88.2 | tokens/sec/GPU: 17869 | learning rate: 6.151515E-05 | global batch size:   512 | lm loss: 2.616744E+00 | loss scale: 1.0 | grad norm: 0.665 | number of skipped iterations:   0 | number of nan iterations:   0 |
7: [default3]: [2026-05-24 07:15:18.073297] iteration      881/    1819 | consumed samples:       451072 | elapsed time per iteration (ms): 892.0 | throughput per GPU (TFLOP/s/GPU): 362.7 | tokens/sec/GPU: 73471 | learning rate: 6.143377E-05 | global batch size:   512 | lm loss: 2.639285E+00 | loss scale: 1.0 | grad norm: 0.814 | number of skipped iterations:   0 | number of nan iterations:   0 |
7: [default3]: [2026-05-24 07:15:18.979492] iteration      882/    1819 | consumed samples:       451584 | elapsed time per iteration (ms): 906.0 | throughput per GPU (TFLOP/s/GPU): 357.1 | tokens/sec/GPU: 72335 | learning rate: 6.135236E-05 | global batch size:   512 | lm loss: 2.685677E+00 | loss scale: 1.0 | grad norm: 0.677 | number of skipped iterations:   0 | number of nan iterations:   0 |
7: [default3]: [2026-05-24 07:15:21.460689] iteration      883/    1819 | consumed samples:       452096 | elapsed time per iteration (ms): 2480.9 | throughput per GPU (TFLOP/s/GPU): 130.4 | tokens/sec/GPU: 26417 | learning rate: 6.127093E-05 | global batch size:   512 | lm loss: 2.690853E+00 | loss scale: 1.0 | grad norm: 0.554 | number of skipped iterations:   0 | number of nan iterations:   0 |
7: [default3]: [2026-05-24 07:15:24.342381] iteration      884/    1819 | consumed samples:       452608 | elapsed time per iteration (ms): 2881.5 | throughput per GPU (TFLOP/s/GPU): 112.3 | tokens/sec/GPU: 22744 | learning rate: 6.118949E-05 | global batch size:   512 | lm loss: 2.633281E+00 | loss scale: 1.0 | grad norm: 0.634 | number of skipped iterations:   0 | number of nan iterations:   0 |
7: [default3]: [2026-05-24 07:15:27.698259] iteration      885/    1819 | consumed samples:       453120 | elapsed time per iteration (ms): 3355.6 | throughput per GPU (TFLOP/s/GPU): 96.4 | tokens/sec/GPU: 19530 | learning rate: 6.110802E-05 | global batch size:   512 | lm loss: 2.665780E+00 | loss scale: 1.0 | grad norm: 0.521 | number of skipped iterations:   0 | number of nan iterations:   0 |
7: [default3]: [2026-05-24 07:15:28.595362] iteration      886/    1819 | consumed samples:       453632 | elapsed time per iteration (ms): 896.9 | throughput per GPU (TFLOP/s/GPU): 360.7 | tokens/sec/GPU: 73067 | learning rate: 6.102653E-05 | global batch size:   512 | lm loss: 2.593019E+00 | loss scale: 1.0 | grad norm: 0.533 | number of skipped iterations:   0 | number of nan iterations:   0 |
7: [default3]: [2026-05-24 07:15:29.493824] iteration      887/    1819 | consumed samples:       454144 | elapsed time per iteration (ms): 898.1 | throughput per GPU (TFLOP/s/GPU): 360.2 | tokens/sec/GPU: 72968 | learning rate: 6.094501E-05 | global batch size:   512 | lm loss: 2.644196E+00 | loss scale: 1.0 | grad norm: 0.515 | number of skipped iterations:   0 | number of nan iterations:   0 |
7: [default3]: [2026-05-24 07:15:32.807974] iteration      888/    1819 | consumed samples:       454656 | elapsed time per iteration (ms): 3314.0 | throughput per GPU (TFLOP/s/GPU): 97.6 | tokens/sec/GPU: 19776 | learning rate: 6.086349E-05 | global batch size:   512 | lm loss: 2.648747E+00 | loss scale: 1.0 | grad norm: 0.528 | number of skipped iterations:   0 | number of nan iterations:   0 |
7: [default3]: [2026-05-24 07:15:36.884844] iteration      889/    1819 | consumed samples:       455168 | elapsed time per iteration (ms): 4076.6 | throughput per GPU (TFLOP/s/GPU): 79.4 | tokens/sec/GPU: 16076 | learning rate: 6.078194E-05 | global batch size:   512 | lm loss: 2.626369E+00 | loss scale: 1.0 | grad norm: 0.505 | number of skipped iterations:   0 | number of nan iterations:   0 |
7: [default3]: [2026-05-24 07:15:37.778034] iteration      890/    1819 | consumed samples:       455680 | elapsed time per iteration (ms): 892.9 | throughput per GPU (TFLOP/s/GPU): 362.4 | tokens/sec/GPU: 73398 | learning rate: 6.070037E-05 | global batch size:   512 | lm loss: 2.651222E+00 | loss scale: 1.0 | grad norm: 0.472 | number of skipped iterations:   0 | number of nan iterations:   0 |
7: [default3]: [2026-05-24 07:15:38.681676] iteration      891/    1819 | consumed samples:       456192 | elapsed time per iteration (ms): 903.4 | throughput per GPU (TFLOP/s/GPU): 358.1 | tokens/sec/GPU: 72546 | learning rate: 6.061878E-05 | global batch size:   512 | lm loss: 2.644976E+00 | loss scale: 1.0 | grad norm: 0.439 | number of skipped iterations:   0 | number of nan iterations:   0 |
7: [default3]: [2026-05-24 07:15:42.830294] iteration      892/    1819 | consumed samples:       456704 | elapsed time per iteration (ms): 4148.4 | throughput per GPU (TFLOP/s/GPU): 78.0 | tokens/sec/GPU: 15798 | learning rate: 6.053718E-05 | global batch size:   512 | lm loss: 2.661282E+00 | loss scale: 1.0 | grad norm: 0.443 | number of skipped iterations:   0 | number of nan iterations:   0 |
7: [default3]: [2026-05-24 07:15:46.218271] iteration      893/    1819 | consumed samples:       457216 | elapsed time per iteration (ms): 3387.1 | throughput per GPU (TFLOP/s/GPU): 95.5 | tokens/sec/GPU: 19349 | learning rate: 6.045555E-05 | global batch size:   512 | lm loss: 2.627803E+00 | loss scale: 1.0 | grad norm: 0.442 | number of skipped iterations:   0 | number of nan iterations:   0 |
7: [default3]: [2026-05-24 07:15:47.107886] iteration      894/    1819 | consumed samples:       457728 | elapsed time per iteration (ms): 889.3 | throughput per GPU (TFLOP/s/GPU): 363.8 | tokens/sec/GPU: 73691 | learning rate: 6.037391E-05 | global batch size:   512 | lm loss: 2.680703E+00 | loss scale: 1.0 | grad norm: 0.446 | number of skipped iterations:   0 | number of nan iterations:   0 |
7: [default3]: [2026-05-24 07:15:48.007801] iteration      895/    1819 | consumed samples:       458240 | elapsed time per iteration (ms): 899.6 | throughput per GPU (TFLOP/s/GPU): 359.7 | tokens/sec/GPU: 72851 | learning rate: 6.029224E-05 | global batch size:   512 | lm loss: 2.598544E+00 | loss scale: 1.0 | grad norm: 0.469 | number of skipped iterations:   0 | number of nan iterations:   0 |
7: [default3]: [2026-05-24 07:15:49.884970] iteration      896/    1819 | consumed samples:       458752 | elapsed time per iteration (ms): 1877.0 | throughput per GPU (TFLOP/s/GPU): 172.4 | tokens/sec/GPU: 34915 | learning rate: 6.021057E-05 | global batch size:   512 | lm loss: 2.695827E+00 | loss scale: 1.0 | grad norm: 0.460 | number of skipped iterations:   0 | number of nan iterations:   0 |
7: [default3]: [2026-05-24 07:15:56.423727] iteration      897/    1819 | consumed samples:       459264 | elapsed time per iteration (ms): 6538.5 | throughput per GPU (TFLOP/s/GPU): 49.5 | tokens/sec/GPU: 10023 | learning rate: 6.012887E-05 | global batch size:   512 | lm loss: 2.632514E+00 | loss scale: 1.0 | grad norm: 0.472 | number of skipped iterations:   0 | number of nan iterations:   0 |
7: [default3]: [2026-05-24 07:15:57.305446] iteration      898/    1819 | consumed samples:       459776 | elapsed time per iteration (ms): 881.5 | throughput per GPU (TFLOP/s/GPU): 367.0 | tokens/sec/GPU: 74343 | learning rate: 6.004716E-05 | global batch size:   512 | lm loss: 2.619237E+00 | loss scale: 1.0 | grad norm: 0.479 | number of skipped iterations:   0 | number of nan iterations:   0 |
7: [default3]: [2026-05-24 07:15:58.193818] iteration      899/    1819 | consumed samples:       460288 | elapsed time per iteration (ms): 888.0 | throughput per GPU (TFLOP/s/GPU): 364.3 | tokens/sec/GPU: 73798 | learning rate: 5.996543E-05 | global batch size:   512 | lm loss: 2.634399E+00 | loss scale: 1.0 | grad norm: 0.546 | number of skipped iterations:   0 | number of nan iterations:   0 |
7: [default3]: [2026-05-24 07:15:59.688747] iteration      900/    1819 | consumed samples:       460800 | elapsed time per iteration (ms): 1494.8 | throughput per GPU (TFLOP/s/GPU): 216.5 | tokens/sec/GPU: 43844 | learning rate: 5.988368E-05 | global batch size:   512 | lm loss: 2.676452E+00 | loss scale: 1.0 | grad norm: 0.541 | number of skipped iterations:   0 | number of nan iterations:   0 |
7: [default3]: [2026-05-24 07:16:06.594774] iteration      901/    1819 | consumed samples:       461312 | elapsed time per iteration (ms): 6905.7 | throughput per GPU (TFLOP/s/GPU): 46.9 | tokens/sec/GPU: 9490 | learning rate: 5.980192E-05 | global batch size:   512 | lm loss: 2.571497E+00 | loss scale: 1.0 | grad norm: 0.511 | number of skipped iterations:   0 | number of nan iterations:   0 |
7: [default3]: [2026-05-24 07:16:07.487275] iteration      902/    1819 | consumed samples:       461824 | elapsed time per iteration (ms): 892.3 | throughput per GPU (TFLOP/s/GPU): 362.6 | tokens/sec/GPU: 73444 | learning rate: 5.972014E-05 | global batch size:   512 | lm loss: 2.657649E+00 | loss scale: 1.0 | grad norm: 0.473 | number of skipped iterations:   0 | number of nan iterations:   0 |
7: [default3]: [2026-05-24 07:16:08.388159] iteration      903/    1819 | consumed samples:       462336 | elapsed time per iteration (ms): 900.6 | throughput per GPU (TFLOP/s/GPU): 359.3 | tokens/sec/GPU: 72772 | learning rate: 5.963834E-05 | global batch size:   512 | lm loss: 2.650257E+00 | loss scale: 1.0 | grad norm: 0.471 | number of skipped iterations:   0 | number of nan iterations:   0 |
7: [default3]: [2026-05-24 07:16:09.294866] iteration      904/    1819 | consumed samples:       462848 | elapsed time per iteration (ms): 906.5 | throughput per GPU (TFLOP/s/GPU): 356.9 | tokens/sec/GPU: 72294 | learning rate: 5.955653E-05 | global batch size:   512 | lm loss: 2.583183E+00 | loss scale: 1.0 | grad norm: 0.501 | number of skipped iterations:   0 | number of nan iterations:   0 |
7: [default3]: [2026-05-24 07:16:14.548009] iteration      905/    1819 | consumed samples:       463360 | elapsed time per iteration (ms): 5253.0 | throughput per GPU (TFLOP/s/GPU): 61.6 | tokens/sec/GPU: 12476 | learning rate: 5.947471E-05 | global batch size:   512 | lm loss: 2.640761E+00 | loss scale: 1.0 | grad norm: 0.500 | number of skipped iterations:   0 | number of nan iterations:   0 |
7: [default3]: [2026-05-24 07:16:15.433755] iteration      906/    1819 | consumed samples:       463872 | elapsed time per iteration (ms): 885.6 | throughput per GPU (TFLOP/s/GPU): 365.3 | tokens/sec/GPU: 74004 | learning rate: 5.939287E-05 | global batch size:   512 | lm loss: 2.580254E+00 | loss scale: 1.0 | grad norm: 0.531 | number of skipped iterations:   0 | number of nan iterations:   0 |
7: [default3]: [2026-05-24 07:16:16.325975] iteration      907/    1819 | consumed samples:       464384 | elapsed time per iteration (ms): 892.0 | throughput per GPU (TFLOP/s/GPU): 362.7 | tokens/sec/GPU: 73467 | learning rate: 5.931101E-05 | global batch size:   512 | lm loss: 2.597516E+00 | loss scale: 1.0 | grad norm: 0.557 | number of skipped iterations:   0 | number of nan iterations:   0 |
7: [default3]: [2026-05-24 07:16:17.222945] iteration      908/    1819 | consumed samples:       464896 | elapsed time per iteration (ms): 896.7 | throughput per GPU (TFLOP/s/GPU): 360.8 | tokens/sec/GPU: 73084 | learning rate: 5.922914E-05 | global batch size:   512 | lm loss: 2.653013E+00 | loss scale: 1.0 | grad norm: 0.562 | number of skipped iterations:   0 | number of nan iterations:   0 |
7: [default3]: [2026-05-24 07:16:21.017494] iteration      909/    1819 | consumed samples:       465408 | elapsed time per iteration (ms): 3794.4 | throughput per GPU (TFLOP/s/GPU): 85.3 | tokens/sec/GPU: 17272 | learning rate: 5.914726E-05 | global batch size:   512 | lm loss: 2.600449E+00 | loss scale: 1.0 | grad norm: 0.509 | number of skipped iterations:   0 | number of nan iterations:   0 |
7: [default3]: [2026-05-24 07:16:21.915723] iteration      910/    1819 | consumed samples:       465920 | elapsed time per iteration (ms): 897.9 | throughput per GPU (TFLOP/s/GPU): 360.3 | tokens/sec/GPU: 72985 | learning rate: 5.906536E-05 | global batch size:   512 | lm loss: 2.655199E+00 | loss scale: 1.0 | grad norm: 0.517 | number of skipped iterations:   0 | number of nan iterations:   0 |
7: [default3]: [2026-05-24 07:16:22.815143] iteration      911/    1819 | consumed samples:       466432 | elapsed time per iteration (ms): 899.1 | throughput per GPU (TFLOP/s/GPU): 359.8 | tokens/sec/GPU: 72888 | learning rate: 5.898345E-05 | global batch size:   512 | lm loss: 2.635341E+00 | loss scale: 1.0 | grad norm: 0.482 | number of skipped iterations:   0 | number of nan iterations:   0 |
7: [default3]: [2026-05-24 07:16:23.710226] iteration      912/    1819 | consumed samples:       466944 | elapsed time per iteration (ms): 894.9 | throughput per GPU (TFLOP/s/GPU): 361.5 | tokens/sec/GPU: 73234 | learning rate: 5.890153E-05 | global batch size:   512 | lm loss: 2.656459E+00 | loss scale: 1.0 | grad norm: 0.507 | number of skipped iterations:   0 | number of nan iterations:   0 |
7: [default3]: [2026-05-24 07:16:33.505718] iteration      913/    1819 | consumed samples:       467456 | elapsed time per iteration (ms): 9795.2 | throughput per GPU (TFLOP/s/GPU): 33.0 | tokens/sec/GPU: 6691 | learning rate: 5.881959E-05 | global batch size:   512 | lm loss: 2.607978E+00 | loss scale: 1.0 | grad norm: 0.496 | number of skipped iterations:   0 | number of nan iterations:   0 |
7: [default3]: [2026-05-24 07:16:34.390098] iteration      914/    1819 | consumed samples:       467968 | elapsed time per iteration (ms): 884.1 | throughput per GPU (TFLOP/s/GPU): 365.9 | tokens/sec/GPU: 74124 | learning rate: 5.873764E-05 | global batch size:   512 | lm loss: 2.653997E+00 | loss scale: 1.0 | grad norm: 0.522 | number of skipped iterations:   0 | number of nan iterations:   0 |
7: [default3]: [2026-05-24 07:16:35.395593] iteration      915/    1819 | consumed samples:       468480 | elapsed time per iteration (ms): 1005.2 | throughput per GPU (TFLOP/s/GPU): 321.9 | tokens/sec/GPU: 65197 | learning rate: 5.865567E-05 | global batch size:   512 | lm loss: 2.589730E+00 | loss scale: 1.0 | grad norm: 0.553 | number of skipped iterations:   0 | number of nan iterations:   0 |
7: [default3]: [2026-05-24 07:16:36.297802] iteration      916/    1819 | consumed samples:       468992 | elapsed time per iteration (ms): 902.0 | throughput per GPU (TFLOP/s/GPU): 358.7 | tokens/sec/GPU: 72654 | learning rate: 5.857370E-05 | global batch size:   512 | lm loss: 2.615704E+00 | loss scale: 1.0 | grad norm: 0.638 | number of skipped iterations:   0 | number of nan iterations:   0 |
7: [default3]: [2026-05-24 07:16:42.038559] iteration      917/    1819 | consumed samples:       469504 | elapsed time per iteration (ms): 5740.5 | throughput per GPU (TFLOP/s/GPU): 56.4 | tokens/sec/GPU: 11416 | learning rate: 5.849171E-05 | global batch size:   512 | lm loss: 2.619305E+00 | loss scale: 1.0 | grad norm: 0.612 | number of skipped iterations:   0 | number of nan iterations:   0 |
7: [default3]: [2026-05-24 07:16:42.925106] iteration      918/    1819 | consumed samples:       470016 | elapsed time per iteration (ms): 886.4 | throughput per GPU (TFLOP/s/GPU): 365.0 | tokens/sec/GPU: 73937 | learning rate: 5.840971E-05 | global batch size:   512 | lm loss: 2.619546E+00 | loss scale: 1.0 | grad norm: 0.521 | number of skipped iterations:   0 | number of nan iterations:   0 |
7: [default3]: [2026-05-24 07:16:43.824476] iteration      919/    1819 | consumed samples:       470528 | elapsed time per iteration (ms): 899.2 | throughput per GPU (TFLOP/s/GPU): 359.8 | tokens/sec/GPU: 72884 | learning rate: 5.832771E-05 | global batch size:   512 | lm loss: 2.568347E+00 | loss scale: 1.0 | grad norm: 0.511 | number of skipped iterations:   0 | number of nan iterations:   0 |
7: [default3]: [2026-05-24 07:16:44.732799] iteration      920/    1819 | consumed samples:       471040 | elapsed time per iteration (ms): 908.1 | throughput per GPU (TFLOP/s/GPU): 356.3 | tokens/sec/GPU: 72171 | learning rate: 5.824569E-05 | global batch size:   512 | lm loss: 2.617961E+00 | loss scale: 1.0 | grad norm: 0.497 | number of skipped iterations:   0 | number of nan iterations:   0 |
7: [default3]: [2026-05-24 07:16:48.505949] iteration      921/    1819 | consumed samples:       471552 | elapsed time per iteration (ms): 3772.7 | throughput per GPU (TFLOP/s/GPU): 85.8 | tokens/sec/GPU: 17371 | learning rate: 5.816365E-05 | global batch size:   512 | lm loss: 2.616420E+00 | loss scale: 1.0 | grad norm: 0.606 | number of skipped iterations:   0 | number of nan iterations:   0 |
7: [default3]: [2026-05-24 07:16:49.404301] iteration      922/    1819 | consumed samples:       472064 | elapsed time per iteration (ms): 898.1 | throughput per GPU (TFLOP/s/GPU): 360.2 | tokens/sec/GPU: 72970 | learning rate: 5.808161E-05 | global batch size:   512 | lm loss: 2.640778E+00 | loss scale: 1.0 | grad norm: 0.467 | number of skipped iterations:   0 | number of nan iterations:   0 |
7: [default3]: [2026-05-24 07:16:50.456394] iteration      923/    1819 | consumed samples:       472576 | elapsed time per iteration (ms): 1051.8 | throughput per GPU (TFLOP/s/GPU): 307.6 | tokens/sec/GPU: 62311 | learning rate: 5.799956E-05 | global batch size:   512 | lm loss: 2.622790E+00 | loss scale: 1.0 | grad norm: 0.466 | number of skipped iterations:   0 | number of nan iterations:   0 |
7: [default3]: [2026-05-24 07:16:51.356794] iteration      924/    1819 | consumed samples:       473088 | elapsed time per iteration (ms): 900.2 | throughput per GPU (TFLOP/s/GPU): 359.4 | tokens/sec/GPU: 72801 | learning rate: 5.791750E-05 | global batch size:   512 | lm loss: 2.587599E+00 | loss scale: 1.0 | grad norm: 0.468 | number of skipped iterations:   0 | number of nan iterations:   0 |
7: [default3]: [2026-05-24 07:16:55.745425] iteration      925/    1819 | consumed samples:       473600 | elapsed time per iteration (ms): 4388.5 | throughput per GPU (TFLOP/s/GPU): 73.7 | tokens/sec/GPU: 14934 | learning rate: 5.783542E-05 | global batch size:   512 | lm loss: 2.660692E+00 | loss scale: 1.0 | grad norm: 0.446 | number of skipped iterations:   0 | number of nan iterations:   0 |
7: [default3]: [2026-05-24 07:16:56.967317] iteration      926/    1819 | consumed samples:       474112 | elapsed time per iteration (ms): 1221.6 | throughput per GPU (TFLOP/s/GPU): 264.8 | tokens/sec/GPU: 53647 | learning rate: 5.775334E-05 | global batch size:   512 | lm loss: 2.569062E+00 | loss scale: 1.0 | grad norm: 0.440 | number of skipped iterations:   0 | number of nan iterations:   0 |
7: [default3]: [2026-05-24 07:16:57.864651] iteration      927/    1819 | consumed samples:       474624 | elapsed time per iteration (ms): 897.1 | throughput per GPU (TFLOP/s/GPU): 360.6 | tokens/sec/GPU: 73050 | learning rate: 5.767125E-05 | global batch size:   512 | lm loss: 2.585591E+00 | loss scale: 1.0 | grad norm: 0.441 | number of skipped iterations:   0 | number of nan iterations:   0 |
7: [default3]: [2026-05-24 07:16:58.766981] iteration      928/    1819 | consumed samples:       475136 | elapsed time per iteration (ms): 902.1 | throughput per GPU (TFLOP/s/GPU): 358.6 | tokens/sec/GPU: 72645 | learning rate: 5.758915E-05 | global batch size:   512 | lm loss: 2.653922E+00 | loss scale: 1.0 | grad norm: 0.435 | number of skipped iterations:   0 | number of nan iterations:   0 |
7: [default3]: [2026-05-24 07:17:06.932024] iteration      929/    1819 | consumed samples:       475648 | elapsed time per iteration (ms): 8164.8 | throughput per GPU (TFLOP/s/GPU): 39.6 | tokens/sec/GPU: 8027 | learning rate: 5.750704E-05 | global batch size:   512 | lm loss: 2.639694E+00 | loss scale: 1.0 | grad norm: 0.435 | number of skipped iterations:   0 | number of nan iterations:   0 |
7: [default3]: [2026-05-24 07:17:07.822657] iteration      930/    1819 | consumed samples:       476160 | elapsed time per iteration (ms): 890.1 | throughput per GPU (TFLOP/s/GPU): 363.5 | tokens/sec/GPU: 73631 | learning rate: 5.742492E-05 | global batch size:   512 | lm loss: 2.623863E+00 | loss scale: 1.0 | grad norm: 0.444 | number of skipped iterations:   0 | number of nan iterations:   0 |
7: [default3]: [2026-05-24 07:17:08.721813] iteration      931/    1819 | consumed samples:       476672 | elapsed time per iteration (ms): 899.0 | throughput per GPU (TFLOP/s/GPU): 359.9 | tokens/sec/GPU: 72900 | learning rate: 5.734280E-05 | global batch size:   512 | lm loss: 2.652136E+00 | loss scale: 1.0 | grad norm: 0.444 | number of skipped iterations:   0 | number of nan iterations:   0 |
7: [default3]: [2026-05-24 07:17:09.620202] iteration      932/    1819 | consumed samples:       477184 | elapsed time per iteration (ms): 898.2 | throughput per GPU (TFLOP/s/GPU): 360.2 | tokens/sec/GPU: 72965 | learning rate: 5.726067E-05 | global batch size:   512 | lm loss: 2.612738E+00 | loss scale: 1.0 | grad norm: 0.457 | number of skipped iterations:   0 | number of nan iterations:   0 |
7: [default3]: [2026-05-24 07:17:10.519784] iteration      933/    1819 | consumed samples:       477696 | elapsed time per iteration (ms): 899.3 | throughput per GPU (TFLOP/s/GPU): 359.8 | tokens/sec/GPU: 72876 | learning rate: 5.717852E-05 | global batch size:   512 | lm loss: 2.632587E+00 | loss scale: 1.0 | grad norm: 0.453 | number of skipped iterations:   0 | number of nan iterations:   0 |
7: [default3]: [2026-05-24 07:17:12.641302] iteration      934/    1819 | consumed samples:       478208 | elapsed time per iteration (ms): 2120.8 | throughput per GPU (TFLOP/s/GPU): 152.6 | tokens/sec/GPU: 30902 | learning rate: 5.709638E-05 | global batch size:   512 | lm loss: 2.578100E+00 | loss scale: 1.0 | grad norm: 0.464 | number of skipped iterations:   0 | number of nan iterations:   0 |
7: [default3]: [2026-05-24 07:17:13.542507] iteration      935/    1819 | consumed samples:       478720 | elapsed time per iteration (ms): 900.2 | throughput per GPU (TFLOP/s/GPU): 359.4 | tokens/sec/GPU: 72798 | learning rate: 5.701422E-05 | global batch size:   512 | lm loss: 2.621729E+00 | loss scale: 1.0 | grad norm: 0.469 | number of skipped iterations:   0 | number of nan iterations:   0 |
7: [default3]: [2026-05-24 07:17:18.699191] iteration      936/    1819 | consumed samples:       479232 | elapsed time per iteration (ms): 5155.7 | throughput per GPU (TFLOP/s/GPU): 62.8 | tokens/sec/GPU: 12711 | learning rate: 5.693206E-05 | global batch size:   512 | lm loss: 2.657456E+00 | loss scale: 1.0 | grad norm: 0.501 | number of skipped iterations:   0 | number of nan iterations:   0 |
7: [default3]: [2026-05-24 07:17:19.594975] iteration      937/    1819 | consumed samples:       479744 | elapsed time per iteration (ms): 895.0 | throughput per GPU (TFLOP/s/GPU): 361.5 | tokens/sec/GPU: 73222 | learning rate: 5.684989E-05 | global batch size:   512 | lm loss: 2.613747E+00 | loss scale: 1.0 | grad norm: 0.537 | number of skipped iterations:   0 | number of nan iterations:   0 |
7: [default3]: [2026-05-24 07:17:23.365516] iteration      938/    1819 | consumed samples:       480256 | elapsed time per iteration (ms): 3770.3 | throughput per GPU (TFLOP/s/GPU): 85.8 | tokens/sec/GPU: 17382 | learning rate: 5.676772E-05 | global batch size:   512 | lm loss: 2.616673E+00 | loss scale: 1.0 | grad norm: 0.568 | number of skipped iterations:   0 | number of nan iterations:   0 |
7: [default3]: [2026-05-24 07:17:24.263530] iteration      939/    1819 | consumed samples:       480768 | elapsed time per iteration (ms): 897.8 | throughput per GPU (TFLOP/s/GPU): 360.4 | tokens/sec/GPU: 72993 | learning rate: 5.668554E-05 | global batch size:   512 | lm loss: 2.527672E+00 | loss scale: 1.0 | grad norm: 0.645 | number of skipped iterations:   0 | number of nan iterations:   0 |
7: [default3]: [2026-05-24 07:17:25.749205] iteration      940/    1819 | consumed samples:       481280 | elapsed time per iteration (ms): 1485.5 | throughput per GPU (TFLOP/s/GPU): 217.8 | tokens/sec/GPU: 44117 | learning rate: 5.660335E-05 | global batch size:   512 | lm loss: 2.626855E+00 | loss scale: 1.0 | grad norm: 0.500 | number of skipped iterations:   0 | number of nan iterations:   0 |
7: [default3]: [2026-05-24 07:17:26.657952] iteration      941/    1819 | consumed samples:       481792 | elapsed time per iteration (ms): 908.5 | throughput per GPU (TFLOP/s/GPU): 356.1 | tokens/sec/GPU: 72133 | learning rate: 5.652116E-05 | global batch size:   512 | lm loss: 2.640840E+00 | loss scale: 1.0 | grad norm: 0.517 | number of skipped iterations:   0 | number of nan iterations:   0 |
7: [default3]: [2026-05-24 07:17:30.546257] iteration      942/    1819 | consumed samples:       482304 | elapsed time per iteration (ms): 3888.1 | throughput per GPU (TFLOP/s/GPU): 83.2 | tokens/sec/GPU: 16855 | learning rate: 5.643897E-05 | global batch size:   512 | lm loss: 2.621529E+00 | loss scale: 1.0 | grad norm: 0.540 | number of skipped iterations:   0 | number of nan iterations:   0 |
7: [default3]: [2026-05-24 07:17:31.434687] iteration      943/    1819 | consumed samples:       482816 | elapsed time per iteration (ms): 888.2 | throughput per GPU (TFLOP/s/GPU): 364.3 | tokens/sec/GPU: 73787 | learning rate: 5.635677E-05 | global batch size:   512 | lm loss: 2.583701E+00 | loss scale: 1.0 | grad norm: 0.504 | number of skipped iterations:   0 | number of nan iterations:   0 |
7: [default3]: [2026-05-24 07:17:33.267114] iteration      944/    1819 | consumed samples:       483328 | elapsed time per iteration (ms): 1832.2 | throughput per GPU (TFLOP/s/GPU): 176.6 | tokens/sec/GPU: 35769 | learning rate: 5.627456E-05 | global batch size:   512 | lm loss: 2.582714E+00 | loss scale: 1.0 | grad norm: 0.522 | number of skipped iterations:   0 | number of nan iterations:   0 |
7: [default3]: [2026-05-24 07:17:35.960975] iteration      945/    1819 | consumed samples:       483840 | elapsed time per iteration (ms): 2693.7 | throughput per GPU (TFLOP/s/GPU): 120.1 | tokens/sec/GPU: 24330 | learning rate: 5.619235E-05 | global batch size:   512 | lm loss: 2.575885E+00 | loss scale: 1.0 | grad norm: 0.472 | number of skipped iterations:   0 | number of nan iterations:   0 |
7: [default3]: [2026-05-24 07:17:40.912253] iteration      946/    1819 | consumed samples:       484352 | elapsed time per iteration (ms): 4951.1 | throughput per GPU (TFLOP/s/GPU): 65.3 | tokens/sec/GPU: 13237 | learning rate: 5.611014E-05 | global batch size:   512 | lm loss: 2.597384E+00 | loss scale: 1.0 | grad norm: 0.459 | number of skipped iterations:   0 | number of nan iterations:   0 |
7: [default3]: [2026-05-24 07:17:41.807520] iteration      947/    1819 | consumed samples:       484864 | elapsed time per iteration (ms): 894.7 | throughput per GPU (TFLOP/s/GPU): 361.6 | tokens/sec/GPU: 73249 | learning rate: 5.602792E-05 | global batch size:   512 | lm loss: 2.598025E+00 | loss scale: 1.0 | grad norm: 0.450 | number of skipped iterations:   0 | number of nan iterations:   0 |
7: [default3]: [2026-05-24 07:17:42.710141] iteration      948/    1819 | consumed samples:       485376 | elapsed time per iteration (ms): 902.4 | throughput per GPU (TFLOP/s/GPU): 358.5 | tokens/sec/GPU: 72622 | learning rate: 5.594570E-05 | global batch size:   512 | lm loss: 2.579793E+00 | loss scale: 1.0 | grad norm: 0.447 | number of skipped iterations:   0 | number of nan iterations:   0 |
7: [default3]: [2026-05-24 07:17:45.333729] iteration      949/    1819 | consumed samples:       485888 | elapsed time per iteration (ms): 2623.4 | throughput per GPU (TFLOP/s/GPU): 123.3 | tokens/sec/GPU: 24981 | learning rate: 5.586347E-05 | global batch size:   512 | lm loss: 2.581615E+00 | loss scale: 1.0 | grad norm: 0.476 | number of skipped iterations:   0 | number of nan iterations:   0 |
7: [default3]: [2026-05-24 07:17:50.879780] iteration      950/    1819 | consumed samples:       486400 | elapsed time per iteration (ms): 5545.9 | throughput per GPU (TFLOP/s/GPU): 58.3 | tokens/sec/GPU: 11817 | learning rate: 5.578125E-05 | global batch size:   512 | lm loss: 2.634834E+00 | loss scale: 1.0 | grad norm: 0.496 | number of skipped iterations:   0 | number of nan iterations:   0 |
7: [default3]: [2026-05-24 07:17:52.171536] iteration      951/    1819 | consumed samples:       486912 | elapsed time per iteration (ms): 1291.6 | throughput per GPU (TFLOP/s/GPU): 250.5 | tokens/sec/GPU: 50741 | learning rate: 5.569902E-05 | global batch size:   512 | lm loss: 2.570127E+00 | loss scale: 1.0 | grad norm: 0.492 | number of skipped iterations:   0 | number of nan iterations:   0 |
7: [default3]: [2026-05-24 07:17:53.071522] iteration      952/    1819 | consumed samples:       487424 | elapsed time per iteration (ms): 899.8 | throughput per GPU (TFLOP/s/GPU): 359.6 | tokens/sec/GPU: 72836 | learning rate: 5.561679E-05 | global batch size:   512 | lm loss: 2.597287E+00 | loss scale: 1.0 | grad norm: 0.498 | number of skipped iterations:   0 | number of nan iterations:   0 |
7: [default3]: [2026-05-24 07:17:53.986364] iteration      953/    1819 | consumed samples:       487936 | elapsed time per iteration (ms): 914.7 | throughput per GPU (TFLOP/s/GPU): 353.7 | tokens/sec/GPU: 71651 | learning rate: 5.553455E-05 | global batch size:   512 | lm loss: 2.597636E+00 | loss scale: 1.0 | grad norm: 0.472 | number of skipped iterations:   0 | number of nan iterations:   0 |
7: [default3]: [2026-05-24 07:17:58.499227] iteration      954/    1819 | consumed samples:       488448 | elapsed time per iteration (ms): 4512.7 | throughput per GPU (TFLOP/s/GPU): 71.7 | tokens/sec/GPU: 14523 | learning rate: 5.545232E-05 | global batch size:   512 | lm loss: 2.644089E+00 | loss scale: 1.0 | grad norm: 0.486 | number of skipped iterations:   0 | number of nan iterations:   0 |
7: [default3]: [2026-05-24 07:18:00.322627] iteration      955/    1819 | consumed samples:       488960 | elapsed time per iteration (ms): 1823.0 | throughput per GPU (TFLOP/s/GPU): 177.5 | tokens/sec/GPU: 35950 | learning rate: 5.537008E-05 | global batch size:   512 | lm loss: 2.566163E+00 | loss scale: 1.0 | grad norm: 0.517 | number of skipped iterations:   0 | number of nan iterations:   0 |
7: [default3]: [2026-05-24 07:18:01.227193] iteration      956/    1819 | consumed samples:       489472 | elapsed time per iteration (ms): 904.4 | throughput per GPU (TFLOP/s/GPU): 357.8 | tokens/sec/GPU: 72467 | learning rate: 5.528784E-05 | global batch size:   512 | lm loss: 2.602253E+00 | loss scale: 1.0 | grad norm: 0.537 | number of skipped iterations:   0 | number of nan iterations:   0 |
7: [default3]: [2026-05-24 07:18:02.182053] iteration      957/    1819 | consumed samples:       489984 | elapsed time per iteration (ms): 954.2 | throughput per GPU (TFLOP/s/GPU): 339.1 | tokens/sec/GPU: 68682 | learning rate: 5.520560E-05 | global batch size:   512 | lm loss: 2.694399E+00 | loss scale: 1.0 | grad norm: 0.499 | number of skipped iterations:   0 | number of nan iterations:   0 |
7: [default3]: [2026-05-24 07:18:07.052060] iteration      958/    1819 | consumed samples:       490496 | elapsed time per iteration (ms): 4869.8 | throughput per GPU (TFLOP/s/GPU): 66.4 | tokens/sec/GPU: 13458 | learning rate: 5.512336E-05 | global batch size:   512 | lm loss: 2.541895E+00 | loss scale: 1.0 | grad norm: 0.459 | number of skipped iterations:   0 | number of nan iterations:   0 |
7: [default3]: [2026-05-24 07:18:07.936129] iteration      959/    1819 | consumed samples:       491008 | elapsed time per iteration (ms): 883.9 | throughput per GPU (TFLOP/s/GPU): 366.1 | tokens/sec/GPU: 74148 | learning rate: 5.504112E-05 | global batch size:   512 | lm loss: 2.591859E+00 | loss scale: 1.0 | grad norm: 1.326 | number of skipped iterations:   0 | number of nan iterations:   0 |
7: [default3]: [2026-05-24 07:18:08.825994] iteration      960/    1819 | consumed samples:       491520 | elapsed time per iteration (ms): 889.6 | throughput per GPU (TFLOP/s/GPU): 363.7 | tokens/sec/GPU: 73666 | learning rate: 5.495888E-05 | global batch size:   512 | lm loss: 2.557769E+00 | loss scale: 1.0 | grad norm: 0.454 | number of skipped iterations:   0 | number of nan iterations:   0 |
7: [default3]: [2026-05-24 07:18:12.874783] iteration      961/    1819 | consumed samples:       492032 | elapsed time per iteration (ms): 4048.6 | throughput per GPU (TFLOP/s/GPU): 79.9 | tokens/sec/GPU: 16187 | learning rate: 5.487664E-05 | global batch size:   512 | lm loss: 2.618776E+00 | loss scale: 1.0 | grad norm: 0.581 | number of skipped iterations:   0 | number of nan iterations:   0 |
7: [default3]: [2026-05-24 07:18:15.376887] iteration      962/    1819 | consumed samples:       492544 | elapsed time per iteration (ms): 2501.9 | throughput per GPU (TFLOP/s/GPU): 129.3 | tokens/sec/GPU: 26194 | learning rate: 5.479440E-05 | global batch size:   512 | lm loss: 2.565845E+00 | loss scale: 1.0 | grad norm: 0.474 | number of skipped iterations:   0 | number of nan iterations:   0 |
7: [default3]: [2026-05-24 07:18:16.273344] iteration      963/    1819 | consumed samples:       493056 | elapsed time per iteration (ms): 895.7 | throughput per GPU (TFLOP/s/GPU): 361.2 | tokens/sec/GPU: 73170 | learning rate: 5.471216E-05 | global batch size:   512 | lm loss: 2.616157E+00 | loss scale: 1.0 | grad norm: 0.466 | number of skipped iterations:   0 | number of nan iterations:   0 |
7: [default3]: [2026-05-24 07:18:17.477828] iteration      964/    1819 | consumed samples:       493568 | elapsed time per iteration (ms): 1204.3 | throughput per GPU (TFLOP/s/GPU): 268.7 | tokens/sec/GPU: 54419 | learning rate: 5.462992E-05 | global batch size:   512 | lm loss: 2.545850E+00 | loss scale: 1.0 | grad norm: 0.439 | number of skipped iterations:   0 | number of nan iterations:   0 |
7: [default3]: [2026-05-24 07:18:24.619752] iteration      965/    1819 | consumed samples:       494080 | elapsed time per iteration (ms): 7141.4 | throughput per GPU (TFLOP/s/GPU): 45.3 | tokens/sec/GPU: 9177 | learning rate: 5.454768E-05 | global batch size:   512 | lm loss: 2.626798E+00 | loss scale: 1.0 | grad norm: 0.448 | number of skipped iterations:   0 | number of nan iterations:   0 |
7: [default3]: [2026-05-24 07:18:25.518807] iteration      966/    1819 | consumed samples:       494592 | elapsed time per iteration (ms): 898.9 | throughput per GPU (TFLOP/s/GPU): 359.9 | tokens/sec/GPU: 72906 | learning rate: 5.446545E-05 | global batch size:   512 | lm loss: 2.606266E+00 | loss scale: 1.0 | grad norm: 0.469 | number of skipped iterations:   0 | number of nan iterations:   0 |
7: [default3]: [2026-05-24 07:18:26.425585] iteration      967/    1819 | consumed samples:       495104 | elapsed time per iteration (ms): 906.5 | throughput per GPU (TFLOP/s/GPU): 356.9 | tokens/sec/GPU: 72299 | learning rate: 5.438321E-05 | global batch size:   512 | lm loss: 2.595671E+00 | loss scale: 1.0 | grad norm: 0.476 | number of skipped iterations:   0 | number of nan iterations:   0 |
7: [default3]: [2026-05-24 07:18:27.331499] iteration      968/    1819 | consumed samples:       495616 | elapsed time per iteration (ms): 905.6 | throughput per GPU (TFLOP/s/GPU): 357.3 | tokens/sec/GPU: 72364 | learning rate: 5.430098E-05 | global batch size:   512 | lm loss: 2.530169E+00 | loss scale: 1.0 | grad norm: 0.509 | number of skipped iterations:   0 | number of nan iterations:   0 |
7: [default3]: [2026-05-24 07:18:29.657984] iteration      969/    1819 | consumed samples:       496128 | elapsed time per iteration (ms): 2326.3 | throughput per GPU (TFLOP/s/GPU): 139.1 | tokens/sec/GPU: 28172 | learning rate: 5.421875E-05 | global batch size:   512 | lm loss: 2.568117E+00 | loss scale: 1.0 | grad norm: 1.974 | number of skipped iterations:   0 | number of nan iterations:   0 |
7: [default3]: [2026-05-24 07:18:30.856732] iteration      970/    1819 | consumed samples:       496640 | elapsed time per iteration (ms): 1198.4 | throughput per GPU (TFLOP/s/GPU): 270.0 | tokens/sec/GPU: 54684 | learning rate: 5.413653E-05 | global batch size:   512 | lm loss: 2.654835E+00 | loss scale: 1.0 | grad norm: 0.533 | number of skipped iterations:   0 | number of nan iterations:   0 |
7: [default3]: [2026-05-24 07:18:31.760425] iteration      971/    1819 | consumed samples:       497152 | elapsed time per iteration (ms): 903.4 | throughput per GPU (TFLOP/s/GPU): 358.1 | tokens/sec/GPU: 72543 | learning rate: 5.405430E-05 | global batch size:   512 | lm loss: 2.637318E+00 | loss scale: 1.0 | grad norm: 0.791 | number of skipped iterations:   0 | number of nan iterations:   0 |
7: [default3]: [2026-05-24 07:18:34.076985] iteration      972/    1819 | consumed samples:       497664 | elapsed time per iteration (ms): 2316.3 | throughput per GPU (TFLOP/s/GPU): 139.7 | tokens/sec/GPU: 28293 | learning rate: 5.397208E-05 | global batch size:   512 | lm loss: 2.623645E+00 | loss scale: 1.0 | grad norm: 0.767 | number of skipped iterations:   0 | number of nan iterations:   0 |
7: [default3]: [2026-05-24 07:18:35.575171] iteration      973/    1819 | consumed samples:       498176 | elapsed time per iteration (ms): 1497.9 | throughput per GPU (TFLOP/s/GPU): 216.0 | tokens/sec/GPU: 43753 | learning rate: 5.388986E-05 | global batch size:   512 | lm loss: 2.553895E+00 | loss scale: 1.0 | grad norm: 0.637 | number of skipped iterations:   0 | number of nan iterations:   0 |
7: [default3]: [2026-05-24 07:18:39.678970] iteration      974/    1819 | consumed samples:       498688 | elapsed time per iteration (ms): 4103.6 | throughput per GPU (TFLOP/s/GPU): 78.8 | tokens/sec/GPU: 15970 | learning rate: 5.380765E-05 | global batch size:   512 | lm loss: 2.659341E+00 | loss scale: 1.0 | grad norm: 0.544 | number of skipped iterations:   0 | number of nan iterations:   0 |
7: [default3]: [2026-05-24 07:18:40.566890] iteration      975/    1819 | consumed samples:       499200 | elapsed time per iteration (ms): 887.6 | throughput per GPU (TFLOP/s/GPU): 364.5 | tokens/sec/GPU: 73832 | learning rate: 5.372544E-05 | global batch size:   512 | lm loss: 2.585749E+00 | loss scale: 1.0 | grad norm: 0.553 | number of skipped iterations:   0 | number of nan iterations:   0 |
7: [default3]: [2026-05-24 07:18:42.183071] iteration      976/    1819 | consumed samples:       499712 | elapsed time per iteration (ms): 1616.0 | throughput per GPU (TFLOP/s/GPU): 200.2 | tokens/sec/GPU: 40554 | learning rate: 5.364323E-05 | global batch size:   512 | lm loss: 2.582800E+00 | loss scale: 1.0 | grad norm: 0.479 | number of skipped iterations:   0 | number of nan iterations:   0 |
7: [default3]: [2026-05-24 07:18:45.383635] iteration      977/    1819 | consumed samples:       500224 | elapsed time per iteration (ms): 3200.4 | throughput per GPU (TFLOP/s/GPU): 101.1 | tokens/sec/GPU: 20478 | learning rate: 5.356103E-05 | global batch size:   512 | lm loss: 2.575322E+00 | loss scale: 1.0 | grad norm: 0.496 | number of skipped iterations:   0 | number of nan iterations:   0 |
7: [default3]: [2026-05-24 07:18:49.915849] iteration      978/    1819 | consumed samples:       500736 | elapsed time per iteration (ms): 4532.0 | throughput per GPU (TFLOP/s/GPU): 71.4 | tokens/sec/GPU: 14461 | learning rate: 5.347884E-05 | global batch size:   512 | lm loss: 2.607060E+00 | loss scale: 1.0 | grad norm: 0.514 | number of skipped iterations:   0 | number of nan iterations:   0 |
7: [default3]: [2026-05-24 07:18:50.803654] iteration      979/    1819 | consumed samples:       501248 | elapsed time per iteration (ms): 887.5 | throughput per GPU (TFLOP/s/GPU): 364.5 | tokens/sec/GPU: 73841 | learning rate: 5.339665E-05 | global batch size:   512 | lm loss: 2.587277E+00 | loss scale: 1.0 | grad norm: 0.543 | number of skipped iterations:   0 | number of nan iterations:   0 |
7: [default3]: [2026-05-24 07:18:51.705131] iteration      980/    1819 | consumed samples:       501760 | elapsed time per iteration (ms): 901.2 | throughput per GPU (TFLOP/s/GPU): 359.0 | tokens/sec/GPU: 72720 | learning rate: 5.331446E-05 | global batch size:   512 | lm loss: 2.581963E+00 | loss scale: 1.0 | grad norm: 0.480 | number of skipped iterations:   0 | number of nan iterations:   0 |
7: [default3]: [2026-05-24 07:18:53.155285] iteration      981/    1819 | consumed samples:       502272 | elapsed time per iteration (ms): 1450.0 | throughput per GPU (TFLOP/s/GPU): 223.1 | tokens/sec/GPU: 45198 | learning rate: 5.323228E-05 | global batch size:   512 | lm loss: 2.559146E+00 | loss scale: 1.0 | grad norm: 0.448 | number of skipped iterations:   0 | number of nan iterations:   0 |
7: [default3]: [2026-05-24 07:18:59.038466] iteration      982/    1819 | consumed samples:       502784 | elapsed time per iteration (ms): 5883.0 | throughput per GPU (TFLOP/s/GPU): 55.0 | tokens/sec/GPU: 11140 | learning rate: 5.315011E-05 | global batch size:   512 | lm loss: 2.566199E+00 | loss scale: 1.0 | grad norm: 0.450 | number of skipped iterations:   0 | number of nan iterations:   0 |
7: [default3]: [2026-05-24 07:18:59.927237] iteration      983/    1819 | consumed samples:       503296 | elapsed time per iteration (ms): 888.6 | throughput per GPU (TFLOP/s/GPU): 364.1 | tokens/sec/GPU: 73752 | learning rate: 5.306794E-05 | global batch size:   512 | lm loss: 2.596533E+00 | loss scale: 1.0 | grad norm: 0.436 | number of skipped iterations:   0 | number of nan iterations:   0 |
7: [default3]: [2026-05-24 07:19:00.820285] iteration      984/    1819 | consumed samples:       503808 | elapsed time per iteration (ms): 892.9 | throughput per GPU (TFLOP/s/GPU): 362.4 | tokens/sec/GPU: 73400 | learning rate: 5.298578E-05 | global batch size:   512 | lm loss: 2.539977E+00 | loss scale: 1.0 | grad norm: 0.437 | number of skipped iterations:   0 | number of nan iterations:   0 |
7: [default3]: [2026-05-24 07:19:01.719325] iteration      985/    1819 | consumed samples:       504320 | elapsed time per iteration (ms): 898.6 | throughput per GPU (TFLOP/s/GPU): 360.0 | tokens/sec/GPU: 72931 | learning rate: 5.290362E-05 | global batch size:   512 | lm loss: 2.625025E+00 | loss scale: 1.0 | grad norm: 0.434 | number of skipped iterations:   0 | number of nan iterations:   0 |
7: [default3]: [2026-05-24 07:19:06.497915] iteration      986/    1819 | consumed samples:       504832 | elapsed time per iteration (ms): 4778.4 | throughput per GPU (TFLOP/s/GPU): 67.7 | tokens/sec/GPU: 13715 | learning rate: 5.282147E-05 | global batch size:   512 | lm loss: 2.591836E+00 | loss scale: 1.0 | grad norm: 0.435 | number of skipped iterations:   0 | number of nan iterations:   0 |
7: [default3]: [2026-05-24 07:19:07.394787] iteration      987/    1819 | consumed samples:       505344 | elapsed time per iteration (ms): 896.6 | throughput per GPU (TFLOP/s/GPU): 360.9 | tokens/sec/GPU: 73094 | learning rate: 5.273933E-05 | global batch size:   512 | lm loss: 2.588505E+00 | loss scale: 1.0 | grad norm: 0.427 | number of skipped iterations:   0 | number of nan iterations:   0 |
7: [default3]: [2026-05-24 07:19:08.291429] iteration      988/    1819 | consumed samples:       505856 | elapsed time per iteration (ms): 896.4 | throughput per GPU (TFLOP/s/GPU): 360.9 | tokens/sec/GPU: 73113 | learning rate: 5.265720E-05 | global batch size:   512 | lm loss: 2.561604E+00 | loss scale: 1.0 | grad norm: 0.449 | number of skipped iterations:   0 | number of nan iterations:   0 |
7: [default3]: [2026-05-24 07:19:09.189409] iteration      989/    1819 | consumed samples:       506368 | elapsed time per iteration (ms): 897.8 | throughput per GPU (TFLOP/s/GPU): 360.4 | tokens/sec/GPU: 72999 | learning rate: 5.257508E-05 | global batch size:   512 | lm loss: 2.568287E+00 | loss scale: 1.0 | grad norm: 0.421 | number of skipped iterations:   0 | number of nan iterations:   0 |
7: [default3]: [2026-05-24 07:19:13.873896] iteration      990/    1819 | consumed samples:       506880 | elapsed time per iteration (ms): 4684.2 | throughput per GPU (TFLOP/s/GPU): 69.1 | tokens/sec/GPU: 13991 | learning rate: 5.249296E-05 | global batch size:   512 | lm loss: 2.628720E+00 | loss scale: 1.0 | grad norm: 0.430 | number of skipped iterations:   0 | number of nan iterations:   0 |
7: [default3]: [2026-05-24 07:19:15.401957] iteration      991/    1819 | consumed samples:       507392 | elapsed time per iteration (ms): 1527.9 | throughput per GPU (TFLOP/s/GPU): 211.8 | tokens/sec/GPU: 42893 | learning rate: 5.241085E-05 | global batch size:   512 | lm loss: 2.629158E+00 | loss scale: 1.0 | grad norm: 0.461 | number of skipped iterations:   0 | number of nan iterations:   0 |
7: [default3]: [2026-05-24 07:19:16.299469] iteration      992/    1819 | consumed samples:       507904 | elapsed time per iteration (ms): 897.3 | throughput per GPU (TFLOP/s/GPU): 360.6 | tokens/sec/GPU: 73039 | learning rate: 5.232875E-05 | global batch size:   512 | lm loss: 2.613744E+00 | loss scale: 1.0 | grad norm: 0.520 | number of skipped iterations:   0 | number of nan iterations:   0 |
7: [default3]: [2026-05-24 07:19:17.197454] iteration      993/    1819 | consumed samples:       508416 | elapsed time per iteration (ms): 897.8 | throughput per GPU (TFLOP/s/GPU): 360.4 | tokens/sec/GPU: 72996 | learning rate: 5.224666E-05 | global batch size:   512 | lm loss: 2.648799E+00 | loss scale: 1.0 | grad norm: 0.550 | number of skipped iterations:   0 | number of nan iterations:   0 |
7: [default3]: [2026-05-24 07:19:21.525674] iteration      994/    1819 | consumed samples:       508928 | elapsed time per iteration (ms): 4328.0 | throughput per GPU (TFLOP/s/GPU): 74.8 | tokens/sec/GPU: 15142 | learning rate: 5.216458E-05 | global batch size:   512 | lm loss: 2.529929E+00 | loss scale: 1.0 | grad norm: 0.537 | number of skipped iterations:   0 | number of nan iterations:   0 |
7: [default3]: [2026-05-24 07:19:22.416210] iteration      995/    1819 | consumed samples:       509440 | elapsed time per iteration (ms): 890.4 | throughput per GPU (TFLOP/s/GPU): 363.4 | tokens/sec/GPU: 73605 | learning rate: 5.208251E-05 | global batch size:   512 | lm loss: 2.613537E+00 | loss scale: 1.0 | grad norm: 0.506 | number of skipped iterations:   0 | number of nan iterations:   0 |
7: [default3]: [2026-05-24 07:19:23.309197] iteration      996/    1819 | consumed samples:       509952 | elapsed time per iteration (ms): 892.8 | throughput per GPU (TFLOP/s/GPU): 362.4 | tokens/sec/GPU: 73403 | learning rate: 5.200044E-05 | global batch size:   512 | lm loss: 2.586013E+00 | loss scale: 1.0 | grad norm: 0.509 | number of skipped iterations:   0 | number of nan iterations:   0 |
7: [default3]: [2026-05-24 07:19:24.213062] iteration      997/    1819 | consumed samples:       510464 | elapsed time per iteration (ms): 903.6 | throughput per GPU (TFLOP/s/GPU): 358.0 | tokens/sec/GPU: 72525 | learning rate: 5.191839E-05 | global batch size:   512 | lm loss: 2.560476E+00 | loss scale: 1.0 | grad norm: 0.500 | number of skipped iterations:   0 | number of nan iterations:   0 |
7: [default3]: [2026-05-24 07:19:25.981377] iteration      998/    1819 | consumed samples:       510976 | elapsed time per iteration (ms): 1768.1 | throughput per GPU (TFLOP/s/GPU): 183.0 | tokens/sec/GPU: 37066 | learning rate: 5.183635E-05 | global batch size:   512 | lm loss: 2.619602E+00 | loss scale: 1.0 | grad norm: 0.443 | number of skipped iterations:   0 | number of nan iterations:   0 |
7: [default3]: [2026-05-24 07:19:29.037661] iteration      999/    1819 | consumed samples:       511488 | elapsed time per iteration (ms): 3056.1 | throughput per GPU (TFLOP/s/GPU): 105.9 | tokens/sec/GPU: 21444 | learning rate: 5.175432E-05 | global batch size:   512 | lm loss: 2.565518E+00 | loss scale: 1.0 | grad norm: 0.494 | number of skipped iterations:   0 | number of nan iterations:   0 |
7: [default3]: [2026-05-24 07:19:29.943110] iteration     1000/    1819 | consumed samples:       512000 | elapsed time per iteration (ms): 905.2 | throughput per GPU (TFLOP/s/GPU): 357.4 | tokens/sec/GPU: 72402 | learning rate: 5.167229E-05 | global batch size:   512 | lm loss: 2.577389E+00 | loss scale: 1.0 | grad norm: 0.469 | number of skipped iterations:   0 | number of nan iterations:   0 |
0: [default0]:[Rank 0] (before save_checkpoint for iteration 1000) memory (MB) | allocated: 4523.07 | max allocated: 27427.20 | reserved: 30354.00 | max reserved: 30354.00
0: [default0]:[2026-05-24 07:19:30.355735] saving checkpoint at iteration    1000 to /iopsstor/scratch/cscs/course_00179/gipfelsturm/gipfelsturm/train-760m-8n/checkpoints in torch_dist format
0: [default0]:Storing distributed optimizer sharded state of type dp_reshardable
0: [default0]:WARNING:megatron.core.dist_checkpointing.serialization:Overwriting old incomplete / corrupted checkpoint...
0: [default0]:/iopsstor/scratch/cscs/course_00179/lsaie-ss26-gipfelsturm/Megatron-LM/megatron/core/dist_checkpointing/strategies/filesystem_async.py:509: UserWarning: Detected an existing checkpoint in /iopsstor/scratch/cscs/course_00179/gipfelsturm/gipfelsturm/train-760m-8n/checkpoints/iter_0001000, overwriting since self.overwrite=True. Past version 2.5 of PyTorch, `overwrite` will default to False. Set this variable to True to maintain this functionality or False to raise when an existing checkpoint is found.
0: [default0]:  super().prepare_local_plan(plan)
0: [default0]:  [2026-05-24 07:19:42.316729] successfully saved checkpoint from iteration    1000 to /iopsstor/scratch/cscs/course_00179/gipfelsturm/gipfelsturm/train-760m-8n/checkpoints [ t 1/1, p 1/1 ]
0: [default0]:[Rank 0] (after save_checkpoint for iteration 1000) memory (MB) | allocated: 4523.07 | max allocated: 27427.20 | reserved: 30354.00 | max reserved: 30354.00
7: [default3]:INFO:megatron.core.timers:(min, max) time across ranks (ms):
7: [default3]:    save-checkpoint ................................: (12236.37, 12237.28)
7: [default3]: [2026-05-24 07:19:43.500240] iteration     1001/    1819 | consumed samples:       512512 | elapsed time per iteration (ms): 1311.9 | throughput per GPU (TFLOP/s/GPU): 246.6 | tokens/sec/GPU: 49956 | learning rate: 5.159028E-05 | global batch size:   512 | lm loss: 2.575951E+00 | loss scale: 1.0 | grad norm: 0.460 | number of skipped iterations:   0 | number of nan iterations:   0 |
7: [default3]: [2026-05-24 07:19:44.398179] iteration     1002/    1819 | consumed samples:       513024 | elapsed time per iteration (ms): 897.7 | throughput per GPU (TFLOP/s/GPU): 360.4 | tokens/sec/GPU: 73002 | learning rate: 5.150829E-05 | global batch size:   512 | lm loss: 2.577441E+00 | loss scale: 1.0 | grad norm: 0.470 | number of skipped iterations:   0 | number of nan iterations:   0 |
7: [default3]: [2026-05-24 07:19:45.294834] iteration     1003/    1819 | consumed samples:       513536 | elapsed time per iteration (ms): 896.5 | throughput per GPU (TFLOP/s/GPU): 360.9 | tokens/sec/GPU: 73105 | learning rate: 5.142630E-05 | global batch size:   512 | lm loss: 2.583520E+00 | loss scale: 1.0 | grad norm: 0.470 | number of skipped iterations:   0 | number of nan iterations:   0 |
7: [default3]: [2026-05-24 07:19:46.189808] iteration     1004/    1819 | consumed samples:       514048 | elapsed time per iteration (ms): 894.7 | throughput per GPU (TFLOP/s/GPU): 361.6 | tokens/sec/GPU: 73250 | learning rate: 5.134432E-05 | global batch size:   512 | lm loss: 2.569853E+00 | loss scale: 1.0 | grad norm: 0.477 | number of skipped iterations:   0 | number of nan iterations:   0 |
7: [default3]: [2026-05-24 07:19:47.096500] iteration     1005/    1819 | consumed samples:       514560 | elapsed time per iteration (ms): 906.5 | throughput per GPU (TFLOP/s/GPU): 356.9 | tokens/sec/GPU: 72297 | learning rate: 5.126236E-05 | global batch size:   512 | lm loss: 2.564799E+00 | loss scale: 1.0 | grad norm: 0.469 | number of skipped iterations:   0 | number of nan iterations:   0 |
7: [default3]: [2026-05-24 07:19:48.013435] iteration     1006/    1819 | consumed samples:       515072 | elapsed time per iteration (ms): 916.7 | throughput per GPU (TFLOP/s/GPU): 353.0 | tokens/sec/GPU: 71495 | learning rate: 5.118041E-05 | global batch size:   512 | lm loss: 2.591186E+00 | loss scale: 1.0 | grad norm: 0.497 | number of skipped iterations:   0 | number of nan iterations:   0 |
7: [default3]: [2026-05-24 07:19:48.915524] iteration     1007/    1819 | consumed samples:       515584 | elapsed time per iteration (ms): 901.7 | throughput per GPU (TFLOP/s/GPU): 358.8 | tokens/sec/GPU: 72677 | learning rate: 5.109848E-05 | global batch size:   512 | lm loss: 2.567850E+00 | loss scale: 1.0 | grad norm: 0.527 | number of skipped iterations:   0 | number of nan iterations:   0 |
7: [default3]: [2026-05-24 07:19:49.817008] iteration     1008/    1819 | consumed samples:       516096 | elapsed time per iteration (ms): 901.2 | throughput per GPU (TFLOP/s/GPU): 359.0 | tokens/sec/GPU: 72722 | learning rate: 5.101655E-05 | global batch size:   512 | lm loss: 2.545456E+00 | loss scale: 1.0 | grad norm: 0.501 | number of skipped iterations:   0 | number of nan iterations:   0 |
7: [default3]: [2026-05-24 07:19:54.906761] iteration     1009/    1819 | consumed samples:       516608 | elapsed time per iteration (ms): 5089.5 | throughput per GPU (TFLOP/s/GPU): 63.6 | tokens/sec/GPU: 12877 | learning rate: 5.093464E-05 | global batch size:   512 | lm loss: 2.577287E+00 | loss scale: 1.0 | grad norm: 0.440 | number of skipped iterations:   0 | number of nan iterations:   0 |
7: [default3]: [2026-05-24 07:19:55.807545] iteration     1010/    1819 | consumed samples:       517120 | elapsed time per iteration (ms): 900.5 | throughput per GPU (TFLOP/s/GPU): 359.3 | tokens/sec/GPU: 72779 | learning rate: 5.085274E-05 | global batch size:   512 | lm loss: 2.570974E+00 | loss scale: 1.0 | grad norm: 0.466 | number of skipped iterations:   0 | number of nan iterations:   0 |
7: [default3]: [2026-05-24 07:19:56.703674] iteration     1011/    1819 | consumed samples:       517632 | elapsed time per iteration (ms): 895.9 | throughput per GPU (TFLOP/s/GPU): 361.1 | tokens/sec/GPU: 73150 | learning rate: 5.077086E-05 | global batch size:   512 | lm loss: 2.633654E+00 | loss scale: 1.0 | grad norm: 0.442 | number of skipped iterations:   0 | number of nan iterations:   0 |
7: [default3]: [2026-05-24 07:19:57.606906] iteration     1012/    1819 | consumed samples:       518144 | elapsed time per iteration (ms): 902.9 | throughput per GPU (TFLOP/s/GPU): 358.3 | tokens/sec/GPU: 72580 | learning rate: 5.068899E-05 | global batch size:   512 | lm loss: 2.647815E+00 | loss scale: 1.0 | grad norm: 0.451 | number of skipped iterations:   0 | number of nan iterations:   0 |
7: [default3]: [2026-05-24 07:20:01.785546] iteration     1013/    1819 | consumed samples:       518656 | elapsed time per iteration (ms): 4178.4 | throughput per GPU (TFLOP/s/GPU): 77.4 | tokens/sec/GPU: 15684 | learning rate: 5.060713E-05 | global batch size:   512 | lm loss: 2.564723E+00 | loss scale: 1.0 | grad norm: 0.457 | number of skipped iterations:   0 | number of nan iterations:   0 |
7: [default3]: [2026-05-24 07:20:02.688380] iteration     1014/    1819 | consumed samples:       519168 | elapsed time per iteration (ms): 902.6 | throughput per GPU (TFLOP/s/GPU): 358.4 | tokens/sec/GPU: 72605 | learning rate: 5.052529E-05 | global batch size:   512 | lm loss: 2.614742E+00 | loss scale: 1.0 | grad norm: 0.773 | number of skipped iterations:   0 | number of nan iterations:   0 |
7: [default3]: [2026-05-24 07:20:03.590215] iteration     1015/    1819 | consumed samples:       519680 | elapsed time per iteration (ms): 901.5 | throughput per GPU (TFLOP/s/GPU): 358.9 | tokens/sec/GPU: 72693 | learning rate: 5.044347E-05 | global batch size:   512 | lm loss: 2.617845E+00 | loss scale: 1.0 | grad norm: 0.475 | number of skipped iterations:   0 | number of nan iterations:   0 |
7: [default3]: [2026-05-24 07:20:04.494339] iteration     1016/    1819 | consumed samples:       520192 | elapsed time per iteration (ms): 903.9 | throughput per GPU (TFLOP/s/GPU): 358.0 | tokens/sec/GPU: 72507 | learning rate: 5.036166E-05 | global batch size:   512 | lm loss: 2.576786E+00 | loss scale: 1.0 | grad norm: 0.485 | number of skipped iterations:   0 | number of nan iterations:   0 |
7: [default3]: [2026-05-24 07:20:07.969880] iteration     1017/    1819 | consumed samples:       520704 | elapsed time per iteration (ms): 3475.1 | throughput per GPU (TFLOP/s/GPU): 93.1 | tokens/sec/GPU: 18858 | learning rate: 5.027986E-05 | global batch size:   512 | lm loss: 2.569149E+00 | loss scale: 1.0 | grad norm: 0.512 | number of skipped iterations:   0 | number of nan iterations:   0 |
7: [default3]: [2026-05-24 07:20:08.874421] iteration     1018/    1819 | consumed samples:       521216 | elapsed time per iteration (ms): 904.2 | throughput per GPU (TFLOP/s/GPU): 357.8 | tokens/sec/GPU: 72478 | learning rate: 5.019808E-05 | global batch size:   512 | lm loss: 2.603954E+00 | loss scale: 1.0 | grad norm: 0.557 | number of skipped iterations:   0 | number of nan iterations:   0 |
7: [default3]: [2026-05-24 07:20:10.193333] iteration     1019/    1819 | consumed samples:       521728 | elapsed time per iteration (ms): 1318.8 | throughput per GPU (TFLOP/s/GPU): 245.3 | tokens/sec/GPU: 49694 | learning rate: 5.011632E-05 | global batch size:   512 | lm loss: 2.602044E+00 | loss scale: 1.0 | grad norm: 0.566 | number of skipped iterations:   0 | number of nan iterations:   0 |
7: [default3]: [2026-05-24 07:20:11.493010] iteration     1020/    1819 | consumed samples:       522240 | elapsed time per iteration (ms): 1299.5 | throughput per GPU (TFLOP/s/GPU): 249.0 | tokens/sec/GPU: 50433 | learning rate: 5.003457E-05 | global batch size:   512 | lm loss: 2.618964E+00 | loss scale: 1.0 | grad norm: 0.527 | number of skipped iterations:   0 | number of nan iterations:   0 |
7: [default3]: [2026-05-24 07:20:15.140928] iteration     1021/    1819 | consumed samples:       522752 | elapsed time per iteration (ms): 3647.7 | throughput per GPU (TFLOP/s/GPU): 88.7 | tokens/sec/GPU: 17966 | learning rate: 4.995284E-05 | global batch size:   512 | lm loss: 2.604663E+00 | loss scale: 1.0 | grad norm: 0.499 | number of skipped iterations:   0 | number of nan iterations:   0 |
7: [default3]: [2026-05-24 07:20:16.035887] iteration     1022/    1819 | consumed samples:       523264 | elapsed time per iteration (ms): 894.7 | throughput per GPU (TFLOP/s/GPU): 361.6 | tokens/sec/GPU: 73246 | learning rate: 4.987113E-05 | global batch size:   512 | lm loss: 2.563728E+00 | loss scale: 1.0 | grad norm: 0.484 | number of skipped iterations:   0 | number of nan iterations:   0 |
7: [default3]: [2026-05-24 07:20:17.271415] iteration     1023/    1819 | consumed samples:       523776 | elapsed time per iteration (ms): 1235.2 | throughput per GPU (TFLOP/s/GPU): 261.9 | tokens/sec/GPU: 53056 | learning rate: 4.978943E-05 | global batch size:   512 | lm loss: 2.530572E+00 | loss scale: 1.0 | grad norm: 0.477 | number of skipped iterations:   0 | number of nan iterations:   0 |
7: [default3]: [2026-05-24 07:20:19.354753] iteration     1024/    1819 | consumed samples:       524288 | elapsed time per iteration (ms): 2082.8 | throughput per GPU (TFLOP/s/GPU): 155.3 | tokens/sec/GPU: 31465 | learning rate: 4.970776E-05 | global batch size:   512 | lm loss: 2.628568E+00 | loss scale: 1.0 | grad norm: 0.481 | number of skipped iterations:   0 | number of nan iterations:   0 |
7: [default3]: [2026-05-24 07:20:21.923036] iteration     1025/    1819 | consumed samples:       524800 | elapsed time per iteration (ms): 2567.9 | throughput per GPU (TFLOP/s/GPU): 126.0 | tokens/sec/GPU: 25521 | learning rate: 4.962609E-05 | global batch size:   512 | lm loss: 2.603533E+00 | loss scale: 1.0 | grad norm: 0.465 | number of skipped iterations:   0 | number of nan iterations:   0 |
7: [default3]: [2026-05-24 07:20:24.430729] iteration     1026/    1819 | consumed samples:       525312 | elapsed time per iteration (ms): 2507.5 | throughput per GPU (TFLOP/s/GPU): 129.0 | tokens/sec/GPU: 26136 | learning rate: 4.954445E-05 | global batch size:   512 | lm loss: 2.545742E+00 | loss scale: 1.0 | grad norm: 0.434 | number of skipped iterations:   0 | number of nan iterations:   0 |
7: [default3]: [2026-05-24 07:20:25.323229] iteration     1027/    1819 | consumed samples:       525824 | elapsed time per iteration (ms): 892.2 | throughput per GPU (TFLOP/s/GPU): 362.6 | tokens/sec/GPU: 73456 | learning rate: 4.946283E-05 | global batch size:   512 | lm loss: 2.583289E+00 | loss scale: 1.0 | grad norm: 0.477 | number of skipped iterations:   0 | number of nan iterations:   0 |
7: [default3]: [2026-05-24 07:20:28.084461] iteration     1028/    1819 | consumed samples:       526336 | elapsed time per iteration (ms): 2761.0 | throughput per GPU (TFLOP/s/GPU): 117.2 | tokens/sec/GPU: 23736 | learning rate: 4.938122E-05 | global batch size:   512 | lm loss: 2.624109E+00 | loss scale: 1.0 | grad norm: 0.487 | number of skipped iterations:   0 | number of nan iterations:   0 |
7: [default3]: [2026-05-24 07:20:29.886620] iteration     1029/    1819 | consumed samples:       526848 | elapsed time per iteration (ms): 1802.0 | throughput per GPU (TFLOP/s/GPU): 179.5 | tokens/sec/GPU: 36369 | learning rate: 4.929963E-05 | global batch size:   512 | lm loss: 2.552068E+00 | loss scale: 1.0 | grad norm: 0.476 | number of skipped iterations:   0 | number of nan iterations:   0 |
7: [default3]: [2026-05-24 07:20:31.449456] iteration     1030/    1819 | consumed samples:       527360 | elapsed time per iteration (ms): 1562.4 | throughput per GPU (TFLOP/s/GPU): 207.1 | tokens/sec/GPU: 41946 | learning rate: 4.921806E-05 | global batch size:   512 | lm loss: 2.550435E+00 | loss scale: 1.0 | grad norm: 0.500 | number of skipped iterations:   0 | number of nan iterations:   0 |
7: [default3]: [2026-05-24 07:20:32.352685] iteration     1031/    1819 | consumed samples:       527872 | elapsed time per iteration (ms): 903.1 | throughput per GPU (TFLOP/s/GPU): 358.3 | tokens/sec/GPU: 72571 | learning rate: 4.913651E-05 | global batch size:   512 | lm loss: 2.571070E+00 | loss scale: 1.0 | grad norm: 0.503 | number of skipped iterations:   0 | number of nan iterations:   0 |
7: [default3]: [2026-05-24 07:20:35.808602] iteration     1032/    1819 | consumed samples:       528384 | elapsed time per iteration (ms): 3455.6 | throughput per GPU (TFLOP/s/GPU): 93.6 | tokens/sec/GPU: 18965 | learning rate: 4.905498E-05 | global batch size:   512 | lm loss: 2.636373E+00 | loss scale: 1.0 | grad norm: 0.560 | number of skipped iterations:   0 | number of nan iterations:   0 |
7: [default3]: [2026-05-24 07:20:36.705480] iteration     1033/    1819 | consumed samples:       528896 | elapsed time per iteration (ms): 896.7 | throughput per GPU (TFLOP/s/GPU): 360.8 | tokens/sec/GPU: 73085 | learning rate: 4.897347E-05 | global batch size:   512 | lm loss: 2.575087E+00 | loss scale: 1.0 | grad norm: 0.517 | number of skipped iterations:   0 | number of nan iterations:   0 |
7: [default3]: [2026-05-24 07:20:37.610196] iteration     1034/    1819 | consumed samples:       529408 | elapsed time per iteration (ms): 904.4 | throughput per GPU (TFLOP/s/GPU): 357.8 | tokens/sec/GPU: 72466 | learning rate: 4.889198E-05 | global batch size:   512 | lm loss: 2.597000E+00 | loss scale: 1.0 | grad norm: 0.466 | number of skipped iterations:   0 | number of nan iterations:   0 |
7: [default3]: [2026-05-24 07:20:38.511735] iteration     1035/    1819 | consumed samples:       529920 | elapsed time per iteration (ms): 901.3 | throughput per GPU (TFLOP/s/GPU): 359.0 | tokens/sec/GPU: 72715 | learning rate: 4.881051E-05 | global batch size:   512 | lm loss: 2.513747E+00 | loss scale: 1.0 | grad norm: 0.491 | number of skipped iterations:   0 | number of nan iterations:   0 |
7: [default3]: [2026-05-24 07:20:40.760690] iteration     1036/    1819 | consumed samples:       530432 | elapsed time per iteration (ms): 2248.5 | throughput per GPU (TFLOP/s/GPU): 143.9 | tokens/sec/GPU: 29146 | learning rate: 4.872907E-05 | global batch size:   512 | lm loss: 2.507256E+00 | loss scale: 1.0 | grad norm: 0.532 | number of skipped iterations:   0 | number of nan iterations:   0 |
7: [default3]: [2026-05-24 07:20:41.659947] iteration     1037/    1819 | consumed samples:       530944 | elapsed time per iteration (ms): 899.1 | throughput per GPU (TFLOP/s/GPU): 359.8 | tokens/sec/GPU: 72890 | learning rate: 4.864764E-05 | global batch size:   512 | lm loss: 2.526342E+00 | loss scale: 1.0 | grad norm: 0.489 | number of skipped iterations:   0 | number of nan iterations:   0 |
7: [default3]: [2026-05-24 07:20:42.994704] iteration     1038/    1819 | consumed samples:       531456 | elapsed time per iteration (ms): 1334.5 | throughput per GPU (TFLOP/s/GPU): 242.5 | tokens/sec/GPU: 49111 | learning rate: 4.856623E-05 | global batch size:   512 | lm loss: 2.605123E+00 | loss scale: 1.0 | grad norm: 0.460 | number of skipped iterations:   0 | number of nan iterations:   0 |
7: [default3]: [2026-05-24 07:20:46.351380] iteration     1039/    1819 | consumed samples:       531968 | elapsed time per iteration (ms): 3356.5 | throughput per GPU (TFLOP/s/GPU): 96.4 | tokens/sec/GPU: 19525 | learning rate: 4.848485E-05 | global batch size:   512 | lm loss: 2.561528E+00 | loss scale: 1.0 | grad norm: 0.492 | number of skipped iterations:   0 | number of nan iterations:   0 |
7: [default3]: [2026-05-24 07:20:47.245966] iteration     1040/    1819 | consumed samples:       532480 | elapsed time per iteration (ms): 894.2 | throughput per GPU (TFLOP/s/GPU): 361.8 | tokens/sec/GPU: 73290 | learning rate: 4.840348E-05 | global batch size:   512 | lm loss: 2.563462E+00 | loss scale: 1.0 | grad norm: 0.496 | number of skipped iterations:   0 | number of nan iterations:   0 |
7: [default3]: [2026-05-24 07:20:48.151911] iteration     1041/    1819 | consumed samples:       532992 | elapsed time per iteration (ms): 905.7 | throughput per GPU (TFLOP/s/GPU): 357.2 | tokens/sec/GPU: 72360 | learning rate: 4.832214E-05 | global batch size:   512 | lm loss: 2.524801E+00 | loss scale: 1.0 | grad norm: 0.471 | number of skipped iterations:   0 | number of nan iterations:   0 |
7: [default3]: [2026-05-24 07:20:49.059730] iteration     1042/    1819 | consumed samples:       533504 | elapsed time per iteration (ms): 907.6 | throughput per GPU (TFLOP/s/GPU): 356.5 | tokens/sec/GPU: 72210 | learning rate: 4.824082E-05 | global batch size:   512 | lm loss: 2.606330E+00 | loss scale: 1.0 | grad norm: 0.485 | number of skipped iterations:   0 | number of nan iterations:   0 |
7: [default3]: [2026-05-24 07:20:52.474032] iteration     1043/    1819 | consumed samples:       534016 | elapsed time per iteration (ms): 3414.1 | throughput per GPU (TFLOP/s/GPU): 94.8 | tokens/sec/GPU: 19196 | learning rate: 4.815953E-05 | global batch size:   512 | lm loss: 2.553317E+00 | loss scale: 1.0 | grad norm: 0.440 | number of skipped iterations:   0 | number of nan iterations:   0 |
7: [default3]: [2026-05-24 07:20:53.371056] iteration     1044/    1819 | consumed samples:       534528 | elapsed time per iteration (ms): 896.6 | throughput per GPU (TFLOP/s/GPU): 360.9 | tokens/sec/GPU: 73095 | learning rate: 4.807825E-05 | global batch size:   512 | lm loss: 2.570559E+00 | loss scale: 1.0 | grad norm: 0.446 | number of skipped iterations:   0 | number of nan iterations:   0 |
7: [default3]: [2026-05-24 07:20:56.978806] iteration     1045/    1819 | consumed samples:       535040 | elapsed time per iteration (ms): 3607.5 | throughput per GPU (TFLOP/s/GPU): 89.7 | tokens/sec/GPU: 18166 | learning rate: 4.799700E-05 | global batch size:   512 | lm loss: 2.557080E+00 | loss scale: 1.0 | grad norm: 0.460 | number of skipped iterations:   0 | number of nan iterations:   0 |
7: [default3]: [2026-05-24 07:20:57.874804] iteration     1046/    1819 | consumed samples:       535552 | elapsed time per iteration (ms): 895.7 | throughput per GPU (TFLOP/s/GPU): 361.2 | tokens/sec/GPU: 73164 | learning rate: 4.791578E-05 | global batch size:   512 | lm loss: 2.537896E+00 | loss scale: 1.0 | grad norm: 0.447 | number of skipped iterations:   0 | number of nan iterations:   0 |
7: [default3]: [2026-05-24 07:20:58.940849] iteration     1047/    1819 | consumed samples:       536064 | elapsed time per iteration (ms): 1065.9 | throughput per GPU (TFLOP/s/GPU): 303.6 | tokens/sec/GPU: 61487 | learning rate: 4.783458E-05 | global batch size:   512 | lm loss: 2.573021E+00 | loss scale: 1.0 | grad norm: 0.451 | number of skipped iterations:   0 | number of nan iterations:   0 |
7: [default3]: [2026-05-24 07:20:59.914457] iteration     1048/    1819 | consumed samples:       536576 | elapsed time per iteration (ms): 973.3 | throughput per GPU (TFLOP/s/GPU): 332.4 | tokens/sec/GPU: 67336 | learning rate: 4.775339E-05 | global batch size:   512 | lm loss: 2.594123E+00 | loss scale: 1.0 | grad norm: 0.423 | number of skipped iterations:   0 | number of nan iterations:   0 |
7: [default3]: [2026-05-24 07:21:01.946939] iteration     1049/    1819 | consumed samples:       537088 | elapsed time per iteration (ms): 2032.2 | throughput per GPU (TFLOP/s/GPU): 159.2 | tokens/sec/GPU: 32249 | learning rate: 4.767224E-05 | global batch size:   512 | lm loss: 2.567247E+00 | loss scale: 1.0 | grad norm: 0.431 | number of skipped iterations:   0 | number of nan iterations:   0 |
7: [default3]: [2026-05-24 07:21:02.847880] iteration     1050/    1819 | consumed samples:       537600 | elapsed time per iteration (ms): 900.7 | throughput per GPU (TFLOP/s/GPU): 359.2 | tokens/sec/GPU: 72765 | learning rate: 4.759111E-05 | global batch size:   512 | lm loss: 2.606274E+00 | loss scale: 1.0 | grad norm: 0.451 | number of skipped iterations:   0 | number of nan iterations:   0 |
7: [default3]: [2026-05-24 07:21:07.543425] iteration     1051/    1819 | consumed samples:       538112 | elapsed time per iteration (ms): 4695.4 | throughput per GPU (TFLOP/s/GPU): 68.9 | tokens/sec/GPU: 13958 | learning rate: 4.751000E-05 | global batch size:   512 | lm loss: 2.588597E+00 | loss scale: 1.0 | grad norm: 0.444 | number of skipped iterations:   0 | number of nan iterations:   0 |
7: [default3]: [2026-05-24 07:21:10.374595] iteration     1052/    1819 | consumed samples:       538624 | elapsed time per iteration (ms): 2830.9 | throughput per GPU (TFLOP/s/GPU): 114.3 | tokens/sec/GPU: 23150 | learning rate: 4.742892E-05 | global batch size:   512 | lm loss: 2.566581E+00 | loss scale: 1.0 | grad norm: 0.436 | number of skipped iterations:   0 | number of nan iterations:   0 |
7: [default3]: [2026-05-24 07:21:11.279077] iteration     1053/    1819 | consumed samples:       539136 | elapsed time per iteration (ms): 904.1 | throughput per GPU (TFLOP/s/GPU): 357.9 | tokens/sec/GPU: 72491 | learning rate: 4.734786E-05 | global batch size:   512 | lm loss: 2.589644E+00 | loss scale: 1.0 | grad norm: 0.411 | number of skipped iterations:   0 | number of nan iterations:   0 |
7: [default3]: [2026-05-24 07:21:12.190120] iteration     1054/    1819 | consumed samples:       539648 | elapsed time per iteration (ms): 910.8 | throughput per GPU (TFLOP/s/GPU): 355.2 | tokens/sec/GPU: 71952 | learning rate: 4.726684E-05 | global batch size:   512 | lm loss: 2.544012E+00 | loss scale: 1.0 | grad norm: 0.428 | number of skipped iterations:   0 | number of nan iterations:   0 |
7: [default3]: [2026-05-24 07:21:13.095970] iteration     1055/    1819 | consumed samples:       540160 | elapsed time per iteration (ms): 905.6 | throughput per GPU (TFLOP/s/GPU): 357.3 | tokens/sec/GPU: 72370 | learning rate: 4.718583E-05 | global batch size:   512 | lm loss: 2.559678E+00 | loss scale: 1.0 | grad norm: 0.480 | number of skipped iterations:   0 | number of nan iterations:   0 |
7: [default3]: [2026-05-24 07:21:17.976096] iteration     1056/    1819 | consumed samples:       540672 | elapsed time per iteration (ms): 4879.9 | throughput per GPU (TFLOP/s/GPU): 66.3 | tokens/sec/GPU: 13430 | learning rate: 4.710486E-05 | global batch size:   512 | lm loss: 2.611279E+00 | loss scale: 1.0 | grad norm: 0.486 | number of skipped iterations:   0 | number of nan iterations:   0 |
7: [default3]: [2026-05-24 07:21:18.876007] iteration     1057/    1819 | consumed samples:       541184 | elapsed time per iteration (ms): 899.7 | throughput per GPU (TFLOP/s/GPU): 359.6 | tokens/sec/GPU: 72839 | learning rate: 4.702390E-05 | global batch size:   512 | lm loss: 2.552427E+00 | loss scale: 1.0 | grad norm: 0.458 | number of skipped iterations:   0 | number of nan iterations:   0 |
7: [default3]: [2026-05-24 07:21:19.774252] iteration     1058/    1819 | consumed samples:       541696 | elapsed time per iteration (ms): 898.0 | throughput per GPU (TFLOP/s/GPU): 360.3 | tokens/sec/GPU: 72981 | learning rate: 4.694298E-05 | global batch size:   512 | lm loss: 2.526289E+00 | loss scale: 1.0 | grad norm: 0.441 | number of skipped iterations:   0 | number of nan iterations:   0 |
7: [default3]: [2026-05-24 07:21:20.673677] iteration     1059/    1819 | consumed samples:       542208 | elapsed time per iteration (ms): 899.2 | throughput per GPU (TFLOP/s/GPU): 359.8 | tokens/sec/GPU: 72880 | learning rate: 4.686208E-05 | global batch size:   512 | lm loss: 2.550457E+00 | loss scale: 1.0 | grad norm: 1.012 | number of skipped iterations:   0 | number of nan iterations:   0 |
7: [default3]: [2026-05-24 07:21:23.185015] iteration     1060/    1819 | consumed samples:       542720 | elapsed time per iteration (ms): 2511.1 | throughput per GPU (TFLOP/s/GPU): 128.8 | tokens/sec/GPU: 26099 | learning rate: 4.678121E-05 | global batch size:   512 | lm loss: 2.549041E+00 | loss scale: 1.0 | grad norm: 0.459 | number of skipped iterations:   0 | number of nan iterations:   0 |
7: [default3]: [2026-05-24 07:21:24.090946] iteration     1061/    1819 | consumed samples:       543232 | elapsed time per iteration (ms): 905.3 | throughput per GPU (TFLOP/s/GPU): 357.4 | tokens/sec/GPU: 72392 | learning rate: 4.670036E-05 | global batch size:   512 | lm loss: 2.548131E+00 | loss scale: 1.0 | grad norm: 0.586 | number of skipped iterations:   0 | number of nan iterations:   0 |
7: [default3]: [2026-05-24 07:21:25.223242] iteration     1062/    1819 | consumed samples:       543744 | elapsed time per iteration (ms): 1131.8 | throughput per GPU (TFLOP/s/GPU): 285.9 | tokens/sec/GPU: 57907 | learning rate: 4.661955E-05 | global batch size:   512 | lm loss: 2.506991E+00 | loss scale: 1.0 | grad norm: 0.456 | number of skipped iterations:   0 | number of nan iterations:   0 |
7: [default3]: [2026-05-24 07:21:26.131285] iteration     1063/    1819 | consumed samples:       544256 | elapsed time per iteration (ms): 907.9 | throughput per GPU (TFLOP/s/GPU): 356.4 | tokens/sec/GPU: 72186 | learning rate: 4.653876E-05 | global batch size:   512 | lm loss: 2.519595E+00 | loss scale: 1.0 | grad norm: 0.445 | number of skipped iterations:   0 | number of nan iterations:   0 |
7: [default3]: [2026-05-24 07:21:28.975631] iteration     1064/    1819 | consumed samples:       544768 | elapsed time per iteration (ms): 2844.1 | throughput per GPU (TFLOP/s/GPU): 113.8 | tokens/sec/GPU: 23043 | learning rate: 4.645800E-05 | global batch size:   512 | lm loss: 2.516307E+00 | loss scale: 1.0 | grad norm: 0.421 | number of skipped iterations:   0 | number of nan iterations:   0 |
7: [default3]: [2026-05-24 07:21:29.868353] iteration     1065/    1819 | consumed samples:       545280 | elapsed time per iteration (ms): 892.5 | throughput per GPU (TFLOP/s/GPU): 362.5 | tokens/sec/GPU: 73427 | learning rate: 4.637727E-05 | global batch size:   512 | lm loss: 2.550245E+00 | loss scale: 1.0 | grad norm: 0.418 | number of skipped iterations:   0 | number of nan iterations:   0 |
7: [default3]: [2026-05-24 07:21:30.771238] iteration     1066/    1819 | consumed samples:       545792 | elapsed time per iteration (ms): 902.5 | throughput per GPU (TFLOP/s/GPU): 358.5 | tokens/sec/GPU: 72613 | learning rate: 4.629657E-05 | global batch size:   512 | lm loss: 2.654045E+00 | loss scale: 1.0 | grad norm: 0.448 | number of skipped iterations:   0 | number of nan iterations:   0 |
7: [default3]: [2026-05-24 07:21:33.842194] iteration     1067/    1819 | consumed samples:       546304 | elapsed time per iteration (ms): 3070.8 | throughput per GPU (TFLOP/s/GPU): 105.4 | tokens/sec/GPU: 21342 | learning rate: 4.621589E-05 | global batch size:   512 | lm loss: 2.490067E+00 | loss scale: 1.0 | grad norm: 0.450 | number of skipped iterations:   0 | number of nan iterations:   0 |
7: [default3]: [2026-05-24 07:21:34.753171] iteration     1068/    1819 | consumed samples:       546816 | elapsed time per iteration (ms): 910.8 | throughput per GPU (TFLOP/s/GPU): 355.2 | tokens/sec/GPU: 71957 | learning rate: 4.613525E-05 | global batch size:   512 | lm loss: 2.515800E+00 | loss scale: 1.0 | grad norm: 0.463 | number of skipped iterations:   0 | number of nan iterations:   0 |
7: [default3]: [2026-05-24 07:21:36.479241] iteration     1069/    1819 | consumed samples:       547328 | elapsed time per iteration (ms): 1725.9 | throughput per GPU (TFLOP/s/GPU): 187.5 | tokens/sec/GPU: 37973 | learning rate: 4.605464E-05 | global batch size:   512 | lm loss: 2.535491E+00 | loss scale: 1.0 | grad norm: 0.475 | number of skipped iterations:   0 | number of nan iterations:   0 |
7: [default3]: [2026-05-24 07:21:37.996742] iteration     1070/    1819 | consumed samples:       547840 | elapsed time per iteration (ms): 1517.3 | throughput per GPU (TFLOP/s/GPU): 213.2 | tokens/sec/GPU: 43193 | learning rate: 4.597405E-05 | global batch size:   512 | lm loss: 2.518955E+00 | loss scale: 1.0 | grad norm: 0.480 | number of skipped iterations:   0 | number of nan iterations:   0 |
7: [default3]: [2026-05-24 07:21:41.358241] iteration     1071/    1819 | consumed samples:       548352 | elapsed time per iteration (ms): 3361.3 | throughput per GPU (TFLOP/s/GPU): 96.3 | tokens/sec/GPU: 19497 | learning rate: 4.589350E-05 | global batch size:   512 | lm loss: 2.566758E+00 | loss scale: 1.0 | grad norm: 0.470 | number of skipped iterations:   0 | number of nan iterations:   0 |
7: [default3]: [2026-05-24 07:21:42.255492] iteration     1072/    1819 | consumed samples:       548864 | elapsed time per iteration (ms): 897.0 | throughput per GPU (TFLOP/s/GPU): 360.7 | tokens/sec/GPU: 73061 | learning rate: 4.581297E-05 | global batch size:   512 | lm loss: 2.550491E+00 | loss scale: 1.0 | grad norm: 0.476 | number of skipped iterations:   0 | number of nan iterations:   0 |
7: [default3]: [2026-05-24 07:21:43.159447] iteration     1073/    1819 | consumed samples:       549376 | elapsed time per iteration (ms): 903.5 | throughput per GPU (TFLOP/s/GPU): 358.1 | tokens/sec/GPU: 72535 | learning rate: 4.573248E-05 | global batch size:   512 | lm loss: 2.546742E+00 | loss scale: 1.0 | grad norm: 0.475 | number of skipped iterations:   0 | number of nan iterations:   0 |
7: [default3]: [2026-05-24 07:21:44.060256] iteration     1074/    1819 | consumed samples:       549888 | elapsed time per iteration (ms): 900.6 | throughput per GPU (TFLOP/s/GPU): 359.3 | tokens/sec/GPU: 72770 | learning rate: 4.565202E-05 | global batch size:   512 | lm loss: 2.507887E+00 | loss scale: 1.0 | grad norm: 0.532 | number of skipped iterations:   0 | number of nan iterations:   0 |
7: [default3]: [2026-05-24 07:21:51.628958] iteration     1075/    1819 | consumed samples:       550400 | elapsed time per iteration (ms): 7568.5 | throughput per GPU (TFLOP/s/GPU): 42.7 | tokens/sec/GPU: 8659 | learning rate: 4.557159E-05 | global batch size:   512 | lm loss: 2.540187E+00 | loss scale: 1.0 | grad norm: 0.540 | number of skipped iterations:   0 | number of nan iterations:   0 |
7: [default3]: [2026-05-24 07:21:52.521718] iteration     1076/    1819 | consumed samples:       550912 | elapsed time per iteration (ms): 892.5 | throughput per GPU (TFLOP/s/GPU): 362.5 | tokens/sec/GPU: 73427 | learning rate: 4.549119E-05 | global batch size:   512 | lm loss: 2.549879E+00 | loss scale: 1.0 | grad norm: 0.484 | number of skipped iterations:   0 | number of nan iterations:   0 |
7: [default3]: [2026-05-24 07:21:53.418440] iteration     1077/    1819 | consumed samples:       551424 | elapsed time per iteration (ms): 896.4 | throughput per GPU (TFLOP/s/GPU): 360.9 | tokens/sec/GPU: 73112 | learning rate: 4.541082E-05 | global batch size:   512 | lm loss: 2.530197E+00 | loss scale: 1.0 | grad norm: 0.453 | number of skipped iterations:   0 | number of nan iterations:   0 |
7: [default3]: [2026-05-24 07:21:54.326604] iteration     1078/    1819 | consumed samples:       551936 | elapsed time per iteration (ms): 907.9 | throughput per GPU (TFLOP/s/GPU): 356.3 | tokens/sec/GPU: 72182 | learning rate: 4.533049E-05 | global batch size:   512 | lm loss: 2.558049E+00 | loss scale: 1.0 | grad norm: 0.446 | number of skipped iterations:   0 | number of nan iterations:   0 |
7: [default3]: [2026-05-24 07:21:56.415959] iteration     1079/    1819 | consumed samples:       552448 | elapsed time per iteration (ms): 2089.1 | throughput per GPU (TFLOP/s/GPU): 154.9 | tokens/sec/GPU: 31370 | learning rate: 4.525018E-05 | global batch size:   512 | lm loss: 2.603146E+00 | loss scale: 1.0 | grad norm: 0.457 | number of skipped iterations:   0 | number of nan iterations:   0 |
7: [default3]: [2026-05-24 07:21:57.316474] iteration     1080/    1819 | consumed samples:       552960 | elapsed time per iteration (ms): 900.3 | throughput per GPU (TFLOP/s/GPU): 359.4 | tokens/sec/GPU: 72791 | learning rate: 4.516991E-05 | global batch size:   512 | lm loss: 2.562268E+00 | loss scale: 1.0 | grad norm: 0.454 | number of skipped iterations:   0 | number of nan iterations:   0 |
7: [default3]: [2026-05-24 07:21:58.219310] iteration     1081/    1819 | consumed samples:       553472 | elapsed time per iteration (ms): 902.6 | throughput per GPU (TFLOP/s/GPU): 358.5 | tokens/sec/GPU: 72609 | learning rate: 4.508967E-05 | global batch size:   512 | lm loss: 2.573252E+00 | loss scale: 1.0 | grad norm: 0.429 | number of skipped iterations:   0 | number of nan iterations:   0 |
7: [default3]: [2026-05-24 07:21:59.117558] iteration     1082/    1819 | consumed samples:       553984 | elapsed time per iteration (ms): 897.9 | throughput per GPU (TFLOP/s/GPU): 360.3 | tokens/sec/GPU: 72985 | learning rate: 4.500947E-05 | global batch size:   512 | lm loss: 2.588825E+00 | loss scale: 1.0 | grad norm: 0.430 | number of skipped iterations:   0 | number of nan iterations:   0 |
7: [default3]: [2026-05-24 07:22:01.342917] iteration     1083/    1819 | consumed samples:       554496 | elapsed time per iteration (ms): 2225.2 | throughput per GPU (TFLOP/s/GPU): 145.4 | tokens/sec/GPU: 29452 | learning rate: 4.492930E-05 | global batch size:   512 | lm loss: 2.541375E+00 | loss scale: 1.0 | grad norm: 0.418 | number of skipped iterations:   0 | number of nan iterations:   0 |
7: [default3]: [2026-05-24 07:22:02.938664] iteration     1084/    1819 | consumed samples:       555008 | elapsed time per iteration (ms): 1595.6 | throughput per GPU (TFLOP/s/GPU): 202.8 | tokens/sec/GPU: 41074 | learning rate: 4.484916E-05 | global batch size:   512 | lm loss: 2.530898E+00 | loss scale: 1.0 | grad norm: 0.431 | number of skipped iterations:   0 | number of nan iterations:   0 |
7: [default3]: [2026-05-24 07:22:03.838383] iteration     1085/    1819 | consumed samples:       555520 | elapsed time per iteration (ms): 899.5 | throughput per GPU (TFLOP/s/GPU): 359.7 | tokens/sec/GPU: 72860 | learning rate: 4.476905E-05 | global batch size:   512 | lm loss: 2.558741E+00 | loss scale: 1.0 | grad norm: 0.448 | number of skipped iterations:   0 | number of nan iterations:   0 |
7: [default3]: [2026-05-24 07:22:06.381517] iteration     1086/    1819 | consumed samples:       556032 | elapsed time per iteration (ms): 2543.0 | throughput per GPU (TFLOP/s/GPU): 127.2 | tokens/sec/GPU: 25771 | learning rate: 4.468898E-05 | global batch size:   512 | lm loss: 2.580424E+00 | loss scale: 1.0 | grad norm: 0.515 | number of skipped iterations:   0 | number of nan iterations:   0 |
7: [default3]: [2026-05-24 07:22:07.587316] iteration     1087/    1819 | consumed samples:       556544 | elapsed time per iteration (ms): 1205.6 | throughput per GPU (TFLOP/s/GPU): 268.4 | tokens/sec/GPU: 54360 | learning rate: 4.460895E-05 | global batch size:   512 | lm loss: 2.540006E+00 | loss scale: 1.0 | grad norm: 0.516 | number of skipped iterations:   0 | number of nan iterations:   0 |
7: [default3]: [2026-05-24 07:22:09.038524] iteration     1088/    1819 | consumed samples:       557056 | elapsed time per iteration (ms): 1451.0 | throughput per GPU (TFLOP/s/GPU): 223.0 | tokens/sec/GPU: 45165 | learning rate: 4.452895E-05 | global batch size:   512 | lm loss: 2.566961E+00 | loss scale: 1.0 | grad norm: 0.495 | number of skipped iterations:   0 | number of nan iterations:   0 |
7: [default3]: [2026-05-24 07:22:10.895642] iteration     1089/    1819 | consumed samples:       557568 | elapsed time per iteration (ms): 1856.9 | throughput per GPU (TFLOP/s/GPU): 174.2 | tokens/sec/GPU: 35293 | learning rate: 4.444898E-05 | global batch size:   512 | lm loss: 2.582066E+00 | loss scale: 1.0 | grad norm: 0.461 | number of skipped iterations:   0 | number of nan iterations:   0 |
7: [default3]: [2026-05-24 07:22:12.864333] iteration     1090/    1819 | consumed samples:       558080 | elapsed time per iteration (ms): 1968.5 | throughput per GPU (TFLOP/s/GPU): 164.4 | tokens/sec/GPU: 33292 | learning rate: 4.436905E-05 | global batch size:   512 | lm loss: 2.548132E+00 | loss scale: 1.0 | grad norm: 0.444 | number of skipped iterations:   0 | number of nan iterations:   0 |
7: [default3]: [2026-05-24 07:22:15.146573] iteration     1091/    1819 | consumed samples:       558592 | elapsed time per iteration (ms): 2282.0 | throughput per GPU (TFLOP/s/GPU): 141.8 | tokens/sec/GPU: 28719 | learning rate: 4.428916E-05 | global batch size:   512 | lm loss: 2.550578E+00 | loss scale: 1.0 | grad norm: 0.457 | number of skipped iterations:   0 | number of nan iterations:   0 |
7: [default3]: [2026-05-24 07:22:16.047201] iteration     1092/    1819 | consumed samples:       559104 | elapsed time per iteration (ms): 900.4 | throughput per GPU (TFLOP/s/GPU): 359.3 | tokens/sec/GPU: 72783 | learning rate: 4.420930E-05 | global batch size:   512 | lm loss: 2.540622E+00 | loss scale: 1.0 | grad norm: 0.447 | number of skipped iterations:   0 | number of nan iterations:   0 |
7: [default3]: [2026-05-24 07:22:16.947144] iteration     1093/    1819 | consumed samples:       559616 | elapsed time per iteration (ms): 899.7 | throughput per GPU (TFLOP/s/GPU): 359.6 | tokens/sec/GPU: 72842 | learning rate: 4.412948E-05 | global batch size:   512 | lm loss: 2.598636E+00 | loss scale: 1.0 | grad norm: 0.439 | number of skipped iterations:   0 | number of nan iterations:   0 |
7: [default3]: [2026-05-24 07:22:19.884096] iteration     1094/    1819 | consumed samples:       560128 | elapsed time per iteration (ms): 2936.7 | throughput per GPU (TFLOP/s/GPU): 110.2 | tokens/sec/GPU: 22316 | learning rate: 4.404969E-05 | global batch size:   512 | lm loss: 2.531252E+00 | loss scale: 1.0 | grad norm: 0.440 | number of skipped iterations:   0 | number of nan iterations:   0 |
7: [default3]: [2026-05-24 07:22:23.573070] iteration     1095/    1819 | consumed samples:       560640 | elapsed time per iteration (ms): 3688.8 | throughput per GPU (TFLOP/s/GPU): 87.7 | tokens/sec/GPU: 17766 | learning rate: 4.396994E-05 | global batch size:   512 | lm loss: 2.537592E+00 | loss scale: 1.0 | grad norm: 0.493 | number of skipped iterations:   0 | number of nan iterations:   0 |
7: [default3]: [2026-05-24 07:22:24.474997] iteration     1096/    1819 | consumed samples:       561152 | elapsed time per iteration (ms): 901.7 | throughput per GPU (TFLOP/s/GPU): 358.8 | tokens/sec/GPU: 72678 | learning rate: 4.389022E-05 | global batch size:   512 | lm loss: 2.502172E+00 | loss scale: 1.0 | grad norm: 0.451 | number of skipped iterations:   0 | number of nan iterations:   0 |
7: [default3]: [2026-05-24 07:22:25.375204] iteration     1097/    1819 | consumed samples:       561664 | elapsed time per iteration (ms): 899.9 | throughput per GPU (TFLOP/s/GPU): 359.5 | tokens/sec/GPU: 72822 | learning rate: 4.381055E-05 | global batch size:   512 | lm loss: 2.521542E+00 | loss scale: 1.0 | grad norm: 0.417 | number of skipped iterations:   0 | number of nan iterations:   0 |
7: [default3]: [2026-05-24 07:22:26.270792] iteration     1098/    1819 | consumed samples:       562176 | elapsed time per iteration (ms): 895.4 | throughput per GPU (TFLOP/s/GPU): 361.3 | tokens/sec/GPU: 73193 | learning rate: 4.373091E-05 | global batch size:   512 | lm loss: 2.551893E+00 | loss scale: 1.0 | grad norm: 0.428 | number of skipped iterations:   0 | number of nan iterations:   0 |
7: [default3]: [2026-05-24 07:22:28.614961] iteration     1099/    1819 | consumed samples:       562688 | elapsed time per iteration (ms): 2343.9 | throughput per GPU (TFLOP/s/GPU): 138.0 | tokens/sec/GPU: 27961 | learning rate: 4.365131E-05 | global batch size:   512 | lm loss: 2.491427E+00 | loss scale: 1.0 | grad norm: 0.415 | number of skipped iterations:   0 | number of nan iterations:   0 |
7: [default3]: [2026-05-24 07:22:30.156617] iteration     1100/    1819 | consumed samples:       563200 | elapsed time per iteration (ms): 1541.1 | throughput per GPU (TFLOP/s/GPU): 209.9 | tokens/sec/GPU: 42524 | learning rate: 4.357174E-05 | global batch size:   512 | lm loss: 2.563276E+00 | loss scale: 1.0 | grad norm: 0.431 | number of skipped iterations:   0 | number of nan iterations:   0 |
7: [default3]: [2026-05-24 07:22:31.766447] iteration     1101/    1819 | consumed samples:       563712 | elapsed time per iteration (ms): 1609.6 | throughput per GPU (TFLOP/s/GPU): 201.0 | tokens/sec/GPU: 40715 | learning rate: 4.349222E-05 | global batch size:   512 | lm loss: 2.518426E+00 | loss scale: 1.0 | grad norm: 0.417 | number of skipped iterations:   0 | number of nan iterations:   0 |
7: [default3]: [2026-05-24 07:22:35.483094] iteration     1102/    1819 | consumed samples:       564224 | elapsed time per iteration (ms): 3716.5 | throughput per GPU (TFLOP/s/GPU): 87.1 | tokens/sec/GPU: 17634 | learning rate: 4.341273E-05 | global batch size:   512 | lm loss: 2.556101E+00 | loss scale: 1.0 | grad norm: 0.429 | number of skipped iterations:   0 | number of nan iterations:   0 |
7: [default3]: [2026-05-24 07:22:38.297786] iteration     1103/    1819 | consumed samples:       564736 | elapsed time per iteration (ms): 2814.3 | throughput per GPU (TFLOP/s/GPU): 115.0 | tokens/sec/GPU: 23287 | learning rate: 4.333329E-05 | global batch size:   512 | lm loss: 2.556298E+00 | loss scale: 1.0 | grad norm: 0.432 | number of skipped iterations:   0 | number of nan iterations:   0 |
7: [default3]: [2026-05-24 07:22:39.200528] iteration     1104/    1819 | consumed samples:       565248 | elapsed time per iteration (ms): 902.5 | throughput per GPU (TFLOP/s/GPU): 358.5 | tokens/sec/GPU: 72612 | learning rate: 4.325388E-05 | global batch size:   512 | lm loss: 2.505838E+00 | loss scale: 1.0 | grad norm: 0.456 | number of skipped iterations:   0 | number of nan iterations:   0 |
0: [2026-05-24T07:22:40.011] error: *** STEP 2355662.0 ON nid006256 CANCELLED AT 2026-05-24T07:22:40 DUE TO TIME LIMIT ***
[2026-05-24T07:22:40.011] error: *** JOB 2355662 ON nid006256 CANCELLED AT 2026-05-24T07:22:40 DUE TO TIME LIMIT ***
1: W0524 07:22:40.012000 33177 torch/distributed/elastic/agent/server/api.py:739] Received 15 death signal, shutting down workers
1: W0524 07:22:40.013000 33177 torch/distributed/elastic/multiprocessing/api.py:1010] Sending process 33701 closing signal SIGTERM
6: W0524 07:22:40.012000 57613 torch/distributed/elastic/agent/server/api.py:739] Received 15 death signal, shutting down workers
3: W0524 07:22:40.012000 251111 torch/distributed/elastic/agent/server/api.py:739] Received 15 death signal, shutting down workers
5: W0524 07:22:40.012000 229880 torch/distributed/elastic/agent/server/api.py:739] Received 15 death signal, shutting down workers
6: W0524 07:22:40.013000 57613 torch/distributed/elastic/multiprocessing/api.py:1010] Sending process 58140 closing signal SIGTERM
3: W0524 07:22:40.013000 251111 torch/distributed/elastic/multiprocessing/api.py:1010] Sending process 251665 closing signal SIGTERM
0: W0524 07:22:40.013000 93964 torch/distributed/elastic/agent/server/api.py:739] Received 15 death signal, shutting down workers
5: W0524 07:22:40.013000 229880 torch/distributed/elastic/multiprocessing/api.py:1010] Sending process 230392 closing signal SIGTERM
7: W0524 07:22:40.013000 91810 torch/distributed/elastic/agent/server/api.py:739] Received 15 death signal, shutting down workers
0: W0524 07:22:40.014000 93964 torch/distributed/elastic/multiprocessing/api.py:1010] Sending process 94511 closing signal SIGTERM
4: W0524 07:22:40.014000 241211 torch/distributed/elastic/agent/server/api.py:739] Received 15 death signal, shutting down workers
7: W0524 07:22:40.014000 91810 torch/distributed/elastic/multiprocessing/api.py:1010] Sending process 92307 closing signal SIGTERM
1: W0524 07:22:40.014000 33177 torch/distributed/elastic/multiprocessing/api.py:1010] Sending process 33702 closing signal SIGTERM
4: W0524 07:22:40.014000 241211 torch/distributed/elastic/multiprocessing/api.py:1010] Sending process 241735 closing signal SIGTERM
6: W0524 07:22:40.015000 57613 torch/distributed/elastic/multiprocessing/api.py:1010] Sending process 58141 closing signal SIGTERM
5: W0524 07:22:40.015000 229880 torch/distributed/elastic/multiprocessing/api.py:1010] Sending process 230393 closing signal SIGTERM
3: W0524 07:22:40.015000 251111 torch/distributed/elastic/multiprocessing/api.py:1010] Sending process 251666 closing signal SIGTERM
4: W0524 07:22:40.015000 241211 torch/distributed/elastic/multiprocessing/api.py:1010] Sending process 241736 closing signal SIGTERM
5: W0524 07:22:40.016000 229880 torch/distributed/elastic/multiprocessing/api.py:1010] Sending process 230394 closing signal SIGTERM
7: W0524 07:22:40.016000 91810 torch/distributed/elastic/multiprocessing/api.py:1010] Sending process 92308 closing signal SIGTERM
srun: Job step aborted: Waiting up to 32 seconds for job step to finish.
0: [default0]:Stack (most recent call first):
0: [default0]:  File "/usr/lib/python3.12/threading.py", line 359 in wait
0: [default0]:  File "/usr/lib/python3.12/threading.py", line 655 in wait
0: [default0]:  File "/usr/lib/python3.12/multiprocessing/managers.py", line 176 in serve_forever
0: [default0]:  File "/usr/lib/python3.12/multiprocessing/managers.py", line 599 in _run_server
0: [default0]:  File "/usr/lib/python3.12/multiprocessing/process.py", line 108 in run
0: [default0]:  File "/usr/lib/python3.12/multiprocessing/process.py", line 314 in _bootstrap
0: [default0]:  File "/usr/lib/python3.12/multiprocessing/spawn.py", line 135 in _main
0: [default0]:  File "/usr/lib/python3.12/multiprocessing/spawn.py", line 122 in spawn_main
0: [default0]:  File "<string>", line 1 in <module>
1: W0524 07:22:40.018000 33177 torch/distributed/elastic/multiprocessing/api.py:1010] Sending process 33703 closing signal SIGTERM
7: [default1]:Stack (most recent call first):
7: [default1]:  File "/usr/lib/python3.12/threading.py", line 359 in wait
7: [default1]:  File "/usr/lib/python3.12/threading.py", line 655 in wait
7: [default1]:  File "/usr/lib/python3.12/multiprocessing/managers.py", line 176 in serve_forever
7: [default1]:  File "/usr/lib/python3.12/multiprocessing/managers.py", line 599 in _run_server
7: [default1]:  File "/usr/lib/python3.12/multiprocessing/process.py", line 108 in run
7: [default1]:  File "/usr/lib/python3.12/multiprocessing/process.py", line 314 in _bootstrap
7: [default1]:  File "/usr/lib/python3.12/multiprocessing/spawn.py", line 135 in _main
7: [default1]:  File "/usr/lib/python3.12/multiprocessing/spawn.py", line 122 in spawn_main
7: [default1]:  File "<string>", line 1 in <module>
0: W0524 07:22:40.018000 93964 torch/distributed/elastic/multiprocessing/api.py:1010] Sending process 94512 closing signal SIGTERM
3: W0524 07:22:40.019000 251111 torch/distributed/elastic/multiprocessing/api.py:1010] Sending process 251667 closing signal SIGTERM
4: W0524 07:22:40.019000 241211 torch/distributed/elastic/multiprocessing/api.py:1010] Sending process 241737 closing signal SIGTERM
7: W0524 07:22:40.020000 91810 torch/distributed/elastic/multiprocessing/api.py:1010] Sending process 92309 closing signal SIGTERM
0: W0524 07:22:40.020000 93964 torch/distributed/elastic/multiprocessing/api.py:1010] Sending process 94513 closing signal SIGTERM
7: W0524 07:22:40.022000 91810 torch/distributed/elastic/multiprocessing/api.py:1010] Sending process 92310 closing signal SIGTERM
6: W0524 07:22:40.023000 57613 torch/distributed/elastic/multiprocessing/api.py:1010] Sending process 58142 closing signal SIGTERM
0: W0524 07:22:40.023000 93964 torch/distributed/elastic/multiprocessing/api.py:1010] Sending process 94514 closing signal SIGTERM
5: [default0]:Stack (most recent call first):
5: [default0]:  File "/usr/lib/python3.12/threading.py", line 359 in wait
5: [default0]:  File "/usr/lib/python3.12/threading.py", line 655 in wait
5: [default0]:  File "/usr/lib/python3.12/multiprocessing/managers.py", line 176 in serve_forever
5: [default0]:  File "/usr/lib/python3.12/multiprocessing/managers.py", line 599 in _run_server
5: [default0]:  File "/usr/lib/python3.12/multiprocessing/process.py", line 108 in run
5: [default0]:  File "/usr/lib/python3.12/multiprocessing/process.py", line 314 in _bootstrap
5: [default0]:  File "/usr/lib/python3.12/multiprocessing/spawn.py", line 135 in _main
5: [default0]:  File "/usr/lib/python3.12/multiprocessing/spawn.py", line 122 in spawn_main
5: [default0]:  File "<string>", line 1 in <module>
6: [default0]:Stack (most recent call first):
6: [default0]:  File "/usr/lib/python3.12/threading.py", line 359 in wait
6: [default0]:  File "/usr/lib/python3.12/threading.py", line 655 in wait
6: [default0]:  File "/usr/lib/python3.12/multiprocessing/managers.py", line 176 in serve_forever
6: [default0]:  File "/usr/lib/python3.12/multiprocessing/managers.py", line 599 in _run_server
6: [default0]:  File "/usr/lib/python3.12/multiprocessing/process.py", line 108 in run
6: [default0]:  File "/usr/lib/python3.12/multiprocessing/process.py", line 314 in _bootstrap
6: [default0]:  File "/usr/lib/python3.12/multiprocessing/spawn.py", line 135 in _main
6: [default0]:  File "/usr/lib/python3.12/multiprocessing/spawn.py", line 122 in spawn_main
6: [default0]:  File "<string>", line 1 in <module>
4: W0524 07:22:40.024000 241211 torch/distributed/elastic/multiprocessing/api.py:1010] Sending process 241738 closing signal SIGTERM
6: W0524 07:22:40.025000 57613 torch/distributed/elastic/multiprocessing/api.py:1010] Sending process 58143 closing signal SIGTERM
3: W0524 07:22:40.026000 251111 torch/distributed/elastic/multiprocessing/api.py:1010] Sending process 251665 closing signal SIGTERM
5: W0524 07:22:40.025000 229880 torch/distributed/elastic/multiprocessing/api.py:1010] Sending process 230395 closing signal SIGTERM
5: [default3]:Stack (most recent call first):
5: [default3]:  File "/usr/lib/python3.12/threading.py", line 359 in wait
5: [default3]:  File "/usr/lib/python3.12/threading.py", line 655 in wait
5: [default3]:  File "/usr/lib/python3.12/multiprocessing/managers.py", line 176 in serve_forever
5: [default3]:  File "/usr/lib/python3.12/multiprocessing/managers.py", line 599 in _run_server
5: [default3]:  File "/usr/lib/python3.12/multiprocessing/process.py", line 108 in run
5: [default3]:  File "/usr/lib/python3.12/multiprocessing/process.py", line 314 in _bootstrap
5: [default3]:  File "/usr/lib/python3.12/multiprocessing/spawn.py", line 135 in _main
5: [default3]:  File "/usr/lib/python3.12/multiprocessing/spawn.py", line 122 in spawn_main
5: [default3]:  File "<string>", line 1 in <module>
3: W0524 07:22:40.027000 251111 torch/distributed/elastic/multiprocessing/api.py:1010] Sending process 251666 closing signal SIGTERM
1: W0524 07:22:40.027000 33177 torch/distributed/elastic/multiprocessing/api.py:1010] Sending process 33704 closing signal SIGTERM
3: W0524 07:22:40.028000 251111 torch/distributed/elastic/multiprocessing/api.py:1010] Sending process 251667 closing signal SIGTERM
3: W0524 07:22:40.028000 251111 torch/distributed/elastic/multiprocessing/api.py:1010] Sending process 251668 closing signal SIGTERM
6: W0524 07:22:40.028000 57613 torch/distributed/elastic/multiprocessing/api.py:1010] Sending process 58140 closing signal SIGTERM
6: W0524 07:22:40.031000 57613 torch/distributed/elastic/multiprocessing/api.py:1010] Sending process 58141 closing signal SIGTERM
1: W0524 07:22:40.032000 33177 torch/distributed/elastic/multiprocessing/api.py:1010] Sending process 33701 closing signal SIGTERM
0: W0524 07:22:40.032000 93964 torch/distributed/elastic/multiprocessing/api.py:1010] Sending process 94511 closing signal SIGTERM
5: W0524 07:22:40.032000 229880 torch/distributed/elastic/multiprocessing/api.py:1010] Sending process 230392 closing signal SIGTERM
4: W0524 07:22:40.032000 241211 torch/distributed/elastic/multiprocessing/api.py:1010] Sending process 241735 closing signal SIGTERM
5: W0524 07:22:40.033000 229880 torch/distributed/elastic/multiprocessing/api.py:1010] Sending process 230393 closing signal SIGTERM
6: W0524 07:22:40.033000 57613 torch/distributed/elastic/multiprocessing/api.py:1010] Sending process 58142 closing signal SIGTERM
7: W0524 07:22:40.033000 91810 torch/distributed/elastic/multiprocessing/api.py:1010] Sending process 92307 closing signal SIGTERM
1: W0524 07:22:40.033000 33177 torch/distributed/elastic/multiprocessing/api.py:1010] Sending process 33702 closing signal SIGTERM
4: W0524 07:22:40.033000 241211 torch/distributed/elastic/multiprocessing/api.py:1010] Sending process 241736 closing signal SIGTERM
5: W0524 07:22:40.033000 229880 torch/distributed/elastic/multiprocessing/api.py:1010] Sending process 230394 closing signal SIGTERM
0: W0524 07:22:40.033000 93964 torch/distributed/elastic/multiprocessing/api.py:1010] Sending process 94512 closing signal SIGTERM
6: W0524 07:22:40.033000 57613 torch/distributed/elastic/multiprocessing/api.py:1010] Sending process 58143 closing signal SIGTERM
1: W0524 07:22:40.033000 33177 torch/distributed/elastic/multiprocessing/api.py:1010] Sending process 33703 closing signal SIGTERM
4: W0524 07:22:40.033000 241211 torch/distributed/elastic/multiprocessing/api.py:1010] Sending process 241737 closing signal SIGTERM
5: W0524 07:22:40.033000 229880 torch/distributed/elastic/multiprocessing/api.py:1010] Sending process 230395 closing signal SIGTERM
0: W0524 07:22:40.034000 93964 torch/distributed/elastic/multiprocessing/api.py:1010] Sending process 94513 closing signal SIGTERM
1: W0524 07:22:40.034000 33177 torch/distributed/elastic/multiprocessing/api.py:1010] Sending process 33704 closing signal SIGTERM
4: W0524 07:22:40.034000 241211 torch/distributed/elastic/multiprocessing/api.py:1010] Sending process 241738 closing signal SIGTERM
7: W0524 07:22:40.034000 91810 torch/distributed/elastic/multiprocessing/api.py:1010] Sending process 92308 closing signal SIGTERM
0: W0524 07:22:40.034000 93964 torch/distributed/elastic/multiprocessing/api.py:1010] Sending process 94514 closing signal SIGTERM
7: W0524 07:22:40.034000 91810 torch/distributed/elastic/multiprocessing/api.py:1010] Sending process 92309 closing signal SIGTERM
7: W0524 07:22:40.035000 91810 torch/distributed/elastic/multiprocessing/api.py:1010] Sending process 92310 closing signal SIGTERM
7: [default2]:Stack (most recent call first):
7: [default2]:  File "/usr/lib/python3.12/threading.py", line 359 in wait
7: [default2]:  File "/usr/lib/python3.12/threading.py", line 655 in wait
7: [default2]:  File "/usr/lib/python3.12/multiprocessing/managers.py", line 176 in serve_forever
7: [default2]:  File "/usr/lib/python3.12/multiprocessing/managers.py", line 599 in _run_server
7: [default2]:  File "/usr/lib/python3.12/multiprocessing/process.py", line 108 in run
7: [default2]:  File "/usr/lib/python3.12/multiprocessing/process.py", line 314 in _bootstrap
7: [default2]:  File "/usr/lib/python3.12/multiprocessing/spawn.py", line 135 in _main
7: [default2]:  File "/usr/lib/python3.12/multiprocessing/spawn.py", line 122 in spawn_main
7: [default2]:  File "<string>", line 1 in <module>
7: [default0]:Stack (most recent call first):
7: [default0]:  File "/usr/lib/python3.12/threading.py", line 359 in wait
7: [default0]:  File "/usr/lib/python3.12/threading.py", line 655 in wait
7: [default0]:  File "/usr/lib/python3.12/multiprocessing/managers.py", line 176 in serve_forever
7: [default0]:  File "/usr/lib/python3.12/multiprocessing/managers.py", line 599 in _run_server
7: [default0]:  File "/usr/lib/python3.12/multiprocessing/process.py", line 108 in run
7: [default0]:  File "/usr/lib/python3.12/multiprocessing/process.py", line 314 in _bootstrap
7: [default0]:  File "/usr/lib/python3.12/multiprocessing/spawn.py", line 135 in _main
7: [default0]:  File "/usr/lib/python3.12/multiprocessing/spawn.py", line 122 in spawn_main
7: [default0]:  File "<string>", line 1 in <module>
0: [default1]:Stack (most recent call first):
0: [default1]:  File "/usr/lib/python3.12/threading.py", line 359 in wait
0: [default2]:Stack (most recent call first):
0: [default2]:  File "/usr/lib/python3.12/threading.py", line 359 in wait
0: [default1]:  File "/usr/lib/python3.12/threading.py", line 655 in wait
0: [default1]:  File "/usr/lib/python3.12/multiprocessing/managers.py", line 176 in serve_forever
0: [default1]:  File "/usr/lib/python3.12/multiprocessing/managers.py", line 599 in _run_server
0: [default1]:  File "/usr/lib/python3.12/multiprocessing/process.py", line 108 in run
0: [default2]:  File "/usr/lib/python3.12/threading.py", line 655 in wait
0: [default2]:  File "/usr/lib/python3.12/multiprocessing/managers.py", line 176 in serve_forever
0: [default2]:  File "/usr/lib/python3.12/multiprocessing/managers.py", line 599 in _run_server
0: [default2]:  File "/usr/lib/python3.12/multiprocessing/process.py", line 108 in run
0: [default2]:  File "/usr/lib/python3.12/multiprocessing/process.py", line 314 in _bootstrap
0: [default2]:  File "/usr/lib/python3.12/multiprocessing/spawn.py", line 135 in _main
0: [default2]:  File "/usr/lib/python3.12/multiprocessing/spawn.py", line 122 in spawn_main
0: [default2]:  File "<string>", line 1 in <module>
0: [default1]:  File "/usr/lib/python3.12/multiprocessing/process.py", line 314 in _bootstrap
0: [default1]:  File "/usr/lib/python3.12/multiprocessing/spawn.py", line 135 in _main
0: [default1]:  File "/usr/lib/python3.12/multiprocessing/spawn.py", line 122 in spawn_main
0: [default1]:  File "<string>", line 1 in <module>
7: [default3]:Stack (most recent call first):
7: [default3]:  File "/usr/lib/python3.12/threading.py", line 359 in wait
7: [default3]:  File "/usr/lib/python3.12/threading.py", line 655 in wait
7: [default3]:  File "/usr/lib/python3.12/multiprocessing/managers.py", line 176 in serve_forever
7: [default3]:  File "/usr/lib/python3.12/multiprocessing/managers.py", line 599 in _run_server
7: [default3]:  File "/usr/lib/python3.12/multiprocessing/process.py", line 108 in run
7: [default3]:  File "/usr/lib/python3.12/multiprocessing/process.py", line 314 in _bootstrap
7: [default3]:  File "/usr/lib/python3.12/multiprocessing/spawn.py", line 135 in _main
7: [default3]:  File "/usr/lib/python3.12/multiprocessing/spawn.py", line 122 in spawn_main
7: [default3]:  File "<string>", line 1 in <module>
