START TIME: $(date)
[Sun May 24 06:03:55 CEST 2026] WANDB disabled.
CMD: torchrun --nproc-per-node 4 --nnodes 8 --rdzv_endpoint nid006244:25678 --rdzv_backend c10d --max_restarts 0 --tee 3 /iopsstor/scratch/cscs/course_00179/lsaie-ss26-gipfelsturm/Megatron-LM/pretrain_gpt.py     --transformer-impl transformer_engine --use-precision-aware-optimizer --main-grads-dtype bf16 --fp8-format hybrid --fp8-margin 0 --fp8-amax-history-len 1024 --fp8-amax-compute-algo max     --num-layers 48 --hidden-size 1600 --ffn-hidden-size 4352 --num-attention-heads 20 --group-query-attention --num-query-groups 4 --max-position-embeddings 4096 --position-embedding-type rope --normalization RMSNorm --swiglu --untie-embeddings-and-output-weights --seq-length 4096 --use-mcore-models     --micro-batch-size 4 --global-batch-size 256 --train-iters 2293 --log-interval 1 --eval-interval 2293 --eval-iters 10 --cross-entropy-loss-fusion --disable-bias-linear --optimizer adam --dataloader-type single --no-check-for-nan-in-loss-and-grad --manual-gc --manual-gc-interval 50 --exit-signal-handler --recompute-granularity selective     --attention-dropout 0.0 --hidden-dropout 0.0 --weight-decay 0.1 --clip-grad 1.0 --adam-beta1 0.9 --adam-beta2 0.95     --lr 2e-4 --min-lr 2e-5 --lr-decay-style cosine --lr-decay-iters 2293 --lr-warmup-iters 114     --seed 42 --init-method-std 0.02     --bf16     --tensor-model-parallel-size 2 --pipeline-model-parallel-size 1 --use-distributed-optimizer --overlap-grad-reduce --overlap-param-gather     --log-throughput --log-progress --tensorboard-dir /iopsstor/scratch/cscs/course_00179/gipfelsturm/gipfelsturm/train-1.5b-8n/tensorboard --log-timers-to-tensorboard --log-memory-to-tensorboard     --save /iopsstor/scratch/cscs/course_00179/gipfelsturm/gipfelsturm/train-1.5b-8n/checkpoints --save-interval 500     --tokenizer-type GPT2BPETokenizer --vocab-file /iopsstor/scratch/cscs/course_00179/lsaie-ss26-gipfelsturm/data/gpt2-vocab.json --merge-file /iopsstor/scratch/cscs/course_00179/lsaie-ss26-gipfelsturm/data/gpt2-merges.txt     --data-path /capstor/store/cscs/swissai/infra01/datasets/nvidia/Nemotron-ClimbMix/climbmix_small_megatron/climbmix_small --data-cache-path /iopsstor/scratch/cscs/course_00179/gipfelsturm/cache --split 99,1,0 --num-workers 16
0: [default0]:/usr/local/lib/python3.12/dist-packages/torch/library.py:357: UserWarning: Warning only once for all operators,  other operators may also be overridden.
0: [default0]:  Overriding a previously registered kernel for the same operator and the same dispatch key
0: [default0]:  operator: flash_attn::_flash_attn_backward(Tensor dout, Tensor q, Tensor k, Tensor v, Tensor out, Tensor softmax_lse, Tensor(a6!)? dq, Tensor(a7!)? dk, Tensor(a8!)? dv, float dropout_p, float softmax_scale, bool causal, SymInt window_size_left, SymInt window_size_right, float softcap, Tensor? alibi_slopes, bool deterministic, Tensor? rng_state=None) -> Tensor
0: [default0]:    registered at /usr/local/lib/python3.12/dist-packages/torch/_library/custom_ops.py:926
0: [default0]:  dispatch key: ADInplaceOrView
0: [default0]:  previous kernel: no debug info
0: [default0]:       new kernel: registered at /usr/local/lib/python3.12/dist-packages/torch/_library/custom_ops.py:926 (Triggered internally at /opt/pytorch/pytorch/aten/src/ATen/core/dispatch/Op
0: eratorEntry.cpp:208.)
0: [default0]:  self.m.impl(
3: [default0]:[W524 06:04:39.652931538 ProcessGroupNCCL.cpp:941] Warning: TORCH_NCCL_AVOID_RECORD_STREAMS is the default now, this environment variable is thus deprecated. (function operator())
3: [default3]:[W524 06:04:39.654932751 ProcessGroupNCCL.cpp:941] Warning: TORCH_NCCL_AVOID_RECORD_STREAMS is the default now, this environment variable is thus deprecated. (function operator())
1: [default2]:[W524 06:04:41.638524012 ProcessGroupNCCL.cpp:941] Warning: TORCH_NCCL_AVOID_RECORD_STREAMS is the default now, this environment variable is thus deprecated. (function operator())
1: [default0]:[W524 06:04:41.641939234 ProcessGroupNCCL.cpp:941] Warning: TORCH_NCCL_AVOID_RECORD_STREAMS is the default now, this environment variable is thus deprecated. (function operator())
1: [default3]:[W524 06:04:41.635644197 ProcessGroupNCCL.cpp:941] Warning: TORCH_NCCL_AVOID_RECORD_STREAMS is the default now, this environment variable is thus deprecated. (function operator())
1: [default1]:[W524 06:04:41.641924195 ProcessGroupNCCL.cpp:941] Warning: TORCH_NCCL_AVOID_RECORD_STREAMS is the default now, this environment variable is thus deprecated. (function operator())
2: [default3]:[W524 06:04:41.295737411 ProcessGroupNCCL.cpp:941] Warning: TORCH_NCCL_AVOID_RECORD_STREAMS is the default now, this environment variable is thus deprecated. (function operator())
2: [default2]:[W524 06:04:41.295737251 ProcessGroupNCCL.cpp:941] Warning: TORCH_NCCL_AVOID_RECORD_STREAMS is the default now, this environment variable is thus deprecated. (function operator())
6: [default3]:[W524 06:04:43.726428278 ProcessGroupNCCL.cpp:941] Warning: TORCH_NCCL_AVOID_RECORD_STREAMS is the default now, this environment variable is thus deprecated. (function operator())
6: [default1]:[W524 06:04:43.734118944 ProcessGroupNCCL.cpp:941] Warning: TORCH_NCCL_AVOID_RECORD_STREAMS is the default now, this environment variable is thus deprecated. (function operator())
6: [default0]:[W524 06:04:43.717844681 ProcessGroupNCCL.cpp:941] Warning: TORCH_NCCL_AVOID_RECORD_STREAMS is the default now, this environment variable is thus deprecated. (function operator())
6: [default2]:[W524 06:04:43.714541043 ProcessGroupNCCL.cpp:941] Warning: TORCH_NCCL_AVOID_RECORD_STREAMS is the default now, this environment variable is thus deprecated. (function operator())
4: [default1]:[W524 06:04:43.163066004 ProcessGroupNCCL.cpp:941] Warning: TORCH_NCCL_AVOID_RECORD_STREAMS is the default now, this environment variable is thus deprecated. (function operator())
4: [default3]:[W524 06:04:43.174519853 ProcessGroupNCCL.cpp:941] Warning: TORCH_NCCL_AVOID_RECORD_STREAMS is the default now, this environment variable is thus deprecated. (function operator())
4: [default0]:[W524 06:04:43.165586597 ProcessGroupNCCL.cpp:941] Warning: TORCH_NCCL_AVOID_RECORD_STREAMS is the default now, this environment variable is thus deprecated. (function operator())
4: [default2]:[W524 06:04:43.186128032 ProcessGroupNCCL.cpp:941] Warning: TORCH_NCCL_AVOID_RECORD_STREAMS is the default now, this environment variable is thus deprecated. (function operator())
7: [default3]:> setting tensorboard ...
7: [default3]:WARNING: one_logger package is required to enable e2e metrics tracking. please go to https://confluence.nvidia.com/display/MLWFO/Package+Repositories for details to install it
7: [default3]:[W524 06:04:44.042009289 ProcessGroupNCCL.cpp:941] Warning: TORCH_NCCL_AVOID_RECORD_STREAMS is the default now, this environment variable is thus deprecated. (function operator())
7: [default0]:[W524 06:04:44.049590277 ProcessGroupNCCL.cpp:941] Warning: TORCH_NCCL_AVOID_RECORD_STREAMS is the default now, this environment variable is thus deprecated. (function operator())
7: [default1]:[W524 06:04:44.035603983 ProcessGroupNCCL.cpp:941] Warning: TORCH_NCCL_AVOID_RECORD_STREAMS is the default now, this environment variable is thus deprecated. (function operator())
7: [default2]:[W524 06:04:44.045460848 ProcessGroupNCCL.cpp:941] Warning: TORCH_NCCL_AVOID_RECORD_STREAMS is the default now, this environment variable is thus deprecated. (function operator())
3: [default1]:[W524 06:04:44.656414733 ProcessGroupNCCL.cpp:941] Warning: TORCH_NCCL_AVOID_RECORD_STREAMS is the default now, this environment variable is thus deprecated. (function operator())
3: [default2]:[W524 06:04:44.655062138 ProcessGroupNCCL.cpp:941] Warning: TORCH_NCCL_AVOID_RECORD_STREAMS is the default now, this environment variable is thus deprecated. (function operator())
5: [default1]:[W524 06:04:44.263995628 ProcessGroupNCCL.cpp:941] Warning: TORCH_NCCL_AVOID_RECORD_STREAMS is the default now, this environment variable is thus deprecated. (function operator())
5: [default3]:[W524 06:04:44.239247228 ProcessGroupNCCL.cpp:941] Warning: TORCH_NCCL_AVOID_RECORD_STREAMS is the default now, this environment variable is thus deprecated. (function operator())
5: [default2]:[W524 06:04:44.264011691 ProcessGroupNCCL.cpp:941] Warning: TORCH_NCCL_AVOID_RECORD_STREAMS is the default now, this environment variable is thus deprecated. (function operator())
0: [default0]:using world size: 32, data-parallel size: 16, context-parallel size: 1, hierarchical context-parallel sizes: None, tensor-model-parallel size: 2, pipeline-model-parallel size: 1
0: [default0]:Number of virtual stages per pipeline stage: None
0: [default0]:using torch.bfloat16 for parameters ...
0: [default0]:------------------------ arguments ------------------------
0: [default0]:  account_for_embedding_in_pipeline_split ......... False
0: [default0]:  account_for_loss_in_pipeline_split .............. False
0: [default0]:  accumulate_allreduce_grads_in_fp32 .............. False
0: [default0]:  activation_func_clamp_value ..................... None
0: [default0]:  adam_beta1 ...................................... 0.9
0: [default0]:  adam_beta2 ...................................... 0.95
0: [default0]:  adam_eps ........................................ 1e-08
0: [default0]:  add_bias_linear ................................. False
0: [default0]:  add_position_embedding .......................... True
0: [default0]:  add_qkv_bias ..........
0: .......................... False
0: [default0]:  adlr_autoresume ................................. False
0: [default0]:  adlr_autoresume_interval ........................ 1000
0: [default0]:  align_grad_reduce ............................... True
0: [default0]:  align_param_gather .............................. False
0: [default0]:  allow_ambiguous_pad_tokens ...................... False
0: [default0]:  app_tag_run_name ................................ None
0: [default0]:  app_tag_run_version ............................. 0.0.0
0: [default0]:  apply_query_key_layer_scaling ................... False
0: [default0]:  apply_residual_connection_post_layernorm ........ False
0: [default0]:  apply_rope_fusion ............................... True
0: [default0]:  apply_wd_to_qk_layernorm ........................ False
0: [default0]:  async_save ...................................... False
0: [default0]:  async_tensor_model_parallel_allreduce ........... True
0: [default0]:  attention_backend ............................... AttnBackend.auto
0: [default0]:  attent
0: ion_dropout ............................... 0.0
0: [default0]:  attention_output_gate ........................... False
0: [default0]:  attention_softmax_in_fp32 ....................... False
0: [default0]:  auto_detect_ckpt_format ......................... False
0: [default0]:  barrier_with_L1_time ............................ True
0: [default0]:  batch_invariant_mode ............................ False
0: [default0]:  bert_binary_head ................................ True
0: [default0]:  bert_embedder_type .............................. megatron
0: [default0]:  bert_load ....................................... None
0: [default0]:  bf16 ............................................ True
0: [default0]:  bias_dropout_fusion ............................. True
0: [default0]:  bias_gelu_fusion ................................ False
0: [default0]:  bias_swiglu_fusion .............................. True
0: [default0]:  biencoder_projection_dim ........................ 0
0: [default0]:  biencoder_shared_query_context_model ............ False
0: [default0]:  block_data_path ................................. None
0: [default0]:  cache_mla_latents ............................... False
0: [default0]:  calc_ft_timeouts ................................ False
0: [default0]:  calculate_per_token_loss ........................ False
0: [default0]:  check_for_large_grads ........................... False
0: [default0]:  check_for_nan_in_loss_and_grad .................. False
0: [default0]:  check_for_spiky_loss ............................ False
0: [default0]:  check_weight_hash_across_dp_replicas_interval ... None
0: [default0]:  ckpt_assume_constant_structure .................. False
0: [default0]:  ckpt_convert_format ............................. Non
0: e
0: [default0]:  ckpt_convert_save ............................... None
0: [default0]:  ckpt_convert_update_legacy_dist_opt_format ...... False
0: [default0]:  ckpt_format ..................................... torch_dist
0: [default0]:  ckpt_fully_parallel_load ........................ False
0: [default0]:  ckpt_fully_parallel_save ........................ True
0: [default0]:  ckpt_fully_parallel_save_deprecated ............. False
0: [default0]:  ckpt_step ....................................... None
0: [default0]:  classes_fraction ................................ 1.0
0: [default0]:  clip_grad ....................................... 1.0
0: [default0]:  clone_scatter_output_in_embedding ............... True
0: [default0]:  config_logger_dir ............................... 
0: [default0]:  consumed_train_samples .......................... 0
0: [default0]:  consumed_valid_samples .......................... 0
0: [default0]:  context_parallel_size ........................... 1
0: [default0]:  cp_comm_type .................................... ['p2p']
0: [default0]:  cpu_offloading_num_layers ....................... 0
0: [default0]:  create_all_gather_group ......................... False
0: [default0]:  create_attention_mask_in_dataloader ............. True
0: [default0]:  cross_entropy_fusion_impl ....................... native
0: [default0]:  cross_entropy_loss_fusion ....................... True
0: [default0]:  cuda_graph_impl ................................. none
0: [default0]:  cuda_graph_scope ................................ []
0: [default0]:  cuda_graph_warmup_steps ......................... 3
0: [default0]:  data_args_path .................................. None
0: [default0]:  data_cache_path ................................. /iopsstor/scratch/cscs/c
0: ourse_00179/gipfelsturm/cache
0: [default0]:  data_parallel_random_init ....................... False
0: [default0]:  data_parallel_sharding_strategy ................. no_shard
0: [default0]:  data_parallel_size .............................. 16
0: [default0]:  data_path ....................................... ['/capstor/store/cscs/swissai/infra01/datasets/nvidia/Nemotron-ClimbMix/climbmix_small_megatron/climbmix_small']
0: [default0]:  data_per_class_fraction ......................... 1.0
0: [default0]:  data_sharding ................................... True
0: [default0]:  dataloader_defer_npy_index_mmap ................. False
0: [default0]:  dataloader_fast_cache_load ...................... False
0: [default0]:  dataloader_type ................................. single
0: [default0]:  ddp_average_in_collective ....................... False
0: [default0]:  ddp_bucket_size ................................. None
0: [default0]:  ddp_num_buckets ................................. None
0: [default0]:  ddp_pad_buckets_for_high_nccl_busbw ............. 
0: False
0: [default0]:  ddp_reduce_scatter_with_fp32_accumulation ....... False
0: [default0]:  decode_only_cuda_graphs ......................... False
0: [default0]:  decoder_first_pipeline_num_layers ............... None
0: [default0]:  decoder_last_pipeline_num_layers ................ None
0: [default0]:  decoder_num_layers .............................. None
0: [default0]:  decoder_seq_length .............................. None
0: [default0]:  decoupled_lr .................................... None
0: [default0]:  decoupled_min_lr ................................ None
0: [default0]:  decrease_batch_size_if_needed ................... False
0: [default0]:  defer_embedding_wgrad_compute ................... False
0: [default0]:  delay_wgrad_compute ............................. False
0: [default0]:  deprecated_use_mcore_models ..................... True
0: [default0]:  deterministic_mode .............................. False
0: [default0]:  dino_bottleneck_size ............................ 256
0: [default0]:  dino_freeze_last_layer .........................
0: . 1
0: [default0]:  dino_head_hidden_size ........................... 2048
0: [default0]:  dino_local_crops_number ......................... 10
0: [default0]:  dino_local_img_size ............................. 96
0: [default0]:  dino_norm_last_layer ............................ False
0: [default0]:  dino_teacher_temp ............................... 0.07
0: [default0]:  dino_warmup_teacher_temp ........................ 0.04
0: [default0]:  dino_warmup_teacher_temp_epochs ................. 30
0: [default0]:  disable_bf16_reduced_precision_matmul ........... False
0: [default0]:  disable_chunked_prefill ......................... True
0: [default0]:  disable_jit_fuser ............................... False
0: [default0]:  disable_straggler_on_startup .................... False
0: [default0]:  disable_symmetric_registration .................. False
0: [default0]:  dist_ckpt_format_deprecated ..................... None
0: [default0]:  dist_ckpt_optim_fully_reshardable ............... False
0: [default0]:  dist_ckpt_save_pre_mcore_014 .................... False
0: [default0]:  dist_ckpt_strictness ............................ assume_ok_unexpected
0: [default0]:  distrib_optim_fully_reshardable_mem_efficient ... False
0: [default0]:  distribute_saved_activations .................... False
0: [default0]:  distributed_backend ............................. nccl
0: [default0]:  distributed_timeout_minutes ..................... 10
0: [default0]:  distributed_timeout_seconds_after_init .......... None
0: [default0]:  dsa_indexer_head_dim ............................ None
0: [default0]:  dsa_indexer_loss_coeff .......................... None
0: [default0]:  dsa_indexer_n_heads ............................. None
0: [default0]:  dsa_indexer_topk ................................ None
0: [default0]:  dsa_indexer_use_sparse_loss ..................... False
0: [default0]:  dump_param_to_param_group_map ................... None
0: [default0]:  embedding_init_method_std ....................... None
0: [default0]:  embedding_path .................................. None
0: [default0]:  empty_unused_memory_level ................
0: ....... 0
0: [default0]:  enable_cuda_graph ............................... False
0: [default0]:  enable_experimental ............................. False
0: [default0]:  enable_ft_package ............................... False
0: [default0]:  enable_full_sharding_in_hsdp .................... False
0: [default0]:  enable_gloo_process_groups ...................... True
0: [default0]:  enable_gpt_oss .................................. False
0: [default0]:  enable_msc ...................................... True
0: [default0]:  enable_one_logger ............................... True
0: [default0]:  encoder_num_layers .............................. 48
0: [default0]:  encoder_seq_length .............................. 4096
0: [default0]:  end_weight_decay ................................ 0.1
0: [default0]:  eod_mask_loss ................................... False
0: [default0]:  ep_overlap_early_attn_memory_release ............ False
0: [default0]:  error_injection_rate ............................ 0
0: [default0]:  error_injection_type ............................ transient_error
0: [default0]:  eval_interval ................................... 2293
0: [default0]:  eval_iters ......................................
0:  10
0: [default0]:  evidence_data_path .............................. None
0: [default0]:  exit_duration_in_mins ........................... None
0: [default0]:  exit_interval ................................... None
0: [default0]:  exit_on_missing_checkpoint ...................... False
0: [default0]:  exit_signal ..................................... 15
0: [default0]:  exit_signal_handler ............................. True
0: [default0]:  exit_signal_handler_for_dataloader .............. False
0: [default0]:  exp_avg_dtype ................................... torch.float32
0: [default0]:  exp_avg_sq_dtype ................................ torch.float32
0: [default0]:  experimental_attention_variant .................. None
0: [default0]:  expert_model_parallel_size ...................... 1
0: [default0]:  expert_tensor_parallel_size ..................... 2
0: [default0]:  export_force_local_attention .................... False
0: [default0]:  export_kd_cfg ................................... None
0: [default0]:  export_kd_teacher_ckpt_format ................... None
0: [default0]:  export_kd_teacher_load .......................... None
0: [default0]:  export_kd_teacher_model_config .................. None
0: [default0]:  export_kv_cache_quant ........................... none
0: [default0]:  export_legacy_megatron .......................... False
0: [default0]:  export_model_type ............................... GPTModel
0: [default0]:  export_moe_apply_probs_on_input ................. False
0: [default0]:  export_offline_model ............................ False
0: [default0]:  export_qk_l2_norm ............................... False
0: [default0]:  export_quant_cfg ................................ None
0: [default0]:  export_real_quant_cfg ........................... None
0: [default0]:  export_te_mcore_model ........................... False
0: [default0]:  external_cuda_graph ............................. False
0: [default0]:  fake_process_group .............................. False
0: [default0]:  ffn_hidden_size ................................. 4352
0: [default0]:  fim_data ........................................ False
0: [default0]:  fim_eod_token ................................... <|endoftext|>
0: [default0]:  fim_fragment_rate ............................... None
0: [default0]:  fim_middle_token ................................ <fim_middle>
0: [default0]:  fim_no_prefix ................................... None
0: [default0]:  fim_pad_token .....................
0: .............. <fim_pad>
0: [default0]:  fim_prefix_token ................................ <fim_prefix>
0: [default0]:  fim_rate ........................................ 0.5
0: [default0]:  fim_split_sample ................................ None
0: [default0]:  fim_spm_rate .................................... 0.5
0: [default0]:  fim_suffix_token ................................ <fim_suffix>
0: [default0]:  fine_grained_activation_offloading .............. False
0: [default0]:  finetune ........................................ False
0: [default0]:  finetune_data_split ............................. train
0: [default0]:  finetune_hf_dataset ............................. None
0: [default0]:  first_last_layers_bf16 .......................... False
0: [default0]:  flash_decode .................................... False
0: [default0]:  fp16 ............................................ False
0: [default0]:  fp16_lm_cross_entropy ........................... False
0: [default0]:  fp32_residual_connection ........................ False
0: [default0]:  fp4 ............................................. None
0: [default0]:  fp4_param ....................................... False
0: [default0]:  fp4_quantizer_factory ........................... None
0: [default0]:  fp4_recipe ...................................... nvfp4
0: [default0]:  fp8 ............................................. hybrid
0: [default0]:  fp8_amax_compute_algo ........................... max
0: [default0]:  fp8_amax_history_len ............................ 1024
0: [default0]:  fp8_interval .................................... 1
0: [default0]:  fp8_margin ...................................... 0
0: [default0]:  fp8_param_gather ................................ False
0: [default0]:  fp8_quantizer_factory ........................... None
0: [default0]:  fp8_recipe ...................................... delayed
0: [default0]:  fp8_wgrad ....................................... True
0: [default0]:  fsdp_double_buffer .............................. False
0: [default0]:  fsdp_manual_registration ........................ False
0: [default0]:  ft_num_warmup_iters ............................. 5
0: [default0]:  full_validation ................................. False
0: [default0]:  global_batch_size ............................... 256
0: [default0]:  glu_linear_offset ............................... 0.0
0: [default0]:  grad_reduce_in_bf16 ............................. False
0: [default0]:  gradient_accumulation_fusion .................... True
0: [default0]:  gradient_reduce_div_fusion ...................... True
0: [default0]:  group_query_attention ........................... True
0: [default0]:  grpo_clamp_eps_lower ............................ 0.01
0: [default0]:  grpo_clamp_eps_upper ............................ 0.01
0: [default0]:  grpo_entropy_term_weight ........................ 0.0
0: [default0]:  grpo_filter_groups_with_same_reward ............. False
0: [default0]:  grpo_group_size ................................. 2
0: [default0]:  grpo_iterations ................................. 2
0: [default0]:  grpo_kl_beta .................................... 0.001
0: [default0]:  grpo_prompts_per_step ........................... 32
0: [default0]:  head_lr_mult .................................... 1.0
0: [default0]:  
0: heterogeneous_layers_config_encoded_json ........ None
0: [default0]:  heterogeneous_layers_config_path ................ None
0: [default0]:  hidden_dropout .................................. 0.0
0: [default0]:  hidden_size ..................................... 1600
0: [default0]:  hierarchical_context_parallel_sizes ............. None
0: [default0]:  high_priority_stream_groups ..................... []
0: [default0]:  hybrid_attention_ratio .......................... 0.0
0: [default0]:  hybrid_context_parallel ......................... False
0: [default0]:  hybrid_mlp_ratio ................................ 0.0
0: [default0]:  hybrid_override_pattern ......................... None
0: [default0]:  hysteresis ...................................... 2
0: [default0]:  ict_head_size ................................... None
0: [default0]:  ict_load ........................................ None
0: [default0]:  img_h ........................................... 224
0: [default0]:  img_w ........................................... 224
0: [default0]:  indexer_batch_size .............................. 128
0: [default0]:  indexer_log_interval ............................ 1000
0: [default0]:  inference_batch_times_seqlen_threshold .......... -1
0: [default0]:  inference_coordinator_port ...................... 12346
0: [default0]:  inference_dynamic_batching ...................... False
0: [default0]:  inference_dynamic_batching_block_size ........... 256
0: [default0]:  inference_dynamic_batching_buffer_size_gb ....... 40.0
0: [default0]:  inference_dynamic_batching_cuda_graph_max_tokens  16384
0: [default0]:  inference_dynamic_batching_cuda_graph_mixed_prefill_count  16
0: [default0]:  inference_dynamic_batching_max_requests ......... None
0: [default0]:  inference_dynamic_batching_max_tokens ........... None
0: [default0]:  inference_dynamic_batching_num_cuda_graphs ...... 16
0: [default0]:  inference_dynamic_batching_paused_buffer_size_gb  None
0: [default0]:  inference_dynamic_batching_track_paused_request_events  False
0: [default0]:  inference_dynamic_batching_unified_memory_level . 0
0: [default0]:  inference_fuse_tp_communication ................. False
0: [default0]:  inference_logging_step_interval ................. 0
0: [default0]:  inference_max_batch_size ........................ 8
0: [default0]:  inference_max_seq_length ........................ 2560
0: [default0]:  inference_rng_tracker ........................... False
0: [default0]:  inference_wandb_logging ......................... False
0: [default0]:  init_method_std ................................. 0.02
0: [default0]:  init_method_xavier_uniform ...................... False
0: [default0]:  init_model_with_meta_device ..................... False
0: [default0]:  initial_loss_scale .............................. 4294967296
0: [default0]:  inprocess_active_world_size ..................... 32
0: [default0]:  inprocess_barrier_timeout ....................... 120
0: [default0]:  inprocess_completion_timeout .................... 120
0: [default0]:  inprocess_empty_cuda_cache ...................... False
0: [default0]:  inprocess_granularity ........................... node
0: [default0]:  inprocess_hard_timeout .......................... 90
0: [default0]:  inprocess_heartbeat_interval .................... 30
0: [default0]:  inprocess_heartbeat_timeout ..................... 60
0: [default0]:  inprocess_last_call_wait ........................ 1
0: [default0]:  inprocess_max_iterations ........................ None
0: [default0]:  inprocess_monitor_process_interval .............. 1.0
0: [default0]:  inprocess_monitor_thread_interval ............... 1.0
0: [default0]:  inprocess_progress_watchdog_interval ............ 1.0
0: [default0]:  inprocess_restart ............................... False
0: [default0]:  inprocess_soft_timeout .......................... 60
0: [default0]:  inprocess_termination_grace_time ................ 1
0: [default0]:  is_hybrid_model ................................. False
0: [default0]:  iter_per_epoch .................................. 1250
0: [default0]:  iterations_to_skip .............................. []
0: [default0]:  keep_fp8_transpose_cache ........................ False
0: [default0]:  kitchen_attention_backend ....................... sdpa
0: [default0]:  kv_ch
0: annels ..................................... 80
0: [default0]:  kv_lora_rank .................................... 32
0: [default0]:  langrl_env_config ............................... None
0: [default0]:  langrl_external_server .......................... False
0: [default0]:  langrl_inference_server_conversation_template ... None
0: [default0]:  langrl_inference_server_type .................... inplace_megatron
0: [default0]:  layernorm_epsilon ............................... 1e-05
0: [default0]:  layernorm_zero_centered_gamma ................... False
0: [default0]:  lazy_mpu_init ................................... None
0: [default0]:  legacy_tokenizer ................................ False
0: [default0]:  linear_attention_freq ........................... None
0: [default0]:  linear_conv_kernel_dim .......................... 4
0: [default0]:  linear_key_head_dim ............................. 128
0: [default0]:  linear_num_key_heads ............................ 16
0: [default0]:  linear_num_value_heads .......................... 32
0: [default0]:  linear_value_head_dim ........................... 128
0: [default0]:  load ............................................ None
0: [default0]:  load_main_params_from_ckpt ...................... False
0: [default0]:  local_rank ...................................... 0
0: [default0]:  log_device_memory_used .......................... False
0: [default0]:  log_energy ...................................... False
0: [default0]:  log_interval .................................... 1
0: [default0]:  log_loss_scale_to_tensorboard ................... True
0: [default0]:  log_max_attention_logit ......................... False
0: [default0]:  log_memory_interval ............................. None
0: [default0]:  log_memory_to_tensorboard ....................... True
0: [default0]:  log_num_zeros_in_grad ........................... False
0: [default0]:  log_params_norm ................................. False
0: [default0]:  log_progress .................................... True
0: [default0]:  log_straggler ................................... False
0: [default0]:  log_throughput .................................. True
0: [default0]:  log_timers_to_tensorboard ....................... True
0: [de
0: fault0]:  log_validation_ppl_to_tensorboard ............... False
0: [default0]:  log_world_size_to_tensorboard ................... False
0: [default0]:  logging_level ................................... None
0: [default0]:  loss_scale ...................................... None
0: [default0]:  loss_scale_window ............................... 1000
0: [default0]:  lr .............................................. 0.0002
0: [default0]:  lr_decay_iters .................................. 2293
0: [default0]:  lr_decay_samples ................................ None
0: [default0]:  lr_decay_style .................................. cosine
0: [default0]:  lr_warmup_fraction .............................. None
0: [default0]:  lr_warmup_init .................................. 0.0
0: [default0]:  lr_warmup_iters ................................. 114
0: [default0]:  lr_warmup_samples ............................... 0
0: [default0]:  lr_wsd_decay_iters .............................. None
0: [default0]:  lr_wsd_decay_samples ............................ None
0: [default0]:  lr_wsd_decay_style .............................. exponential
0: [default0]:  main_grads_dtype ................................ torch.bfloat16
0: [default0]:  main_params_dtype ............................... torch.float32
0: [default0]:  make_vocab_size_divisible_by .................... 128
0: [default0]:  mamba_head_dim .................................. 64
0: [default0]:  mamba_num_groups ................................ 8
0: [default0]:  mamba_num_heads ................................. None
0: [default0]:  mamba_state_dim ................................. 128
0: [default0]:  manual_gc ....................................... True
0: [default0]:  manual_gc_eval .................................. True
0: [default0]:  manual_gc_interval .............................. 50
0: [default0]:  mask_factor ..................................... 1.0
0: [default0]:  mask_prob ....................................... 0.15
0: [default0]:  mask_type ....................................... random
0: [default0]:  masked_softmax_fusion ........................... True
0: [default0]:  max_position_embeddings ......................... 4096
0: [default0]:  max_seqlen_per_dp_cp_rank ....................... None
0: [default0]:  max_tokens_to_oom ............................... 12000
0: [default0]:  memory_snapshot_path ............................ snapshot.pickle
0: [default0]:  merge_file ...................................... /iopsstor/scratch/cscs/course_00179/lsaie-ss26-gipfelsturm/data/gpt2-merges.txt
0: [default0]:  micro_batch_size ................................ 4
0: [default0]:  microbatch_group_size_per_vp_stage .............. None
0: [default0]:  mid_level_dataset_surplus ....................... 0.005
0: [default0]:  min_loss_scale .................................. 1.0
0: [default0]:  min_lr .......................................... 2e-05
0: [default0]:  min_offloaded_tensor_size ....................... 1048576
0: [default0]:  mlp_chunks_for_prefill .......................... 1
0: [default0]:  mmap_bin_files .................................. True
0: [default0]:  mock_data ....................................... False
0: [default0]:  modelopt_enabled ........................
0: ........ False
0: [default0]:  moe_apply_probs_on_input ........................ False
0: [default0]:  moe_aux_loss_coeff .............................. 0.0
0: [default0]:  moe_deepep_num_sms .............................. 20
0: [default0]:  moe_enable_deepep ............................... False
0: [default0]:  moe_enable_routing_replay ....................... False
0: [default0]:  moe_expert_capacity_factor ...................... None
0: [default0]:  moe_extended_tp ................................. False
0: [default0]:  moe_ffn_hidden_size ............................. None
0: [default0]:  moe_flex_dispatcher_backend ..................... deepep
0: [default0]:  moe_grouped_gemm ................................ False
0: [default0]:  moe_hybridep_num_sms ............................ 16
0: [default0]:  moe_input_jitter_eps ............................ None
0: [default0]:  moe_latent_size ................................. None
0: [default0]:  moe_layer_freq .................................. 1
0: [default0]:  moe_layer_recompute ............................. False
0: [default0]:  moe_pad_expert_input_to_capacity ................ False
0: [default0]:  moe_pad_experts_for_cuda_graph_inference ........ False
0: [default0]:  moe_per_layer_logging ........................... False
0: [default0]:  moe_permute_fusion .............................. False
0: [default0]:  moe_router_bias_update_rate ..................... 0.001
0: [default0]:  moe_router_dtype ................................ None
0: [default0]:  moe_router_enable_expert_bias ................... False
0: [default0]:  moe_router_force_load_balancing ................. False
0: [default0]:  moe_router_fusion ............................... False
0: [default0]:  moe_router_group_topk ........................... None
0: [default0]:  moe_router_load_balancing_type .................. aux_loss
0: [default0]:  moe_router_num_groups ...........................
0:  None
0: [default0]:  moe_router_padding_for_fp8 ...................... False
0: [default0]:  moe_router_padding_for_quantization ............. False
0: [default0]:  moe_router_pre_softmax .......................... False
0: [default0]:  moe_router_score_function ....................... softmax
0: [default0]:  moe_router_topk ................................. 2
0: [default0]:  moe_router_topk_scaling_factor .................. None
0: [default0]:  moe_shared_expert_gate .......................... False
0: [default0]:  moe_shared_expert_intermediate_size ............. None
0: [default0]:  moe_shared_expert_overlap ....................... False
0: [default0]:  moe_token_dispatcher_type ....................... allgather
0: [default0]:  moe_token_drop_policy ........................... probs
0: [default0]:  moe_upcycling_granularity ....................... 1
0: [default0]:  moe_use_legacy_grouped_gemm ..................... False
0: [default0]:  moe_use_upcycling ............................... False
0: [default0]:  moe_z_loss_coeff ................................ None
0: [default0]:  mrope_section ................................... None
0: [default0]:  mscale .......................................... 1.0
0: [default0]:  mscale_all_dim .................................. 0.0
0: [default0]:  mtp_loss_scaling_factor ......................... 0.1
0: [default0]:  mtp_num_layers .................................. None
0: [default0]:  mtp_standalone .................................. False
0: [default0]:  multi_latent_attention .......................... False
0: [default0]:  multiple_validation_sets ........................ False
0: [default0]:  muon_extra_scale_factor ......................... 1.0
0: [default0]:  muon_fp32_matmul_prec ........................... medium
0: [default0]:  muon_momentum ................................... 0.9
0: [default0]:  muon_num_ns_steps ............................... 5
0: [default0]:  muon_scale_mode ................................. spectral
0: [default0]:  muon_split_qkv .................................. True
0: [default0]:  muon_tp_mode .................................... blockwise
0: [default0]:  muon_use_nesterov ............................... False
0: [default0]:  nccl_all_reduce_for_prefill ..................... False
0: [default0]:  nccl_communicator_config_path ................... None
0: [default0]:  nccl_ub ......................................... False
0: [default0]:  no_load_optim ................................... None
0: [default0]:  no_load_rng ..................................... None
0: [default0]:  no_persist_layer_norm ........................... False
0: [default0]:  no_rope_freq .................................... None
0: [default0]:  no_save_optim ................................... None
0: [default0]:  no_save_rng ..................................... None
0: [default0]:  no_weight_decay_cond_type ....................... None
0: [default0]:  non_persistent_ckpt_type ........................ None
0: [default0]:  non_persistent_global_ckpt_dir .................. None
0: [default0]:  non_persistent_local_ckpt_algo .................. fully_parallel
0: [default0]:  non_persistent_local_ckpt_dir ...............
0: .... None
0: [default0]:  non_persistent_save_interval .................... None
0: [default0]:  normalization ................................... RMSNorm
0: [default0]:  num_attention_heads ............................. 20
0: [default0]:  num_channels .................................... 3
0: [default0]:  num_classes ..................................... 1000
0: [default0]:  num_dataset_builder_threads ..................... 1
0: [default0]:  num_distributed_optimizer_instances ............. 1
0: [default0]:  num_experts ..................................... None
0: [default0]:  num_layers ...................................... 48
0: [default0]:  num_layers_at_end_in_bf16 ....................... 1
0: [default0]:  num_layers_at_start_in_bf16 ..................... 1
0: [default0]:  num_layers_per_virtual_pipeline_stage ........... None
0: [default0]:  num_query_groups ................................ 4
0: [default0]:  num_virtual_stages_per_pipeline_rank ............ None
0: [default0]:  num_workers ..................................... 16
0: [default0]:  object_storage_cache_path ....................... None
0: [default0]:  offload_modules ................................. []
0: [default0]:  one_logger_async ................................ False
0: [default0]:  one_logger_project .............................. megatron-lm
0: [default0]:  one_logger_run_name ............................. None
0: [default0]:  onnx_safe ....................................... None
0: [default0]:  openai_gelu ..................................... False
0: [default0]:  optimizer ....................................... adam
0: [default0]:  optimizer_cpu_offload ........................... False
0: [default0]:  optimizer_offload_fraction ...................... 1.0
0: [default0]:  outer_dp_sharding_strategy ...................... no_shard
0: [default0]:  output_bert_embeddings .......................... False
0: [default0]:  overlap_cpu_optimizer_d2h_h2d ................... False
0: [default0]:  overlap_grad_reduce ............................. True
0: [default0]:  overlap_moe_expert_parallel_comm ................ False
0: [default0]:  overlap_p2p_comm ................................ False
0: [default0]:  overlap_p2p_comm_warmup_flush ................... False
0: [default0]:  overlap_param_gather ............................ True
0: [default0]:  overlap_param_gather_with_optimizer_step ........ False
0: [default0]:  override_opt_param_scheduler .................... False
0: [default0]:/iopsstor/scratch/cscs/course_00179/lsaie-ss26-gipfelsturm/Megatron-LM/megatron/training/utils.py:411: UserWarning: Overriding default arguments for tokenizer_type:GPT2BPETokenizer with tokenizer_type:GPT2BPETokenizer
0: [default0]:  padded_vocab_size ............................... None
0: [default0]:  warnings.warn(message)
0: [default0]:  params_dtype .................................... torch.bfloat16
0: [default0]:  patch_dim ....................................... 16
0: [default0]:  per_dataset_sequences_path ...................... None
0: [default0]:  per_split_data_args_path ........................ None
0: [default0]:  perform_initialization .......................... True
0: [default0]:  perform_rl_step ................................. False
0: [default0]:  phase_transition_iterations ..................... None
0: [default0]:  pin_cpu_grads ................................... True
0: [default0]:  pin_cpu_params .................................. True
0: [default0]:  pipeline_model_parallel_comm_backend ............ None
0: [default0]:  pipeline_model_parallel_layout .................. None
0: [default0]:  pipeline_model_parallel_size .................... 1
0: [default0]:  position_embedding_type ......................... rope
0: [default0]:  pretrained_checkpoint ........................... None
0: [default0]:  profile ......................................... Fal
0: se
0: [default0]:  profile_ranks ................................... [0]
0: [default0]:  profile_step_end ................................ 12
0: [default0]:  profile_step_start .............................. 10
0: [default0]:  q_lora_rank ..................................... None
0: [default0]:  qk_clip ......................................... False
0: [default0]:  qk_clip_alpha ................................... 0.5
0: [default0]:  qk_clip_threshold ............................... 100
0: [default0]:  qk_head_dim ..................................... 128
0: [default0]:  qk_l2_norm ...................................... False
0: [default0]:  qk_layernorm .................................... False
0: [default0]:  qk_pos_emb_head_dim ............................. 64
0: [default0]:  query_in_block_prob ............................. 0.1
0: [default0]:  quick_geglu ..................................... False
0: [default0]:  rampup_batch_size ............................... None
0: [default0]:  rank ............................................ 0
0: [default0]:
0:   recompute_granularity ........................... selective
0: [default0]:  recompute_method ................................ None
0: [default0]:  recompute_modules ............................... None
0: [default0]:  recompute_num_layers ............................ None
0: [default0]:  record_memory_history ........................... False
0: [default0]:  refit_method .................................... gloo
0: [default0]:  relative_attention_max_distance ................. 128
0: [default0]:  relative_attention_num_buckets .................. 32
0: [default0]:  replication ..................................... False
0: [default0]:  replication_factor .............................. 2
0: [default0]:  replication_jump ................................ None
0: [default0]:  rerun_mode ...................................... validate_results
0: [default0]:  reset_attention_mask ............................ False
0: [default0]:  reset_position_ids .............................. False
0: [default0]:  result_rejected_tracker_filename ................ None
0: [default0]:  retriever_report_topk_accuracies ................ []
0: [default0]:  retriever_score_scaling ......................... False
0: [default0]:  reuse_grad_buf_for_mxfp8_param_ag ............... False
0: [default0]:  rl_default_temperature .......................... 1.0
0: [default0]:  rl_default_top_k ................................ -1
0: [default0]:  rl_default_top_p ................................ 0
0: [default0]:  rl_importance_sampling_truncation_coef .......... None
0: [default0]:  rl_inference_expert_model_parallel_size ......... None
0: [default0]:  rl_inference_expert_tensor_model_parallel_size .. None
0: [default0]:  rl_inference_logprobs_is_correction ............. False
0: [default0]:  rl_inference_model_unified_memory_level ......... 0
0: [default0]:  rl_inference_pipeline_model_parallel_size ....... None
0: [default0]:  rl_inference_tensor_model_parallel_size ......... None
0: [default0]:  rl_offload_inference_model_weights_when_idle .... False
0: [default0]:  rl_offload_kv_cache_during_training ............. False
0: [default0]:  rl_offload_optimizer_during_inference ........... False
0: [defaul
0: t0]:  rl_parallel_generation_tasks .................... 512
0: [default0]:  rl_partial_rollouts ............................. False
0: [default0]:  rl_prompts_per_eval ............................. 32
0: [default0]:  rl_remove_kv_cache_during_training .............. False
0: [default0]:  rl_reset_cuda_graphs ............................ False
0: [default0]:  rl_sequence_packing_algo ........................ fifo
0: [default0]:  rl_sequence_packing_max_sequences_per_bin ....... 50
0: [default0]:  rl_skip_bos_token ............................... False
0: [default0]:  rl_training_cuda_graphs ......................... False
0: [default0]:  rl_use_sequence_packing ......................... False
0: [default0]:  rl_verify_model_weights_swap .................... False
0: [default0]:  rope_scaling_factor ............................. 8.0
0: [default0]:  rope_type ....................................... None
0: [default0]:  rotary_base ..................................... 10000
0: [default0]:  rotary_interleaved .............................. False
0: [default0]:  rotary_percent .................................. 1.0
0: [default0]:  rotary_scaling_factor ........................... 1.0
0: [default0]:  rotary_seq_len_interpolation_factor ............. None
0: [default0]:  run_workload_inspector_server ................... False
0: [default0]:  sample_rate ..................................... 1.0
0: [default0]:  save ............................................ /iopsstor/scratch/cscs/course_00179/gipfelsturm/gipfelsturm/train-1.5b-8n/checkpoints
0: [default0]:  save_dgrads_interval ............................ None
0: [default0]:  save_interval ................................... 500
0: [default0]:  save_retain_interval ............................ None
0: [default0]:  save_wgrads_interval ............................ None
0: [default0]:  scatter_gather_tensors_in_pipeline .............. True
0: [default0]:  seed ............................................ 42
0: [default0]:  seq_length ...................................... 4096
0: [default0]:  sequence_parallel ............................... False
0: [default0]:  sft ............................................. False
0: [default0]:  sft_tokenizer_prompt_format ..................... nemotron-h-aligned
0: [default0]:  sgd_momentum .................................... 0.9
0: [default0]:  sharp_enabled_group ............................. None
0: [default0]:  short_seq_prob .................................. 0.1
0: [default0]:  skip_train ...................................... False
0: [default0]:  skipped_train_samples ........................... 0
0: [default0]:  softmax_type .................................... vanilla
0: [default0]:  spec .........................................
0: ... None
0: [default0]:  split ........................................... 99,1,0
0: [default0]:  squared_relu .................................... False
0: [default0]:  start_weight_decay .............................. 0.1
0: [default0]:  straggler_ctrlr_port ............................ 65535
0: [default0]:  straggler_minmax_count .......................... 1
0: [default0]:  strict_fsdp_dtensor_load ........................ True
0: [default0]:  suggested_communication_unit_size ............... None
0: [default0]:  swiglu .......................................... True
0: [default0]:  swin_backbone_type .............................. tiny
0: [default0]:  symmetric_ar_type ............................... None
0: [default0]:  te_precision_config_file ........................ None
0: [default0]:  te_rng_tracker .................................. False
0: [default0]:  tensor_model_parallel_size ...................... 2
0: [default0]:  tensorboard_dir ................................. /iopsstor/scratch/cscs/course_00179/gipfelsturm/gipfelsturm/train-1.5b-8n/tensorboard
0: [default0]:  tensorboard_log_interval ........................ 1
0: [default0]:  tensorboard_queue_size .......................... 1000
0: [default0]:  test_data_path .................................. None
0: [default0]:  test_mode ....................................... False
0: [default0]:  tiktoken_num_special_tokens ..................... 1000
0: [default0]:  tiktoken_pattern ................................ None
0: [default0]:  tiktoken_special_tokens ......................... 
0: None
0: [default0]:  timing_log_level ................................ 0
0: [default0]:  timing_log_option ............................... minmax
0: [default0]:  titles_data_path ................................ None
0: [default0]:  tokenizer_hf_include_special_tokens ............. False
0: [default0]:  tokenizer_hf_use_fast ........................... False
0: [default0]:  tokenizer_metadata .............................. None
0: [default0]:  tokenizer_model ................................. None
0: [default0]:  tokenizer_sentencepiece_legacy .................. False
0: [default0]:  tokenizer_special_tokens ........................ None
0: [default0]:  tokenizer_type .................................. GPT2BPETokenizer
0: [default0]:  torch_fsdp2_reshard_after_forward ............... True
0: [default0]:  tp_comm_bootstrap_backend ....................... nccl
0: [default0]:  tp_comm_bulk_dgrad .............................. True
0: [default0]:  tp_comm_bulk_wgrad .............................. True
0: [default0]:  tp_comm_overlap ................................. False
0: [default0]:  tp_comm_overlap_ag .............................. True
0: [default0]:  tp_comm_overlap_cfg ............................. None
0: [default0]:  tp_comm_overlap_rs .............................. True
0: [default0]:  tp_comm_overlap_rs_dgrad ........................ False
0: [default0]:  tp_comm_split_ag ................................ True
0: [default0]:  tp_comm_split_rs ................................ True
0: [default0]:  train_data_path ................................. None
0: [default0]:  train_iters ..................................... 2293
0: [default0]:  train_samples ................................... None
0: [default0]:  train_sync_interval ............................. None
0: [default0]:  transformer_impl ................................ transformer_engine
0: [default0]:  transformer_pipeline_model_parallel_size ........ 1
0: [default0]:  trust_remote_code ............................... False
0: [default0]:  untie_embeddings_and_output_weights ............. True
0: [default0]:  use_checkpoint_args ............................. False
0: [default0]:  use_checkpoint_opt_param_scheduler .............. False
0: [default0]:  use_cpu_initialization .......................... None
0: [default0]:  use_dist_ckpt ................................... True
0: [default0]:  use_dist_ckpt_deprecated ........................ False
0: [default0]:  use_distributed_optimizer ....................... True
0: [default0]:  use_flash_attn .................................. False
0: [default0]:  use_fused_weighted_squared_relu ................. False
0: [default0]:  use_kitchen_attention ........................... False
0: [default0]:  use_legacy_models ............................... False
0: [default0]:  use_legacy_static_engine ........................ False
0: [default0]:  use_mamba_mem_eff_path .......................... True
0: [default0]:  use_megatron_fsdp ............................... False
0: [default0]:  use_mp_args_from_checkpoint_args ................ False
0: [default0]:  use_one_sent_docs ............................... False
0: [default0]:  use_persistent_ckpt_worker ...................... False
0: [default0]:  use_precision_aware_optimizer ................... True
0: [default0]:  use_pytorch_profiler ............................ False
0: [default0]:  use_ring_exchange_p2p ........................... False
0: [default0]:  use_rope_scaling ................................ False
0: [default0]:  use_rotary_position_embeddings .................. False
0: [default0]:  use_sharp ....................................... False
0: [default0]:  use_te_activation_func .......................... False
0: [default0]:  use_tokenizer_model_from_checkpoint_args ........ True
0: [default0]:  use_torch_fsdp2 ................................. False
0: [default0]:  use_torch_optimizer_for_cpu_offload ............. False
0: [default0]:  use_tp_pp_dp_mapping ............................ False
0: [default0]:  v_head_dim ...................................... 128
0: [default0]:  valid_data_path ................................. None
0: [default0]:  variable_seq_lengths ............................ False
0: [default0]:  virtual_pipeline_model_parallel_size ............ None
0: [default0]:  vision_backbone_type ............................ vit
0: [default0]:  vision_pretraining .............................. False
0: [default0]:  vision_pretraining_type ......................... classify
0: [default0]:  vocab_extra_ids ................................. 0
0: [default0]:  vocab_file ...................................... /iopsstor/scratch/cscs/course_00179/lsaie-ss26-gipfelsturm/data/gpt2-vocab.json
0: [default0]:  vocab_size ...................................... None
0: [default0]:  wandb_entity .................................... None
0: [default0]:  wandb_exp_name .................................. None
0: [default0]:  wandb_project ................................... None
0: [default0]:  wandb_save_dir .................................. None
0: [default0]:  weight_decay .................................... 0.1
0: [default0]:  weight_decay_incr_style ......................... constant
0: [default0]:  wgrad_deferral_limit ............................ 0
0: [default0]:  window_attn_skip_freq ........................... None
0: [default0]:  window_size ..................................... None
0: [default0]:  world_size ...................................... 32
0: [default0]:  yaml_cfg ........................................ None
0: [default0]:-------------------- end of arguments ---------------------
0: [default0]:INFO:megatron.core.num_microbatches_calculator:setting number of microbatches to constant 4
0: [default0]:> building GPT2BPETokenizer tokenizer ...
0: [default0]:WARNING:megatron.core.datasets.megatron_tokenizer:You're using the legacy tokenizer system, which is deprecated and will be removed in a future release. Please migrate to the new tokenizer system (`megatron.core.tokenizers.MegatronTokenizer`).
0: [default0]: > padded vocab (size: 50257) with 175 dummy tokens (new size: 50432)
0: [default0]:WARNING:megatron.core.rerun_state_machine:RerunStateMachine initialized in mode RerunMode.VALIDATE_RESULTS
0: [default0]:> initializing torch distributed ...
0: [default3]:[W524 06:04:45.709028442 ProcessGroupNCCL.cpp:941] Warning: TORCH_NCCL_AVOID_RECORD_STREAMS is the default now, this environment variable is thus deprecated. (function operator())
0: [default2]:[W524 06:04:45.709802243 ProcessGroupNCCL.cpp:941] Warning: TORCH_NCCL_AVOID_RECORD_STREAMS is the default now, this environment variable is thus deprecated. (function operator())
0: [default0]:[W524 06:04:45.702675710 ProcessGroupNCCL.cpp:941] Warning: TORCH_NCCL_AVOID_RECORD_STREAMS is the default now, this environment variable is thus deprecated. (function operator())
0: [default1]:[W524 06:04:45.713219162 ProcessGroupNCCL.cpp:941] Warning: TORCH_NCCL_AVOID_RECORD_STREAMS is the default now, this environment variable is thus deprecated. (function operator())
3: [default1]:[Gloo] Rank 6 is connected to 15 peer ranks. Expected number of connected peer ranks is : 15
3: [default3]:[Gloo] Rank 7 is connected to 15 peer ranks. Expected number of connected peer ranks is : 15
5: [default1]:[Gloo] Rank 10 is connected to 15 peer ranks. Expected number of connected peer ranks is : 15
0: [default1]:[Gloo] Rank 0 is connected to 15 peer ranks. Expected number of connected peer ranks is : 15
0: [default3]:[Gloo] Rank 1 is connected to 15 peer ranks. Expected number of connected peer ranks is : 15
7: [default1]:[Gloo] Rank 14 is connected to 15 peer ranks. Expected number of connected peer ranks is : 15
6: [default1]:[Gloo] Rank 12 is connected to 15 peer ranks. Expected number of connected peer ranks is : 15
6: [default3]:[Gloo] Rank 13 is connected to 15 peer ranks. Expected number of connected peer ranks is : 15
7: [default3]:[Gloo] Rank 15 is connected to 15 peer ranks. Expected number of connected peer ranks is : 15
5: [default3]:[Gloo] Rank 11 is connected to 15 peer ranks. Expected number of connected peer ranks is : 15
2: [default3]:[Gloo] Rank 5 is connected to 15 peer ranks. Expected number of connected peer ranks is : 15
2: [default0]:[W524 06:04:46.297907738 ProcessGroupNCCL.cpp:941] Warning: TORCH_NCCL_AVOID_RECORD_STREAMS is the default now, this environment variable is thus deprecated. (function operator())
2: [default1]:[W524 06:04:46.299794845 ProcessGroupNCCL.cpp:941] Warning: TORCH_NCCL_AVOID_RECORD_STREAMS is the default now, this environment variable is thus deprecated. (function operator())
2: [default1]:[Gloo] Rank 4 is connected to 15 peer ranks. Expected number of connected peer ranks is : 15
4: [default1]:[Gloo] Rank 8 is connected to 15 peer ranks. Expected number of connected peer ranks is : 15
4: [default3]:[Gloo] Rank 9 is connected to 15 peer ranks. Expected number of connected peer ranks is : 15
1: [default1]:[Gloo] Rank 2 is connected to 15 peer ranks. Expected number of connected peer ranks is : 15
1: [default3]:[Gloo] Rank 3 is connected to 15 peer ranks. Expected number of connected peer ranks is : 15
3: [default0]:[Gloo] Rank 6 is connected to 15 peer ranks. Expected number of connected peer ranks is : 15
3: [default2]:[Gloo] Rank 7 is connected to 15 peer ranks. Expected number of connected peer ranks is : 15
5: [default0]:[Gloo] Rank 10 is connected to 15 peer ranks. Expected number of connected peer ranks is : 15
5: [default2]:[Gloo] Rank 11 is connected to 15 peer ranks. Expected number of connected peer ranks is : 15
7: [default0]:[Gloo] Rank 14 is connected to 15 peer ranks. Expected number of connected peer ranks is : 15
7: [default2]:[Gloo] Rank 15 is connected to 15 peer ranks. Expected number of connected peer ranks is : 15
5: [default0]:[W524 06:04:49.268091449 ProcessGroupNCCL.cpp:941] Warning: TORCH_NCCL_AVOID_RECORD_STREAMS is the default now, this environment variable is thus deprecated. (function operator())
6: [default2]:[Gloo] Rank 13 is connected to 15 peer ranks. Expected number of connected peer ranks is : 15
0: [default0]:[Gloo] Rank 0 is connected to 15 peer ranks. Expected number of connected peer ranks is : 15
2: [default2]:[Gloo] Rank 5 is connected to 15 peer ranks. Expected number of connected peer ranks is : 15
2: [default0]:[Gloo] Rank 4 is connected to 15 peer ranks. Expected number of connected peer ranks is : 15
6: [default0]:[Gloo] Rank 12 is connected to 15 peer ranks. Expected number of connected peer ranks is : 15
0: [default2]:[Gloo] Rank 1 is connected to 15 peer ranks. Expected number of connected peer ranks is : 15
4: [default2]:[Gloo] Rank 9 is connected to 15 peer ranks. Expected number of connected peer ranks is : 15
4: [default0]:[Gloo] Rank 8 is connected to 15 peer ranks. Expected number of connected peer ranks is : 15
1: [default2]:[Gloo] Rank 3 is connected to 15 peer ranks. Expected number of connected peer ranks is : 15
1: [default0]:[Gloo] Rank 2 is connected to 15 peer ranks. Expected number of connected peer ranks is : 15
3: [default1]:[Gloo] Rank 6 is connected to 15 peer ranks. Expected number of connected peer ranks is : 15
3: [default3]:[Gloo] Rank 7 is connected to 15 peer ranks. Expected number of connected peer ranks is : 15
5: [default1]:[Gloo] Rank 10 is connected to 15 peer ranks. Expected number of connected peer ranks is : 15
0: [default1]:[Gloo] Rank 0 is connected to 15 peer ranks. Expected number of connected peer ranks is : 15
0: [default3]:[Gloo] Rank 1 is connected to 15 peer ranks. Expected number of connected peer ranks is : 15
7: [default1]:[Gloo] Rank 14 is connected to 15 peer ranks. Expected number of connected peer ranks is : 15
7: [default3]:[Gloo] Rank 15 is connected to 15 peer ranks. Expected number of connected peer ranks is : 15
6: [default1]:[Gloo] Rank 12 is connected to 15 peer ranks. Expected number of connected peer ranks is : 15
6: [default3]:[Gloo] Rank 13 is connected to 15 peer ranks. Expected number of connected peer ranks is : 15
5: [default3]:[Gloo] Rank 11 is connected to 15 peer ranks. Expected number of connected peer ranks is : 15
2: [default3]:[Gloo] Rank 5 is connected to 15 peer ranks. Expected number of connected peer ranks is : 15
2: [default1]:[Gloo] Rank 4 is connected to 15 peer ranks. Expected number of connected peer ranks is : 15
4: [default1]:[Gloo] Rank 8 is connected to 15 peer ranks. Expected number of connected peer ranks is : 15
4: [default3]:[Gloo] Rank 9 is connected to 15 peer ranks. Expected number of connected peer ranks is : 15
1: [default1]:[Gloo] Rank 2 is connected to 15 peer ranks. Expected number of connected peer ranks is : 15
1: [default3]:[Gloo] Rank 3 is connected to 15 peer ranks. Expected number of connected peer ranks is : 15
3: [default0]:[Gloo] Rank 6 is connected to 15 peer ranks. Expected number of connected peer ranks is : 15
3: [default2]:[Gloo] Rank 7 is connected to 15 peer ranks. Expected number of connected peer ranks is : 15
5: [default0]:[Gloo] Rank 10 is connected to 15 peer ranks. Expected number of connected peer ranks is : 15
5: [default2]:[Gloo] Rank 11 is connected to 15 peer ranks. Expected number of connected peer ranks is : 15
7: [default0]:[Gloo] Rank 14 is connected to 15 peer ranks. Expected number of connected peer ranks is : 15
7: [default2]:[Gloo] Rank 15 is connected to 15 peer ranks. Expected number of connected peer ranks is : 15
6: [default2]:[Gloo] Rank 13 is connected to 15 peer ranks. Expected number of connected peer ranks is : 15
0: [default0]:[Gloo] Rank 0 is connected to 15 peer ranks. Expected number of connected peer ranks is : 15
2: [default0]:[Gloo] Rank 4 is connected to 15 peer ranks. Expected number of connected peer ranks is : 15
2: [default2]:[Gloo] Rank 5 is connected to 15 peer ranks. Expected number of connected peer ranks is : 15
0: [default2]:[Gloo] Rank 1 is connected to 15 peer ranks. Expected number of connected peer ranks is : 15
6: [default0]:[Gloo] Rank 12 is connected to 15 peer ranks. Expected number of connected peer ranks is : 15
4: [default2]:[Gloo] Rank 9 is connected to 15 peer ranks. Expected number of connected peer ranks is : 15
4: [default0]:[Gloo] Rank 8 is connected to 15 peer ranks. Expected number of connected peer ranks is : 15
1: [default2]:[Gloo] Rank 3 is connected to 15 peer ranks. Expected number of connected peer ranks is : 15
1: [default0]:[Gloo] Rank 2 is connected to 15 peer ranks. Expected number of connected peer ranks is : 15
4: [default1]:[Gloo] Rank 8 is connected to 15 peer ranks. Expected number of connected peer ranks is : 15
4: [default3]:[Gloo] Rank 9 is connected to 15 peer ranks. Expected number of connected peer ranks is : 15
1: [default1]:[Gloo] Rank 2 is connected to 15 peer ranks. Expected number of connected peer ranks is : 15
1: [default3]:[Gloo] Rank 3 is connected to 15 peer ranks. Expected number of connected peer ranks is : 15
3: [default1]:[Gloo] Rank 6 is connected to 15 peer ranks. Expected number of connected peer ranks is : 15
3: [default3]:[Gloo] Rank 7 is connected to 15 peer ranks. Expected number of connected peer ranks is : 15
5: [default1]:[Gloo] Rank 10 is connected to 15 peer ranks. Expected number of connected peer ranks is : 15
0: [default1]:[Gloo] Rank 0 is connected to 15 peer ranks. Expected number of connected peer ranks is : 15
0: [default3]:[Gloo] Rank 1 is connected to 15 peer ranks. Expected number of connected peer ranks is : 15
7: [default1]:[Gloo] Rank 14 is connected to 15 peer ranks. Expected number of connected peer ranks is : 15
7: [default3]:[Gloo] Rank 15 is connected to 15 peer ranks. Expected number of connected peer ranks is : 15
6: [default1]:[Gloo] Rank 12 is connected to 15 peer ranks. Expected number of connected peer ranks is : 15
6: [default3]:[Gloo] Rank 13 is connected to 15 peer ranks. Expected number of connected peer ranks is : 15
2: [default3]:[Gloo] Rank 5 is connected to 15 peer ranks. Expected number of connected peer ranks is : 15
5: [default3]:[Gloo] Rank 11 is connected to 15 peer ranks. Expected number of connected peer ranks is : 15
2: [default1]:[Gloo] Rank 4 is connected to 15 peer ranks. Expected number of connected peer ranks is : 15
7: [default0]:[Gloo] Rank 14 is connected to 15 peer ranks. Expected number of connected peer ranks is : 15
7: [default2]:[Gloo] Rank 15 is connected to 15 peer ranks. Expected number of connected peer ranks is : 15
0: [default0]:[Gloo] Rank 0 is connected to 15 peer ranks. Expected number of connected peer ranks is : 15
0: [default0]:> initialized tensor model parallel with size 2
0: [default0]:> initialized pipeline model parallel with size 1
0: [default0]:> setting random seeds to 42 ...
6: [default2]:[Gloo] Rank 13 is connected to 15 peer ranks. Expected number of connected peer ranks is : 15
2: [default2]:[Gloo] Rank 5 is connected to 15 peer ranks. Expected number of connected peer ranks is : 15
2: [default0]:[Gloo] Rank 4 is connected to 15 peer ranks. Expected number of connected peer ranks is : 15
0: [default2]:[Gloo] Rank 1 is connected to 15 peer ranks. Expected number of connected peer ranks is : 15
6: [default0]:[Gloo] Rank 12 is connected to 15 peer ranks. Expected number of connected peer ranks is : 15
4: [default0]:[rank16]:[W524 06:04:59.637878783 ProcessGroupNCCL.cpp:5163] Guessing device ID based on global rank. This can cause a hang if rank to GPU mapping is heterogeneous. You can specify device_id in init_process_group()
4: [default0]:[Gloo] Rank 8 is connected to 15 peer ranks. Expected number of connected peer ranks is : 15
4: [default2]:[Gloo] Rank 9 is connected to 15 peer ranks. Expected number of connected peer ranks is : 15
1: [default2]:[Gloo] Rank 3 is connected to 15 peer ranks. Expected number of connected peer ranks is : 15
1: [default0]:[rank4]:[W524 06:04:59.940928181 ProcessGroupNCCL.cpp:5163] Guessing device ID based on global rank. This can cause a hang if rank to GPU mapping is heterogeneous. You can specify device_id in init_process_group()
1: [default0]:[Gloo] Rank 2 is connected to 15 peer ranks. Expected number of connected peer ranks is : 15
3: [default0]:[Gloo] Rank 6 is connected to 15 peer ranks. Expected number of connected peer ranks is : 15
3: [default0]:[rank12]:[W524 06:04:59.709988434 ProcessGroupNCCL.cpp:5163] Guessing device ID based on global rank. This can cause a hang if rank to GPU mapping is heterogeneous. You can specify device_id in init_process_group()
3: [default2]:[Gloo] Rank 7 is connected to 15 peer ranks. Expected number of connected peer ranks is : 15
5: [default0]:[Gloo] Rank 10 is connected to 15 peer ranks. Expected number of connected peer ranks is : 15
5: [default2]:[Gloo] Rank 11 is connected to 15 peer ranks. Expected number of connected peer ranks is : 15
5: [default0]:[rank20]:[W524 06:04:59.332093565 ProcessGroupNCCL.cpp:5163] Guessing device ID based on global rank. This can cause a hang if rank to GPU mapping is heterogeneous. You can specify device_id in init_process_group()
7: [default0]:[rank28]:[W524 06:04:59.180574944 ProcessGroupNCCL.cpp:5163] Guessing device ID based on global rank. This can cause a hang if rank to GPU mapping is heterogeneous. You can specify device_id in init_process_group()
0: [default0]:> compiling dataset index builder ...
0: [default0]:make: Entering directory '/iopsstor/scratch/cscs/course_00179/lsaie-ss26-gipfelsturm/Megatron-LM/megatron/core/datasets'
6: [default0]:[rank24]:[W524 06:04:59.984707041 ProcessGroupNCCL.cpp:5163] Guessing device ID based on global rank. This can cause a hang if rank to GPU mapping is heterogeneous. You can specify device_id in init_process_group()
2: [default0]:[rank8]:[W524 06:04:59.155154913 ProcessGroupNCCL.cpp:5163] Guessing device ID based on global rank. This can cause a hang if rank to GPU mapping is heterogeneous. You can specify device_id in init_process_group()
0: [default0]:/usr/local/lib/python3.12/dist-packages/torch/distributed/c10d_logger.py:83: UserWarning: barrier(): using the device under current context. You can specify `device_id` in `init_process_group` to mute this warning.
0: [default0]:  return func(*args, **kwargs)
0: [default0]:[rank0]:[W524 06:04:59.902206845 ProcessGroupNCCL.cpp:5163] Guessing device ID based on global rank. This can cause a hang if rank to GPU mapping is heterogeneous. You can specify device_id in init_process_group()
0: [default0]:make: Nothing to be done for 'default'.
0: [default0]:make: Leaving directory '/iopsstor/scratch/cscs/course_00179/lsaie-ss26-gipfelsturm/Megatron-LM/megatron/core/datasets'
0: [default0]:>>> done with dataset index builder. Compilation time: 0.099 seconds
0: [default0]:> compiling and loading fused kernels ...
0: [default0]:>>> done with compiling and loading fused kernels. Compilation time: 2.816 seconds
0: [default0]:/usr/local/lib/python3.12/dist-packages/torch/distributed/c10d_logger.py:83: UserWarning: barrier(): using the device under current context. You can specify `device_id` in `init_process_group` to mute this warning.
0: [default0]:  return func(*args, **kwargs)
0: [default0]:time to initialize megatron (seconds): 26.122
0: [default0]:[after in-process setup and before initialize_megatron] datetime: 2026-05-24 06:04:45.087565 
0: [default0]:[after in-job setup and before initialize_megatron] datetime: 2026-05-24 06:04:45.120311 
0: [default0]:/iopsstor/scratch/cscs/course_00179/lsaie-ss26-gipfelsturm/Megatron-LM/megatron/core/transformer/transformer_config.py:1225: UserWarning: If you are using transformer_engine as the transformer implementation, the core_attn is from transformer_engine and may be the fused version. For fused attention, you have no need to set 'core_attn' to recompute. Please check that the core_attn recompute is really needed.
0: [default0]:  warnings.warn(
7: [default3]:INFO:megatron.core.timers:(min, max) time across ranks (ms):
7: [default3]:    startup-program-entry-spread ...................: (0.19, 7.42)
7: [default3]:    startup-library-setup ..........................: (19783.57, 25875.58)
7: [default3]:    startup-program-setup ..........................: (46.93, 52.01)
7: [default3]:    startup-in-process-setup .......................: (0.00, 0.00)
7: [default3]:    startup-in-job-setup ...........................: (32.15, 36.63)
7: [default3]:    startup-initialize-megatron ....................: (17167.02, 23263.37)
7: [default3]:    startup-set-jit-fusion-options .................: (1936.87, 2439.76)
7: [default3]:    all-reduce-start-timestamps-tensor .............: (1.46, 504.31)
7: [default3]:    startup-megatron-init-local ....................: (19643.27, 25738.56)
7: [default3]:    startup-megatron-init-global ...................: (45571.63, 45571.91)
0: [default0]:[before library-setup] datetime: 2026-05-24 06:04:19.165091
0: [default0]:[after library-setup] datetime: 2026-05-24 06:04:45.040631
0: [default0]:[before megatron-init] datetime: 2026-05-24 06:04:45.087564
0: [default0]:[after megatron is initialized] datetime: 2026-05-24 06:05:04.793363 
0: [default0]:building GPT model ...
0: [default0]: > number of parameters on (tensor, pipeline) model parallel rank (0, 0): 729652800
0: [default0]:INFO:megatron.core.distributed.distributed_data_parallel:Setting up DistributedDataParallel with config DistributedDataParallelConfig(grad_reduce_in_fp32=False, overlap_grad_reduce=True, overlap_param_gather=True, align_param_gather=False, use_distributed_optimizer=True, num_distributed_optimizer_instances=1, check_for_nan_in_grad=False, check_for_large_grads=False, bucket_size=40000000, pad_buckets_for_high_nccl_busbw=False, reduce_scatter_with_fp32_accumulation=False, average_in_collective=False, fp8_param_gather=False, reuse_grad_buf_for_mxfp8_param_ag=False, use_megatron_fsdp=False, use_custom_fsdp=False, data_parallel_sharding_strategy='no_shard', gradient_reduce_div_fusion=True, suggested_communication_unit_size=None, preserve_fp32_weights=True, keep_fp8_transpose_cache=False, nccl_ub=False, fsdp_double_buffer=False, outer_dp_sharding_strategy='no_shard', disable_symmetric_registration=False, fsdp_m
0: anual_registration=False, delay_wgrad_compute=False)
0: [default0]:INFO:megatron.core.distributed.param_and_grad_buffer:Number of buckets for gradient all-reduce / reduce-scatter: 18
0: [default0]:Params for bucket 1 (40345600 elements, 40345600 padded size):
0: [default0]:	module.output_layer.weight
0: [default0]:Params for bucket 2 (40561600 elements, 40561664 padded size):
0: [default0]:	module.decoder.layers.46.mlp.linear_fc1.layer_norm_weight
0: [default0]:	module.decoder.layers.45.self_attention.linear_qkv.layer_norm_weight
0: [default0]:	module.decoder.layers.47.mlp.linear_fc2.weight
0: [default0]:	module.decoder.layers.46.mlp.linear_fc2.weight
0: [default0]:	module.decoder.layers.47.mlp.linear_fc1.weight
0: [default0]:	module.decoder.layers.46.self_attention.linear_qkv.layer_norm_weight
0: [default0]:	module.decoder.layers.47.self_attention.linear_qkv.layer_norm_weight
0: [default0]:	module.decoder.layers.47.self_attention.linear_proj.weight
0: [default0]:	module.decoder.final_layernorm.weight
0: [default0]:	module.decoder.layers.47.self_attention.linear_qkv.weight
0: [default0]:	module.decoder.layers.46.self_attention.linear_proj.weight
0: [default0]:	module.decoder.layers.45.mlp.linear_fc1.layer_norm_weight
0: [default0]:	module.decoder.layers.45.self_attention.linear_proj.weight
0: [default0]:	module.decoder.layers.46.mlp.linear_fc1.weight
0: [default0]:	module.decoder.layers.46.self_attention.linear_qkv.weight
0: [default0]:	module.decoder.layers.47.mlp.linear_fc1.layer_norm_weight
0: [default0]:	module.decoder.layers.45.mlp.linear_fc2.weight
0: [default0]:	module.decoder.layers.45.mlp.linear_fc1.weight
0: [default0]:	module.decoder.layers.45.self_attention.linear_qkv.weight
0: [default0]:Params for bucket 3 (40560000 elements, 40560000 padded size):
0: [default0]:	module.decoder.layers.44.mlp.linear_fc1.weight
0: [default0]:	module.decoder.layers.44.self_attention.linear_proj.weight
0: [default0]:	module.decoder.layers.42.mlp.linear_fc2.weight
0: [default0]:	module.decoder.layers.42.self_attention.linear_qkv.weight
0: [default0]:	module.decoder.layers.42.self_attention.linear_qkv.layer_norm_weight
0: [default0]:	module.decoder.layers.42.self_attention.linear_proj.weight
0: [default0]:	module.decoder.layers.42.mlp.linear_fc1.layer_norm_weight
0: [default0]:	module.decoder.layers.44.mlp.linear_fc2.weight
0: [default0]:	module.decoder.layers.44.self_attention.linear_qkv.weight
0: [default0]:	module.decoder.layers.44.self_attention.linear_qkv.layer_norm_weight
0: [default0]:	module.decoder.layers.44.mlp.linear_fc1.layer_norm_weight
0: [default0]:	module.decoder.layers.43.mlp.linear_fc2.weight
0: [default0]:	module.decoder.layers.43.mlp.linear_fc1.weight
0: [default0]:	module.decoder.layers.43.mlp.linear_fc1.layer_norm_weight
0: [default0]:	module.decoder.layers.43.self_attention.linear_qkv.weight
0: [default0]:	module.decoder.layers.43.self_attention.linear_qkv.l
0: ayer_norm_weight
0: [default0]:	module.decoder.layers.43.self_attention.linear_proj.weight
0: [default0]:	module.decoder.layers.42.mlp.linear_fc1.weight
0: [default0]:Params for bucket 4 (40560000 elements, 40560000 padded size):
0: [default0]:	module.decoder.layers.41.self_attention.linear_qkv.layer_norm_weight
0: [default0]:	module.decoder.layers.41.self_attention.linear_proj.weight
0: [default0]:	module.decoder.layers.40.mlp.linear_fc2.weight
0: [default0]:	module.decoder.layers.40.mlp.linear_fc1.weight
0: [default0]:	module.decoder.layers.40.self_attention.linear_qkv.weight
0: [default0]:	module.decoder.layers.40.self_attention.linear_proj.weight
0: [default0]:	module.decoder.layers.39.mlp.linear_fc1.weight
0: [default0]:	module.decoder.layers.39.self_attention.linear_qkv.weight
0: [default0]:	module.decoder.layers.41.mlp.linear_fc2.weight
0: [default0]:	module.decoder.layers.41.mlp.linear_fc1.weight
0: [default0]:	module.decoder.layers.41.mlp.linear_fc1.layer_norm_weight
0: [default0]:	module.decoder.layers.41.self_attention.linear_qkv.weight
0: [default0]:	module.decoder.layers.40.mlp.linear_fc1.layer_norm_weight
0: [default0]:	module.decoder.layers.40.self_attention.linear_qkv.layer_norm_weight
0: [default0]:	module.decoder.layers.39.mlp.linear_fc2.weight
0: [default0]:	module.decoder.layers.39.mlp.linear_fc1.layer_norm_weight
0: [default0]:	module.decoder.layers.39.self_attention.linear_qkv.layer_norm_weight
0: [default0]:	module.decoder.layers.39.self_attention.linear_proj.weight
0: [default0]:Params for bucket 5 (40560000 elements, 40560000 padded size):
0: [default0]:	module.decoder.layers.38.mlp.linear_fc2.weight
0: [default0]:	module.decoder.layers.38.mlp.linear_fc1.weight
0: [default0]:	module.decoder.layers.38.self_attention.linear_qkv.layer_norm_weight
0: [default0]:	module.decoder.layers.37.mlp.linear_fc2.weight
0: [default0]:	module.decoder.layers.37.mlp.linear_fc1.layer_norm_weight
0: [default0]:	module.decoder.layers.37.self_attention.linear_qkv.layer_norm_weight
0: [default0]:	module.decoder.layers.37.self_attention.linear_proj.weight
0: [default0]:	module.decoder.layers.36.mlp.linear_fc2.weight
0: [default0]:	module.decoder.layers.36.mlp.linear_fc1.weight
0: [default0]:	module.decoder.layers.36.mlp.linear_fc1.layer_norm_weight
0: [default0]:	module.decoder.layers.38.self_attention.linear_qkv.weight
0: [default0]:	module.decoder.layers.38.mlp.linear_fc1.layer_norm_weight
0: [default0]:	module.decoder.layers.38.self_attention.linear_proj.weight
0: [default0]:	module.decoder.layers.37.mlp.linear_fc1.weight
0: [default0]:	module.decoder.layers.37.self_attention.linear_qkv.weight
0: [default0]:	module.decoder.layers.36.self_attention.linear_qkv.weight
0: [default0]:	module.decoder.layers.36.self_attention.linear_proj.weight
0: [default0]:	module.decoder.layers.36.self_attention.linear_qkv.layer_norm_weight
0: [default0]:Params for bucket 6 (40560000 elements, 40560000 padded size):
0: [default0]:	module.decoder.layers.34.self_attention.linear_qkv.weight
0: [default0]:	module.decoder.layers.34.self_attention.linear_qkv.layer_norm_weight
0: [default0]:	module.decoder.layers.34.self_attention.linear_proj.weight
0: [default0]:	module.decoder.layers.33.mlp.linear_fc2.weight
0: [default0]:	module.decoder.layers.33.mlp.linear_fc1.layer_norm_weight
0: [default0]:	module.decoder.layers.33.self_attention.linear_qkv.weight
0: [default0]:	module.decoder.layers.33.self_attention.linear_qkv.layer_norm_weight
0: [default0]:	module.decoder.layers.33.self_attention.linear_proj.weight
0: [default0]:	module.decoder.layers.35.mlp.linear_fc2.weight
0: [default0]:	module.decoder.layers.35.mlp.linear_fc1.layer_norm_weight
0: [default0]:	module.decoder.layers.35.mlp.linear_fc1.weight
0: [default0]:	module.decoder.layers.35.self_attention.linear_qkv.weight
0: [default0]:	module.decoder.layers.35.self_attention.linear_qkv.layer_norm_weight
0: [default0]:	module.decoder.layers.35.s
0: elf_attention.linear_proj.weight
0: [default0]:	module.decoder.layers.34.mlp.linear_fc2.weight
0: [default0]:	module.decoder.layers.34.mlp.linear_fc1.weight
0: [default0]:	module.decoder.layers.34.mlp.linear_fc1.layer_norm_weight
0: [default0]:	module.decoder.layers.33.mlp.linear_fc1.weight
0: [default0]:Params for bucket 7 (40560000 elements, 40560000 padded size):
0: [default0]:	module.decoder.layers.32.mlp.linear_fc2.weight
0: [default0]:	module.decoder.layers.32.mlp.linear_fc1.weight
0: [default0]:	module.decoder.layers.32.self_attention.linear_qkv.layer_norm_weight
0: [default0]:	module.decoder.layers.32.self_attention.linear_qkv.weight
0: [default0]:	module.decoder.layers.32.self_attention.linear_proj.weight
0: [default0]:	module.decoder.layers.31.mlp.linear_fc2.weight
0: [default0]:	module.decoder.layers.31.self_attention.linear_qkv.weight
0: [default0]:	module.decoder.layers.31.self_attention.linear_qkv.layer_norm_weight
0: [default0]:	module.decoder.layers.31.self_attention.linear_proj.weight
0: [default0]:	module.decoder.layers.30.mlp.linear_fc2.weight
0: [default0]:	module.decoder.layers.30.self_attention.linear_proj.weight
0: [default0]:	module.decoder.layers.32.mlp.linear_fc1.layer_norm_weight
0: [default0]:	module.decoder.layers.31.mlp.linear_fc1.weight
0: [default0]:	module.decoder.layers.31.mlp.linear_fc1.layer_norm_weight
0: [default0]:	module.decoder.layers.30.mlp.linear_fc1.weight
0: [default0]:	mod
0: ule.decoder.layers.30.mlp.linear_fc1.layer_norm_weight
0: [default0]:	module.decoder.layers.30.self_attention.linear_qkv.weight
0: [default0]:	module.decoder.layers.30.self_attention.linear_qkv.layer_norm_weight
0: [default0]:Params for bucket 8 (40560000 elements, 40560000 padded size):
0: [default0]:	module.decoder.layers.29.mlp.linear_fc2.weight
0: [default0]:	module.decoder.layers.29.self_attention.linear_qkv.weight
0: [default0]:	module.decoder.layers.29.self_attention.linear_qkv.layer_norm_weight
0: [default0]:	module.decoder.layers.29.self_attention.linear_proj.weight
0: [default0]:	module.decoder.layers.28.mlp.linear_fc2.weight
0: [default0]:	module.decoder.layers.28.self_attention.linear_qkv.weight
0: [default0]:	module.decoder.layers.28.self_attention.linear_qkv.layer_norm_weight
0: [default0]:	module.decoder.layers.28.self_attention.linear_proj.weight
0: [default0]:	module.decoder.layers.27.mlp.linear_fc2.weight
0: [default0]:	module.decoder.layers.27.self_attention.linear_qkv.weight
0: [default0]:	module.decoder.layers.27.self_attention.linear_proj.weight
0: [default0]:	module.decoder.layers.27.self_attention.linear_qkv.layer_norm_weight
0: [default0]:	module.decoder.layers.29.mlp.linear_fc1.layer_norm_weight
0: [default0]:	module.decoder.layers.29.mlp.linear_fc1.weight
0: [default0]:	module.decoder.layers.28.mlp.linear_fc1.weight
0: [default0]:	module.decoder.layers.28.mlp.linear_fc1.layer_norm_weight
0: [default0]:	module.decoder.layers.27.mlp.linear_fc1.weight
0: [default0]:	module.decoder.layers.27.mlp.linear_fc1.layer_norm_weight
0: [default0]:Params for bucket 9 (40560000 elements, 40560000 padded size):
0: [default0]:	module.decoder.layers.26.mlp.linear_fc2.weight
0: [default0]:	module.decoder.layers.26.self_attention.linear_qkv.weight
0: [default0]:	module.decoder.layers.26.self_attention.linear_qkv.layer_norm_weight
0: [default0]:	module.decoder.layers.26.self_attention.linear_proj.weight
0: [default0]:	module.decoder.layers.25.mlp.linear_fc2.weight
0: [default0]:	module.decoder.layers.25.self_attention.linear_qkv.weight
0: [default0]:	module.decoder.layers.25.self_attention.linear_qkv.layer_norm_weight
0: [default0]:	module.decoder.layers.25.self_attention.linear_proj.weight
0: [default0]:	module.decoder.layers.24.mlp.linear_fc2.weight
0: [default0]:	module.decoder.layers.24.self_attention.linear_qkv.weight
0: [default0]:	module.decoder.layers.24.self_attention.linear_proj.weight
0: [default0]:	module.decoder.layers.24.self_attention.linear_qkv.layer_norm_weight
0: [default0]:	module.decoder.layers.26.mlp.linear_fc1.weight
0: [default0]:	module.decoder.layers.26.mlp.linear_fc1.layer_norm_weight
0: [default0]:	module.decoder.layers.25.mlp.linear_fc1.weight
0: [default0]:	module.decoder.layers.25.mlp.linear_fc1.layer_norm_weight
0: [default0]:	module.decoder.layers.24.mlp.linear_fc1.weight
0: [default0]:	module.decoder.layers.24.mlp.linear_fc1.layer_norm_weight
0: [def
0: ault0]:Params for bucket 10 (40560000 elements, 40560000 padded size):
0: [default0]:	module.decoder.layers.23.mlp.linear_fc2.weight
0: [default0]:	module.decoder.layers.23.self_attention.linear_qkv.layer_norm_weight
0: [default0]:	module.decoder.layers.23.self_attention.linear_qkv.weight
0: [default0]:	module.decoder.layers.23.self_attention.linear_proj.weight
0: [default0]:	module.decoder.layers.22.mlp.linear_fc2.weight
0: [default0]:	module.decoder.layers.22.self_attention.linear_qkv.weight
0: [default0]:	module.decoder.layers.22.self_attention.linear_qkv.layer_norm_weight
0: [default0]:	module.decoder.layers.22.self_attention.linear_proj.weight
0: [default0]:	module.decoder.layers.21.mlp.linear_fc2.weight
0: [default0]:	module.decoder.layers.21.self_attention.linear_qkv.weight
0: [default0]:	module.decoder.layers.21.self_attention.linear_proj.weight
0: [default0]:	module.decoder.layers.21.self_attention.linear_qkv.layer_norm_weight
0: [default0]:	module.decoder.layers.23.mlp.linear_fc1.weight
0: [default0]:	module.decoder.layers.23.mlp.linear_fc1.layer_norm_weight
0: [default0]:	module.decoder.layers.22.mlp.linear_fc1.weight
0: [default0]:	module.decoder.layers.22.mlp.linear_fc1.layer_norm_weight
0: [default0]:	module.decoder.layers.21.mlp.linear_fc1.weight
0: [default0]:	module.decoder.layers.21.mlp.linear_fc1.layer_norm_weight
0: [default0]:Params for bucket 11 (40560000 elements, 40560000 padded size):
0: [default0]:	module.decoder.layers.20.mlp.linear_fc2.weight
0: [default0]:	module.decoder.layers.20.self_attention.linear_qkv.weight
0: [default0]:	module.decoder.layers.20.self_attention.linear_qkv.layer_norm_weight
0: [default0]:	module.decoder.layers.20.self_attention.linear_proj.weight
0: [default0]:	module.decoder.layers.19.mlp.linear_fc2.weight
0: [default0]:	module.decoder.layers.19.self_attention.linear_qkv.weight
0: [default0]:	module.decoder.layers.19.self_attention.linear_qkv.layer_norm_weight
0: [default0]:	module.decoder.layers.19.self_attention.linear_proj.weight
0: [default0]:	module.decoder.layers.18.mlp.linear_fc2.weight
0: [default0]:	module.decoder.layers.18.self_attention.linear_qkv.weight
0: [default0]:	module.decoder.layers.18.self_attention.linear_qkv.layer_norm_weight
0: [default0]:	module.decoder.layers.20.mlp.linear_fc1.layer_norm_weight
0: [default0]:	module.decoder.layers.20.mlp.linear_fc1.weight
0: [default0]:	module.decoder.layers.19.mlp.linear_fc1.weight
0: [default0]:	module.decoder.layers.19.mlp.linear_fc1.layer_norm_weight
0: [default0]:	module.decoder.layers.18.mlp.linear_fc1.weight
0: [default0]:	module.decoder.layers.18.mlp.linear_fc1.layer_norm_weight
0: [default0]:	module.decoder.layers.18.self_attention.linear_proj.weight
0: [default0]:Params for bucket 12 (40560000 elements, 40560000 padded size):
0: [default0]:	module.decoder.layers.17.mlp.linear_fc2.weight
0: [default0]:	module.decoder.layers.17.self_attention.linear_qkv.layer_norm_weight
0: [default0]:	module.decoder.layers.17.self_attention.linear_qkv.weight
0: [default0]:	module.decoder.layers.17.self_attention.linear_proj.weight
0: [default0]:	module.decoder.layers.16.mlp.linear_fc2.weight
0: [default0]:	module.decoder.layers.16.self_attention.linear_qkv.weight
0: [default0]:	module.decoder.layers.16.self_attention.linear_qkv.layer_norm_weight
0: [default0]:	module.decoder.layers.16.self_attention.linear_proj.weight
0: [default0]:	module.decoder.layers.15.mlp.linear_fc2.weight
0: [default0]:	module.decoder.layers.15.self_attention.linear_qkv.weight
0: [default0]:	module.decoder.layers.15.self_attention.linear_qkv.layer_norm_weight
0: [default0]:	module.decoder.layers.17.mlp.linear_fc1.layer_norm_weight
0: [default0]:	module.decoder.layers.17.mlp.linear_fc1.weight
0: [default0]:	module.decoder.layers.16.mlp.linear_fc1.weight
0: [default0]:	module.decoder.layers.16.mlp.linear_fc1.layer_norm_weight
0: [default0]:	module.decoder.layers.15.mlp.linear_fc1.weight
0: [default0]:	module.decoder.layers.15.mlp.linear_fc1.layer_norm_weight
0: [default0]:	module.decoder.layers.15.self_attention.linear_proj.weight
0: [default0]:Params for bucket 13 (40560000 elements, 40560000 padded size):
0: [default0]:	module.decoder.layers.14.mlp.linear_fc2.weight
0: [default0]:	module.decoder.layers.14.self_attention.linear_qkv.weight
0: [default0]:	module.decoder.layers.14.self_attention.linear_qkv.layer_norm_weight
0: [default0]:	module.decoder.layers.14.self_attention.linear_proj.weight
0: [default0]:	module.decoder.layers.13.mlp.linear_fc2.weight
0: [default0]:	module.decoder.layers.13.self_attention.linear_qkv.weight
0: [default0]:	module.decoder.layers.13.self_attention.linear_qkv.layer_norm_weight
0: [default0]:	module.decoder.layers.13.self_attention.linear_proj.weight
0: [default0]:	module.decoder.layers.12.mlp.linear_fc2.weight
0: [default0]:	module.decoder.layers.12.self_attention.linear_qkv.weight
0: [default0]:	module.decoder.layers.12.self_attention.linear_qkv.layer_norm_weight
0: [default0]:	module.decoder.layers.14.mlp.linear_fc1.weight
0: [default0]:	module.decoder.layers.14.mlp.linear_fc1.layer_norm_weight
0: [default0]:	module.decoder.layers.13.mlp.linear_fc1.weight
0: [default0]:	module.decoder.layers.13.mlp.linear_fc1.layer_norm_weight
0: [default0]:	module.decoder.layers.12.mlp.linear_fc1.weight
0: [default0]:	module.decoder.layers.12.mlp.linear_fc1.layer_norm_weight
0: [default0]:	module.decoder.layers.12.self_attention.linear_proj.weight
0: [default0]:Params for bucket 14 (40560000 elements, 40560000 padded size):
0: [default0]:	module.decoder.layers.11.mlp.linear_fc2.weight
0: [default0]:	module.decoder.layers.11.self_attention.linear_qkv.layer_norm_weight
0: [default0]:	module.decoder.layers.11.self_attention.linear_qkv.weight
0: [default0]:	module.decoder.layers.11.self_attention.linear_proj.weight
0: [default0]:	module.decoder.layers.10.mlp.linear_fc2.weight
0: [default0]:	module.decoder.layers.10.self_attention.linear_qkv.weight
0: [default0]:	module.decoder.layers.10.self_attention.linear_qkv.layer_norm_weight
0: [default0]:	module.decoder.layers.10.self_attention.linear_proj.weight
0: [default0]:	module.decoder.layers.9.mlp.linear_fc2.weight
0: [default0]:	module.decoder.layers.9.self_attention.linear_qkv.weight
0: [default0]:	module.decoder.layers.9.self_attention.linear_qkv.layer_norm_weight
0: [default0]:	module.decoder.layers.11.mlp.linear_fc1.weight
0: [default0]:	module.decoder.layers.11.mlp.linear_fc1.layer_norm_weight
0: [default0]:	module.decoder.layers.10.mlp.linear_fc1.weight
0: [default0]:	module.decoder.layers.10.mlp.linear_fc1.layer_norm_weight
0: [default0]:	module.decoder.layers.9.mlp.linear_fc1.weight
0: [default0]:	module.decoder.layers.9.mlp.linear_fc1.layer_norm_weight
0: [default0]:	module.decoder.layers.9.self_attention.linear_proj.weight
0: [default0]:Params for bucket 15 (40560000 elements, 40560000 padded size):
0: [default0]:	module.decoder.layers.8.mlp.linear_fc2.weight
0: [default0]:	module.decoder.layers.8.self_attention.linear_qkv.weight
0: [default0]:	module.decoder.layers.8.self_attention.linear_qkv.layer_norm_weight
0: [default0]:	module.decoder.layers.8.self_attention.linear_proj.weight
0: [default0]:	module.decoder.layers.7.mlp.linear_fc1.weight
0: [default0]:	module.decoder.layers.7.mlp.linear_fc1.layer_norm_weight
0: [default0]:	module.decoder.layers.6.self_attention.linear_qkv.weight
0: [default0]:	module.decoder.layers.6.self_attention.linear_proj.weight
0: [default0]:	module.decoder.layers.8.mlp.linear_fc1.weight
0: [default0]:	module.decoder.layers.8.mlp.linear_fc1.layer_norm_weight
0: [default0]:	module.decoder.layers.7.mlp.linear_fc2.weight
0: [default0]:	module.decoder.layers.7.self_attention.linear_qkv.weight
0: [default0]:	module.decoder.layers.7.self_attention.linear_qkv.layer_norm_weight
0: [default0]:	module.decoder.layers.7.self_attention.linear_proj.weight
0: [default0]:	module.decoder.layers.6.mlp.linear_fc2.weight
0: [default0]:	module.decoder.layers.6.mlp.linear_fc1.weight
0: [default0]:	module.decoder.layers.6.mlp.linear_fc1.layer_norm_weight
0: [default0]:	module.decoder.layers.6.self_attention.linear_qkv.layer_norm_weight
0: [default0]:Params for bucket 16 (40560000 elements, 40560000 padded size):
0: [default0]:	module.decoder.layers.5.self_attention.linear_qkv.layer_norm_weight
0: [default0]:	module.decoder.layers.5.mlp.linear_fc1.weight
0: [default0]:	module.decoder.layers.5.mlp.linear_fc1.layer_norm_weight
0: [default0]:	module.decoder.layers.4.mlp.linear_fc1.layer_norm_weight
0: [default0]:	module.decoder.layers.4.self_attention.linear_qkv.weight
0: [default0]:	module.decoder.layers.3.mlp.linear_fc2.weight
0: [default0]:	module.decoder.layers.3.mlp.linear_fc1.layer_norm_weight
0: [default0]:	module.decoder.layers.3.self_attention.linear_qkv.weight
0: [default0]:	module.decoder.layers.3.self_attention.linear_proj.weight
0: [default0]:	module.decoder.layers.5.mlp.linear_fc2.weight
0: [default0]:	module.decoder.layers.5.self_attention.linear_qkv.weight
0: [default0]:	module.decoder.layers.5.self_attention.linear_proj.weight
0: [default0]:	module.decoder.layers.4.mlp.linear_fc2.weight
0: [default0]:	module.decoder.layers.4.mlp.linear_fc1.weight
0: [default0]:	module.decoder.layers.4.self_attention.linear_qkv.layer_norm_weight
0: [default0]:	module.decoder.layers.4.self_attention.linear_proj.weight
0: [default0]:	module.decoder.layers.3.mlp.linear_fc1.weight
0: [default0]:	module.decoder.layers.3.self_attention.linear_qkv.layer_norm_weight
0: [default0]:Params for bucket 17 (40560000 elements, 40560000 padded size):
0: [default0]:	module.decoder.layers.2.mlp.linear_fc2.weight
0: [default0]:	module.decoder.layers.2.mlp.linear_fc1.weight
0: [default0]:	module.decoder.layers.1.mlp.linear_fc1.weight
0: [default0]:	module.decoder.layers.1.mlp.linear_fc1.layer_norm_weight
0: [default0]:	module.decoder.layers.1.self_attention.linear_qkv.layer_norm_weight
0: [default0]:	module.decoder.layers.0.mlp.linear_fc2.weight
0: [default0]:	module.decoder.layers.0.mlp.linear_fc1.weight
0: [default0]:	module.decoder.layers.0.self_attention.linear_qkv.weight
0: [default0]:	module.decoder.layers.0.self_attention.linear_qkv.layer_norm_weight
0: [default0]:	module.decoder.layers.0.self_attention.linear_proj.weight
0: [default0]:	module.decoder.layers.2.self_attention.linear_qkv.layer_norm_weight
0: [default0]:	module.decoder.layers.2.self_attention.linear_qkv.weight
0: [default0]:	module.decoder.layers.2.mlp.linear_fc1.layer_norm_weight
0: [default0]:	module.decoder.layers.2.self_attention.linear_proj.weight
0: [default0]:	module.decoder.layers.1.mlp.linear_fc2.weight
0: [default0]:	module.decoder.layers.1.self_attention.linear_qkv.weight
0: [default0]:	module.decoder.layers.1.self_attention.linear_proj.weight
0: [default0]:	module.decoder.layers.0.mlp.linear_fc1.layer_norm_weight
0: [default0]:Params for bucket 18 (40345600 elements, 40345600 padded size):
0: [default0]:	module.embedding.word_embeddings.weight
0: [default0]:INFO:megatron.core.optimizer:Setting up optimizer with config AdamOptimizerConfig(lr=0.0002, min_lr=2e-05, decoupled_lr=None, decoupled_min_lr=None, weight_decay=0.1, apply_wd_to_qk_layernorm=False, fp8_recipe='delayed', fp16=False, bf16=True, reuse_grad_buf_for_mxfp8_param_ag=False, params_dtype=torch.bfloat16, use_precision_aware_optimizer=True, store_param_remainders=True, main_grads_dtype=torch.bfloat16, main_params_dtype=torch.float32, exp_avg_dtype=torch.float32, exp_avg_sq_dtype=torch.float32, optimizer='adam', loss_scale=None, initial_loss_scale=4294967296, min_loss_scale=1.0, loss_scale_window=1000, hysteresis=2, adam_beta1=0.9, adam_beta2=0.95, adam_eps=1e-08, decoupled_weight_decay=True, sgd_momentum=0.9, muon_momentum=0.9, muon_split_qkv=True, muon_use_nesterov=False, muon_scale_mode='spectral', muon_fp32_matmul_prec='medium', muon_num_ns_steps=5, muon_tp_mode='blockwise', muon_extra_scale_factor=1.0, use_distributed_optimizer=True, overlap_param_gather=True, overlap_param_gather_with_o
0: ptimizer_step=False, optimizer_cpu_offload=False, optimizer_offload_fraction=1.0, use_torch_optimizer_for_cpu_offload=False, overlap_cpu_optimizer_d2h_h2d=False, pin_cpu_grads=True, pin_cpu_params=True, clip_grad=1.0, log_num_zeros_in_grad=False, barrier_with_L1_time=True, timers=<megatron.core.timers.Timers object at 0x4005d106cd70>, config_logger_dir='')
0: [default1]: > number of parameters on (tensor, pipeline) model parallel rank (1, 0): 729652800
0: [default0]:INFO:megatron.core.optimizer_param_scheduler:> learning rate decay style: cosine
0: [default0]:[after model, optimizer, and learning rate scheduler are built] datetime: 2026-05-24 06:05:06.022040 
0: [default0]:> building train, validation, and test datasets ...
0: [default0]: > datasets target sizes (minimum size):
0: [default0]:    train:      587008
0: [default0]:    validation: 5120
0: [default0]:    test:       2560
0: [default0]:INFO:megatron.core.datasets.blended_megatron_dataset_config:Let split_matrix = [(0, 0.99), (0.99, 1.0), None]
0: [default0]:> building train, validation, and test datasets for GPT ...
0: [default0]:INFO:megatron.core.datasets.blended_megatron_dataset_builder:Building GPTDataset splits with sizes=(587008, 5120, 2560) and config=GPTDatasetConfig(random_seed=42, sequence_length=4096, blend=(['/capstor/store/cscs/swissai/infra01/datasets/nvidia/Nemotron-ClimbMix/climbmix_small_megatron/climbmix_small'], None), blend_per_split=None, multiple_validation_sets=False, full_validation=False, split='99,1,0', split_matrix=[(0, 0.99), (0.99, 1.0), None], num_dataset_builder_threads=1, path_to_cache='/iopsstor/scratch/cscs/course_00179/gipfelsturm/cache', mmap_bin_files=True, mock=False, tokenizer=<megatron.core.tokenizers.text.models.default_tokenizer.DefaultTokenizerText object at 0x4006f3e12a50>, mid_level_dataset_surplus=0.005, allow_ambiguous_pad_tokens=False, fast_cache_load=False, defer_npy_index_mmap=False, re
0: set_position_ids=False, reset_attention_mask=False, eod_mask_loss=False, create_attention_mask=True, drop_last_partial_validation_sequence=True, add_extra_token_to_sequence=True, object_storage_cache_path=None, data_parallel_size=16, sequence_parallel_size=0, hybrid_context_parallel=False, sequences_per_dataset=None, token_dtype_code=8, context_parallel_size=1)
0: [default0]:INFO:megatron.core.datasets.indexed_dataset:Load the _IndexReader from /capstor/store/cscs/swissai/infra01/datasets/nvidia/Nemotron-ClimbMix/climbmix_small_megatron/climbmix_small.idx
0: [default0]:INFO:megatron.core.datasets.indexed_dataset:	Extract the sequence lengths
0: [default0]:INFO:megatron.core.datasets.indexed_dataset:	Extract the sequence pointers
0: [default0]:INFO:megatron.core.datasets.indexed_dataset:	Extract the document indices
0: [default0]:INFO:megatron.core.datasets.indexed_dataset:> total number of sequences: 48965906
0: [default0]:INFO:megatron.core.datasets.indexed_dataset:> total number of documents: 48965906
0: [default0]:INFO:megatro
0: n.core.datasets.gpt_dataset:Build and save the GPTDataset train indices
0: [default0]:INFO:megatron.core.datasets.gpt_dataset:> total number of samples: 8612827
0: [default0]:INFO:megatron.core.datasets.gpt_dataset:> total number of epochs: 1
0: [default0]:INFO:megatron.core.datasets.gpt_dataset:Load the GPTDataset valid indices
0: [default0]:INFO:megatron.core.datasets.gpt_dataset:	Load the document index from a34ebab2a5d2c5e26118c6774003488b-GPTDataset-valid-document_index.npy
0: [default0]:INFO:megatron.core.datasets.gpt_dataset:	Load the sample index from a34ebab2a5d2c5e26118c6774003488b-GPTDataset-valid-sample_index.npy
0: [default0]:INFO:megatron.core.datasets.gpt_dataset:	Load the shuffle index from a34ebab2a5d2c5e26118c6774003488b-GPTDataset-valid-shuffle_index.npy
0: [default0]:INFO:megatron.core.datasets.gpt_dataset:> total number of samples: 61644
0: [default0]:> finished creating GPT datasets ...
7: [default3]:INFO:megatron.core.timers:(min, max) time across ranks (ms):
7: [default3]:    model-and-optimizer-setup ......................: (1226.65, 1228.04)
7: [default3]:    train/valid/test-data-iterators-setup ..........: (4090.11, 5289.66)
0: [default0]:[after dataloaders are built] datetime: 2026-05-24 06:05:11.314224 
0: [default0]:done with setup ...
0: [default0]:training ...
0: [default0]:Overwriting rerun_state_machine.current_iteration from -1 to 0...
0: [default0]:[before the start of training step] datetime: 2026-05-24 06:05:11.387724 
0: [default0]:/iopsstor/scratch/cscs/course_00179/lsaie-ss26-gipfelsturm/Megatron-LM/megatron/core/pipeline_parallel/schedules.py:189: UserWarning: The AccumulateGrad node's stream does not match the stream of the node that produced the incoming gradient. This may incur unnecessary synchronization and break CUDA graph capture if the AccumulateGrad node's stream is the default stream. This mismatch is caused by an AccumulateGrad node created prior to the current iteration being kept alive. This can happen if the autograd graph is still being kept alive by tensors such as the loss, or if you are using DDP, which will stash a reference to the node. To resolve the mismatch, delete all references to the autograd graph or ensure that DDP initialization is performed under the same stream as subsequent forwards. If the mismatch is intentional, you can use torch.autograd.graph.set_warn_on_accumulate_grad_stream_mismatch(False) to suppress this warning. (Triggered internally at /opt/pytorch/pytorch/torch/csrc/autograd/inp
0: ut_buffer.cpp:240.)
0: [default0]:  Variable._execution_engine.run_backward(
0: [default0]:/iopsstor/scratch/cscs/course_00179/lsaie-ss26-gipfelsturm/Megatron-LM/megatron/core/transformer/transformer_config.py:1225: UserWarning: If you are using transformer_engine as the transformer implementation, the core_attn is from transformer_engine and may be the fused version. For fused attention, you have no need to set 'core_attn' to recompute. Please check that the core_attn recompute is really needed.
0: [default0]:  warnings.warn(
0: [default0]:/usr/local/lib/python3.12/dist-packages/torch/distributed/c10d_logger.py:83: UserWarning: barrier(): using the device under current context. You can specify `device_id` in `init_process_group` to mute this warning.
0: [default0]:  return func(*args, **kwargs)
0: [default1]:[Rank 1] (after 1 iterations) memory (MB) | allocated: 4714.10 | max allocated: 27512.21 | reserved: 29274.00 | max reserved: 29274.00
0: [default0]:Number of parameters in transformer block in billions:  1.30
0: [default0]:Number of parameters in embedding layers in billions: 0.16
0: [default0]:Total number of parameters in billions: 1.46
0: [default0]:Number of parameters in most loaded shard in billions: 0.7296
0: [default0]:compute_activation_memory_without_sp
0: [default0]:Activation memory footprint per transformer layer (precise, without SP): 550.0 MB
0: [default0]:Theoretical memory footprints: weight and optimizer=4696.50 MB, activation=28626.28 MB, total=33322.78 MB
0: [default0]:
0: [default0]:[Rank 0] (after 1 iterations) memory (MB) | allocated: 4714.10 | max allocated: 27512.21 | reserved: 29274.00 | max reserved: 29274.00
7: [default3]: [2026-05-24 06:05:26.962803] iteration        1/    2293 | consumed samples:          256 | elapsed time per iteration (ms): 15574.6 | throughput per GPU (TFLOP/s/GPU): 21.4 | tokens/sec/GPU: 2104 | learning rate: 1.754386E-06 | global batch size:   256 | lm loss: 1.115684E+01 | loss scale: 1.0 | grad norm: 9.508 | number of skipped iterations:   0 | number of nan iterations:   0 |
0: [default1]:[Rank 1] (after 2 iterations) memory (MB) | allocated: 4714.10 | max allocated: 27950.14 | reserved: 29274.00 | max reserved: 29274.00
0: [default0]:Number of parameters in transformer block in billions:  1.30
0: [default0]:Number of parameters in embedding layers in billions: 0.16
0: [default0]:Total number of parameters in billions: 1.46
0: [default0]:Number of parameters in most loaded shard in billions: 0.7296
0: [default0]:compute_activation_memory_without_sp
0: [default0]:Activation memory footprint per transformer layer (precise, without SP): 550.0 MB
0: [default0]:Theoretical memory footprints: weight and optimizer=4696.50 MB, activation=28626.28 MB, total=33322.78 MB
0: [default0]:
0: [default0]:[Rank 0] (after 2 iterations) memory (MB) | allocated: 4714.10 | max allocated: 27950.14 | reserved: 29274.00 | max reserved: 29274.00
7: [default3]: [2026-05-24 06:05:28.369152] iteration        2/    2293 | consumed samples:          512 | elapsed time per iteration (ms): 8490.3 | throughput per GPU (TFLOP/s/GPU): 39.2 | tokens/sec/GPU: 3859 | learning rate: 3.508772E-06 | global batch size:   256 | lm loss: 1.116136E+01 | loss scale: 1.0 | grad norm: 19.327 | number of skipped iterations:   0 | number of nan iterations:   0 |
7: [default3]: [2026-05-24 06:05:29.777050] iteration        3/    2293 | consumed samples:          768 | elapsed time per iteration (ms): 1407.6 | throughput per GPU (TFLOP/s/GPU): 236.4 | tokens/sec/GPU: 23279 | learning rate: 5.263158E-06 | global batch size:   256 | lm loss: 1.110644E+01 | loss scale: 1.0 | grad norm: 19.174 | number of skipped iterations:   0 | number of nan iterations:   0 |
7: [default3]: [2026-05-24 06:05:31.188383] iteration        4/    2293 | consumed samples:         1024 | elapsed time per iteration (ms): 1411.1 | throughput per GPU (TFLOP/s/GPU): 235.9 | tokens/sec/GPU: 23221 | learning rate: 7.017544E-06 | global batch size:   256 | lm loss: 1.063239E+01 | loss scale: 1.0 | grad norm: 23.818 | number of skipped iterations:   0 | number of nan iterations:   0 |
7: [default3]: [2026-05-24 06:05:32.604058] iteration        5/    2293 | consumed samples:         1280 | elapsed time per iteration (ms): 1415.4 | throughput per GPU (TFLOP/s/GPU): 235.1 | tokens/sec/GPU: 23150 | learning rate: 8.771930E-06 | global batch size:   256 | lm loss: 9.968470E+00 | loss scale: 1.0 | grad norm: 22.623 | number of skipped iterations:   0 | number of nan iterations:   0 |
7: [default3]: [2026-05-24 06:05:34.023780] iteration        6/    2293 | consumed samples:         1536 | elapsed time per iteration (ms): 1419.5 | throughput per GPU (TFLOP/s/GPU): 234.5 | tokens/sec/GPU: 23085 | learning rate: 1.052632E-05 | global batch size:   256 | lm loss: 9.535596E+00 | loss scale: 1.0 | grad norm: 22.271 | number of skipped iterations:   0 | number of nan iterations:   0 |
7: [default3]: [2026-05-24 06:05:35.455751] iteration        7/    2293 | consumed samples:         1792 | elapsed time per iteration (ms): 1431.8 | throughput per GPU (TFLOP/s/GPU): 232.5 | tokens/sec/GPU: 22887 | learning rate: 1.228070E-05 | global batch size:   256 | lm loss: 9.398651E+00 | loss scale: 1.0 | grad norm: 18.165 | number of skipped iterations:   0 | number of nan iterations:   0 |
7: [default3]: [2026-05-24 06:05:36.871405] iteration        8/    2293 | consumed samples:         2048 | elapsed time per iteration (ms): 1415.4 | throughput per GPU (TFLOP/s/GPU): 235.2 | tokens/sec/GPU: 23151 | learning rate: 1.403509E-05 | global batch size:   256 | lm loss: 9.326358E+00 | loss scale: 1.0 | grad norm: 14.171 | number of skipped iterations:   0 | number of nan iterations:   0 |
7: [default3]: [2026-05-24 06:05:38.287407] iteration        9/    2293 | consumed samples:         2304 | elapsed time per iteration (ms): 1415.7 | throughput per GPU (TFLOP/s/GPU): 235.1 | tokens/sec/GPU: 23146 | learning rate: 1.578947E-05 | global batch size:   256 | lm loss: 9.211302E+00 | loss scale: 1.0 | grad norm: 9.241 | number of skipped iterations:   0 | number of nan iterations:   0 |
7: [default3]: [2026-05-24 06:05:39.712379] iteration       10/    2293 | consumed samples:         2560 | elapsed time per iteration (ms): 1424.7 | throughput per GPU (TFLOP/s/GPU): 233.6 | tokens/sec/GPU: 23000 | learning rate: 1.754386E-05 | global batch size:   256 | lm loss: 9.105880E+00 | loss scale: 1.0 | grad norm: 19.709 | number of skipped iterations:   0 | number of nan iterations:   0 |
7: [default3]: [2026-05-24 06:05:41.130625] iteration       11/    2293 | consumed samples:         2816 | elapsed time per iteration (ms): 1417.9 | throughput per GPU (TFLOP/s/GPU): 234.7 | tokens/sec/GPU: 23110 | learning rate: 1.929825E-05 | global batch size:   256 | lm loss: 9.068296E+00 | loss scale: 1.0 | grad norm: 18.285 | number of skipped iterations:   0 | number of nan iterations:   0 |
7: [default3]: [2026-05-24 06:05:42.537733] iteration       12/    2293 | consumed samples:         3072 | elapsed time per iteration (ms): 1406.8 | throughput per GPU (TFLOP/s/GPU): 236.6 | tokens/sec/GPU: 23292 | learning rate: 2.105263E-05 | global batch size:   256 | lm loss: 8.945150E+00 | loss scale: 1.0 | grad norm: 7.496 | number of skipped iterations:   0 | number of nan iterations:   0 |
7: [default3]: [2026-05-24 06:05:43.945657] iteration       13/    2293 | consumed samples:         3328 | elapsed time per iteration (ms): 1407.7 | throughput per GPU (TFLOP/s/GPU): 236.4 | tokens/sec/GPU: 23278 | learning rate: 2.280702E-05 | global batch size:   256 | lm loss: 8.928761E+00 | loss scale: 1.0 | grad norm: 8.796 | number of skipped iterations:   0 | number of nan iterations:   0 |
7: [default3]: [2026-05-24 06:05:45.351777] iteration       14/    2293 | consumed samples:         3584 | elapsed time per iteration (ms): 1405.8 | throughput per GPU (TFLOP/s/GPU): 236.8 | tokens/sec/GPU: 23309 | learning rate: 2.456140E-05 | global batch size:   256 | lm loss: 8.867902E+00 | loss scale: 1.0 | grad norm: 5.179 | number of skipped iterations:   0 | number of nan iterations:   0 |
7: [default3]: [2026-05-24 06:05:46.767210] iteration       15/    2293 | consumed samples:         3840 | elapsed time per iteration (ms): 1415.1 | throughput per GPU (TFLOP/s/GPU): 235.2 | tokens/sec/GPU: 23155 | learning rate: 2.631579E-05 | global batch size:   256 | lm loss: 8.710217E+00 | loss scale: 1.0 | grad norm: 3.988 | number of skipped iterations:   0 | number of nan iterations:   0 |
7: [default3]: [2026-05-24 06:05:48.188581] iteration       16/    2293 | consumed samples:         4096 | elapsed time per iteration (ms): 1421.1 | throughput per GPU (TFLOP/s/GPU): 234.2 | tokens/sec/GPU: 23058 | learning rate: 2.807018E-05 | global batch size:   256 | lm loss: 8.764240E+00 | loss scale: 1.0 | grad norm: 11.672 | number of skipped iterations:   0 | number of nan iterations:   0 |
7: [default3]: [2026-05-24 06:05:49.596439] iteration       17/    2293 | consumed samples:         4352 | elapsed time per iteration (ms): 1407.6 | throughput per GPU (TFLOP/s/GPU): 236.5 | tokens/sec/GPU: 23280 | learning rate: 2.982456E-05 | global batch size:   256 | lm loss: 8.634180E+00 | loss scale: 1.0 | grad norm: 6.550 | number of skipped iterations:   0 | number of nan iterations:   0 |
7: [default3]: [2026-05-24 06:05:51.021833] iteration       18/    2293 | consumed samples:         4608 | elapsed time per iteration (ms): 1425.2 | throughput per GPU (TFLOP/s/GPU): 233.5 | tokens/sec/GPU: 22992 | learning rate: 3.157895E-05 | global batch size:   256 | lm loss: 8.643317E+00 | loss scale: 1.0 | grad norm: 5.442 | number of skipped iterations:   0 | number of nan iterations:   0 |
7: [default3]: [2026-05-24 06:05:52.435881] iteration       19/    2293 | consumed samples:         4864 | elapsed time per iteration (ms): 1413.8 | throughput per GPU (TFLOP/s/GPU): 235.4 | tokens/sec/GPU: 23177 | learning rate: 3.333333E-05 | global batch size:   256 | lm loss: 8.548499E+00 | loss scale: 1.0 | grad norm: 3.847 | number of skipped iterations:   0 | number of nan iterations:   0 |
7: [default3]: [2026-05-24 06:05:53.844985] iteration       20/    2293 | consumed samples:         5120 | elapsed time per iteration (ms): 1408.8 | throughput per GPU (TFLOP/s/GPU): 236.2 | tokens/sec/GPU: 23259 | learning rate: 3.508772E-05 | global batch size:   256 | lm loss: 8.462705E+00 | loss scale: 1.0 | grad norm: 2.196 | number of skipped iterations:   0 | number of nan iterations:   0 |
7: [default3]: [2026-05-24 06:05:55.268978] iteration       21/    2293 | consumed samples:         5376 | elapsed time per iteration (ms): 1423.7 | throughput per GPU (TFLOP/s/GPU): 233.8 | tokens/sec/GPU: 23017 | learning rate: 3.684211E-05 | global batch size:   256 | lm loss: 8.426205E+00 | loss scale: 1.0 | grad norm: 3.783 | number of skipped iterations:   0 | number of nan iterations:   0 |
7: [default3]: [2026-05-24 06:05:56.692485] iteration       22/    2293 | consumed samples:         5632 | elapsed time per iteration (ms): 1423.2 | throughput per GPU (TFLOP/s/GPU): 233.9 | tokens/sec/GPU: 23024 | learning rate: 3.859649E-05 | global batch size:   256 | lm loss: 8.298628E+00 | loss scale: 1.0 | grad norm: 7.652 | number of skipped iterations:   0 | number of nan iterations:   0 |
7: [default3]: [2026-05-24 06:05:58.106353] iteration       23/    2293 | consumed samples:         5888 | elapsed time per iteration (ms): 1413.7 | throughput per GPU (TFLOP/s/GPU): 235.4 | tokens/sec/GPU: 23180 | learning rate: 4.035088E-05 | global batch size:   256 | lm loss: 8.169735E+00 | loss scale: 1.0 | grad norm: 2.656 | number of skipped iterations:   0 | number of nan iterations:   0 |
7: [default3]: [2026-05-24 06:05:59.518432] iteration       24/    2293 | consumed samples:         6144 | elapsed time per iteration (ms): 1411.8 | throughput per GPU (TFLOP/s/GPU): 235.8 | tokens/sec/GPU: 23210 | learning rate: 4.210526E-05 | global batch size:   256 | lm loss: 8.107701E+00 | loss scale: 1.0 | grad norm: 2.604 | number of skipped iterations:   0 | number of nan iterations:   0 |
7: [default3]: [2026-05-24 06:06:00.931872] iteration       25/    2293 | consumed samples:         6400 | elapsed time per iteration (ms): 1413.2 | throughput per GPU (TFLOP/s/GPU): 235.5 | tokens/sec/GPU: 23187 | learning rate: 4.385965E-05 | global batch size:   256 | lm loss: 8.111125E+00 | loss scale: 1.0 | grad norm: 3.384 | number of skipped iterations:   0 | number of nan iterations:   0 |
7: [default3]: [2026-05-24 06:06:02.349979] iteration       26/    2293 | consumed samples:         6656 | elapsed time per iteration (ms): 1417.9 | throughput per GPU (TFLOP/s/GPU): 234.7 | tokens/sec/GPU: 23111 | learning rate: 4.561403E-05 | global batch size:   256 | lm loss: 8.024821E+00 | loss scale: 1.0 | grad norm: 17.915 | number of skipped iterations:   0 | number of nan iterations:   0 |
7: [default3]: [2026-05-24 06:06:03.769478] iteration       27/    2293 | consumed samples:         6912 | elapsed time per iteration (ms): 1419.3 | throughput per GPU (TFLOP/s/GPU): 234.5 | tokens/sec/GPU: 23088 | learning rate: 4.736842E-05 | global batch size:   256 | lm loss: 7.803675E+00 | loss scale: 1.0 | grad norm: 5.637 | number of skipped iterations:   0 | number of nan iterations:   0 |
7: [default3]: [2026-05-24 06:06:05.185529] iteration       28/    2293 | consumed samples:         7168 | elapsed time per iteration (ms): 1415.9 | throughput per GPU (TFLOP/s/GPU): 235.1 | tokens/sec/GPU: 23143 | learning rate: 4.912281E-05 | global batch size:   256 | lm loss: 7.778577E+00 | loss scale: 1.0 | grad norm: 3.858 | number of skipped iterations:   0 | number of nan iterations:   0 |
7: [default3]: [2026-05-24 06:06:06.602505] iteration       29/    2293 | consumed samples:         7424 | elapsed time per iteration (ms): 1416.7 | throughput per GPU (TFLOP/s/GPU): 234.9 | tokens/sec/GPU: 23129 | learning rate: 5.087719E-05 | global batch size:   256 | lm loss: 7.790575E+00 | loss scale: 1.0 | grad norm: 5.879 | number of skipped iterations:   0 | number of nan iterations:   0 |
7: [default3]: [2026-05-24 06:06:08.020290] iteration       30/    2293 | consumed samples:         7680 | elapsed time per iteration (ms): 1417.5 | throughput per GPU (TFLOP/s/GPU): 234.8 | tokens/sec/GPU: 23116 | learning rate: 5.263158E-05 | global batch size:   256 | lm loss: 7.658461E+00 | loss scale: 1.0 | grad norm: 2.429 | number of skipped iterations:   0 | number of nan iterations:   0 |
7: [default3]: [2026-05-24 06:06:09.439109] iteration       31/    2293 | consumed samples:         7936 | elapsed time per iteration (ms): 1418.6 | throughput per GPU (TFLOP/s/GPU): 234.6 | tokens/sec/GPU: 23099 | learning rate: 5.438596E-05 | global batch size:   256 | lm loss: 7.491995E+00 | loss scale: 1.0 | grad norm: 3.900 | number of skipped iterations:   0 | number of nan iterations:   0 |
7: [default3]: [2026-05-24 06:06:10.860827] iteration       32/    2293 | consumed samples:         8192 | elapsed time per iteration (ms): 1421.5 | throughput per GPU (TFLOP/s/GPU): 234.1 | tokens/sec/GPU: 23052 | learning rate: 5.614035E-05 | global batch size:   256 | lm loss: 7.340086E+00 | loss scale: 1.0 | grad norm: 3.267 | number of skipped iterations:   0 | number of nan iterations:   0 |
7: [default3]: [2026-05-24 06:06:12.276051] iteration       33/    2293 | consumed samples:         8448 | elapsed time per iteration (ms): 1415.0 | throughput per GPU (TFLOP/s/GPU): 235.2 | tokens/sec/GPU: 23158 | learning rate: 5.789474E-05 | global batch size:   256 | lm loss: 7.463386E+00 | loss scale: 1.0 | grad norm: 8.903 | number of skipped iterations:   0 | number of nan iterations:   0 |
7: [default3]: [2026-05-24 06:06:13.695404] iteration       34/    2293 | consumed samples:         8704 | elapsed time per iteration (ms): 1419.1 | throughput per GPU (TFLOP/s/GPU): 234.5 | tokens/sec/GPU: 23091 | learning rate: 5.964912E-05 | global batch size:   256 | lm loss: 7.321997E+00 | loss scale: 1.0 | grad norm: 2.991 | number of skipped iterations:   0 | number of nan iterations:   0 |
7: [default3]: [2026-05-24 06:06:15.119498] iteration       35/    2293 | consumed samples:         8960 | elapsed time per iteration (ms): 1423.9 | throughput per GPU (TFLOP/s/GPU): 233.8 | tokens/sec/GPU: 23013 | learning rate: 6.140351E-05 | global batch size:   256 | lm loss: 7.201591E+00 | loss scale: 1.0 | grad norm: 1.930 | number of skipped iterations:   0 | number of nan iterations:   0 |
7: [default3]: [2026-05-24 06:06:16.528720] iteration       36/    2293 | consumed samples:         9216 | elapsed time per iteration (ms): 1409.0 | throughput per GPU (TFLOP/s/GPU): 236.2 | tokens/sec/GPU: 23256 | learning rate: 6.315790E-05 | global batch size:   256 | lm loss: 7.141191E+00 | loss scale: 1.0 | grad norm: 4.529 | number of skipped iterations:   0 | number of nan iterations:   0 |
7: [default3]: [2026-05-24 06:06:17.943953] iteration       37/    2293 | consumed samples:         9472 | elapsed time per iteration (ms): 1414.9 | throughput per GPU (TFLOP/s/GPU): 235.2 | tokens/sec/GPU: 23160 | learning rate: 6.491228E-05 | global batch size:   256 | lm loss: 7.156141E+00 | loss scale: 1.0 | grad norm: 4.519 | number of skipped iterations:   0 | number of nan iterations:   0 |
7: [default3]: [2026-05-24 06:06:19.367347] iteration       38/    2293 | consumed samples:         9728 | elapsed time per iteration (ms): 1423.2 | throughput per GPU (TFLOP/s/GPU): 233.9 | tokens/sec/GPU: 23024 | learning rate: 6.666667E-05 | global batch size:   256 | lm loss: 6.991082E+00 | loss scale: 1.0 | grad norm: 1.947 | number of skipped iterations:   0 | number of nan iterations:   0 |
7: [default3]: [2026-05-24 06:06:20.791527] iteration       39/    2293 | consumed samples:         9984 | elapsed time per iteration (ms): 1423.9 | throughput per GPU (TFLOP/s/GPU): 233.8 | tokens/sec/GPU: 23013 | learning rate: 6.842105E-05 | global batch size:   256 | lm loss: 7.019362E+00 | loss scale: 1.0 | grad norm: 2.377 | number of skipped iterations:   0 | number of nan iterations:   0 |
7: [default3]: [2026-05-24 06:06:22.211809] iteration       40/    2293 | consumed samples:        10240 | elapsed time per iteration (ms): 1420.0 | throughput per GPU (TFLOP/s/GPU): 234.4 | tokens/sec/GPU: 23076 | learning rate: 7.017544E-05 | global batch size:   256 | lm loss: 6.975464E+00 | loss scale: 1.0 | grad norm: 2.116 | number of skipped iterations:   0 | number of nan iterations:   0 |
7: [default3]: [2026-05-24 06:06:23.627333] iteration       41/    2293 | consumed samples:        10496 | elapsed time per iteration (ms): 1415.2 | throughput per GPU (TFLOP/s/GPU): 235.2 | tokens/sec/GPU: 23154 | learning rate: 7.192983E-05 | global batch size:   256 | lm loss: 6.756381E+00 | loss scale: 1.0 | grad norm: 2.029 | number of skipped iterations:   0 | number of nan iterations:   0 |
7: [default3]: [2026-05-24 06:06:25.048852] iteration       42/    2293 | consumed samples:        10752 | elapsed time per iteration (ms): 1421.3 | throughput per GPU (TFLOP/s/GPU): 234.2 | tokens/sec/GPU: 23055 | learning rate: 7.368421E-05 | global batch size:   256 | lm loss: 6.746526E+00 | loss scale: 1.0 | grad norm: 1.875 | number of skipped iterations:   0 | number of nan iterations:   0 |
7: [default3]: [2026-05-24 06:06:26.467567] iteration       43/    2293 | consumed samples:        11008 | elapsed time per iteration (ms): 1418.5 | throughput per GPU (TFLOP/s/GPU): 234.6 | tokens/sec/GPU: 23101 | learning rate: 7.543860E-05 | global batch size:   256 | lm loss: 6.762802E+00 | loss scale: 1.0 | grad norm: 1.483 | number of skipped iterations:   0 | number of nan iterations:   0 |
7: [default3]: [2026-05-24 06:06:27.896346] iteration       44/    2293 | consumed samples:        11264 | elapsed time per iteration (ms): 1428.5 | throughput per GPU (TFLOP/s/GPU): 233.0 | tokens/sec/GPU: 22938 | learning rate: 7.719298E-05 | global batch size:   256 | lm loss: 6.574087E+00 | loss scale: 1.0 | grad norm: 1.684 | number of skipped iterations:   0 | number of nan iterations:   0 |
7: [default3]: [2026-05-24 06:06:29.305860] iteration       45/    2293 | consumed samples:        11520 | elapsed time per iteration (ms): 1409.3 | throughput per GPU (TFLOP/s/GPU): 236.2 | tokens/sec/GPU: 23251 | learning rate: 7.894737E-05 | global batch size:   256 | lm loss: 6.615873E+00 | loss scale: 1.0 | grad norm: 1.510 | number of skipped iterations:   0 | number of nan iterations:   0 |
7: [default3]: [2026-05-24 06:06:30.704351] iteration       46/    2293 | consumed samples:        11776 | elapsed time per iteration (ms): 1398.3 | throughput per GPU (TFLOP/s/GPU): 238.0 | tokens/sec/GPU: 23435 | learning rate: 8.070176E-05 | global batch size:   256 | lm loss: 6.575894E+00 | loss scale: 1.0 | grad norm: 1.447 | number of skipped iterations:   0 | number of nan iterations:   0 |
7: [default3]: [2026-05-24 06:06:32.120488] iteration       47/    2293 | consumed samples:        12032 | elapsed time per iteration (ms): 1415.9 | throughput per GPU (TFLOP/s/GPU): 235.1 | tokens/sec/GPU: 23143 | learning rate: 8.245614E-05 | global batch size:   256 | lm loss: 6.505960E+00 | loss scale: 1.0 | grad norm: 2.188 | number of skipped iterations:   0 | number of nan iterations:   0 |
7: [default3]: [2026-05-24 06:06:33.533844] iteration       48/    2293 | consumed samples:        12288 | elapsed time per iteration (ms): 1413.0 | throughput per GPU (TFLOP/s/GPU): 235.5 | tokens/sec/GPU: 23190 | learning rate: 8.421053E-05 | global batch size:   256 | lm loss: 6.553259E+00 | loss scale: 1.0 | grad norm: 1.715 | number of skipped iterations:   0 | number of nan iterations:   0 |
7: [default3]: [2026-05-24 06:06:34.957708] iteration       49/    2293 | consumed samples:        12544 | elapsed time per iteration (ms): 1423.6 | throughput per GPU (TFLOP/s/GPU): 233.8 | tokens/sec/GPU: 23018 | learning rate: 8.596492E-05 | global batch size:   256 | lm loss: 6.401945E+00 | loss scale: 1.0 | grad norm: 1.246 | number of skipped iterations:   0 | number of nan iterations:   0 |
7: [default3]: [2026-05-24 06:06:36.389921] iteration       50/    2293 | consumed samples:        12800 | elapsed time per iteration (ms): 1432.0 | throughput per GPU (TFLOP/s/GPU): 232.4 | tokens/sec/GPU: 22883 | learning rate: 8.771930E-05 | global batch size:   256 | lm loss: 6.370467E+00 | loss scale: 1.0 | grad norm: 1.744 | number of skipped iterations:   0 | number of nan iterations:   0 |
7: [default3]: [2026-05-24 06:06:38.620591] iteration       51/    2293 | consumed samples:        13056 | elapsed time per iteration (ms): 2230.4 | throughput per GPU (TFLOP/s/GPU): 149.2 | tokens/sec/GPU: 14692 | learning rate: 8.947369E-05 | global batch size:   256 | lm loss: 6.280017E+00 | loss scale: 1.0 | grad norm: 1.701 | number of skipped iterations:   0 | number of nan iterations:   0 |
7: [default3]: [2026-05-24 06:06:40.038058] iteration       52/    2293 | consumed samples:        13312 | elapsed time per iteration (ms): 1417.2 | throughput per GPU (TFLOP/s/GPU): 234.8 | tokens/sec/GPU: 23121 | learning rate: 9.122807E-05 | global batch size:   256 | lm loss: 6.335135E+00 | loss scale: 1.0 | grad norm: 1.269 | number of skipped iterations:   0 | number of nan iterations:   0 |
7: [default3]: [2026-05-24 06:06:41.464813] iteration       53/    2293 | consumed samples:        13568 | elapsed time per iteration (ms): 1426.5 | throughput per GPU (TFLOP/s/GPU): 233.3 | tokens/sec/GPU: 22971 | learning rate: 9.298245E-05 | global batch size:   256 | lm loss: 6.320450E+00 | loss scale: 1.0 | grad norm: 1.574 | number of skipped iterations:   0 | number of nan iterations:   0 |
7: [default3]: [2026-05-24 06:06:42.893561] iteration       54/    2293 | consumed samples:        13824 | elapsed time per iteration (ms): 1428.5 | throughput per GPU (TFLOP/s/GPU): 233.0 | tokens/sec/GPU: 22939 | learning rate: 9.473684E-05 | global batch size:   256 | lm loss: 6.285633E+00 | loss scale: 1.0 | grad norm: 1.784 | number of skipped iterations:   0 | number of nan iterations:   0 |
7: [default3]: [2026-05-24 06:06:44.322090] iteration       55/    2293 | consumed samples:        14080 | elapsed time per iteration (ms): 1428.3 | throughput per GPU (TFLOP/s/GPU): 233.0 | tokens/sec/GPU: 22942 | learning rate: 9.649123E-05 | global batch size:   256 | lm loss: 6.274970E+00 | loss scale: 1.0 | grad norm: 1.944 | number of skipped iterations:   0 | number of nan iterations:   0 |
7: [default3]: [2026-05-24 06:06:45.760339] iteration       56/    2293 | consumed samples:        14336 | elapsed time per iteration (ms): 1437.9 | throughput per GPU (TFLOP/s/GPU): 231.5 | tokens/sec/GPU: 22789 | learning rate: 9.824561E-05 | global batch size:   256 | lm loss: 6.227428E+00 | loss scale: 1.0 | grad norm: 1.317 | number of skipped iterations:   0 | number of nan iterations:   0 |
7: [default3]: [2026-05-24 06:06:47.176761] iteration       57/    2293 | consumed samples:        14592 | elapsed time per iteration (ms): 1416.2 | throughput per GPU (TFLOP/s/GPU): 235.0 | tokens/sec/GPU: 23138 | learning rate: 1.000000E-04 | global batch size:   256 | lm loss: 6.216199E+00 | loss scale: 1.0 | grad norm: 1.791 | number of skipped iterations:   0 | number of nan iterations:   0 |
7: [default3]: [2026-05-24 06:06:48.596048] iteration       58/    2293 | consumed samples:        14848 | elapsed time per iteration (ms): 1419.1 | throughput per GPU (TFLOP/s/GPU): 234.5 | tokens/sec/GPU: 23091 | learning rate: 1.017544E-04 | global batch size:   256 | lm loss: 6.040240E+00 | loss scale: 1.0 | grad norm: 1.686 | number of skipped iterations:   0 | number of nan iterations:   0 |
7: [default3]: [2026-05-24 06:06:50.010293] iteration       59/    2293 | consumed samples:        15104 | elapsed time per iteration (ms): 1414.0 | throughput per GPU (TFLOP/s/GPU): 235.4 | tokens/sec/GPU: 23173 | learning rate: 1.035088E-04 | global batch size:   256 | lm loss: 6.059712E+00 | loss scale: 1.0 | grad norm: 1.799 | number of skipped iterations:   0 | number of nan iterations:   0 |
7: [default3]: [2026-05-24 06:06:51.676208] iteration       60/    2293 | consumed samples:        15360 | elapsed time per iteration (ms): 1665.2 | throughput per GPU (TFLOP/s/GPU): 199.9 | tokens/sec/GPU: 19678 | learning rate: 1.052632E-04 | global batch size:   256 | lm loss: 6.080001E+00 | loss scale: 1.0 | grad norm: 1.970 | number of skipped iterations:   0 | number of nan iterations:   0 |
7: [default3]: [2026-05-24 06:06:53.093951] iteration       61/    2293 | consumed samples:        15616 | elapsed time per iteration (ms): 1417.5 | throughput per GPU (TFLOP/s/GPU): 234.8 | tokens/sec/GPU: 23117 | learning rate: 1.070175E-04 | global batch size:   256 | lm loss: 5.994841E+00 | loss scale: 1.0 | grad norm: 1.554 | number of skipped iterations:   0 | number of nan iterations:   0 |
7: [default3]: [2026-05-24 06:06:54.512151] iteration       62/    2293 | consumed samples:        15872 | elapsed time per iteration (ms): 1417.9 | throughput per GPU (TFLOP/s/GPU): 234.7 | tokens/sec/GPU: 23110 | learning rate: 1.087719E-04 | global batch size:   256 | lm loss: 5.886609E+00 | loss scale: 1.0 | grad norm: 1.489 | number of skipped iterations:   0 | number of nan iterations:   0 |
7: [default3]: [2026-05-24 06:06:55.937973] iteration       63/    2293 | consumed samples:        16128 | elapsed time per iteration (ms): 1425.5 | throughput per GPU (TFLOP/s/GPU): 233.5 | tokens/sec/GPU: 22986 | learning rate: 1.105263E-04 | global batch size:   256 | lm loss: 5.960846E+00 | loss scale: 1.0 | grad norm: 1.522 | number of skipped iterations:   0 | number of nan iterations:   0 |
7: [default3]: [2026-05-24 06:06:57.355171] iteration       64/    2293 | consumed samples:        16384 | elapsed time per iteration (ms): 1417.0 | throughput per GPU (TFLOP/s/GPU): 234.9 | tokens/sec/GPU: 23125 | learning rate: 1.122807E-04 | global batch size:   256 | lm loss: 5.907907E+00 | loss scale: 1.0 | grad norm: 1.403 | number of skipped iterations:   0 | number of nan iterations:   0 |
7: [default3]: [2026-05-24 06:06:59.158858] iteration       65/    2293 | consumed samples:        16640 | elapsed time per iteration (ms): 1803.4 | throughput per GPU (TFLOP/s/GPU): 184.6 | tokens/sec/GPU: 18170 | learning rate: 1.140351E-04 | global batch size:   256 | lm loss: 5.882147E+00 | loss scale: 1.0 | grad norm: 1.127 | number of skipped iterations:   0 | number of nan iterations:   0 |
7: [default3]: [2026-05-24 06:07:00.590993] iteration       66/    2293 | consumed samples:        16896 | elapsed time per iteration (ms): 1431.9 | throughput per GPU (TFLOP/s/GPU): 232.4 | tokens/sec/GPU: 22884 | learning rate: 1.157895E-04 | global batch size:   256 | lm loss: 5.809954E+00 | loss scale: 1.0 | grad norm: 1.125 | number of skipped iterations:   0 | number of nan iterations:   0 |
7: [default3]: [2026-05-24 06:07:03.430860] iteration       67/    2293 | consumed samples:        17152 | elapsed time per iteration (ms): 2839.6 | throughput per GPU (TFLOP/s/GPU): 117.2 | tokens/sec/GPU: 11540 | learning rate: 1.175439E-04 | global batch size:   256 | lm loss: 5.878019E+00 | loss scale: 1.0 | grad norm: 2.068 | number of skipped iterations:   0 | number of nan iterations:   0 |
7: [default3]: [2026-05-24 06:07:04.855100] iteration       68/    2293 | consumed samples:        17408 | elapsed time per iteration (ms): 1423.9 | throughput per GPU (TFLOP/s/GPU): 233.7 | tokens/sec/GPU: 23013 | learning rate: 1.192982E-04 | global batch size:   256 | lm loss: 5.772394E+00 | loss scale: 1.0 | grad norm: 1.192 | number of skipped iterations:   0 | number of nan iterations:   0 |
7: [default3]: [2026-05-24 06:07:06.273069] iteration       69/    2293 | consumed samples:        17664 | elapsed time per iteration (ms): 1417.8 | throughput per GPU (TFLOP/s/GPU): 234.8 | tokens/sec/GPU: 23112 | learning rate: 1.210526E-04 | global batch size:   256 | lm loss: 5.731747E+00 | loss scale: 1.0 | grad norm: 1.527 | number of skipped iterations:   0 | number of nan iterations:   0 |
7: [default3]: [2026-05-24 06:07:07.681239] iteration       70/    2293 | consumed samples:        17920 | elapsed time per iteration (ms): 1407.8 | throughput per GPU (TFLOP/s/GPU): 236.4 | tokens/sec/GPU: 23276 | learning rate: 1.228070E-04 | global batch size:   256 | lm loss: 5.849060E+00 | loss scale: 1.0 | grad norm: 1.133 | number of skipped iterations:   0 | number of nan iterations:   0 |
7: [default3]: [2026-05-24 06:07:11.210370] iteration       71/    2293 | consumed samples:        18176 | elapsed time per iteration (ms): 3528.9 | throughput per GPU (TFLOP/s/GPU): 94.3 | tokens/sec/GPU: 9286 | learning rate: 1.245614E-04 | global batch size:   256 | lm loss: 5.656995E+00 | loss scale: 1.0 | grad norm: 1.537 | number of skipped iterations:   0 | number of nan iterations:   0 |
7: [default3]: [2026-05-24 06:07:12.638398] iteration       72/    2293 | consumed samples:        18432 | elapsed time per iteration (ms): 1427.8 | throughput per GPU (TFLOP/s/GPU): 233.1 | tokens/sec/GPU: 22950 | learning rate: 1.263158E-04 | global batch size:   256 | lm loss: 5.650529E+00 | loss scale: 1.0 | grad norm: 1.376 | number of skipped iterations:   0 | number of nan iterations:   0 |
7: [default3]: [2026-05-24 06:07:14.069610] iteration       73/    2293 | consumed samples:        18688 | elapsed time per iteration (ms): 1430.9 | throughput per GPU (TFLOP/s/GPU): 232.6 | tokens/sec/GPU: 22901 | learning rate: 1.280702E-04 | global batch size:   256 | lm loss: 5.771208E+00 | loss scale: 1.0 | grad norm: 1.732 | number of skipped iterations:   0 | number of nan iterations:   0 |
7: [default3]: [2026-05-24 06:07:15.485836] iteration       74/    2293 | consumed samples:        18944 | elapsed time per iteration (ms): 1416.0 | throughput per GPU (TFLOP/s/GPU): 235.1 | tokens/sec/GPU: 23141 | learning rate: 1.298246E-04 | global batch size:   256 | lm loss: 5.710316E+00 | loss scale: 1.0 | grad norm: 1.324 | number of skipped iterations:   0 | number of nan iterations:   0 |
7: [default3]: [2026-05-24 06:07:16.901877] iteration       75/    2293 | consumed samples:        19200 | elapsed time per iteration (ms): 1415.7 | throughput per GPU (TFLOP/s/GPU): 235.1 | tokens/sec/GPU: 23146 | learning rate: 1.315789E-04 | global batch size:   256 | lm loss: 5.605575E+00 | loss scale: 1.0 | grad norm: 1.258 | number of skipped iterations:   0 | number of nan iterations:   0 |
7: [default3]: [2026-05-24 06:07:18.319499] iteration       76/    2293 | consumed samples:        19456 | elapsed time per iteration (ms): 1417.4 | throughput per GPU (TFLOP/s/GPU): 234.8 | tokens/sec/GPU: 23118 | learning rate: 1.333333E-04 | global batch size:   256 | lm loss: 5.655860E+00 | loss scale: 1.0 | grad norm: 1.171 | number of skipped iterations:   0 | number of nan iterations:   0 |
7: [default3]: [2026-05-24 06:07:19.748070] iteration       77/    2293 | consumed samples:        19712 | elapsed time per iteration (ms): 1428.3 | throughput per GPU (TFLOP/s/GPU): 233.0 | tokens/sec/GPU: 22943 | learning rate: 1.350877E-04 | global batch size:   256 | lm loss: 5.573231E+00 | loss scale: 1.0 | grad norm: 1.118 | number of skipped iterations:   0 | number of nan iterations:   0 |
7: [default3]: [2026-05-24 06:07:21.175465] iteration       78/    2293 | consumed samples:        19968 | elapsed time per iteration (ms): 1427.2 | throughput per GPU (TFLOP/s/GPU): 233.2 | tokens/sec/GPU: 22960 | learning rate: 1.368421E-04 | global batch size:   256 | lm loss: 5.554508E+00 | loss scale: 1.0 | grad norm: 1.844 | number of skipped iterations:   0 | number of nan iterations:   0 |
7: [default3]: [2026-05-24 06:07:24.775281] iteration       79/    2293 | consumed samples:        20224 | elapsed time per iteration (ms): 3599.2 | throughput per GPU (TFLOP/s/GPU): 92.5 | tokens/sec/GPU: 9104 | learning rate: 1.385965E-04 | global batch size:   256 | lm loss: 5.516164E+00 | loss scale: 1.0 | grad norm: 1.547 | number of skipped iterations:   0 | number of nan iterations:   0 |
7: [default3]: [2026-05-24 06:07:26.198027] iteration       80/    2293 | consumed samples:        20480 | elapsed time per iteration (ms): 1422.6 | throughput per GPU (TFLOP/s/GPU): 234.0 | tokens/sec/GPU: 23034 | learning rate: 1.403509E-04 | global batch size:   256 | lm loss: 5.588495E+00 | loss scale: 1.0 | grad norm: 0.857 | number of skipped iterations:   0 | number of nan iterations:   0 |
7: [default3]: [2026-05-24 06:07:27.615346] iteration       81/    2293 | consumed samples:        20736 | elapsed time per iteration (ms): 1417.1 | throughput per GPU (TFLOP/s/GPU): 234.9 | tokens/sec/GPU: 23123 | learning rate: 1.421053E-04 | global batch size:   256 | lm loss: 5.475453E+00 | loss scale: 1.0 | grad norm: 0.928 | number of skipped iterations:   0 | number of nan iterations:   0 |
7: [default3]: [2026-05-24 06:07:29.038807] iteration       82/    2293 | consumed samples:        20992 | elapsed time per iteration (ms): 1423.2 | throughput per GPU (TFLOP/s/GPU): 233.9 | tokens/sec/GPU: 23024 | learning rate: 1.438597E-04 | global batch size:   256 | lm loss: 5.413170E+00 | loss scale: 1.0 | grad norm: 1.217 | number of skipped iterations:   0 | number of nan iterations:   0 |
7: [default3]: [2026-05-24 06:07:30.456421] iteration       83/    2293 | consumed samples:        21248 | elapsed time per iteration (ms): 1417.4 | throughput per GPU (TFLOP/s/GPU): 234.8 | tokens/sec/GPU: 23119 | learning rate: 1.456140E-04 | global batch size:   256 | lm loss: 5.466438E+00 | loss scale: 1.0 | grad norm: 1.627 | number of skipped iterations:   0 | number of nan iterations:   0 |
7: [default3]: [2026-05-24 06:07:31.885407] iteration       84/    2293 | consumed samples:        21504 | elapsed time per iteration (ms): 1428.7 | throughput per GPU (TFLOP/s/GPU): 233.0 | tokens/sec/GPU: 22936 | learning rate: 1.473684E-04 | global batch size:   256 | lm loss: 5.475849E+00 | loss scale: 1.0 | grad norm: 1.792 | number of skipped iterations:   0 | number of nan iterations:   0 |
7: [default3]: [2026-05-24 06:07:33.302859] iteration       85/    2293 | consumed samples:        21760 | elapsed time per iteration (ms): 1417.1 | throughput per GPU (TFLOP/s/GPU): 234.9 | tokens/sec/GPU: 23123 | learning rate: 1.491228E-04 | global batch size:   256 | lm loss: 5.410807E+00 | loss scale: 1.0 | grad norm: 1.878 | number of skipped iterations:   0 | number of nan iterations:   0 |
7: [default3]: [2026-05-24 06:07:34.723321] iteration       86/    2293 | consumed samples:        22016 | elapsed time per iteration (ms): 1420.1 | throughput per GPU (TFLOP/s/GPU): 234.4 | tokens/sec/GPU: 23074 | learning rate: 1.508772E-04 | global batch size:   256 | lm loss: 5.341599E+00 | loss scale: 1.0 | grad norm: 1.077 | number of skipped iterations:   0 | number of nan iterations:   0 |
7: [default3]: [2026-05-24 06:07:36.143849] iteration       87/    2293 | consumed samples:        22272 | elapsed time per iteration (ms): 1420.3 | throughput per GPU (TFLOP/s/GPU): 234.3 | tokens/sec/GPU: 23071 | learning rate: 1.526316E-04 | global batch size:   256 | lm loss: 5.305651E+00 | loss scale: 1.0 | grad norm: 1.439 | number of skipped iterations:   0 | number of nan iterations:   0 |
7: [default3]: [2026-05-24 06:07:37.563530] iteration       88/    2293 | consumed samples:        22528 | elapsed time per iteration (ms): 1419.4 | throughput per GPU (TFLOP/s/GPU): 234.5 | tokens/sec/GPU: 23086 | learning rate: 1.543860E-04 | global batch size:   256 | lm loss: 5.404792E+00 | loss scale: 1.0 | grad norm: 1.194 | number of skipped iterations:   0 | number of nan iterations:   0 |
7: [default3]: [2026-05-24 06:07:38.992683] iteration       89/    2293 | consumed samples:        22784 | elapsed time per iteration (ms): 1428.9 | throughput per GPU (TFLOP/s/GPU): 232.9 | tokens/sec/GPU: 22933 | learning rate: 1.561403E-04 | global batch size:   256 | lm loss: 5.329127E+00 | loss scale: 1.0 | grad norm: 1.167 | number of skipped iterations:   0 | number of nan iterations:   0 |
7: [default3]: [2026-05-24 06:07:40.427586] iteration       90/    2293 | consumed samples:        23040 | elapsed time per iteration (ms): 1434.7 | throughput per GPU (TFLOP/s/GPU): 232.0 | tokens/sec/GPU: 22840 | learning rate: 1.578947E-04 | global batch size:   256 | lm loss: 5.325010E+00 | loss scale: 1.0 | grad norm: 1.167 | number of skipped iterations:   0 | number of nan iterations:   0 |
7: [default3]: [2026-05-24 06:07:41.855794] iteration       91/    2293 | consumed samples:        23296 | elapsed time per iteration (ms): 1428.0 | throughput per GPU (TFLOP/s/GPU): 233.1 | tokens/sec/GPU: 22947 | learning rate: 1.596491E-04 | global batch size:   256 | lm loss: 5.296216E+00 | loss scale: 1.0 | grad norm: 1.351 | number of skipped iterations:   0 | number of nan iterations:   0 |
7: [default3]: [2026-05-24 06:07:43.290325] iteration       92/    2293 | consumed samples:        23552 | elapsed time per iteration (ms): 1434.2 | throughput per GPU (TFLOP/s/GPU): 232.1 | tokens/sec/GPU: 22847 | learning rate: 1.614035E-04 | global batch size:   256 | lm loss: 5.242522E+00 | loss scale: 1.0 | grad norm: 1.321 | number of skipped iterations:   0 | number of nan iterations:   0 |
7: [default3]: [2026-05-24 06:07:44.718734] iteration       93/    2293 | consumed samples:        23808 | elapsed time per iteration (ms): 1428.1 | throughput per GPU (TFLOP/s/GPU): 233.1 | tokens/sec/GPU: 22945 | learning rate: 1.631579E-04 | global batch size:   256 | lm loss: 5.262253E+00 | loss scale: 1.0 | grad norm: 1.430 | number of skipped iterations:   0 | number of nan iterations:   0 |
7: [default3]: [2026-05-24 06:07:46.148594] iteration       94/    2293 | consumed samples:        24064 | elapsed time per iteration (ms): 1429.7 | throughput per GPU (TFLOP/s/GPU): 232.8 | tokens/sec/GPU: 22920 | learning rate: 1.649123E-04 | global batch size:   256 | lm loss: 5.295768E+00 | loss scale: 1.0 | grad norm: 1.271 | number of skipped iterations:   0 | number of nan iterations:   0 |
7: [default3]: [2026-05-24 06:07:47.570446] iteration       95/    2293 | consumed samples:        24320 | elapsed time per iteration (ms): 1421.5 | throughput per GPU (TFLOP/s/GPU): 234.1 | tokens/sec/GPU: 23051 | learning rate: 1.666667E-04 | global batch size:   256 | lm loss: 5.188100E+00 | loss scale: 1.0 | grad norm: 1.026 | number of skipped iterations:   0 | number of nan iterations:   0 |
7: [default3]: [2026-05-24 06:07:48.990727] iteration       96/    2293 | consumed samples:        24576 | elapsed time per iteration (ms): 1419.9 | throughput per GPU (TFLOP/s/GPU): 234.4 | tokens/sec/GPU: 23077 | learning rate: 1.684211E-04 | global batch size:   256 | lm loss: 5.157166E+00 | loss scale: 1.0 | grad norm: 2.152 | number of skipped iterations:   0 | number of nan iterations:   0 |
7: [default3]: [2026-05-24 06:07:50.420596] iteration       97/    2293 | consumed samples:        24832 | elapsed time per iteration (ms): 1429.7 | throughput per GPU (TFLOP/s/GPU): 232.8 | tokens/sec/GPU: 22920 | learning rate: 1.701754E-04 | global batch size:   256 | lm loss: 5.201408E+00 | loss scale: 1.0 | grad norm: 0.970 | number of skipped iterations:   0 | number of nan iterations:   0 |
7: [default3]: [2026-05-24 06:07:51.851154] iteration       98/    2293 | consumed samples:        25088 | elapsed time per iteration (ms): 1430.4 | throughput per GPU (TFLOP/s/GPU): 232.7 | tokens/sec/GPU: 22909 | learning rate: 1.719298E-04 | global batch size:   256 | lm loss: 5.100084E+00 | loss scale: 1.0 | grad norm: 1.164 | number of skipped iterations:   0 | number of nan iterations:   0 |
7: [default3]: [2026-05-24 06:07:53.281758] iteration       99/    2293 | consumed samples:        25344 | elapsed time per iteration (ms): 1430.3 | throughput per GPU (TFLOP/s/GPU): 232.7 | tokens/sec/GPU: 22909 | learning rate: 1.736842E-04 | global batch size:   256 | lm loss: 5.205301E+00 | loss scale: 1.0 | grad norm: 1.229 | number of skipped iterations:   0 | number of nan iterations:   0 |
7: [default3]: [2026-05-24 06:07:54.710958] iteration      100/    2293 | consumed samples:        25600 | elapsed time per iteration (ms): 1428.9 | throughput per GPU (TFLOP/s/GPU): 232.9 | tokens/sec/GPU: 22933 | learning rate: 1.754386E-04 | global batch size:   256 | lm loss: 5.163383E+00 | loss scale: 1.0 | grad norm: 1.189 | number of skipped iterations:   0 | number of nan iterations:   0 |
7: [default3]: [2026-05-24 06:07:56.945058] iteration      101/    2293 | consumed samples:        25856 | elapsed time per iteration (ms): 2233.8 | throughput per GPU (TFLOP/s/GPU): 149.0 | tokens/sec/GPU: 14669 | learning rate: 1.771930E-04 | global batch size:   256 | lm loss: 5.004489E+00 | loss scale: 1.0 | grad norm: 0.910 | number of skipped iterations:   0 | number of nan iterations:   0 |
7: [default3]: [2026-05-24 06:07:58.361697] iteration      102/    2293 | consumed samples:        26112 | elapsed time per iteration (ms): 1416.3 | throughput per GPU (TFLOP/s/GPU): 235.0 | tokens/sec/GPU: 23136 | learning rate: 1.789474E-04 | global batch size:   256 | lm loss: 5.170518E+00 | loss scale: 1.0 | grad norm: 1.079 | number of skipped iterations:   0 | number of nan iterations:   0 |
7: [default3]: [2026-05-24 06:07:59.782104] iteration      103/    2293 | consumed samples:        26368 | elapsed time per iteration (ms): 1420.1 | throughput per GPU (TFLOP/s/GPU): 234.4 | tokens/sec/GPU: 23074 | learning rate: 1.807018E-04 | global batch size:   256 | lm loss: 5.182467E+00 | loss scale: 1.0 | grad norm: 1.354 | number of skipped iterations:   0 | number of nan iterations:   0 |
7: [default3]: [2026-05-24 06:08:01.212115] iteration      104/    2293 | consumed samples:        26624 | elapsed time per iteration (ms): 1429.8 | throughput per GPU (TFLOP/s/GPU): 232.8 | tokens/sec/GPU: 22918 | learning rate: 1.824561E-04 | global batch size:   256 | lm loss: 5.091050E+00 | loss scale: 1.0 | grad norm: 1.008 | number of skipped iterations:   0 | number of nan iterations:   0 |
7: [default3]: [2026-05-24 06:08:03.130944] iteration      105/    2293 | consumed samples:        26880 | elapsed time per iteration (ms): 1918.5 | throughput per GPU (TFLOP/s/GPU): 173.5 | tokens/sec/GPU: 17080 | learning rate: 1.842105E-04 | global batch size:   256 | lm loss: 5.123631E+00 | loss scale: 1.0 | grad norm: 2.288 | number of skipped iterations:   0 | number of nan iterations:   0 |
7: [default3]: [2026-05-24 06:08:04.541213] iteration      106/    2293 | consumed samples:        27136 | elapsed time per iteration (ms): 1410.0 | throughput per GPU (TFLOP/s/GPU): 236.1 | tokens/sec/GPU: 23241 | learning rate: 1.859649E-04 | global batch size:   256 | lm loss: 5.083140E+00 | loss scale: 1.0 | grad norm: 3.986 | number of skipped iterations:   0 | number of nan iterations:   0 |
7: [default3]: [2026-05-24 06:08:06.552682] iteration      107/    2293 | consumed samples:        27392 | elapsed time per iteration (ms): 2011.3 | throughput per GPU (TFLOP/s/GPU): 165.5 | tokens/sec/GPU: 16292 | learning rate: 1.877193E-04 | global batch size:   256 | lm loss: 5.039235E+00 | loss scale: 1.0 | grad norm: 1.753 | number of skipped iterations:   0 | number of nan iterations:   0 |
7: [default3]: [2026-05-24 06:08:09.672456] iteration      108/    2293 | consumed samples:        27648 | elapsed time per iteration (ms): 3119.6 | throughput per GPU (TFLOP/s/GPU): 106.7 | tokens/sec/GPU: 10504 | learning rate: 1.894737E-04 | global batch size:   256 | lm loss: 5.152466E+00 | loss scale: 1.0 | grad norm: 4.182 | number of skipped iterations:   0 | number of nan iterations:   0 |
7: [default3]: [2026-05-24 06:08:12.331738] iteration      109/    2293 | consumed samples:        27904 | elapsed time per iteration (ms): 2658.9 | throughput per GPU (TFLOP/s/GPU): 125.2 | tokens/sec/GPU: 12324 | learning rate: 1.912281E-04 | global batch size:   256 | lm loss: 5.130868E+00 | loss scale: 1.0 | grad norm: 2.339 | number of skipped iterations:   0 | number of nan iterations:   0 |
7: [default3]: [2026-05-24 06:08:13.748294] iteration      110/    2293 | consumed samples:        28160 | elapsed time per iteration (ms): 1416.4 | throughput per GPU (TFLOP/s/GPU): 235.0 | tokens/sec/GPU: 23135 | learning rate: 1.929825E-04 | global batch size:   256 | lm loss: 5.065344E+00 | loss scale: 1.0 | grad norm: 1.230 | number of skipped iterations:   0 | number of nan iterations:   0 |
7: [default3]: [2026-05-24 06:08:15.173479] iteration      111/    2293 | consumed samples:        28416 | elapsed time per iteration (ms): 1424.9 | throughput per GPU (TFLOP/s/GPU): 233.6 | tokens/sec/GPU: 22996 | learning rate: 1.947368E-04 | global batch size:   256 | lm loss: 5.022299E+00 | loss scale: 1.0 | grad norm: 1.137 | number of skipped iterations:   0 | number of nan iterations:   0 |
7: [default3]: [2026-05-24 06:08:16.607621] iteration      112/    2293 | consumed samples:        28672 | elapsed time per iteration (ms): 1433.8 | throughput per GPU (TFLOP/s/GPU): 232.1 | tokens/sec/GPU: 22853 | learning rate: 1.964912E-04 | global batch size:   256 | lm loss: 5.078785E+00 | loss scale: 1.0 | grad norm: 1.373 | number of skipped iterations:   0 | number of nan iterations:   0 |
7: [default3]: [2026-05-24 06:08:22.575324] iteration      113/    2293 | consumed samples:        28928 | elapsed time per iteration (ms): 5967.5 | throughput per GPU (TFLOP/s/GPU): 55.8 | tokens/sec/GPU: 5491 | learning rate: 1.982456E-04 | global batch size:   256 | lm loss: 4.933573E+00 | loss scale: 1.0 | grad norm: 1.291 | number of skipped iterations:   0 | number of nan iterations:   0 |
7: [default3]: [2026-05-24 06:08:23.980150] iteration      114/    2293 | consumed samples:        29184 | elapsed time per iteration (ms): 1404.6 | throughput per GPU (TFLOP/s/GPU): 237.0 | tokens/sec/GPU: 23329 | learning rate: 2.000000E-04 | global batch size:   256 | lm loss: 4.939729E+00 | loss scale: 1.0 | grad norm: 1.903 | number of skipped iterations:   0 | number of nan iterations:   0 |
7: [default3]: [2026-05-24 06:08:25.401440] iteration      115/    2293 | consumed samples:        29440 | elapsed time per iteration (ms): 1421.1 | throughput per GPU (TFLOP/s/GPU): 234.2 | tokens/sec/GPU: 23059 | learning rate: 1.999999E-04 | global batch size:   256 | lm loss: 4.926893E+00 | loss scale: 1.0 | grad norm: 1.028 | number of skipped iterations:   0 | number of nan iterations:   0 |
7: [default3]: [2026-05-24 06:08:26.826437] iteration      116/    2293 | consumed samples:        29696 | elapsed time per iteration (ms): 1424.8 | throughput per GPU (TFLOP/s/GPU): 233.6 | tokens/sec/GPU: 22998 | learning rate: 1.999996E-04 | global batch size:   256 | lm loss: 4.998580E+00 | loss scale: 1.0 | grad norm: 1.368 | number of skipped iterations:   0 | number of nan iterations:   0 |
7: [default3]: [2026-05-24 06:08:28.242728] iteration      117/    2293 | consumed samples:        29952 | elapsed time per iteration (ms): 1416.0 | throughput per GPU (TFLOP/s/GPU): 235.1 | tokens/sec/GPU: 23141 | learning rate: 1.999992E-04 | global batch size:   256 | lm loss: 4.949777E+00 | loss scale: 1.0 | grad norm: 1.123 | number of skipped iterations:   0 | number of nan iterations:   0 |
7: [default3]: [2026-05-24 06:08:29.666942] iteration      118/    2293 | consumed samples:        30208 | elapsed time per iteration (ms): 1423.9 | throughput per GPU (TFLOP/s/GPU): 233.7 | tokens/sec/GPU: 23013 | learning rate: 1.999985E-04 | global batch size:   256 | lm loss: 4.847009E+00 | loss scale: 1.0 | grad norm: 1.636 | number of skipped iterations:   0 | number of nan iterations:   0 |
7: [default3]: [2026-05-24 06:08:31.093066] iteration      119/    2293 | consumed samples:        30464 | elapsed time per iteration (ms): 1425.9 | throughput per GPU (TFLOP/s/GPU): 233.4 | tokens/sec/GPU: 22980 | learning rate: 1.999977E-04 | global batch size:   256 | lm loss: 4.986500E+00 | loss scale: 1.0 | grad norm: 1.281 | number of skipped iterations:   0 | number of nan iterations:   0 |
7: [default3]: [2026-05-24 06:08:32.518969] iteration      120/    2293 | consumed samples:        30720 | elapsed time per iteration (ms): 1425.7 | throughput per GPU (TFLOP/s/GPU): 233.5 | tokens/sec/GPU: 22984 | learning rate: 1.999966E-04 | global batch size:   256 | lm loss: 4.890289E+00 | loss scale: 1.0 | grad norm: 3.001 | number of skipped iterations:   0 | number of nan iterations:   0 |
7: [default3]: [2026-05-24 06:08:33.937785] iteration      121/    2293 | consumed samples:        30976 | elapsed time per iteration (ms): 1418.5 | throughput per GPU (TFLOP/s/GPU): 234.6 | tokens/sec/GPU: 23100 | learning rate: 1.999954E-04 | global batch size:   256 | lm loss: 4.840993E+00 | loss scale: 1.0 | grad norm: 1.187 | number of skipped iterations:   0 | number of nan iterations:   0 |
7: [default3]: [2026-05-24 06:08:35.374889] iteration      122/    2293 | consumed samples:        31232 | elapsed time per iteration (ms): 1436.8 | throughput per GPU (TFLOP/s/GPU): 231.7 | tokens/sec/GPU: 22807 | learning rate: 1.999940E-04 | global batch size:   256 | lm loss: 4.757941E+00 | loss scale: 1.0 | grad norm: 0.968 | number of skipped iterations:   0 | number of nan iterations:   0 |
7: [default3]: [2026-05-24 06:08:36.804100] iteration      123/    2293 | consumed samples:        31488 | elapsed time per iteration (ms): 1429.0 | throughput per GPU (TFLOP/s/GPU): 232.9 | tokens/sec/GPU: 22930 | learning rate: 1.999924E-04 | global batch size:   256 | lm loss: 4.776611E+00 | loss scale: 1.0 | grad norm: 0.807 | number of skipped iterations:   0 | number of nan iterations:   0 |
7: [default3]: [2026-05-24 06:08:38.223398] iteration      124/    2293 | consumed samples:        31744 | elapsed time per iteration (ms): 1419.0 | throughput per GPU (TFLOP/s/GPU): 234.6 | tokens/sec/GPU: 23093 | learning rate: 1.999907E-04 | global batch size:   256 | lm loss: 4.718150E+00 | loss scale: 1.0 | grad norm: 0.953 | number of skipped iterations:   0 | number of nan iterations:   0 |
7: [default3]: [2026-05-24 06:08:39.652173] iteration      125/    2293 | consumed samples:        32000 | elapsed time per iteration (ms): 1427.9 | throughput per GPU (TFLOP/s/GPU): 233.1 | tokens/sec/GPU: 22949 | learning rate: 1.999887E-04 | global batch size:   256 | lm loss: 4.788660E+00 | loss scale: 1.0 | grad norm: 1.297 | number of skipped iterations:   0 | number of nan iterations:   0 |
7: [default3]: [2026-05-24 06:08:41.085034] iteration      126/    2293 | consumed samples:        32256 | elapsed time per iteration (ms): 1432.6 | throughput per GPU (TFLOP/s/GPU): 232.3 | tokens/sec/GPU: 22874 | learning rate: 1.999865E-04 | global batch size:   256 | lm loss: 4.705068E+00 | loss scale: 1.0 | grad norm: 0.830 | number of skipped iterations:   0 | number of nan iterations:   0 |
7: [default3]: [2026-05-24 06:08:42.506319] iteration      127/    2293 | consumed samples:        32512 | elapsed time per iteration (ms): 1421.1 | throughput per GPU (TFLOP/s/GPU): 234.2 | tokens/sec/GPU: 23059 | learning rate: 1.999842E-04 | global batch size:   256 | lm loss: 4.777481E+00 | loss scale: 1.0 | grad norm: 1.078 | number of skipped iterations:   0 | number of nan iterations:   0 |
7: [default3]: [2026-05-24 06:08:43.933273] iteration      128/    2293 | consumed samples:        32768 | elapsed time per iteration (ms): 1426.7 | throughput per GPU (TFLOP/s/GPU): 233.3 | tokens/sec/GPU: 22968 | learning rate: 1.999817E-04 | global batch size:   256 | lm loss: 4.700180E+00 | loss scale: 1.0 | grad norm: 0.882 | number of skipped iterations:   0 | number of nan iterations:   0 |
7: [default3]: [2026-05-24 06:08:45.366391] iteration      129/    2293 | consumed samples:        33024 | elapsed time per iteration (ms): 1432.9 | throughput per GPU (TFLOP/s/GPU): 232.3 | tokens/sec/GPU: 22869 | learning rate: 1.999790E-04 | global batch size:   256 | lm loss: 4.813031E+00 | loss scale: 1.0 | grad norm: 1.167 | number of skipped iterations:   0 | number of nan iterations:   0 |
7: [default3]: [2026-05-24 06:08:46.804339] iteration      130/    2293 | consumed samples:        33280 | elapsed time per iteration (ms): 1437.6 | throughput per GPU (TFLOP/s/GPU): 231.5 | tokens/sec/GPU: 22793 | learning rate: 1.999761E-04 | global batch size:   256 | lm loss: 4.696937E+00 | loss scale: 1.0 | grad norm: 1.450 | number of skipped iterations:   0 | number of nan iterations:   0 |
7: [default3]: [2026-05-24 06:08:48.238498] iteration      131/    2293 | consumed samples:        33536 | elapsed time per iteration (ms): 1433.9 | throughput per GPU (TFLOP/s/GPU): 232.1 | tokens/sec/GPU: 22853 | learning rate: 1.999730E-04 | global batch size:   256 | lm loss: 4.703892E+00 | loss scale: 1.0 | grad norm: 0.608 | number of skipped iterations:   0 | number of nan iterations:   0 |
7: [default3]: [2026-05-24 06:08:49.670501] iteration      132/    2293 | consumed samples:        33792 | elapsed time per iteration (ms): 1431.8 | throughput per GPU (TFLOP/s/GPU): 232.5 | tokens/sec/GPU: 22887 | learning rate: 1.999697E-04 | global batch size:   256 | lm loss: 4.681767E+00 | loss scale: 1.0 | grad norm: 0.687 | number of skipped iterations:   0 | number of nan iterations:   0 |
7: [default3]: [2026-05-24 06:08:51.097592] iteration      133/    2293 | consumed samples:        34048 | elapsed time per iteration (ms): 1426.9 | throughput per GPU (TFLOP/s/GPU): 233.3 | tokens/sec/GPU: 22965 | learning rate: 1.999662E-04 | global batch size:   256 | lm loss: 4.727318E+00 | loss scale: 1.0 | grad norm: 0.835 | number of skipped iterations:   0 | number of nan iterations:   0 |
7: [default3]: [2026-05-24 06:08:52.533070] iteration      134/    2293 | consumed samples:        34304 | elapsed time per iteration (ms): 1435.3 | throughput per GPU (TFLOP/s/GPU): 231.9 | tokens/sec/GPU: 22831 | learning rate: 1.999626E-04 | global batch size:   256 | lm loss: 4.643361E+00 | loss scale: 1.0 | grad norm: 1.295 | number of skipped iterations:   0 | number of nan iterations:   0 |
7: [default3]: [2026-05-24 06:08:53.965910] iteration      135/    2293 | consumed samples:        34560 | elapsed time per iteration (ms): 1432.5 | throughput per GPU (TFLOP/s/GPU): 232.4 | tokens/sec/GPU: 22875 | learning rate: 1.999588E-04 | global batch size:   256 | lm loss: 4.748309E+00 | loss scale: 1.0 | grad norm: 0.863 | number of skipped iterations:   0 | number of nan iterations:   0 |
7: [default3]: [2026-05-24 06:08:55.394186] iteration      136/    2293 | consumed samples:        34816 | elapsed time per iteration (ms): 1428.0 | throughput per GPU (TFLOP/s/GPU): 233.1 | tokens/sec/GPU: 22948 | learning rate: 1.999547E-04 | global batch size:   256 | lm loss: 4.670368E+00 | loss scale: 1.0 | grad norm: 1.374 | number of skipped iterations:   0 | number of nan iterations:   0 |
7: [default3]: [2026-05-24 06:08:56.820910] iteration      137/    2293 | consumed samples:        35072 | elapsed time per iteration (ms): 1426.5 | throughput per GPU (TFLOP/s/GPU): 233.3 | tokens/sec/GPU: 22971 | learning rate: 1.999505E-04 | global batch size:   256 | lm loss: 4.623025E+00 | loss scale: 1.0 | grad norm: 0.681 | number of skipped iterations:   0 | number of nan iterations:   0 |
7: [default3]: [2026-05-24 06:08:58.251048] iteration      138/    2293 | consumed samples:        35328 | elapsed time per iteration (ms): 1429.9 | throughput per GPU (TFLOP/s/GPU): 232.8 | tokens/sec/GPU: 22917 | learning rate: 1.999461E-04 | global batch size:   256 | lm loss: 4.637802E+00 | loss scale: 1.0 | grad norm: 0.707 | number of skipped iterations:   0 | number of nan iterations:   0 |
7: [default3]: [2026-05-24 06:08:59.697151] iteration      139/    2293 | consumed samples:        35584 | elapsed time per iteration (ms): 1445.8 | throughput per GPU (TFLOP/s/GPU): 230.2 | tokens/sec/GPU: 22664 | learning rate: 1.999415E-04 | global batch size:   256 | lm loss: 4.539506E+00 | loss scale: 1.0 | grad norm: 0.808 | number of skipped iterations:   0 | number of nan iterations:   0 |
7: [default3]: [2026-05-24 06:09:01.116605] iteration      140/    2293 | consumed samples:        35840 | elapsed time per iteration (ms): 1419.2 | throughput per GPU (TFLOP/s/GPU): 234.5 | tokens/sec/GPU: 23089 | learning rate: 1.999368E-04 | global batch size:   256 | lm loss: 4.570322E+00 | loss scale: 1.0 | grad norm: 0.839 | number of skipped iterations:   0 | number of nan iterations:   0 |
7: [default3]: [2026-05-24 06:09:02.542680] iteration      141/    2293 | consumed samples:        36096 | elapsed time per iteration (ms): 1425.6 | throughput per GPU (TFLOP/s/GPU): 233.5 | tokens/sec/GPU: 22985 | learning rate: 1.999318E-04 | global batch size:   256 | lm loss: 4.604011E+00 | loss scale: 1.0 | grad norm: 0.865 | number of skipped iterations:   0 | number of nan iterations:   0 |
7: [default3]: [2026-05-24 06:09:03.967760] iteration      142/    2293 | consumed samples:        36352 | elapsed time per iteration (ms): 1424.8 | throughput per GPU (TFLOP/s/GPU): 233.6 | tokens/sec/GPU: 22999 | learning rate: 1.999267E-04 | global batch size:   256 | lm loss: 4.570595E+00 | loss scale: 1.0 | grad norm: 2.422 | number of skipped iterations:   0 | number of nan iterations:   0 |
7: [default3]: [2026-05-24 06:09:05.807005] iteration      143/    2293 | consumed samples:        36608 | elapsed time per iteration (ms): 1839.0 | throughput per GPU (TFLOP/s/GPU): 181.0 | tokens/sec/GPU: 17818 | learning rate: 1.999213E-04 | global batch size:   256 | lm loss: 4.672503E+00 | loss scale: 1.0 | grad norm: 0.780 | number of skipped iterations:   0 | number of nan iterations:   0 |
7: [default3]: [2026-05-24 06:09:07.573436] iteration      144/    2293 | consumed samples:        36864 | elapsed time per iteration (ms): 1766.2 | throughput per GPU (TFLOP/s/GPU): 188.4 | tokens/sec/GPU: 18553 | learning rate: 1.999158E-04 | global batch size:   256 | lm loss: 4.537554E+00 | loss scale: 1.0 | grad norm: 0.797 | number of skipped iterations:   0 | number of nan iterations:   0 |
7: [default3]: [2026-05-24 06:09:08.994565] iteration      145/    2293 | consumed samples:        37120 | elapsed time per iteration (ms): 1420.9 | throughput per GPU (TFLOP/s/GPU): 234.2 | tokens/sec/GPU: 23062 | learning rate: 1.999101E-04 | global batch size:   256 | lm loss: 4.602266E+00 | loss scale: 1.0 | grad norm: 0.752 | number of skipped iterations:   0 | number of nan iterations:   0 |
7: [default3]: [2026-05-24 06:09:10.407995] iteration      146/    2293 | consumed samples:        37376 | elapsed time per iteration (ms): 1413.1 | throughput per GPU (TFLOP/s/GPU): 235.5 | tokens/sec/GPU: 23188 | learning rate: 1.999042E-04 | global batch size:   256 | lm loss: 4.541562E+00 | loss scale: 1.0 | grad norm: 0.720 | number of skipped iterations:   0 | number of nan iterations:   0 |
7: [default3]: [2026-05-24 06:09:13.319138] iteration      147/    2293 | consumed samples:        37632 | elapsed time per iteration (ms): 2911.0 | throughput per GPU (TFLOP/s/GPU): 114.3 | tokens/sec/GPU: 11257 | learning rate: 1.998982E-04 | global batch size:   256 | lm loss: 4.581324E+00 | loss scale: 1.0 | grad norm: 0.654 | number of skipped iterations:   0 | number of nan iterations:   0 |
7: [default3]: [2026-05-24 06:09:16.003102] iteration      148/    2293 | consumed samples:        37888 | elapsed time per iteration (ms): 2683.6 | throughput per GPU (TFLOP/s/GPU): 124.0 | tokens/sec/GPU: 12210 | learning rate: 1.998919E-04 | global batch size:   256 | lm loss: 4.542279E+00 | loss scale: 1.0 | grad norm: 0.739 | number of skipped iterations:   0 | number of nan iterations:   0 |
7: [default3]: [2026-05-24 06:09:17.427399] iteration      149/    2293 | consumed samples:        38144 | elapsed time per iteration (ms): 1424.0 | throughput per GPU (TFLOP/s/GPU): 233.7 | tokens/sec/GPU: 23012 | learning rate: 1.998854E-04 | global batch size:   256 | lm loss: 4.535615E+00 | loss scale: 1.0 | grad norm: 0.854 | number of skipped iterations:   0 | number of nan iterations:   0 |
7: [default3]: [2026-05-24 06:09:20.684519] iteration      150/    2293 | consumed samples:        38400 | elapsed time per iteration (ms): 3256.9 | throughput per GPU (TFLOP/s/GPU): 102.2 | tokens/sec/GPU: 10061 | learning rate: 1.998788E-04 | global batch size:   256 | lm loss: 4.562832E+00 | loss scale: 1.0 | grad norm: 0.593 | number of skipped iterations:   0 | number of nan iterations:   0 |
7: [default3]: [2026-05-24 06:09:22.942165] iteration      151/    2293 | consumed samples:        38656 | elapsed time per iteration (ms): 2257.3 | throughput per GPU (TFLOP/s/GPU): 147.4 | tokens/sec/GPU: 14517 | learning rate: 1.998720E-04 | global batch size:   256 | lm loss: 4.537065E+00 | loss scale: 1.0 | grad norm: 0.712 | number of skipped iterations:   0 | number of nan iterations:   0 |
7: [default3]: [2026-05-24 06:09:24.368364] iteration      152/    2293 | consumed samples:        38912 | elapsed time per iteration (ms): 1425.9 | throughput per GPU (TFLOP/s/GPU): 233.4 | tokens/sec/GPU: 22980 | learning rate: 1.998650E-04 | global batch size:   256 | lm loss: 4.479677E+00 | loss scale: 1.0 | grad norm: 0.537 | number of skipped iterations:   0 | number of nan iterations:   0 |
7: [default3]: [2026-05-24 06:09:25.783014] iteration      153/    2293 | consumed samples:        39168 | elapsed time per iteration (ms): 1414.4 | throughput per GPU (TFLOP/s/GPU): 235.3 | tokens/sec/GPU: 23168 | learning rate: 1.998578E-04 | global batch size:   256 | lm loss: 4.480668E+00 | loss scale: 1.0 | grad norm: 0.545 | number of skipped iterations:   0 | number of nan iterations:   0 |
7: [default3]: [2026-05-24 06:09:27.203368] iteration      154/    2293 | consumed samples:        39424 | elapsed time per iteration (ms): 1420.2 | throughput per GPU (TFLOP/s/GPU): 234.4 | tokens/sec/GPU: 23073 | learning rate: 1.998504E-04 | global batch size:   256 | lm loss: 4.451077E+00 | loss scale: 1.0 | grad norm: 0.542 | number of skipped iterations:   0 | number of nan iterations:   0 |
7: [default3]: [2026-05-24 06:09:29.590288] iteration      155/    2293 | consumed samples:        39680 | elapsed time per iteration (ms): 2386.6 | throughput per GPU (TFLOP/s/GPU): 139.5 | tokens/sec/GPU: 13730 | learning rate: 1.998428E-04 | global batch size:   256 | lm loss: 4.413764E+00 | loss scale: 1.0 | grad norm: 0.694 | number of skipped iterations:   0 | number of nan iterations:   0 |
7: [default3]: [2026-05-24 06:09:31.019096] iteration      156/    2293 | consumed samples:        39936 | elapsed time per iteration (ms): 1428.4 | throughput per GPU (TFLOP/s/GPU): 233.0 | tokens/sec/GPU: 22940 | learning rate: 1.998350E-04 | global batch size:   256 | lm loss: 4.470107E+00 | loss scale: 1.0 | grad norm: 0.755 | number of skipped iterations:   0 | number of nan iterations:   0 |
7: [default3]: [2026-05-24 06:09:32.444293] iteration      157/    2293 | consumed samples:        40192 | elapsed time per iteration (ms): 1425.0 | throughput per GPU (TFLOP/s/GPU): 233.6 | tokens/sec/GPU: 22995 | learning rate: 1.998271E-04 | global batch size:   256 | lm loss: 4.468483E+00 | loss scale: 1.0 | grad norm: 1.172 | number of skipped iterations:   0 | number of nan iterations:   0 |
7: [default3]: [2026-05-24 06:09:33.868915] iteration      158/    2293 | consumed samples:        40448 | elapsed time per iteration (ms): 1424.3 | throughput per GPU (TFLOP/s/GPU): 233.7 | tokens/sec/GPU: 23006 | learning rate: 1.998190E-04 | global batch size:   256 | lm loss: 4.368423E+00 | loss scale: 1.0 | grad norm: 0.575 | number of skipped iterations:   0 | number of nan iterations:   0 |
7: [default3]: [2026-05-24 06:09:37.155853] iteration      159/    2293 | consumed samples:        40704 | elapsed time per iteration (ms): 3286.2 | throughput per GPU (TFLOP/s/GPU): 101.3 | tokens/sec/GPU: 9971 | learning rate: 1.998106E-04 | global batch size:   256 | lm loss: 4.327029E+00 | loss scale: 1.0 | grad norm: 0.637 | number of skipped iterations:   0 | number of nan iterations:   0 |
7: [default3]: [2026-05-24 06:09:38.572477] iteration      160/    2293 | consumed samples:        40960 | elapsed time per iteration (ms): 1416.3 | throughput per GPU (TFLOP/s/GPU): 235.0 | tokens/sec/GPU: 23136 | learning rate: 1.998021E-04 | global batch size:   256 | lm loss: 4.460934E+00 | loss scale: 1.0 | grad norm: 0.716 | number of skipped iterations:   0 | number of nan iterations:   0 |
7: [default3]: [2026-05-24 06:09:39.993579] iteration      161/    2293 | consumed samples:        41216 | elapsed time per iteration (ms): 1420.9 | throughput per GPU (TFLOP/s/GPU): 234.2 | tokens/sec/GPU: 23062 | learning rate: 1.997934E-04 | global batch size:   256 | lm loss: 4.402551E+00 | loss scale: 1.0 | grad norm: 0.519 | number of skipped iterations:   0 | number of nan iterations:   0 |
7: [default3]: [2026-05-24 06:09:41.420723] iteration      162/    2293 | consumed samples:        41472 | elapsed time per iteration (ms): 1426.8 | throughput per GPU (TFLOP/s/GPU): 233.3 | tokens/sec/GPU: 22965 | learning rate: 1.997846E-04 | global batch size:   256 | lm loss: 4.401284E+00 | loss scale: 1.0 | grad norm: 0.719 | number of skipped iterations:   0 | number of nan iterations:   0 |
7: [default3]: [2026-05-24 06:09:43.558173] iteration      163/    2293 | consumed samples:        41728 | elapsed time per iteration (ms): 2137.3 | throughput per GPU (TFLOP/s/GPU): 155.7 | tokens/sec/GPU: 15332 | learning rate: 1.997755E-04 | global batch size:   256 | lm loss: 4.361625E+00 | loss scale: 1.0 | grad norm: 0.662 | number of skipped iterations:   0 | number of nan iterations:   0 |
7: [default3]: [2026-05-24 06:09:44.977611] iteration      164/    2293 | consumed samples:        41984 | elapsed time per iteration (ms): 1419.1 | throughput per GPU (TFLOP/s/GPU): 234.5 | tokens/sec/GPU: 23090 | learning rate: 1.997662E-04 | global batch size:   256 | lm loss: 4.273539E+00 | loss scale: 1.0 | grad norm: 0.645 | number of skipped iterations:   0 | number of nan iterations:   0 |
7: [default3]: [2026-05-24 06:09:46.399216] iteration      165/    2293 | consumed samples:        42240 | elapsed time per iteration (ms): 1421.4 | throughput per GPU (TFLOP/s/GPU): 234.2 | tokens/sec/GPU: 23054 | learning rate: 1.997568E-04 | global batch size:   256 | lm loss: 4.369820E+00 | loss scale: 1.0 | grad norm: 0.672 | number of skipped iterations:   0 | number of nan iterations:   0 |
7: [default3]: [2026-05-24 06:09:48.470584] iteration      166/    2293 | consumed samples:        42496 | elapsed time per iteration (ms): 2071.1 | throughput per GPU (TFLOP/s/GPU): 160.7 | tokens/sec/GPU: 15821 | learning rate: 1.997472E-04 | global batch size:   256 | lm loss: 4.275542E+00 | loss scale: 1.0 | grad norm: 0.548 | number of skipped iterations:   0 | number of nan iterations:   0 |
7: [default3]: [2026-05-24 06:09:49.970459] iteration      167/    2293 | consumed samples:        42752 | elapsed time per iteration (ms): 1499.6 | throughput per GPU (TFLOP/s/GPU): 221.9 | tokens/sec/GPU: 21851 | learning rate: 1.997374E-04 | global batch size:   256 | lm loss: 4.246506E+00 | loss scale: 1.0 | grad norm: 0.585 | number of skipped iterations:   0 | number of nan iterations:   0 |
7: [default3]: [2026-05-24 06:09:51.767524] iteration      168/    2293 | consumed samples:        43008 | elapsed time per iteration (ms): 1796.6 | throughput per GPU (TFLOP/s/GPU): 185.3 | tokens/sec/GPU: 18239 | learning rate: 1.997274E-04 | global batch size:   256 | lm loss: 4.340210E+00 | loss scale: 1.0 | grad norm: 0.620 | number of skipped iterations:   0 | number of nan iterations:   0 |
7: [default3]: [2026-05-24 06:09:53.211398] iteration      169/    2293 | consumed samples:        43264 | elapsed time per iteration (ms): 1443.6 | throughput per GPU (TFLOP/s/GPU): 230.6 | tokens/sec/GPU: 22698 | learning rate: 1.997172E-04 | global batch size:   256 | lm loss: 4.308128E+00 | loss scale: 1.0 | grad norm: 0.589 | number of skipped iterations:   0 | number of nan iterations:   0 |
7: [default3]: [2026-05-24 06:09:54.645352] iteration      170/    2293 | consumed samples:        43520 | elapsed time per iteration (ms): 1433.6 | throughput per GPU (TFLOP/s/GPU): 232.2 | tokens/sec/GPU: 22856 | learning rate: 1.997068E-04 | global batch size:   256 | lm loss: 4.194687E+00 | loss scale: 1.0 | grad norm: 0.741 | number of skipped iterations:   0 | number of nan iterations:   0 |
7: [default3]: [2026-05-24 06:09:58.825408] iteration      171/    2293 | consumed samples:        43776 | elapsed time per iteration (ms): 4179.4 | throughput per GPU (TFLOP/s/GPU): 79.6 | tokens/sec/GPU: 7840 | learning rate: 1.996963E-04 | global batch size:   256 | lm loss: 4.303055E+00 | loss scale: 1.0 | grad norm: 0.628 | number of skipped iterations:   0 | number of nan iterations:   0 |
7: [default3]: [2026-05-24 06:10:00.245876] iteration      172/    2293 | consumed samples:        44032 | elapsed time per iteration (ms): 1420.2 | throughput per GPU (TFLOP/s/GPU): 234.4 | tokens/sec/GPU: 23073 | learning rate: 1.996855E-04 | global batch size:   256 | lm loss: 4.343562E+00 | loss scale: 1.0 | grad norm: 0.672 | number of skipped iterations:   0 | number of nan iterations:   0 |
7: [default3]: [2026-05-24 06:10:01.673821] iteration      173/    2293 | consumed samples:        44288 | elapsed time per iteration (ms): 1427.7 | throughput per GPU (TFLOP/s/GPU): 233.1 | tokens/sec/GPU: 22952 | learning rate: 1.996746E-04 | global batch size:   256 | lm loss: 4.197665E+00 | loss scale: 1.0 | grad norm: 0.782 | number of skipped iterations:   0 | number of nan iterations:   0 |
7: [default3]: [2026-05-24 06:10:03.096645] iteration      174/    2293 | consumed samples:        44544 | elapsed time per iteration (ms): 1422.6 | throughput per GPU (TFLOP/s/GPU): 234.0 | tokens/sec/GPU: 23034 | learning rate: 1.996635E-04 | global batch size:   256 | lm loss: 4.377059E+00 | loss scale: 1.0 | grad norm: 0.836 | number of skipped iterations:   0 | number of nan iterations:   0 |
7: [default3]: [2026-05-24 06:10:04.525642] iteration      175/    2293 | consumed samples:        44800 | elapsed time per iteration (ms): 1428.7 | throughput per GPU (TFLOP/s/GPU): 233.0 | tokens/sec/GPU: 22936 | learning rate: 1.996522E-04 | global batch size:   256 | lm loss: 4.288171E+00 | loss scale: 1.0 | grad norm: 0.676 | number of skipped iterations:   0 | number of nan iterations:   0 |
7: [default3]: [2026-05-24 06:10:05.958074] iteration      176/    2293 | consumed samples:        45056 | elapsed time per iteration (ms): 1432.1 | throughput per GPU (TFLOP/s/GPU): 232.4 | tokens/sec/GPU: 22881 | learning rate: 1.996407E-04 | global batch size:   256 | lm loss: 4.267658E+00 | loss scale: 1.0 | grad norm: 1.373 | number of skipped iterations:   0 | number of nan iterations:   0 |
7: [default3]: [2026-05-24 06:10:07.397853] iteration      177/    2293 | consumed samples:        45312 | elapsed time per iteration (ms): 1439.6 | throughput per GPU (TFLOP/s/GPU): 231.2 | tokens/sec/GPU: 22762 | learning rate: 1.996290E-04 | global batch size:   256 | lm loss: 4.257626E+00 | loss scale: 1.0 | grad norm: 0.737 | number of skipped iterations:   0 | number of nan iterations:   0 |
7: [default3]: [2026-05-24 06:10:08.823062] iteration      178/    2293 | consumed samples:        45568 | elapsed time per iteration (ms): 1425.0 | throughput per GPU (TFLOP/s/GPU): 233.6 | tokens/sec/GPU: 22995 | learning rate: 1.996171E-04 | global batch size:   256 | lm loss: 4.189666E+00 | loss scale: 1.0 | grad norm: 0.851 | number of skipped iterations:   0 | number of nan iterations:   0 |
7: [default3]: [2026-05-24 06:10:10.251177] iteration      179/    2293 | consumed samples:        45824 | elapsed time per iteration (ms): 1427.8 | throughput per GPU (TFLOP/s/GPU): 233.1 | tokens/sec/GPU: 22950 | learning rate: 1.996051E-04 | global batch size:   256 | lm loss: 4.310294E+00 | loss scale: 1.0 | grad norm: 0.874 | number of skipped iterations:   0 | number of nan iterations:   0 |
7: [default3]: [2026-05-24 06:10:11.675676] iteration      180/    2293 | consumed samples:        46080 | elapsed time per iteration (ms): 1424.3 | throughput per GPU (TFLOP/s/GPU): 233.7 | tokens/sec/GPU: 23006 | learning rate: 1.995928E-04 | global batch size:   256 | lm loss: 4.237557E+00 | loss scale: 1.0 | grad norm: 0.795 | number of skipped iterations:   0 | number of nan iterations:   0 |
7: [default3]: [2026-05-24 06:10:14.357602] iteration      181/    2293 | consumed samples:        46336 | elapsed time per iteration (ms): 2681.7 | throughput per GPU (TFLOP/s/GPU): 124.1 | tokens/sec/GPU: 12219 | learning rate: 1.995804E-04 | global batch size:   256 | lm loss: 4.168247E+00 | loss scale: 1.0 | grad norm: 0.944 | number of skipped iterations:   0 | number of nan iterations:   0 |
7: [default3]: [2026-05-24 06:10:15.768906] iteration      182/    2293 | consumed samples:        46592 | elapsed time per iteration (ms): 1411.1 | throughput per GPU (TFLOP/s/GPU): 235.9 | tokens/sec/GPU: 23222 | learning rate: 1.995678E-04 | global batch size:   256 | lm loss: 4.256688E+00 | loss scale: 1.0 | grad norm: 0.663 | number of skipped iterations:   0 | number of nan iterations:   0 |
7: [default3]: [2026-05-24 06:10:18.502402] iteration      183/    2293 | consumed samples:        46848 | elapsed time per iteration (ms): 2733.3 | throughput per GPU (TFLOP/s/GPU): 121.8 | tokens/sec/GPU: 11988 | learning rate: 1.995550E-04 | global batch size:   256 | lm loss: 4.184509E+00 | loss scale: 1.0 | grad norm: 0.791 | number of skipped iterations:   0 | number of nan iterations:   0 |
7: [default3]: [2026-05-24 06:10:19.917009] iteration      184/    2293 | consumed samples:        47104 | elapsed time per iteration (ms): 1414.3 | throughput per GPU (TFLOP/s/GPU): 235.3 | tokens/sec/GPU: 23170 | learning rate: 1.995420E-04 | global batch size:   256 | lm loss: 4.265303E+00 | loss scale: 1.0 | grad norm: 0.547 | number of skipped iterations:   0 | number of nan iterations:   0 |
7: [default3]: [2026-05-24 06:10:21.345323] iteration      185/    2293 | consumed samples:        47360 | elapsed time per iteration (ms): 1428.1 | throughput per GPU (TFLOP/s/GPU): 233.1 | tokens/sec/GPU: 22945 | learning rate: 1.995289E-04 | global batch size:   256 | lm loss: 4.109554E+00 | loss scale: 1.0 | grad norm: 0.566 | number of skipped iterations:   0 | number of nan iterations:   0 |
7: [default3]: [2026-05-24 06:10:22.766728] iteration      186/    2293 | consumed samples:        47616 | elapsed time per iteration (ms): 1421.2 | throughput per GPU (TFLOP/s/GPU): 234.2 | tokens/sec/GPU: 23057 | learning rate: 1.995155E-04 | global batch size:   256 | lm loss: 4.221601E+00 | loss scale: 1.0 | grad norm: 0.483 | number of skipped iterations:   0 | number of nan iterations:   0 |
7: [default3]: [2026-05-24 06:10:28.240708] iteration      187/    2293 | consumed samples:        47872 | elapsed time per iteration (ms): 5473.7 | throughput per GPU (TFLOP/s/GPU): 60.8 | tokens/sec/GPU: 5986 | learning rate: 1.995020E-04 | global batch size:   256 | lm loss: 4.200351E+00 | loss scale: 1.0 | grad norm: 1.072 | number of skipped iterations:   0 | number of nan iterations:   0 |
7: [default3]: [2026-05-24 06:10:29.649990] iteration      188/    2293 | consumed samples:        48128 | elapsed time per iteration (ms): 1409.1 | throughput per GPU (TFLOP/s/GPU): 236.2 | tokens/sec/GPU: 23255 | learning rate: 1.994883E-04 | global batch size:   256 | lm loss: 4.088044E+00 | loss scale: 1.0 | grad norm: 0.532 | number of skipped iterations:   0 | number of nan iterations:   0 |
7: [default3]: [2026-05-24 06:10:31.068017] iteration      189/    2293 | consumed samples:        48384 | elapsed time per iteration (ms): 1417.8 | throughput per GPU (TFLOP/s/GPU): 234.7 | tokens/sec/GPU: 23111 | learning rate: 1.994744E-04 | global batch size:   256 | lm loss: 4.256228E+00 | loss scale: 1.0 | grad norm: 0.815 | number of skipped iterations:   0 | number of nan iterations:   0 |
7: [default3]: [2026-05-24 06:10:32.484610] iteration      190/    2293 | consumed samples:        48640 | elapsed time per iteration (ms): 1416.4 | throughput per GPU (TFLOP/s/GPU): 235.0 | tokens/sec/GPU: 23135 | learning rate: 1.994602E-04 | global batch size:   256 | lm loss: 4.213584E+00 | loss scale: 1.0 | grad norm: 0.478 | number of skipped iterations:   0 | number of nan iterations:   0 |
7: [default3]: [2026-05-24 06:10:36.489996] iteration      191/    2293 | consumed samples:        48896 | elapsed time per iteration (ms): 4005.1 | throughput per GPU (TFLOP/s/GPU): 83.1 | tokens/sec/GPU: 8181 | learning rate: 1.994460E-04 | global batch size:   256 | lm loss: 4.010429E+00 | loss scale: 1.0 | grad norm: 0.595 | number of skipped iterations:   0 | number of nan iterations:   0 |
7: [default3]: [2026-05-24 06:10:37.908709] iteration      192/    2293 | consumed samples:        49152 | elapsed time per iteration (ms): 1418.5 | throughput per GPU (TFLOP/s/GPU): 234.6 | tokens/sec/GPU: 23101 | learning rate: 1.994315E-04 | global batch size:   256 | lm loss: 4.125541E+00 | loss scale: 1.0 | grad norm: 0.646 | number of skipped iterations:   0 | number of nan iterations:   0 |
7: [default3]: [2026-05-24 06:10:39.331825] iteration      193/    2293 | consumed samples:        49408 | elapsed time per iteration (ms): 1422.8 | throughput per GPU (TFLOP/s/GPU): 233.9 | tokens/sec/GPU: 23030 | learning rate: 1.994168E-04 | global batch size:   256 | lm loss: 4.078607E+00 | loss scale: 1.0 | grad norm: 0.610 | number of skipped iterations:   0 | number of nan iterations:   0 |
7: [default3]: [2026-05-24 06:10:40.759997] iteration      194/    2293 | consumed samples:        49664 | elapsed time per iteration (ms): 1427.9 | throughput per GPU (TFLOP/s/GPU): 233.1 | tokens/sec/GPU: 22948 | learning rate: 1.994020E-04 | global batch size:   256 | lm loss: 4.126414E+00 | loss scale: 1.0 | grad norm: 2.231 | number of skipped iterations:   0 | number of nan iterations:   0 |
7: [default3]: [2026-05-24 06:10:43.119202] iteration      195/    2293 | consumed samples:        49920 | elapsed time per iteration (ms): 2359.0 | throughput per GPU (TFLOP/s/GPU): 141.1 | tokens/sec/GPU: 13891 | learning rate: 1.993870E-04 | global batch size:   256 | lm loss: 4.127384E+00 | loss scale: 1.0 | grad norm: 0.633 | number of skipped iterations:   0 | number of nan iterations:   0 |
7: [default3]: [2026-05-24 06:10:44.534218] iteration      196/    2293 | consumed samples:        50176 | elapsed time per iteration (ms): 1414.7 | throughput per GPU (TFLOP/s/GPU): 235.3 | tokens/sec/GPU: 23163 | learning rate: 1.993718E-04 | global batch size:   256 | lm loss: 4.096518E+00 | loss scale: 1.0 | grad norm: 1.324 | number of skipped iterations:   0 | number of nan iterations:   0 |
7: [default3]: [2026-05-24 06:10:45.955297] iteration      197/    2293 | consumed samples:        50432 | elapsed time per iteration (ms): 1420.9 | throughput per GPU (TFLOP/s/GPU): 234.2 | tokens/sec/GPU: 23062 | learning rate: 1.993564E-04 | global batch size:   256 | lm loss: 3.938466E+00 | loss scale: 1.0 | grad norm: 0.877 | number of skipped iterations:   0 | number of nan iterations:   0 |
7: [default3]: [2026-05-24 06:10:47.374378] iteration      198/    2293 | consumed samples:        50688 | elapsed time per iteration (ms): 1418.8 | throughput per GPU (TFLOP/s/GPU): 234.6 | tokens/sec/GPU: 23096 | learning rate: 1.993408E-04 | global batch size:   256 | lm loss: 4.067027E+00 | loss scale: 1.0 | grad norm: 0.706 | number of skipped iterations:   0 | number of nan iterations:   0 |
7: [default3]: [2026-05-24 06:10:51.146108] iteration      199/    2293 | consumed samples:        50944 | elapsed time per iteration (ms): 3771.5 | throughput per GPU (TFLOP/s/GPU): 88.2 | tokens/sec/GPU: 8688 | learning rate: 1.993250E-04 | global batch size:   256 | lm loss: 4.203982E+00 | loss scale: 1.0 | grad norm: 5.735 | number of skipped iterations:   0 | number of nan iterations:   0 |
7: [default3]: [2026-05-24 06:10:52.562131] iteration      200/    2293 | consumed samples:        51200 | elapsed time per iteration (ms): 1415.8 | throughput per GPU (TFLOP/s/GPU): 235.1 | tokens/sec/GPU: 23145 | learning rate: 1.993091E-04 | global batch size:   256 | lm loss: 4.134576E+00 | loss scale: 1.0 | grad norm: 0.903 | number of skipped iterations:   0 | number of nan iterations:   0 |
7: [default3]: [2026-05-24 06:10:54.821547] iteration      201/    2293 | consumed samples:        51456 | elapsed time per iteration (ms): 2259.2 | throughput per GPU (TFLOP/s/GPU): 147.3 | tokens/sec/GPU: 14504 | learning rate: 1.992929E-04 | global batch size:   256 | lm loss: 4.009089E+00 | loss scale: 1.0 | grad norm: 1.001 | number of skipped iterations:   0 | number of nan iterations:   0 |
7: [default3]: [2026-05-24 06:10:56.243294] iteration      202/    2293 | consumed samples:        51712 | elapsed time per iteration (ms): 1421.5 | throughput per GPU (TFLOP/s/GPU): 234.1 | tokens/sec/GPU: 23052 | learning rate: 1.992766E-04 | global batch size:   256 | lm loss: 4.077184E+00 | loss scale: 1.0 | grad norm: 1.127 | number of skipped iterations:   0 | number of nan iterations:   0 |
7: [default3]: [2026-05-24 06:10:57.661211] iteration      203/    2293 | consumed samples:        51968 | elapsed time per iteration (ms): 1417.7 | throughput per GPU (TFLOP/s/GPU): 234.8 | tokens/sec/GPU: 23114 | learning rate: 1.992601E-04 | global batch size:   256 | lm loss: 4.026560E+00 | loss scale: 1.0 | grad norm: 0.901 | number of skipped iterations:   0 | number of nan iterations:   0 |
7: [default3]: [2026-05-24 06:10:59.086827] iteration      204/    2293 | consumed samples:        52224 | elapsed time per iteration (ms): 1425.4 | throughput per GPU (TFLOP/s/GPU): 233.5 | tokens/sec/GPU: 22989 | learning rate: 1.992434E-04 | global batch size:   256 | lm loss: 4.139975E+00 | loss scale: 1.0 | grad norm: 1.682 | number of skipped iterations:   0 | number of nan iterations:   0 |
7: [default3]: [2026-05-24 06:11:00.520279] iteration      205/    2293 | consumed samples:        52480 | elapsed time per iteration (ms): 1433.1 | throughput per GPU (TFLOP/s/GPU): 232.2 | tokens/sec/GPU: 22865 | learning rate: 1.992265E-04 | global batch size:   256 | lm loss: 4.033262E+00 | loss scale: 1.0 | grad norm: 0.788 | number of skipped iterations:   0 | number of nan iterations:   0 |
7: [default3]: [2026-05-24 06:11:01.945688] iteration      206/    2293 | consumed samples:        52736 | elapsed time per iteration (ms): 1425.2 | throughput per GPU (TFLOP/s/GPU): 233.5 | tokens/sec/GPU: 22992 | learning rate: 1.992094E-04 | global batch size:   256 | lm loss: 4.039803E+00 | loss scale: 1.0 | grad norm: 0.759 | number of skipped iterations:   0 | number of nan iterations:   0 |
7: [default3]: [2026-05-24 06:11:03.363813] iteration      207/    2293 | consumed samples:        52992 | elapsed time per iteration (ms): 1417.9 | throughput per GPU (TFLOP/s/GPU): 234.7 | tokens/sec/GPU: 23111 | learning rate: 1.991922E-04 | global batch size:   256 | lm loss: 4.041980E+00 | loss scale: 1.0 | grad norm: 0.840 | number of skipped iterations:   0 | number of nan iterations:   0 |
7: [default3]: [2026-05-24 06:11:04.794784] iteration      208/    2293 | consumed samples:        53248 | elapsed time per iteration (ms): 1430.7 | throughput per GPU (TFLOP/s/GPU): 232.6 | tokens/sec/GPU: 22904 | learning rate: 1.991747E-04 | global batch size:   256 | lm loss: 4.051969E+00 | loss scale: 1.0 | grad norm: 0.805 | number of skipped iterations:   0 | number of nan iterations:   0 |
7: [default3]: [2026-05-24 06:11:06.212204] iteration      209/    2293 | consumed samples:        53504 | elapsed time per iteration (ms): 1417.1 | throughput per GPU (TFLOP/s/GPU): 234.9 | tokens/sec/GPU: 23123 | learning rate: 1.991571E-04 | global batch size:   256 | lm loss: 4.066927E+00 | loss scale: 1.0 | grad norm: 0.834 | number of skipped iterations:   0 | number of nan iterations:   0 |
7: [default3]: [2026-05-24 06:11:07.632439] iteration      210/    2293 | consumed samples:        53760 | elapsed time per iteration (ms): 1420.0 | throughput per GPU (TFLOP/s/GPU): 234.4 | tokens/sec/GPU: 23076 | learning rate: 1.991393E-04 | global batch size:   256 | lm loss: 4.028502E+00 | loss scale: 1.0 | grad norm: 0.950 | number of skipped iterations:   0 | number of nan iterations:   0 |
7: [default3]: [2026-05-24 06:11:09.052140] iteration      211/    2293 | consumed samples:        54016 | elapsed time per iteration (ms): 1419.3 | throughput per GPU (TFLOP/s/GPU): 234.5 | tokens/sec/GPU: 23087 | learning rate: 1.991213E-04 | global batch size:   256 | lm loss: 4.095240E+00 | loss scale: 1.0 | grad norm: 1.027 | number of skipped iterations:   0 | number of nan iterations:   0 |
7: [default3]: [2026-05-24 06:11:10.477623] iteration      212/    2293 | consumed samples:        54272 | elapsed time per iteration (ms): 1425.2 | throughput per GPU (TFLOP/s/GPU): 233.5 | tokens/sec/GPU: 22992 | learning rate: 1.991031E-04 | global batch size:   256 | lm loss: 4.031919E+00 | loss scale: 1.0 | grad norm: 0.974 | number of skipped iterations:   0 | number of nan iterations:   0 |
7: [default3]: [2026-05-24 06:11:11.905973] iteration      213/    2293 | consumed samples:        54528 | elapsed time per iteration (ms): 1428.1 | throughput per GPU (TFLOP/s/GPU): 233.1 | tokens/sec/GPU: 22945 | learning rate: 1.990848E-04 | global batch size:   256 | lm loss: 3.996660E+00 | loss scale: 1.0 | grad norm: 0.902 | number of skipped iterations:   0 | number of nan iterations:   0 |
7: [default3]: [2026-05-24 06:11:13.329351] iteration      214/    2293 | consumed samples:        54784 | elapsed time per iteration (ms): 1423.1 | throughput per GPU (TFLOP/s/GPU): 233.9 | tokens/sec/GPU: 23026 | learning rate: 1.990662E-04 | global batch size:   256 | lm loss: 3.988018E+00 | loss scale: 1.0 | grad norm: 0.923 | number of skipped iterations:   0 | number of nan iterations:   0 |
7: [default3]: [2026-05-24 06:11:14.771947] iteration      215/    2293 | consumed samples:        55040 | elapsed time per iteration (ms): 1442.4 | throughput per GPU (TFLOP/s/GPU): 230.8 | tokens/sec/GPU: 22718 | learning rate: 1.990475E-04 | global batch size:   256 | lm loss: 3.996547E+00 | loss scale: 1.0 | grad norm: 0.758 | number of skipped iterations:   0 | number of nan iterations:   0 |
7: [default3]: [2026-05-24 06:11:17.886131] iteration      216/    2293 | consumed samples:        55296 | elapsed time per iteration (ms): 3114.0 | throughput per GPU (TFLOP/s/GPU): 106.9 | tokens/sec/GPU: 10523 | learning rate: 1.990286E-04 | global batch size:   256 | lm loss: 3.965039E+00 | loss scale: 1.0 | grad norm: 0.878 | number of skipped iterations:   0 | number of nan iterations:   0 |
7: [default3]: [2026-05-24 06:11:19.294224] iteration      217/    2293 | consumed samples:        55552 | elapsed time per iteration (ms): 1407.9 | throughput per GPU (TFLOP/s/GPU): 236.4 | tokens/sec/GPU: 23275 | learning rate: 1.990095E-04 | global batch size:   256 | lm loss: 3.929659E+00 | loss scale: 1.0 | grad norm: 0.611 | number of skipped iterations:   0 | number of nan iterations:   0 |
7: [default3]: [2026-05-24 06:11:20.718214] iteration      218/    2293 | consumed samples:        55808 | elapsed time per iteration (ms): 1423.5 | throughput per GPU (TFLOP/s/GPU): 233.8 | tokens/sec/GPU: 23019 | learning rate: 1.989902E-04 | global batch size:   256 | lm loss: 4.032618E+00 | loss scale: 1.0 | grad norm: 0.655 | number of skipped iterations:   0 | number of nan iterations:   0 |
7: [default3]: [2026-05-24 06:11:22.619511] iteration      219/    2293 | consumed samples:        56064 | elapsed time per iteration (ms): 1901.1 | throughput per GPU (TFLOP/s/GPU): 175.1 | tokens/sec/GPU: 17236 | learning rate: 1.989707E-04 | global batch size:   256 | lm loss: 3.923523E+00 | loss scale: 1.0 | grad norm: 0.760 | number of skipped iterations:   0 | number of nan iterations:   0 |
7: [default3]: [2026-05-24 06:11:26.702371] iteration      220/    2293 | consumed samples:        56320 | elapsed time per iteration (ms): 4082.6 | throughput per GPU (TFLOP/s/GPU): 81.5 | tokens/sec/GPU: 8026 | learning rate: 1.989510E-04 | global batch size:   256 | lm loss: 3.932117E+00 | loss scale: 1.0 | grad norm: 0.509 | number of skipped iterations:   0 | number of nan iterations:   0 |
7: [default3]: [2026-05-24 06:11:28.117229] iteration      221/    2293 | consumed samples:        56576 | elapsed time per iteration (ms): 1414.7 | throughput per GPU (TFLOP/s/GPU): 235.3 | tokens/sec/GPU: 23163 | learning rate: 1.989312E-04 | global batch size:   256 | lm loss: 3.922793E+00 | loss scale: 1.0 | grad norm: 0.467 | number of skipped iterations:   0 | number of nan iterations:   0 |
7: [default3]: [2026-05-24 06:11:29.540788] iteration      222/    2293 | consumed samples:        56832 | elapsed time per iteration (ms): 1423.2 | throughput per GPU (TFLOP/s/GPU): 233.9 | tokens/sec/GPU: 23023 | learning rate: 1.989111E-04 | global batch size:   256 | lm loss: 3.924376E+00 | loss scale: 1.0 | grad norm: 1.523 | number of skipped iterations:   0 | number of nan iterations:   0 |
7: [default3]: [2026-05-24 06:11:30.968821] iteration      223/    2293 | consumed samples:        57088 | elapsed time per iteration (ms): 1427.7 | throughput per GPU (TFLOP/s/GPU): 233.1 | tokens/sec/GPU: 22951 | learning rate: 1.988909E-04 | global batch size:   256 | lm loss: 3.892887E+00 | loss scale: 1.0 | grad norm: 0.554 | number of skipped iterations:   0 | number of nan iterations:   0 |
7: [default3]: [2026-05-24 06:11:34.392835] iteration      224/    2293 | consumed samples:        57344 | elapsed time per iteration (ms): 3423.8 | throughput per GPU (TFLOP/s/GPU): 97.2 | tokens/sec/GPU: 9571 | learning rate: 1.988705E-04 | global batch size:   256 | lm loss: 3.984999E+00 | loss scale: 1.0 | grad norm: 0.432 | number of skipped iterations:   0 | number of nan iterations:   0 |
7: [default3]: [2026-05-24 06:11:35.799849] iteration      225/    2293 | consumed samples:        57600 | elapsed time per iteration (ms): 1406.5 | throughput per GPU (TFLOP/s/GPU): 236.6 | tokens/sec/GPU: 23297 | learning rate: 1.988500E-04 | global batch size:   256 | lm loss: 3.895118E+00 | loss scale: 1.0 | grad norm: 0.454 | number of skipped iterations:   0 | number of nan iterations:   0 |
7: [default3]: [2026-05-24 06:11:37.225577] iteration      226/    2293 | consumed samples:        57856 | elapsed time per iteration (ms): 1425.4 | throughput per GPU (TFLOP/s/GPU): 233.5 | tokens/sec/GPU: 22988 | learning rate: 1.988292E-04 | global batch size:   256 | lm loss: 3.898209E+00 | loss scale: 1.0 | grad norm: 0.616 | number of skipped iterations:   0 | number of nan iterations:   0 |
7: [default3]: [2026-05-24 06:11:38.902311] iteration      227/    2293 | consumed samples:        58112 | elapsed time per iteration (ms): 1676.4 | throughput per GPU (TFLOP/s/GPU): 198.5 | tokens/sec/GPU: 19547 | learning rate: 1.988082E-04 | global batch size:   256 | lm loss: 3.939286E+00 | loss scale: 1.0 | grad norm: 0.863 | number of skipped iterations:   0 | number of nan iterations:   0 |
7: [default3]: [2026-05-24 06:11:41.019978] iteration      228/    2293 | consumed samples:        58368 | elapsed time per iteration (ms): 2117.4 | throughput per GPU (TFLOP/s/GPU): 157.2 | tokens/sec/GPU: 15476 | learning rate: 1.987871E-04 | global batch size:   256 | lm loss: 3.905108E+00 | loss scale: 1.0 | grad norm: 0.875 | number of skipped iterations:   0 | number of nan iterations:   0 |
7: [default3]: [2026-05-24 06:11:42.449327] iteration      229/    2293 | consumed samples:        58624 | elapsed time per iteration (ms): 1429.0 | throughput per GPU (TFLOP/s/GPU): 232.9 | tokens/sec/GPU: 22930 | learning rate: 1.987658E-04 | global batch size:   256 | lm loss: 3.986821E+00 | loss scale: 1.0 | grad norm: 1.279 | number of skipped iterations:   0 | number of nan iterations:   0 |
7: [default3]: [2026-05-24 06:11:43.874936] iteration      230/    2293 | consumed samples:        58880 | elapsed time per iteration (ms): 1425.4 | throughput per GPU (TFLOP/s/GPU): 233.5 | tokens/sec/GPU: 22988 | learning rate: 1.987443E-04 | global batch size:   256 | lm loss: 3.838136E+00 | loss scale: 1.0 | grad norm: 0.658 | number of skipped iterations:   0 | number of nan iterations:   0 |
7: [default3]: [2026-05-24 06:11:45.306447] iteration      231/    2293 | consumed samples:        59136 | elapsed time per iteration (ms): 1431.3 | throughput per GPU (TFLOP/s/GPU): 232.5 | tokens/sec/GPU: 22894 | learning rate: 1.987226E-04 | global batch size:   256 | lm loss: 4.004490E+00 | loss scale: 1.0 | grad norm: 1.096 | number of skipped iterations:   0 | number of nan iterations:   0 |
7: [default3]: [2026-05-24 06:11:47.401172] iteration      232/    2293 | consumed samples:        59392 | elapsed time per iteration (ms): 2094.4 | throughput per GPU (TFLOP/s/GPU): 158.9 | tokens/sec/GPU: 15645 | learning rate: 1.987007E-04 | global batch size:   256 | lm loss: 3.951139E+00 | loss scale: 1.0 | grad norm: 0.693 | number of skipped iterations:   0 | number of nan iterations:   0 |
7: [default3]: [2026-05-24 06:11:48.824522] iteration      233/    2293 | consumed samples:        59648 | elapsed time per iteration (ms): 1423.0 | throughput per GPU (TFLOP/s/GPU): 233.9 | tokens/sec/GPU: 23027 | learning rate: 1.986786E-04 | global batch size:   256 | lm loss: 3.979954E+00 | loss scale: 1.0 | grad norm: 0.886 | number of skipped iterations:   0 | number of nan iterations:   0 |
7: [default3]: [2026-05-24 06:11:50.242059] iteration      234/    2293 | consumed samples:        59904 | elapsed time per iteration (ms): 1417.3 | throughput per GPU (TFLOP/s/GPU): 234.8 | tokens/sec/GPU: 23120 | learning rate: 1.986564E-04 | global batch size:   256 | lm loss: 3.899477E+00 | loss scale: 1.0 | grad norm: 0.870 | number of skipped iterations:   0 | number of nan iterations:   0 |
7: [default3]: [2026-05-24 06:11:53.058272] iteration      235/    2293 | consumed samples:        60160 | elapsed time per iteration (ms): 2815.9 | throughput per GPU (TFLOP/s/GPU): 118.2 | tokens/sec/GPU: 11637 | learning rate: 1.986339E-04 | global batch size:   256 | lm loss: 3.973572E+00 | loss scale: 1.0 | grad norm: 2.422 | number of skipped iterations:   0 | number of nan iterations:   0 |
7: [default3]: [2026-05-24 06:11:55.554434] iteration      236/    2293 | consumed samples:        60416 | elapsed time per iteration (ms): 2495.9 | throughput per GPU (TFLOP/s/GPU): 133.3 | tokens/sec/GPU: 13128 | learning rate: 1.986113E-04 | global batch size:   256 | lm loss: 3.858962E+00 | loss scale: 1.0 | grad norm: 0.823 | number of skipped iterations:   0 | number of nan iterations:   0 |
7: [default3]: [2026-05-24 06:11:56.984372] iteration      237/    2293 | consumed samples:        60672 | elapsed time per iteration (ms): 1429.6 | throughput per GPU (TFLOP/s/GPU): 232.8 | tokens/sec/GPU: 22921 | learning rate: 1.985885E-04 | global batch size:   256 | lm loss: 3.925185E+00 | loss scale: 1.0 | grad norm: 1.056 | number of skipped iterations:   0 | number of nan iterations:   0 |
7: [default3]: [2026-05-24 06:11:58.408022] iteration      238/    2293 | consumed samples:        60928 | elapsed time per iteration (ms): 1423.4 | throughput per GPU (TFLOP/s/GPU): 233.8 | tokens/sec/GPU: 23021 | learning rate: 1.985656E-04 | global batch size:   256 | lm loss: 3.965298E+00 | loss scale: 1.0 | grad norm: 0.927 | number of skipped iterations:   0 | number of nan iterations:   0 |
7: [default3]: [2026-05-24 06:12:02.266041] iteration      239/    2293 | consumed samples:        61184 | elapsed time per iteration (ms): 3857.8 | throughput per GPU (TFLOP/s/GPU): 86.3 | tokens/sec/GPU: 8494 | learning rate: 1.985424E-04 | global batch size:   256 | lm loss: 3.921020E+00 | loss scale: 1.0 | grad norm: 1.163 | number of skipped iterations:   0 | number of nan iterations:   0 |
7: [default3]: [2026-05-24 06:12:04.296653] iteration      240/    2293 | consumed samples:        61440 | elapsed time per iteration (ms): 2030.4 | throughput per GPU (TFLOP/s/GPU): 163.9 | tokens/sec/GPU: 16139 | learning rate: 1.985190E-04 | global batch size:   256 | lm loss: 3.921381E+00 | loss scale: 1.0 | grad norm: 0.808 | number of skipped iterations:   0 | number of nan iterations:   0 |
7: [default3]: [2026-05-24 06:12:05.705322] iteration      241/    2293 | consumed samples:        61696 | elapsed time per iteration (ms): 1408.4 | throughput per GPU (TFLOP/s/GPU): 236.3 | tokens/sec/GPU: 23267 | learning rate: 1.984955E-04 | global batch size:   256 | lm loss: 3.868940E+00 | loss scale: 1.0 | grad norm: 0.661 | number of skipped iterations:   0 | number of nan iterations:   0 |
7: [default3]: [2026-05-24 06:12:07.118777] iteration      242/    2293 | consumed samples:        61952 | elapsed time per iteration (ms): 1413.3 | throughput per GPU (TFLOP/s/GPU): 235.5 | tokens/sec/GPU: 23186 | learning rate: 1.984718E-04 | global batch size:   256 | lm loss: 3.888218E+00 | loss scale: 1.0 | grad norm: 0.722 | number of skipped iterations:   0 | number of nan iterations:   0 |
7: [default3]: [2026-05-24 06:12:09.372028] iteration      243/    2293 | consumed samples:        62208 | elapsed time per iteration (ms): 2253.0 | throughput per GPU (TFLOP/s/GPU): 147.7 | tokens/sec/GPU: 14544 | learning rate: 1.984479E-04 | global batch size:   256 | lm loss: 3.867556E+00 | loss scale: 1.0 | grad norm: 0.709 | number of skipped iterations:   0 | number of nan iterations:   0 |
7: [default3]: [2026-05-24 06:12:11.197137] iteration      244/    2293 | consumed samples:        62464 | elapsed time per iteration (ms): 1824.8 | throughput per GPU (TFLOP/s/GPU): 182.4 | tokens/sec/GPU: 17957 | learning rate: 1.984238E-04 | global batch size:   256 | lm loss: 3.799792E+00 | loss scale: 1.0 | grad norm: 0.470 | number of skipped iterations:   0 | number of nan iterations:   0 |
7: [default3]: [2026-05-24 06:12:12.620358] iteration      245/    2293 | consumed samples:        62720 | elapsed time per iteration (ms): 1423.0 | throughput per GPU (TFLOP/s/GPU): 233.9 | tokens/sec/GPU: 23027 | learning rate: 1.983995E-04 | global batch size:   256 | lm loss: 3.758554E+00 | loss scale: 1.0 | grad norm: 0.418 | number of skipped iterations:   0 | number of nan iterations:   0 |
7: [default3]: [2026-05-24 06:12:14.062660] iteration      246/    2293 | consumed samples:        62976 | elapsed time per iteration (ms): 1442.1 | throughput per GPU (TFLOP/s/GPU): 230.8 | tokens/sec/GPU: 22723 | learning rate: 1.983751E-04 | global batch size:   256 | lm loss: 3.826326E+00 | loss scale: 1.0 | grad norm: 0.418 | number of skipped iterations:   0 | number of nan iterations:   0 |
7: [default3]: [2026-05-24 06:12:16.143435] iteration      247/    2293 | consumed samples:        63232 | elapsed time per iteration (ms): 2080.2 | throughput per GPU (TFLOP/s/GPU): 160.0 | tokens/sec/GPU: 15752 | learning rate: 1.983504E-04 | global batch size:   256 | lm loss: 3.813496E+00 | loss scale: 1.0 | grad norm: 0.447 | number of skipped iterations:   0 | number of nan iterations:   0 |
7: [default3]: [2026-05-24 06:12:17.557530] iteration      248/    2293 | consumed samples:        63488 | elapsed time per iteration (ms): 1413.9 | throughput per GPU (TFLOP/s/GPU): 235.4 | tokens/sec/GPU: 23176 | learning rate: 1.983256E-04 | global batch size:   256 | lm loss: 3.822497E+00 | loss scale: 1.0 | grad norm: 0.436 | number of skipped iterations:   0 | number of nan iterations:   0 |
7: [default3]: [2026-05-24 06:12:18.975699] iteration      249/    2293 | consumed samples:        63744 | elapsed time per iteration (ms): 1417.9 | throughput per GPU (TFLOP/s/GPU): 234.7 | tokens/sec/GPU: 23110 | learning rate: 1.983006E-04 | global batch size:   256 | lm loss: 3.804203E+00 | loss scale: 1.0 | grad norm: 0.449 | number of skipped iterations:   0 | number of nan iterations:   0 |
7: [default3]: [2026-05-24 06:12:20.404273] iteration      250/    2293 | consumed samples:        64000 | elapsed time per iteration (ms): 1427.9 | throughput per GPU (TFLOP/s/GPU): 233.1 | tokens/sec/GPU: 22948 | learning rate: 1.982754E-04 | global batch size:   256 | lm loss: 3.815489E+00 | loss scale: 1.0 | grad norm: 0.379 | number of skipped iterations:   0 | number of nan iterations:   0 |
7: [default3]: [2026-05-24 06:12:22.682539] iteration      251/    2293 | consumed samples:        64256 | elapsed time per iteration (ms): 2278.0 | throughput per GPU (TFLOP/s/GPU): 146.1 | tokens/sec/GPU: 14385 | learning rate: 1.982500E-04 | global batch size:   256 | lm loss: 3.762992E+00 | loss scale: 1.0 | grad norm: 0.406 | number of skipped iterations:   0 | number of nan iterations:   0 |
7: [default3]: [2026-05-24 06:12:24.103630] iteration      252/    2293 | consumed samples:        64512 | elapsed time per iteration (ms): 1420.7 | throughput per GPU (TFLOP/s/GPU): 234.3 | tokens/sec/GPU: 23064 | learning rate: 1.982245E-04 | global batch size:   256 | lm loss: 3.712561E+00 | loss scale: 1.0 | grad norm: 0.460 | number of skipped iterations:   0 | number of nan iterations:   0 |
7: [default3]: [2026-05-24 06:12:25.534934] iteration      253/    2293 | consumed samples:        64768 | elapsed time per iteration (ms): 1431.1 | throughput per GPU (TFLOP/s/GPU): 232.6 | tokens/sec/GPU: 22897 | learning rate: 1.981988E-04 | global batch size:   256 | lm loss: 3.799538E+00 | loss scale: 1.0 | grad norm: 0.448 | number of skipped iterations:   0 | number of nan iterations:   0 |
7: [default3]: [2026-05-24 06:12:26.960313] iteration      254/    2293 | consumed samples:        65024 | elapsed time per iteration (ms): 1425.1 | throughput per GPU (TFLOP/s/GPU): 233.6 | tokens/sec/GPU: 22994 | learning rate: 1.981728E-04 | global batch size:   256 | lm loss: 3.805543E+00 | loss scale: 1.0 | grad norm: 0.582 | number of skipped iterations:   0 | number of nan iterations:   0 |
7: [default3]: [2026-05-24 06:12:28.382190] iteration      255/    2293 | consumed samples:        65280 | elapsed time per iteration (ms): 1421.6 | throughput per GPU (TFLOP/s/GPU): 234.1 | tokens/sec/GPU: 23050 | learning rate: 1.981467E-04 | global batch size:   256 | lm loss: 3.774257E+00 | loss scale: 1.0 | grad norm: 0.560 | number of skipped iterations:   0 | number of nan iterations:   0 |[default3]:
7: [default3]: [2026-05-24 06:12:29.822293] iteration      256/    2293 | consumed samples:        65536 | elapsed time per iteration (ms): 1439.9 | throughput per GPU (TFLOP/s/GPU): 231.2 | tokens/sec/GPU: 22758 | learning rate: 1.981204E-04 | global batch size:   256 | lm loss: 3.812029E+00 | loss scale: 1.0 | grad norm: 0.597 | number of skipped iterations:   0 | number of nan iterations:   0 |
7: [default3]: [2026-05-24 06:12:31.253984] iteration      257/    2293 | consumed samples:        65792 | elapsed time per iteration (ms): 1431.5 | throughput per GPU (TFLOP/s/GPU): 232.5 | tokens/sec/GPU: 22891 | learning rate: 1.980940E-04 | global batch size:   256 | lm loss: 3.806138E+00 | loss scale: 1.0 | grad norm: 0.504 | number of skipped iterations:   0 | number of nan iterations:   0 |
7: [default3]: [2026-05-24 06:12:32.674310] iteration      258/    2293 | consumed samples:        66048 | elapsed time per iteration (ms): 1420.0 | throughput per GPU (TFLOP/s/GPU): 234.4 | tokens/sec/GPU: 23076 | learning rate: 1.980673E-04 | global batch size:   256 | lm loss: 3.925399E+00 | loss scale: 1.0 | grad norm: 0.477 | number of skipped iterations:   0 | number of nan iterations:   0 |
7: [default3]: [2026-05-24 06:12:34.109764] iteration      259/    2293 | consumed samples:        66304 | elapsed time per iteration (ms): 1435.2 | throughput per GPU (TFLOP/s/GPU): 231.9 | tokens/sec/GPU: 22832 | learning rate: 1.980405E-04 | global batch size:   256 | lm loss: 3.799328E+00 | loss scale: 1.0 | grad norm: 0.405 | number of skipped iterations:   0 | number of nan iterations:   0 |
7: [default3]: [2026-05-24 06:12:35.537538] iteration      260/    2293 | consumed samples:        66560 | elapsed time per iteration (ms): 1427.5 | throughput per GPU (TFLOP/s/GPU): 233.2 | tokens/sec/GPU: 22955 | learning rate: 1.980135E-04 | global batch size:   256 | lm loss: 3.760165E+00 | loss scale: 1.0 | grad norm: 0.435 | number of skipped iterations:   0 | number of nan iterations:   0 |
7: [default3]: [2026-05-24 06:12:36.969542] iteration      261/    2293 | consumed samples:        66816 | elapsed time per iteration (ms): 1431.7 | throughput per GPU (TFLOP/s/GPU): 232.5 | tokens/sec/GPU: 22887 | learning rate: 1.979862E-04 | global batch size:   256 | lm loss: 3.777882E+00 | loss scale: 1.0 | grad norm: 0.381 | number of skipped iterations:   0 | number of nan iterations:   0 |
7: [default3]: [2026-05-24 06:12:39.306373] iteration      262/    2293 | consumed samples:        67072 | elapsed time per iteration (ms): 2336.5 | throughput per GPU (TFLOP/s/GPU): 142.4 | tokens/sec/GPU: 14024 | learning rate: 1.979589E-04 | global batch size:   256 | lm loss: 3.718047E+00 | loss scale: 1.0 | grad norm: 0.407 | number of skipped iterations:   0 | number of nan iterations:   0 |
7: [default3]: [2026-05-24 06:12:40.723156] iteration      263/    2293 | consumed samples:        67328 | elapsed time per iteration (ms): 1416.6 | throughput per GPU (TFLOP/s/GPU): 235.0 | tokens/sec/GPU: 23132 | learning rate: 1.979313E-04 | global batch size:   256 | lm loss: 3.684035E+00 | loss scale: 1.0 | grad norm: 1.056 | number of skipped iterations:   0 | number of nan iterations:   0 |
7: [default3]: [2026-05-24 06:12:42.433882] iteration      264/    2293 | consumed samples:        67584 | elapsed time per iteration (ms): 1710.5 | throughput per GPU (TFLOP/s/GPU): 194.6 | tokens/sec/GPU: 19157 | learning rate: 1.979035E-04 | global batch size:   256 | lm loss: 3.752239E+00 | loss scale: 1.0 | grad norm: 0.361 | number of skipped iterations:   0 | number of nan iterations:   0 |
7: [default3]: [2026-05-24 06:12:43.863778] iteration      265/    2293 | consumed samples:        67840 | elapsed time per iteration (ms): 1429.6 | throughput per GPU (TFLOP/s/GPU): 232.8 | tokens/sec/GPU: 22921 | learning rate: 1.978756E-04 | global batch size:   256 | lm loss: 3.701833E+00 | loss scale: 1.0 | grad norm: 0.348 | number of skipped iterations:   0 | number of nan iterations:   0 |
7: [default3]: [2026-05-24 06:12:47.453733] iteration      266/    2293 | consumed samples:        68096 | elapsed time per iteration (ms): 3589.6 | throughput per GPU (TFLOP/s/GPU): 92.7 | tokens/sec/GPU: 9129 | learning rate: 1.978475E-04 | global batch size:   256 | lm loss: 3.647569E+00 | loss scale: 1.0 | grad norm: 0.339 | number of skipped iterations:   0 | number of nan iterations:   0 |
7: [default3]: [2026-05-24 06:12:49.133491] iteration      267/    2293 | consumed samples:        68352 | elapsed time per iteration (ms): 1679.6 | throughput per GPU (TFLOP/s/GPU): 198.2 | tokens/sec/GPU: 19510 | learning rate: 1.978192E-04 | global batch size:   256 | lm loss: 3.757552E+00 | loss scale: 1.0 | grad norm: 0.374 | number of skipped iterations:   0 | number of nan iterations:   0 |
7: [default3]: [2026-05-24 06:12:50.556227] iteration      268/    2293 | consumed samples:        68608 | elapsed time per iteration (ms): 1422.5 | throughput per GPU (TFLOP/s/GPU): 234.0 | tokens/sec/GPU: 23035 | learning rate: 1.977907E-04 | global batch size:   256 | lm loss: 3.689519E+00 | loss scale: 1.0 | grad norm: 0.494 | number of skipped iterations:   0 | number of nan iterations:   0 |
7: [default3]: [2026-05-24 06:12:51.973747] iteration      269/    2293 | consumed samples:        68864 | elapsed time per iteration (ms): 1417.2 | throughput per GPU (TFLOP/s/GPU): 234.9 | tokens/sec/GPU: 23122 | learning rate: 1.977620E-04 | global batch size:   256 | lm loss: 3.661208E+00 | loss scale: 1.0 | grad norm: 0.592 | number of skipped iterations:   0 | number of nan iterations:   0 |
7: [default3]: [2026-05-24 06:12:55.330474] iteration      270/    2293 | consumed samples:        69120 | elapsed time per iteration (ms): 3356.5 | throughput per GPU (TFLOP/s/GPU): 99.2 | tokens/sec/GPU: 9762 | learning rate: 1.977332E-04 | global batch size:   256 | lm loss: 3.630623E+00 | loss scale: 1.0 | grad norm: 0.437 | number of skipped iterations:   0 | number of nan iterations:   0 |
7: [default3]: [2026-05-24 06:12:56.764743] iteration      271/    2293 | consumed samples:        69376 | elapsed time per iteration (ms): 1433.9 | throughput per GPU (TFLOP/s/GPU): 232.1 | tokens/sec/GPU: 22852 | learning rate: 1.977042E-04 | global batch size:   256 | lm loss: 3.823200E+00 | loss scale: 1.0 | grad norm: 0.431 | number of skipped iterations:   0 | number of nan iterations:   0 |
7: [default3]: [2026-05-24 06:12:58.198793] iteration      272/    2293 | consumed samples:        69632 | elapsed time per iteration (ms): 1433.9 | throughput per GPU (TFLOP/s/GPU): 232.1 | tokens/sec/GPU: 22853 | learning rate: 1.976749E-04 | global batch size:   256 | lm loss: 3.703968E+00 | loss scale: 1.0 | grad norm: 0.394 | number of skipped iterations:   0 | number of nan iterations:   0 |
7: [default3]: [2026-05-24 06:12:59.615265] iteration      273/    2293 | consumed samples:        69888 | elapsed time per iteration (ms): 1416.2 | throughput per GPU (TFLOP/s/GPU): 235.0 | tokens/sec/GPU: 23139 | learning rate: 1.976456E-04 | global batch size:   256 | lm loss: 3.645347E+00 | loss scale: 1.0 | grad norm: 0.420 | number of skipped iterations:   0 | number of nan iterations:   0 |
7: [default3]: [2026-05-24 06:13:01.042640] iteration      274/    2293 | consumed samples:        70144 | elapsed time per iteration (ms): 1427.1 | throughput per GPU (TFLOP/s/GPU): 233.2 | tokens/sec/GPU: 22962 | learning rate: 1.976160E-04 | global batch size:   256 | lm loss: 3.617810E+00 | loss scale: 1.0 | grad norm: 0.436 | number of skipped iterations:   0 | number of nan iterations:   0 |
7: [default3]: [2026-05-24 06:13:02.888044] iteration      275/    2293 | consumed samples:        70400 | elapsed time per iteration (ms): 1845.2 | throughput per GPU (TFLOP/s/GPU): 180.4 | tokens/sec/GPU: 17758 | learning rate: 1.975862E-04 | global batch size:   256 | lm loss: 3.699302E+00 | loss scale: 1.0 | grad norm: 0.411 | number of skipped iterations:   0 | number of nan iterations:   0 |
7: [default3]: [2026-05-24 06:13:04.314308] iteration      276/    2293 | consumed samples:        70656 | elapsed time per iteration (ms): 1426.0 | throughput per GPU (TFLOP/s/GPU): 233.4 | tokens/sec/GPU: 22979 | learning rate: 1.975563E-04 | global batch size:   256 | lm loss: 3.741677E+00 | loss scale: 1.0 | grad norm: 0.460 | number of skipped iterations:   0 | number of nan iterations:   0 |
7: [default3]: [2026-05-24 06:13:05.733836] iteration      277/    2293 | consumed samples:        70912 | elapsed time per iteration (ms): 1419.3 | throughput per GPU (TFLOP/s/GPU): 234.5 | tokens/sec/GPU: 23087 | learning rate: 1.975262E-04 | global batch size:   256 | lm loss: 3.657195E+00 | loss scale: 1.0 | grad norm: 0.574 | number of skipped iterations:   0 | number of nan iterations:   0 |
7: [default3]: [2026-05-24 06:13:08.134755] iteration      278/    2293 | consumed samples:        71168 | elapsed time per iteration (ms): 2400.7 | throughput per GPU (TFLOP/s/GPU): 138.6 | tokens/sec/GPU: 13649 | learning rate: 1.974958E-04 | global batch size:   256 | lm loss: 3.774703E+00 | loss scale: 1.0 | grad norm: 0.499 | number of skipped iterations:   0 | number of nan iterations:   0 |
7: [default3]: [2026-05-24 06:13:11.372642] iteration      279/    2293 | consumed samples:        71424 | elapsed time per iteration (ms): 3237.6 | throughput per GPU (TFLOP/s/GPU): 102.8 | tokens/sec/GPU: 10121 | learning rate: 1.974654E-04 | global batch size:   256 | lm loss: 3.684076E+00 | loss scale: 1.0 | grad norm: 0.489 | number of skipped iterations:   0 | number of nan iterations:   0 |
7: [default3]: [2026-05-24 06:13:12.791544] iteration      280/    2293 | consumed samples:        71680 | elapsed time per iteration (ms): 1418.7 | throughput per GPU (TFLOP/s/GPU): 234.6 | tokens/sec/GPU: 23097 | learning rate: 1.974347E-04 | global batch size:   256 | lm loss: 3.684970E+00 | loss scale: 1.0 | grad norm: 0.447 | number of skipped iterations:   0 | number of nan iterations:   0 |
7: [default3]: [2026-05-24 06:13:14.209439] iteration      281/    2293 | consumed samples:        71936 | elapsed time per iteration (ms): 1417.5 | throughput per GPU (TFLOP/s/GPU): 234.8 | tokens/sec/GPU: 23117 | learning rate: 1.974038E-04 | global batch size:   256 | lm loss: 3.557172E+00 | loss scale: 1.0 | grad norm: 0.473 | number of skipped iterations:   0 | number of nan iterations:   0 |
7: [default3]: [2026-05-24 06:13:16.867867] iteration      282/    2293 | consumed samples:        72192 | elapsed time per iteration (ms): 2657.9 | throughput per GPU (TFLOP/s/GPU): 125.2 | tokens/sec/GPU: 12328 | learning rate: 1.973728E-04 | global batch size:   256 | lm loss: 3.685797E+00 | loss scale: 1.0 | grad norm: 0.597 | number of skipped iterations:   0 | number of nan iterations:   0 |
7: [default3]: [2026-05-24 06:13:20.540864] iteration      283/    2293 | consumed samples:        72448 | elapsed time per iteration (ms): 3672.8 | throughput per GPU (TFLOP/s/GPU): 90.6 | tokens/sec/GPU: 8922 | learning rate: 1.973416E-04 | global batch size:   256 | lm loss: 3.650884E+00 | loss scale: 1.0 | grad norm: 0.474 | number of skipped iterations:   0 | number of nan iterations:   0 |
7: [default3]: [2026-05-24 06:13:21.952230] iteration      284/    2293 | consumed samples:        72704 | elapsed time per iteration (ms): 1411.0 | throughput per GPU (TFLOP/s/GPU): 235.9 | tokens/sec/GPU: 23223 | learning rate: 1.973102E-04 | global batch size:   256 | lm loss: 3.688617E+00 | loss scale: 1.0 | grad norm: 0.602 | number of skipped iterations:   0 | number of nan iterations:   0 |
7: [default3]: [2026-05-24 06:13:23.377950] iteration      285/    2293 | consumed samples:        72960 | elapsed time per iteration (ms): 1425.4 | throughput per GPU (TFLOP/s/GPU): 233.5 | tokens/sec/GPU: 22989 | learning rate: 1.972786E-04 | global batch size:   256 | lm loss: 3.686042E+00 | loss scale: 1.0 | grad norm: 0.517 | number of skipped iterations:   0 | number of nan iterations:   0 |
7: [default3]: [2026-05-24 06:13:24.810601] iteration      286/    2293 | consumed samples:        73216 | elapsed time per iteration (ms): 1432.4 | throughput per GPU (TFLOP/s/GPU): 232.4 | tokens/sec/GPU: 22877 | learning rate: 1.972469E-04 | global batch size:   256 | lm loss: 3.654187E+00 | loss scale: 1.0 | grad norm: 0.579 | number of skipped iterations:   0 | number of nan iterations:   0 |
7: [default3]: [2026-05-24 06:13:26.235675] iteration      287/    2293 | consumed samples:        73472 | elapsed time per iteration (ms): 1424.8 | throughput per GPU (TFLOP/s/GPU): 233.6 | tokens/sec/GPU: 22998 | learning rate: 1.972149E-04 | global batch size:   256 | lm loss: 3.667174E+00 | loss scale: 1.0 | grad norm: 0.522 | number of skipped iterations:   0 | number of nan iterations:   0 |
7: [default3]: [2026-05-24 06:13:27.663821] iteration      288/    2293 | consumed samples:        73728 | elapsed time per iteration (ms): 1427.9 | throughput per GPU (TFLOP/s/GPU): 233.1 | tokens/sec/GPU: 22948 | learning rate: 1.971828E-04 | global batch size:   256 | lm loss: 3.696952E+00 | loss scale: 1.0 | grad norm: 0.495 | number of skipped iterations:   0 | number of nan iterations:   0 |
7: [default3]: [2026-05-24 06:13:29.092484] iteration      289/    2293 | consumed samples:        73984 | elapsed time per iteration (ms): 1428.4 | throughput per GPU (TFLOP/s/GPU): 233.0 | tokens/sec/GPU: 22940 | learning rate: 1.971505E-04 | global batch size:   256 | lm loss: 3.557072E+00 | loss scale: 1.0 | grad norm: 0.490 | number of skipped iterations:   0 | number of nan iterations:   0 |
7: [default3]: [2026-05-24 06:13:31.802841] iteration      290/    2293 | consumed samples:        74240 | elapsed time per iteration (ms): 2709.9 | throughput per GPU (TFLOP/s/GPU): 122.8 | tokens/sec/GPU: 12092 | learning rate: 1.971180E-04 | global batch size:   256 | lm loss: 3.660942E+00 | loss scale: 1.0 | grad norm: 0.537 | number of skipped iterations:   0 | number of nan iterations:   0 |
7: [default3]: [2026-05-24 06:13:33.225886] iteration      291/    2293 | consumed samples:        74496 | elapsed time per iteration (ms): 1422.7 | throughput per GPU (TFLOP/s/GPU): 233.9 | tokens/sec/GPU: 23032 | learning rate: 1.970853E-04 | global batch size:   256 | lm loss: 3.622815E+00 | loss scale: 1.0 | grad norm: 0.449 | number of skipped iterations:   0 | number of nan iterations:   0 |
7: [default3]: [2026-05-24 06:13:34.657999] iteration      292/    2293 | consumed samples:        74752 | elapsed time per iteration (ms): 1431.9 | throughput per GPU (TFLOP/s/GPU): 232.4 | tokens/sec/GPU: 22884 | learning rate: 1.970525E-04 | global batch size:   256 | lm loss: 3.567440E+00 | loss scale: 1.0 | grad norm: 0.588 | number of skipped iterations:   0 | number of nan iterations:   0 |
7: [default3]: [2026-05-24 06:13:36.082760] iteration      293/    2293 | consumed samples:        75008 | elapsed time per iteration (ms): 1424.5 | throughput per GPU (TFLOP/s/GPU): 233.6 | tokens/sec/GPU: 23003 | learning rate: 1.970195E-04 | global batch size:   256 | lm loss: 3.601072E+00 | loss scale: 1.0 | grad norm: 0.364 | number of skipped iterations:   0 | number of nan iterations:   0 |
7: [default3]: [2026-05-24 06:13:40.071753] iteration      294/    2293 | consumed samples:        75264 | elapsed time per iteration (ms): 3988.7 | throughput per GPU (TFLOP/s/GPU): 83.4 | tokens/sec/GPU: 8215 | learning rate: 1.969863E-04 | global batch size:   256 | lm loss: 3.524935E+00 | loss scale: 1.0 | grad norm: 0.393 | number of skipped iterations:   0 | number of nan iterations:   0 |
7: [default3]: [2026-05-24 06:13:41.495242] iteration      295/    2293 | consumed samples:        75520 | elapsed time per iteration (ms): 1423.2 | throughput per GPU (TFLOP/s/GPU): 233.9 | tokens/sec/GPU: 23024 | learning rate: 1.969529E-04 | global batch size:   256 | lm loss: 3.588088E+00 | loss scale: 1.0 | grad norm: 0.374 | number of skipped iterations:   0 | number of nan iterations:   0 |
7: [default3]: [2026-05-24 06:13:42.915289] iteration      296/    2293 | consumed samples:        75776 | elapsed time per iteration (ms): 1419.8 | throughput per GPU (TFLOP/s/GPU): 234.4 | tokens/sec/GPU: 23079 | learning rate: 1.969193E-04 | global batch size:   256 | lm loss: 3.502483E+00 | loss scale: 1.0 | grad norm: 0.398 | number of skipped iterations:   0 | number of nan iterations:   0 |
7: [default3]: [2026-05-24 06:13:44.337985] iteration      297/    2293 | consumed samples:        76032 | elapsed time per iteration (ms): 1422.4 | throughput per GPU (TFLOP/s/GPU): 234.0 | tokens/sec/GPU: 23038 | learning rate: 1.968856E-04 | global batch size:   256 | lm loss: 3.527561E+00 | loss scale: 1.0 | grad norm: 0.419 | number of skipped iterations:   0 | number of nan iterations:   0 |
7: [default3]: [2026-05-24 06:13:51.368256] iteration      298/    2293 | consumed samples:        76288 | elapsed time per iteration (ms): 7030.0 | throughput per GPU (TFLOP/s/GPU): 47.3 | tokens/sec/GPU: 4661 | learning rate: 1.968516E-04 | global batch size:   256 | lm loss: 3.535776E+00 | loss scale: 1.0 | grad norm: 0.434 | number of skipped iterations:   0 | number of nan iterations:   0 |
7: [default3]: [2026-05-24 06:13:52.793791] iteration      299/    2293 | consumed samples:        76544 | elapsed time per iteration (ms): 1425.3 | throughput per GPU (TFLOP/s/GPU): 233.5 | tokens/sec/GPU: 22990 | learning rate: 1.968175E-04 | global batch size:   256 | lm loss: 3.499836E+00 | loss scale: 1.0 | grad norm: 0.363 | number of skipped iterations:   0 | number of nan iterations:   0 |
7: [default3]: [2026-05-24 06:13:54.221228] iteration      300/    2293 | consumed samples:        76800 | elapsed time per iteration (ms): 1427.2 | throughput per GPU (TFLOP/s/GPU): 233.2 | tokens/sec/GPU: 22960 | learning rate: 1.967832E-04 | global batch size:   256 | lm loss: 3.519686E+00 | loss scale: 1.0 | grad norm: 0.394 | number of skipped iterations:   0 | number of nan iterations:   0 |
7: [default3]: [2026-05-24 06:13:56.473189] iteration      301/    2293 | consumed samples:        77056 | elapsed time per iteration (ms): 2251.7 | throughput per GPU (TFLOP/s/GPU): 147.8 | tokens/sec/GPU: 14553 | learning rate: 1.967488E-04 | global batch size:   256 | lm loss: 3.471484E+00 | loss scale: 1.0 | grad norm: 0.361 | number of skipped iterations:   0 | number of nan iterations:   0 |
7: [default3]: [2026-05-24 06:13:57.892218] iteration      302/    2293 | consumed samples:        77312 | elapsed time per iteration (ms): 1418.8 | throughput per GPU (TFLOP/s/GPU): 234.6 | tokens/sec/GPU: 23096 | learning rate: 1.967141E-04 | global batch size:   256 | lm loss: 3.495302E+00 | loss scale: 1.0 | grad norm: 0.404 | number of skipped iterations:   0 | number of nan iterations:   0 |
7: [default3]: [2026-05-24 06:13:59.313198] iteration      303/    2293 | consumed samples:        77568 | elapsed time per iteration (ms): 1420.7 | throughput per GPU (TFLOP/s/GPU): 234.3 | tokens/sec/GPU: 23065 | learning rate: 1.966793E-04 | global batch size:   256 | lm loss: 3.623034E+00 | loss scale: 1.0 | grad norm: 0.408 | number of skipped iterations:   0 | number of nan iterations:   0 |
7: [default3]: [2026-05-24 06:14:00.745921] iteration      304/    2293 | consumed samples:        77824 | elapsed time per iteration (ms): 1432.5 | throughput per GPU (TFLOP/s/GPU): 232.3 | tokens/sec/GPU: 22875 | learning rate: 1.966443E-04 | global batch size:   256 | lm loss: 3.593182E+00 | loss scale: 1.0 | grad norm: 0.400 | number of skipped iterations:   0 | number of nan iterations:   0 |
7: [default3]: [2026-05-24 06:14:02.172789] iteration      305/    2293 | consumed samples:        78080 | elapsed time per iteration (ms): 1426.6 | throughput per GPU (TFLOP/s/GPU): 233.3 | tokens/sec/GPU: 22969 | learning rate: 1.966091E-04 | global batch size:   256 | lm loss: 3.556183E+00 | loss scale: 1.0 | grad norm: 0.457 | number of skipped iterations:   0 | number of nan iterations:   0 |
7: [default3]: [2026-05-24 06:14:03.591071] iteration      306/    2293 | consumed samples:        78336 | elapsed time per iteration (ms): 1418.0 | throughput per GPU (TFLOP/s/GPU): 234.7 | tokens/sec/GPU: 23109 | learning rate: 1.965737E-04 | global batch size:   256 | lm loss: 3.581570E+00 | loss scale: 1.0 | grad norm: 0.469 | number of skipped iterations:   0 | number of nan iterations:   0 |
7: [default3]: [2026-05-24 06:14:05.014599] iteration      307/    2293 | consumed samples:        78592 | elapsed time per iteration (ms): 1423.3 | throughput per GPU (TFLOP/s/GPU): 233.8 | tokens/sec/GPU: 23022 | learning rate: 1.965382E-04 | global batch size:   256 | lm loss: 3.483410E+00 | loss scale: 1.0 | grad norm: 0.523 | number of skipped iterations:   0 | number of nan iterations:   0 |
7: [default3]: [2026-05-24 06:14:06.445322] iteration      308/    2293 | consumed samples:        78848 | elapsed time per iteration (ms): 1430.5 | throughput per GPU (TFLOP/s/GPU): 232.7 | tokens/sec/GPU: 22906 | learning rate: 1.965024E-04 | global batch size:   256 | lm loss: 3.503726E+00 | loss scale: 1.0 | grad norm: 0.485 | number of skipped iterations:   0 | number of nan iterations:   0 |
7: [default3]: [2026-05-24 06:14:07.866442] iteration      309/    2293 | consumed samples:        79104 | elapsed time per iteration (ms): 1420.8 | throughput per GPU (TFLOP/s/GPU): 234.3 | tokens/sec/GPU: 23062 | learning rate: 1.964665E-04 | global batch size:   256 | lm loss: 3.505496E+00 | loss scale: 1.0 | grad norm: 0.463 | number of skipped iterations:   0 | number of nan iterations:   0 |
7: [default3]: [2026-05-24 06:14:11.037515] iteration      310/    2293 | consumed samples:        79360 | elapsed time per iteration (ms): 3170.9 | throughput per GPU (TFLOP/s/GPU): 105.0 | tokens/sec/GPU: 10334 | learning rate: 1.964304E-04 | global batch size:   256 | lm loss: 3.522200E+00 | loss scale: 1.0 | grad norm: 0.370 | number of skipped iterations:   0 | number of nan iterations:   0 |
7: [default3]: [2026-05-24 06:14:12.447947] iteration      311/    2293 | consumed samples:        79616 | elapsed time per iteration (ms): 1410.2 | throughput per GPU (TFLOP/s/GPU): 236.0 | tokens/sec/GPU: 23237 | learning rate: 1.963941E-04 | global batch size:   256 | lm loss: 3.438191E+00 | loss scale: 1.0 | grad norm: 0.395 | number of skipped iterations:   0 | number of nan iterations:   0 |
7: [default3]: [2026-05-24 06:14:13.869484] iteration      312/    2293 | consumed samples:        79872 | elapsed time per iteration (ms): 1421.2 | throughput per GPU (TFLOP/s/GPU): 234.2 | tokens/sec/GPU: 23056 | learning rate: 1.963577E-04 | global batch size:   256 | lm loss: 3.489225E+00 | loss scale: 1.0 | grad norm: 0.384 | number of skipped iterations:   0 | number of nan iterations:   0 |
7: [default3]: [2026-05-24 06:14:15.746191] iteration      313/    2293 | consumed samples:        80128 | elapsed time per iteration (ms): 1876.3 | throughput per GPU (TFLOP/s/GPU): 177.4 | tokens/sec/GPU: 17464 | learning rate: 1.963211E-04 | global batch size:   256 | lm loss: 3.528526E+00 | loss scale: 1.0 | grad norm: 0.372 | number of skipped iterations:   0 | number of nan iterations:   0 |
7: [default3]: [2026-05-24 06:14:17.173206] iteration      314/    2293 | consumed samples:        80384 | elapsed time per iteration (ms): 1426.7 | throughput per GPU (TFLOP/s/GPU): 233.3 | tokens/sec/GPU: 22967 | learning rate: 1.962843E-04 | global batch size:   256 | lm loss: 3.479008E+00 | loss scale: 1.0 | grad norm: 0.436 | number of skipped iterations:   0 | number of nan iterations:   0 |
7: [default3]: [2026-05-24 06:14:18.639686] iteration      315/    2293 | consumed samples:        80640 | elapsed time per iteration (ms): 1466.3 | throughput per GPU (TFLOP/s/GPU): 227.0 | tokens/sec/GPU: 22348 | learning rate: 1.962473E-04 | global batch size:   256 | lm loss: 3.446614E+00 | loss scale: 1.0 | grad norm: 0.417 | number of skipped iterations:   0 | number of nan iterations:   0 |
7: [default3]: [2026-05-24 06:14:20.063115] iteration      316/    2293 | consumed samples:        80896 | elapsed time per iteration (ms): 1423.2 | throughput per GPU (TFLOP/s/GPU): 233.9 | tokens/sec/GPU: 23024 | learning rate: 1.962101E-04 | global batch size:   256 | lm loss: 3.514831E+00 | loss scale: 1.0 | grad norm: 0.405 | number of skipped iterations:   0 | number of nan iterations:   0 |
7: [default3]: [2026-05-24 06:14:22.206966] iteration      317/    2293 | consumed samples:        81152 | elapsed time per iteration (ms): 2143.7 | throughput per GPU (TFLOP/s/GPU): 155.3 | tokens/sec/GPU: 15286 | learning rate: 1.961727E-04 | global batch size:   256 | lm loss: 3.534681E+00 | loss scale: 1.0 | grad norm: 0.411 | number of skipped iterations:   0 | number of nan iterations:   0 |
7: [default3]: [2026-05-24 06:14:24.619507] iteration      318/    2293 | consumed samples:        81408 | elapsed time per iteration (ms): 2412.3 | throughput per GPU (TFLOP/s/GPU): 138.0 | tokens/sec/GPU: 13584 | learning rate: 1.961352E-04 | global batch size:   256 | lm loss: 3.505861E+00 | loss scale: 1.0 | grad norm: 0.372 | number of skipped iterations:   0 | number of nan iterations:   0 |
7: [default3]: [2026-05-24 06:14:29.339942] iteration      319/    2293 | consumed samples:        81664 | elapsed time per iteration (ms): 4720.2 | throughput per GPU (TFLOP/s/GPU): 70.5 | tokens/sec/GPU: 6942 | learning rate: 1.960975E-04 | global batch size:   256 | lm loss: 3.476724E+00 | loss scale: 1.0 | grad norm: 0.373 | number of skipped iterations:   0 | number of nan iterations:   0 |
7: [default3]: [2026-05-24 06:14:30.758583] iteration      320/    2293 | consumed samples:        81920 | elapsed time per iteration (ms): 1418.1 | throughput per GPU (TFLOP/s/GPU): 234.7 | tokens/sec/GPU: 23107 | learning rate: 1.960596E-04 | global batch size:   256 | lm loss: 3.475516E+00 | loss scale: 1.0 | grad norm: 0.391 | number of skipped iterations:   0 | number of nan iterations:   0 |
7: [default3]: [2026-05-24 06:14:32.181698] iteration      321/    2293 | consumed samples:        82176 | elapsed time per iteration (ms): 1422.8 | throughput per GPU (TFLOP/s/GPU): 233.9 | tokens/sec/GPU: 23031 | learning rate: 1.960216E-04 | global batch size:   256 | lm loss: 3.516560E+00 | loss scale: 1.0 | grad norm: 0.437 | number of skipped iterations:   0 | number of nan iterations:   0 |
7: [default3]: [2026-05-24 06:14:33.600793] iteration      322/    2293 | consumed samples:        82432 | elapsed time per iteration (ms): 1418.8 | throughput per GPU (TFLOP/s/GPU): 234.6 | tokens/sec/GPU: 23096 | learning rate: 1.959833E-04 | global batch size:   256 | lm loss: 3.422262E+00 | loss scale: 1.0 | grad norm: 0.423 | number of skipped iterations:   0 | number of nan iterations:   0 |
7: [default3]: [2026-05-24 06:14:37.319493] iteration      323/    2293 | consumed samples:        82688 | elapsed time per iteration (ms): 3718.5 | throughput per GPU (TFLOP/s/GPU): 89.5 | tokens/sec/GPU: 8812 | learning rate: 1.959449E-04 | global batch size:   256 | lm loss: 3.494114E+00 | loss scale: 1.0 | grad norm: 0.402 | number of skipped iterations:   0 | number of nan iterations:   0 |
7: [default3]: [2026-05-24 06:14:38.741610] iteration      324/    2293 | consumed samples:        82944 | elapsed time per iteration (ms): 1421.7 | throughput per GPU (TFLOP/s/GPU): 234.1 | tokens/sec/GPU: 23048 | learning rate: 1.959063E-04 | global batch size:   256 | lm loss: 3.461198E+00 | loss scale: 1.0 | grad norm: 0.392 | number of skipped iterations:   0 | number of nan iterations:   0 |
7: [default3]: [2026-05-24 06:14:40.159190] iteration      325/    2293 | consumed samples:        83200 | elapsed time per iteration (ms): 1417.4 | throughput per GPU (TFLOP/s/GPU): 234.8 | tokens/sec/GPU: 23119 | learning rate: 1.958675E-04 | global batch size:   256 | lm loss: 3.465200E+00 | loss scale: 1.0 | grad norm: 0.439 | number of skipped iterations:   0 | number of nan iterations:   0 |
7: [default3]: [2026-05-24 06:14:41.571318] iteration      326/    2293 | consumed samples:        83456 | elapsed time per iteration (ms): 1411.6 | throughput per GPU (TFLOP/s/GPU): 235.8 | tokens/sec/GPU: 23214 | learning rate: 1.958286E-04 | global batch size:   256 | lm loss: 3.508255E+00 | loss scale: 1.0 | grad norm: 0.465 | number of skipped iterations:   0 | number of nan iterations:   0 |
7: [default3]: [2026-05-24 06:14:44.355632] iteration      327/    2293 | consumed samples:        83712 | elapsed time per iteration (ms): 2784.1 | throughput per GPU (TFLOP/s/GPU): 119.5 | tokens/sec/GPU: 11770 | learning rate: 1.957894E-04 | global batch size:   256 | lm loss: 3.467613E+00 | loss scale: 1.0 | grad norm: 0.471 | number of skipped iterations:   0 | number of nan iterations:   0 |
7: [default3]: [2026-05-24 06:14:45.763910] iteration      328/    2293 | consumed samples:        83968 | elapsed time per iteration (ms): 1408.1 | throughput per GPU (TFLOP/s/GPU): 236.4 | tokens/sec/GPU: 23271 | learning rate: 1.957501E-04 | global batch size:   256 | lm loss: 3.433924E+00 | loss scale: 1.0 | grad norm: 0.462 | number of skipped iterations:   0 | number of nan iterations:   0 |
7: [default3]: [2026-05-24 06:14:47.174531] iteration      329/    2293 | consumed samples:        84224 | elapsed time per iteration (ms): 1410.3 | throughput per GPU (TFLOP/s/GPU): 236.0 | tokens/sec/GPU: 23235 | learning rate: 1.957106E-04 | global batch size:   256 | lm loss: 3.451804E+00 | loss scale: 1.0 | grad norm: 0.480 | number of skipped iterations:   0 | number of nan iterations:   0 |
7: [default3]: [2026-05-24 06:14:48.612242] iteration      330/    2293 | consumed samples:        84480 | elapsed time per iteration (ms): 1437.4 | throughput per GPU (TFLOP/s/GPU): 231.6 | tokens/sec/GPU: 22797 | learning rate: 1.956709E-04 | global batch size:   256 | lm loss: 3.396038E+00 | loss scale: 1.0 | grad norm: 0.440 | number of skipped iterations:   0 | number of nan iterations:   0 |
7: [default3]: [2026-05-24 06:14:50.050322] iteration      331/    2293 | consumed samples:        84736 | elapsed time per iteration (ms): 1437.8 | throughput per GPU (TFLOP/s/GPU): 231.5 | tokens/sec/GPU: 22790 | learning rate: 1.956311E-04 | global batch size:   256 | lm loss: 3.427389E+00 | loss scale: 1.0 | grad norm: 0.529 | number of skipped iterations:   0 | number of nan iterations:   0 |
7: [default3]: [2026-05-24 06:14:51.470772] iteration      332/    2293 | consumed samples:        84992 | elapsed time per iteration (ms): 1420.2 | throughput per GPU (TFLOP/s/GPU): 234.4 | tokens/sec/GPU: 23072 | learning rate: 1.955911E-04 | global batch size:   256 | lm loss: 3.456673E+00 | loss scale: 1.0 | grad norm: 0.452 | number of skipped iterations:   0 | number of nan iterations:   0 |
7: [default3]: [2026-05-24 06:14:52.893880] iteration      333/    2293 | consumed samples:        85248 | elapsed time per iteration (ms): 1422.8 | throughput per GPU (TFLOP/s/GPU): 233.9 | tokens/sec/GPU: 23031 | learning rate: 1.955509E-04 | global batch size:   256 | lm loss: 3.499587E+00 | loss scale: 1.0 | grad norm: 0.435 | number of skipped iterations:   0 | number of nan iterations:   0 |
7: [default3]: [2026-05-24 06:14:54.314741] iteration      334/    2293 | consumed samples:        85504 | elapsed time per iteration (ms): 1420.6 | throughput per GPU (TFLOP/s/GPU): 234.3 | tokens/sec/GPU: 23066 | learning rate: 1.955105E-04 | global batch size:   256 | lm loss: 3.453615E+00 | loss scale: 1.0 | grad norm: 0.450 | number of skipped iterations:   0 | number of nan iterations:   0 |
7: [default3]: [2026-05-24 06:14:55.742512] iteration      335/    2293 | consumed samples:        85760 | elapsed time per iteration (ms): 1427.4 | throughput per GPU (TFLOP/s/GPU): 233.2 | tokens/sec/GPU: 22956 | learning rate: 1.954699E-04 | global batch size:   256 | lm loss: 3.427350E+00 | loss scale: 1.0 | grad norm: 0.381 | number of skipped iterations:   0 | number of nan iterations:   0 |
7: [default3]: [2026-05-24 06:14:57.189671] iteration      336/    2293 | consumed samples:        86016 | elapsed time per iteration (ms): 1446.9 | throughput per GPU (TFLOP/s/GPU): 230.0 | tokens/sec/GPU: 22647 | learning rate: 1.954292E-04 | global batch size:   256 | lm loss: 3.336693E+00 | loss scale: 1.0 | grad norm: 0.388 | number of skipped iterations:   0 | number of nan iterations:   0 |
7: [default3]: [2026-05-24 06:14:58.614802] iteration      337/    2293 | consumed samples:        86272 | elapsed time per iteration (ms): 1424.9 | throughput per GPU (TFLOP/s/GPU): 233.6 | tokens/sec/GPU: 22996 | learning rate: 1.953883E-04 | global batch size:   256 | lm loss: 3.400877E+00 | loss scale: 1.0 | grad norm: 0.431 | number of skipped iterations:   0 | number of nan iterations:   0 |
7: [default3]: [2026-05-24 06:15:00.500489] iteration      338/    2293 | consumed samples:        86528 | elapsed time per iteration (ms): 1885.4 | throughput per GPU (TFLOP/s/GPU): 176.5 | tokens/sec/GPU: 17380 | learning rate: 1.953472E-04 | global batch size:   256 | lm loss: 3.371664E+00 | loss scale: 1.0 | grad norm: 0.413 | number of skipped iterations:   0 | number of nan iterations:   0 |
7: [default3]: [2026-05-24 06:15:02.454254] iteration      339/    2293 | consumed samples:        86784 | elapsed time per iteration (ms): 1953.6 | throughput per GPU (TFLOP/s/GPU): 170.4 | tokens/sec/GPU: 16774 | learning rate: 1.953059E-04 | global batch size:   256 | lm loss: 3.503019E+00 | loss scale: 1.0 | grad norm: 0.415 | number of skipped iterations:   0 | number of nan iterations:   0 |
7: [default3]: [2026-05-24 06:15:03.992911] iteration      340/    2293 | consumed samples:        87040 | elapsed time per iteration (ms): 1537.9 | throughput per GPU (TFLOP/s/GPU): 216.4 | tokens/sec/GPU: 21307 | learning rate: 1.952645E-04 | global batch size:   256 | lm loss: 3.391294E+00 | loss scale: 1.0 | grad norm: 0.389 | number of skipped iterations:   0 | number of nan iterations:   0 |
7: [default3]: [2026-05-24 06:15:05.410673] iteration      341/    2293 | consumed samples:        87296 | elapsed time per iteration (ms): 1417.5 | throughput per GPU (TFLOP/s/GPU): 234.8 | tokens/sec/GPU: 23116 | learning rate: 1.952228E-04 | global batch size:   256 | lm loss: 3.367848E+00 | loss scale: 1.0 | grad norm: 0.414 | number of skipped iterations:   0 | number of nan iterations:   0 |
7: [default3]: [2026-05-24 06:15:06.827469] iteration      342/    2293 | consumed samples:        87552 | elapsed time per iteration (ms): 1416.5 | throughput per GPU (TFLOP/s/GPU): 235.0 | tokens/sec/GPU: 23134 | learning rate: 1.951810E-04 | global batch size:   256 | lm loss: 3.404075E+00 | loss scale: 1.0 | grad norm: 0.434 | number of skipped iterations:   0 | number of nan iterations:   0 |
7: [default3]: [2026-05-24 06:15:09.938291] iteration      343/    2293 | consumed samples:        87808 | elapsed time per iteration (ms): 3110.6 | throughput per GPU (TFLOP/s/GPU): 107.0 | tokens/sec/GPU: 10534 | learning rate: 1.951391E-04 | global batch size:   256 | lm loss: 3.425219E+00 | loss scale: 1.0 | grad norm: 0.422 | number of skipped iterations:   0 | number of nan iterations:   0 |
7: [default3]: [2026-05-24 06:15:12.581478] iteration      344/    2293 | consumed samples:        88064 | elapsed time per iteration (ms): 2643.0 | throughput per GPU (TFLOP/s/GPU): 125.9 | tokens/sec/GPU: 12398 | learning rate: 1.950969E-04 | global batch size:   256 | lm loss: 3.420896E+00 | loss scale: 1.0 | grad norm: 0.436 | number of skipped iterations:   0 | number of nan iterations:   0 |
7: [default3]: [2026-05-24 06:15:13.999105] iteration      345/    2293 | consumed samples:        88320 | elapsed time per iteration (ms): 1417.3 | throughput per GPU (TFLOP/s/GPU): 234.8 | tokens/sec/GPU: 23119 | learning rate: 1.950546E-04 | global batch size:   256 | lm loss: 3.325815E+00 | loss scale: 1.0 | grad norm: 0.400 | number of skipped iterations:   0 | number of nan iterations:   0 |
7: [default3]: [2026-05-24 06:15:15.789854] iteration      346/    2293 | consumed samples:        88576 | elapsed time per iteration (ms): 1790.4 | throughput per GPU (TFLOP/s/GPU): 185.9 | tokens/sec/GPU: 18302 | learning rate: 1.950121E-04 | global batch size:   256 | lm loss: 3.292144E+00 | loss scale: 1.0 | grad norm: 0.402 | number of skipped iterations:   0 | number of nan iterations:   0 |
7: [default3]: [2026-05-24 06:15:17.429160] iteration      347/    2293 | consumed samples:        88832 | elapsed time per iteration (ms): 1639.0 | throughput per GPU (TFLOP/s/GPU): 203.1 | tokens/sec/GPU: 19993 | learning rate: 1.949694E-04 | global batch size:   256 | lm loss: 3.400444E+00 | loss scale: 1.0 | grad norm: 0.430 | number of skipped iterations:   0 | number of nan iterations:   0 |
7: [default3]: [2026-05-24 06:15:19.386160] iteration      348/    2293 | consumed samples:        89088 | elapsed time per iteration (ms): 1956.4 | throughput per GPU (TFLOP/s/GPU): 170.1 | tokens/sec/GPU: 16749 | learning rate: 1.949265E-04 | global batch size:   256 | lm loss: 3.292032E+00 | loss scale: 1.0 | grad norm: 0.418 | number of skipped iterations:   0 | number of nan iterations:   0 |
7: [default3]: [2026-05-24 06:15:20.822894] iteration      349/    2293 | consumed samples:        89344 | elapsed time per iteration (ms): 1436.4 | throughput per GPU (TFLOP/s/GPU): 231.7 | tokens/sec/GPU: 22812 | learning rate: 1.948835E-04 | global batch size:   256 | lm loss: 3.420531E+00 | loss scale: 1.0 | grad norm: 0.412 | number of skipped iterations:   0 | number of nan iterations:   0 |
7: [default3]: [2026-05-24 06:15:22.249783] iteration      350/    2293 | consumed samples:        89600 | elapsed time per iteration (ms): 1426.6 | throughput per GPU (TFLOP/s/GPU): 233.3 | tokens/sec/GPU: 22969 | learning rate: 1.948403E-04 | global batch size:   256 | lm loss: 3.370700E+00 | loss scale: 1.0 | grad norm: 0.435 | number of skipped iterations:   0 | number of nan iterations:   0 |
7: [default3]: [2026-05-24 06:15:25.231104] iteration      351/    2293 | consumed samples:        89856 | elapsed time per iteration (ms): 2981.0 | throughput per GPU (TFLOP/s/GPU): 111.7 | tokens/sec/GPU: 10992 | learning rate: 1.947969E-04 | global batch size:   256 | lm loss: 3.268106E+00 | loss scale: 1.0 | grad norm: 0.416 | number of skipped iterations:   0 | number of nan iterations:   0 |
7: [default3]: [2026-05-24 06:15:28.634979] iteration      352/    2293 | consumed samples:        90112 | elapsed time per iteration (ms): 3403.4 | throughput per GPU (TFLOP/s/GPU): 97.8 | tokens/sec/GPU: 9628 | learning rate: 1.947533E-04 | global batch size:   256 | lm loss: 3.283435E+00 | loss scale: 1.0 | grad norm: 0.420 | number of skipped iterations:   0 | number of nan iterations:   0 |
7: [default3]: [2026-05-24 06:15:30.050183] iteration      353/    2293 | consumed samples:        90368 | elapsed time per iteration (ms): 1415.0 | throughput per GPU (TFLOP/s/GPU): 235.2 | tokens/sec/GPU: 23158 | learning rate: 1.947096E-04 | global batch size:   256 | lm loss: 3.456865E+00 | loss scale: 1.0 | grad norm: 0.332 | number of skipped iterations:   0 | number of nan iterations:   0 |
7: [default3]: [2026-05-24 06:15:31.485167] iteration      354/    2293 | consumed samples:        90624 | elapsed time per iteration (ms): 1434.7 | throughput per GPU (TFLOP/s/GPU): 232.0 | tokens/sec/GPU: 22840 | learning rate: 1.946656E-04 | global batch size:   256 | lm loss: 3.321761E+00 | loss scale: 1.0 | grad norm: 0.358 | number of skipped iterations:   0 | number of nan iterations:   0 |
7: [default3]: [2026-05-24 06:15:35.772162] iteration      355/    2293 | consumed samples:        90880 | elapsed time per iteration (ms): 4286.8 | throughput per GPU (TFLOP/s/GPU): 77.6 | tokens/sec/GPU: 7644 | learning rate: 1.946215E-04 | global batch size:   256 | lm loss: 3.357858E+00 | loss scale: 1.0 | grad norm: 0.384 | number of skipped iterations:   0 | number of nan iterations:   0 |
7: [default3]: [2026-05-24 06:15:39.001003] iteration      356/    2293 | consumed samples:        91136 | elapsed time per iteration (ms): 3228.6 | throughput per GPU (TFLOP/s/GPU): 103.1 | tokens/sec/GPU: 10149 | learning rate: 1.945773E-04 | global batch size:   256 | lm loss: 3.332335E+00 | loss scale: 1.0 | grad norm: 0.366 | number of skipped iterations:   0 | number of nan iterations:   0 |
7: [default3]: [2026-05-24 06:15:40.399882] iteration      357/    2293 | consumed samples:        91392 | elapsed time per iteration (ms): 1398.7 | throughput per GPU (TFLOP/s/GPU): 238.0 | tokens/sec/GPU: 23428 | learning rate: 1.945328E-04 | global batch size:   256 | lm loss: 3.360861E+00 | loss scale: 1.0 | grad norm: 0.381 | number of skipped iterations:   0 | number of nan iterations:   0 |
7: [default3]: [2026-05-24 06:15:41.816690] iteration      358/    2293 | consumed samples:        91648 | elapsed time per iteration (ms): 1416.6 | throughput per GPU (TFLOP/s/GPU): 235.0 | tokens/sec/GPU: 23131 | learning rate: 1.944882E-04 | global batch size:   256 | lm loss: 3.225708E+00 | loss scale: 1.0 | grad norm: 0.359 | number of skipped iterations:   0 | number of nan iterations:   0 |
7: [default3]: [2026-05-24 06:15:43.755888] iteration      359/    2293 | consumed samples:        91904 | elapsed time per iteration (ms): 1939.0 | throughput per GPU (TFLOP/s/GPU): 171.7 | tokens/sec/GPU: 16900 | learning rate: 1.944434E-04 | global batch size:   256 | lm loss: 3.301715E+00 | loss scale: 1.0 | grad norm: 0.528 | number of skipped iterations:   0 | number of nan iterations:   0 |
7: [default3]: [2026-05-24 06:15:48.434568] iteration      360/    2293 | consumed samples:        92160 | elapsed time per iteration (ms): 4678.1 | throughput per GPU (TFLOP/s/GPU): 71.1 | tokens/sec/GPU: 7005 | learning rate: 1.943984E-04 | global batch size:   256 | lm loss: 3.303879E+00 | loss scale: 1.0 | grad norm: 0.404 | number of skipped iterations:   0 | number of nan iterations:   0 |
7: [default3]: [2026-05-24 06:15:49.849780] iteration      361/    2293 | consumed samples:        92416 | elapsed time per iteration (ms): 1414.7 | throughput per GPU (TFLOP/s/GPU): 235.3 | tokens/sec/GPU: 23163 | learning rate: 1.943533E-04 | global batch size:   256 | lm loss: 3.402926E+00 | loss scale: 1.0 | grad norm: 0.359 | number of skipped iterations:   0 | number of nan iterations:   0 |
7: [default3]: [2026-05-24 06:15:51.273744] iteration      362/    2293 | consumed samples:        92672 | elapsed time per iteration (ms): 1423.7 | throughput per GPU (TFLOP/s/GPU): 233.8 | tokens/sec/GPU: 23016 | learning rate: 1.943079E-04 | global batch size:   256 | lm loss: 3.354769E+00 | loss scale: 1.0 | grad norm: 0.340 | number of skipped iterations:   0 | number of nan iterations:   0 |
7: [default3]: [2026-05-24 06:15:52.695515] iteration      363/    2293 | consumed samples:        92928 | elapsed time per iteration (ms): 1421.6 | throughput per GPU (TFLOP/s/GPU): 234.1 | tokens/sec/GPU: 23051 | learning rate: 1.942624E-04 | global batch size:   256 | lm loss: 3.291077E+00 | loss scale: 1.0 | grad norm: 0.351 | number of skipped iterations:   0 | number of nan iterations:   0 |
7: [default3]: [2026-05-24 06:15:56.343929] iteration      364/    2293 | consumed samples:        93184 | elapsed time per iteration (ms): 3648.2 | throughput per GPU (TFLOP/s/GPU): 91.2 | tokens/sec/GPU: 8982 | learning rate: 1.942168E-04 | global batch size:   256 | lm loss: 3.310860E+00 | loss scale: 1.0 | grad norm: 0.377 | number of skipped iterations:   0 | number of nan iterations:   0 |
7: [default3]: [2026-05-24 06:15:57.766292] iteration      365/    2293 | consumed samples:        93440 | elapsed time per iteration (ms): 1421.8 | throughput per GPU (TFLOP/s/GPU): 234.1 | tokens/sec/GPU: 23046 | learning rate: 1.941709E-04 | global batch size:   256 | lm loss: 3.234384E+00 | loss scale: 1.0 | grad norm: 0.397 | number of skipped iterations:   0 | number of nan iterations:   0 |
7: [default3]: [2026-05-24 06:15:59.197723] iteration      366/    2293 | consumed samples:        93696 | elapsed time per iteration (ms): 1431.0 | throughput per GPU (TFLOP/s/GPU): 232.6 | tokens/sec/GPU: 22899 | learning rate: 1.941249E-04 | global batch size:   256 | lm loss: 3.293253E+00 | loss scale: 1.0 | grad norm: 0.424 | number of skipped iterations:   0 | number of nan iterations:   0 |
7: [default3]: [2026-05-24 06:16:00.610353] iteration      367/    2293 | consumed samples:        93952 | elapsed time per iteration (ms): 1412.4 | throughput per GPU (TFLOP/s/GPU): 235.6 | tokens/sec/GPU: 23200 | learning rate: 1.940787E-04 | global batch size:   256 | lm loss: 3.243011E+00 | loss scale: 1.0 | grad norm: 0.416 | number of skipped iterations:   0 | number of nan iterations:   0 |
7: [default3]: [2026-05-24 06:16:05.303303] iteration      368/    2293 | consumed samples:        94208 | elapsed time per iteration (ms): 4692.7 | throughput per GPU (TFLOP/s/GPU): 70.9 | tokens/sec/GPU: 6983 | learning rate: 1.940323E-04 | global batch size:   256 | lm loss: 3.231924E+00 | loss scale: 1.0 | grad norm: 0.395 | number of skipped iterations:   0 | number of nan iterations:   0 |
7: [default3]: [2026-05-24 06:16:06.716948] iteration      369/    2293 | consumed samples:        94464 | elapsed time per iteration (ms): 1413.4 | throughput per GPU (TFLOP/s/GPU): 235.5 | tokens/sec/GPU: 23183 | learning rate: 1.939858E-04 | global batch size:   256 | lm loss: 3.288906E+00 | loss scale: 1.0 | grad norm: 2.447 | number of skipped iterations:   0 | number of nan iterations:   0 |
7: [default3]: [2026-05-24 06:16:08.137473] iteration      370/    2293 | consumed samples:        94720 | elapsed time per iteration (ms): 1420.3 | throughput per GPU (TFLOP/s/GPU): 234.3 | tokens/sec/GPU: 23071 | learning rate: 1.939390E-04 | global batch size:   256 | lm loss: 3.313856E+00 | loss scale: 1.0 | grad norm: 0.423 | number of skipped iterations:   0 | number of nan iterations:   0 |
7: [default3]: [2026-05-24 06:16:09.564762] iteration      371/    2293 | consumed samples:        94976 | elapsed time per iteration (ms): 1427.1 | throughput per GPU (TFLOP/s/GPU): 233.2 | tokens/sec/GPU: 22962 | learning rate: 1.938921E-04 | global batch size:   256 | lm loss: 3.207824E+00 | loss scale: 1.0 | grad norm: 0.496 | number of skipped iterations:   0 | number of nan iterations:   0 |
7: [default3]: [2026-05-24 06:16:11.271885] iteration      372/    2293 | consumed samples:        95232 | elapsed time per iteration (ms): 1706.7 | throughput per GPU (TFLOP/s/GPU): 195.0 | tokens/sec/GPU: 19199 | learning rate: 1.938451E-04 | global batch size:   256 | lm loss: 3.317694E+00 | loss scale: 1.0 | grad norm: 0.485 | number of skipped iterations:   0 | number of nan iterations:   0 |
7: [default3]: [2026-05-24 06:16:12.699107] iteration      373/    2293 | consumed samples:        95488 | elapsed time per iteration (ms): 1427.0 | throughput per GPU (TFLOP/s/GPU): 233.2 | tokens/sec/GPU: 22963 | learning rate: 1.937978E-04 | global batch size:   256 | lm loss: 3.224324E+00 | loss scale: 1.0 | grad norm: 0.493 | number of skipped iterations:   0 | number of nan iterations:   0 |
7: [default3]: [2026-05-24 06:16:14.122348] iteration      374/    2293 | consumed samples:        95744 | elapsed time per iteration (ms): 1423.0 | throughput per GPU (TFLOP/s/GPU): 233.9 | tokens/sec/GPU: 23027 | learning rate: 1.937504E-04 | global batch size:   256 | lm loss: 3.283641E+00 | loss scale: 1.0 | grad norm: 0.498 | number of skipped iterations:   0 | number of nan iterations:   0 |
7: [default3]: [2026-05-24 06:16:15.685611] iteration      375/    2293 | consumed samples:        96000 | elapsed time per iteration (ms): 1563.1 | throughput per GPU (TFLOP/s/GPU): 212.9 | tokens/sec/GPU: 20964 | learning rate: 1.937028E-04 | global batch size:   256 | lm loss: 3.211662E+00 | loss scale: 1.0 | grad norm: 0.480 | number of skipped iterations:   0 | number of nan iterations:   0 |
7: [default3]: [2026-05-24 06:16:21.438685] iteration      376/    2293 | consumed samples:        96256 | elapsed time per iteration (ms): 5752.7 | throughput per GPU (TFLOP/s/GPU): 57.9 | tokens/sec/GPU: 5696 | learning rate: 1.936550E-04 | global batch size:   256 | lm loss: 3.186612E+00 | loss scale: 1.0 | grad norm: 0.512 | number of skipped iterations:   0 | number of nan iterations:   0 |
7: [default3]: [2026-05-24 06:16:22.860518] iteration      377/    2293 | consumed samples:        96512 | elapsed time per iteration (ms): 1421.6 | throughput per GPU (TFLOP/s/GPU): 234.1 | tokens/sec/GPU: 23050 | learning rate: 1.936071E-04 | global batch size:   256 | lm loss: 3.223941E+00 | loss scale: 1.0 | grad norm: 0.449 | number of skipped iterations:   0 | number of nan iterations:   0 |
7: [default3]: [2026-05-24 06:16:24.279498] iteration      378/    2293 | consumed samples:        96768 | elapsed time per iteration (ms): 1418.7 | throughput per GPU (TFLOP/s/GPU): 234.6 | tokens/sec/GPU: 23097 | learning rate: 1.935590E-04 | global batch size:   256 | lm loss: 3.261075E+00 | loss scale: 1.0 | grad norm: 0.461 | number of skipped iterations:   0 | number of nan iterations:   0 |
7: [default3]: [2026-05-24 06:16:25.695271] iteration      379/    2293 | consumed samples:        97024 | elapsed time per iteration (ms): 1415.5 | throughput per GPU (TFLOP/s/GPU): 235.1 | tokens/sec/GPU: 23149 | learning rate: 1.935107E-04 | global batch size:   256 | lm loss: 3.265736E+00 | loss scale: 1.0 | grad norm: 0.449 | number of skipped iterations:   0 | number of nan iterations:   0 |
7: [default3]: [2026-05-24 06:16:33.721444] iteration      380/    2293 | consumed samples:        97280 | elapsed time per iteration (ms): 8025.7 | throughput per GPU (TFLOP/s/GPU): 41.5 | tokens/sec/GPU: 4083 | learning rate: 1.934622E-04 | global batch size:   256 | lm loss: 3.221826E+00 | loss scale: 1.0 | grad norm: 0.445 | number of skipped iterations:   0 | number of nan iterations:   0 |
7: [default3]: [2026-05-24 06:16:35.137314] iteration      381/    2293 | consumed samples:        97536 | elapsed time per iteration (ms): 1415.4 | throughput per GPU (TFLOP/s/GPU): 235.1 | tokens/sec/GPU: 23150 | learning rate: 1.934136E-04 | global batch size:   256 | lm loss: 3.249447E+00 | loss scale: 1.0 | grad norm: 0.546 | number of skipped iterations:   0 | number of nan iterations:   0 |
7: [default3]: [2026-05-24 06:16:36.565195] iteration      382/    2293 | consumed samples:        97792 | elapsed time per iteration (ms): 1427.7 | throughput per GPU (TFLOP/s/GPU): 233.1 | tokens/sec/GPU: 22952 | learning rate: 1.933647E-04 | global batch size:   256 | lm loss: 3.214387E+00 | loss scale: 1.0 | grad norm: 0.427 | number of skipped iterations:   0 | number of nan iterations:   0 |
7: [default3]: [2026-05-24 06:16:37.977325] iteration      383/    2293 | consumed samples:        98048 | elapsed time per iteration (ms): 1411.9 | throughput per GPU (TFLOP/s/GPU): 235.7 | tokens/sec/GPU: 23208 | learning rate: 1.933158E-04 | global batch size:   256 | lm loss: 3.166898E+00 | loss scale: 1.0 | grad norm: 0.458 | number of skipped iterations:   0 | number of nan iterations:   0 |
7: [default3]: [2026-05-24 06:16:43.892079] iteration      384/    2293 | consumed samples:        98304 | elapsed time per iteration (ms): 5914.5 | throughput per GPU (TFLOP/s/GPU): 56.3 | tokens/sec/GPU: 5540 | learning rate: 1.932666E-04 | global batch size:   256 | lm loss: 3.259306E+00 | loss scale: 1.0 | grad norm: 0.459 | number of skipped iterations:   0 | number of nan iterations:   0 |
7: [default3]: [2026-05-24 06:16:45.308262] iteration      385/    2293 | consumed samples:        98560 | elapsed time per iteration (ms): 1416.0 | throughput per GPU (TFLOP/s/GPU): 235.1 | tokens/sec/GPU: 23142 | learning rate: 1.932173E-04 | global batch size:   256 | lm loss: 3.256198E+00 | loss scale: 1.0 | grad norm: 0.468 | number of skipped iterations:   0 | number of nan iterations:   0 |
7: [default3]: [2026-05-24 06:16:46.730178] iteration      386/    2293 | consumed samples:        98816 | elapsed time per iteration (ms): 1421.7 | throughput per GPU (TFLOP/s/GPU): 234.1 | tokens/sec/GPU: 23049 | learning rate: 1.931678E-04 | global batch size:   256 | lm loss: 3.186283E+00 | loss scale: 1.0 | grad norm: 0.443 | number of skipped iterations:   0 | number of nan iterations:   0 |
7: [default3]: [2026-05-24 06:16:48.145541] iteration      387/    2293 | consumed samples:        99072 | elapsed time per iteration (ms): 1415.1 | throughput per GPU (TFLOP/s/GPU): 235.2 | tokens/sec/GPU: 23155 | learning rate: 1.931181E-04 | global batch size:   256 | lm loss: 3.175124E+00 | loss scale: 1.0 | grad norm: 0.392 | number of skipped iterations:   0 | number of nan iterations:   0 |
7: [default3]: [2026-05-24 06:16:53.444534] iteration      388/    2293 | consumed samples:        99328 | elapsed time per iteration (ms): 5298.8 | throughput per GPU (TFLOP/s/GPU): 62.8 | tokens/sec/GPU: 6184 | learning rate: 1.930682E-04 | global batch size:   256 | lm loss: 3.272194E+00 | loss scale: 1.0 | grad norm: 0.426 | number of skipped iterations:   0 | number of nan iterations:   0 |
7: [default3]: [2026-05-24 06:16:54.864096] iteration      389/    2293 | consumed samples:        99584 | elapsed time per iteration (ms): 1419.3 | throughput per GPU (TFLOP/s/GPU): 234.5 | tokens/sec/GPU: 23087 | learning rate: 1.930182E-04 | global batch size:   256 | lm loss: 3.263995E+00 | loss scale: 1.0 | grad norm: 0.400 | number of skipped iterations:   0 | number of nan iterations:   0 |
7: [default3]: [2026-05-24 06:16:56.290177] iteration      390/    2293 | consumed samples:        99840 | elapsed time per iteration (ms): 1425.8 | throughput per GPU (TFLOP/s/GPU): 233.4 | tokens/sec/GPU: 22982 | learning rate: 1.929680E-04 | global batch size:   256 | lm loss: 3.298063E+00 | loss scale: 1.0 | grad norm: 0.457 | number of skipped iterations:   0 | number of nan iterations:   0 |
7: [default3]: [2026-05-24 06:16:57.709552] iteration      391/    2293 | consumed samples:       100096 | elapsed time per iteration (ms): 1419.1 | throughput per GPU (TFLOP/s/GPU): 234.5 | tokens/sec/GPU: 23090 | learning rate: 1.929177E-04 | global batch size:   256 | lm loss: 3.270831E+00 | loss scale: 1.0 | grad norm: 0.433 | number of skipped iterations:   0 | number of nan iterations:   0 |
7: [default3]: [2026-05-24 06:16:59.560203] iteration      392/    2293 | consumed samples:       100352 | elapsed time per iteration (ms): 1850.4 | throughput per GPU (TFLOP/s/GPU): 179.9 | tokens/sec/GPU: 17709 | learning rate: 1.928671E-04 | global batch size:   256 | lm loss: 3.298672E+00 | loss scale: 1.0 | grad norm: 0.414 | number of skipped iterations:   0 | number of nan iterations:   0 |
7: [default3]: [2026-05-24 06:17:00.983212] iteration      393/    2293 | consumed samples:       100608 | elapsed time per iteration (ms): 1422.8 | throughput per GPU (TFLOP/s/GPU): 233.9 | tokens/sec/GPU: 23031 | learning rate: 1.928164E-04 | global batch size:   256 | lm loss: 3.084357E+00 | loss scale: 1.0 | grad norm: 0.764 | number of skipped iterations:   0 | number of nan iterations:   0 |
7: [default3]: [2026-05-24 06:17:02.399101] iteration      394/    2293 | consumed samples:       100864 | elapsed time per iteration (ms): 1415.6 | throughput per GPU (TFLOP/s/GPU): 235.1 | tokens/sec/GPU: 23148 | learning rate: 1.927655E-04 | global batch size:   256 | lm loss: 3.148774E+00 | loss scale: 1.0 | grad norm: 0.439 | number of skipped iterations:   0 | number of nan iterations:   0 |
7: [default3]: [2026-05-24 06:17:03.820120] iteration      395/    2293 | consumed samples:       101120 | elapsed time per iteration (ms): 1420.8 | throughput per GPU (TFLOP/s/GPU): 234.3 | tokens/sec/GPU: 23064 | learning rate: 1.927144E-04 | global batch size:   256 | lm loss: 3.247603E+00 | loss scale: 1.0 | grad norm: 0.431 | number of skipped iterations:   0 | number of nan iterations:   0 |
7: [default3]: [2026-05-24 06:17:09.280785] iteration      396/    2293 | consumed samples:       101376 | elapsed time per iteration (ms): 5460.2 | throughput per GPU (TFLOP/s/GPU): 61.0 | tokens/sec/GPU: 6001 | learning rate: 1.926632E-04 | global batch size:   256 | lm loss: 3.226320E+00 | loss scale: 1.0 | grad norm: 0.440 | number of skipped iterations:   0 | number of nan iterations:   0 |
7: [default3]: [2026-05-24 06:17:10.694397] iteration      397/    2293 | consumed samples:       101632 | elapsed time per iteration (ms): 1413.1 | throughput per GPU (TFLOP/s/GPU): 235.5 | tokens/sec/GPU: 23189 | learning rate: 1.926118E-04 | global batch size:   256 | lm loss: 3.195676E+00 | loss scale: 1.0 | grad norm: 0.417 | number of skipped iterations:   0 | number of nan iterations:   0 |
7: [default3]: [2026-05-24 06:17:12.115494] iteration      398/    2293 | consumed samples:       101888 | elapsed time per iteration (ms): 1420.6 | throughput per GPU (TFLOP/s/GPU): 234.3 | tokens/sec/GPU: 23067 | learning rate: 1.925603E-04 | global batch size:   256 | lm loss: 3.160059E+00 | loss scale: 1.0 | grad norm: 0.450 | number of skipped iterations:   0 | number of nan iterations:   0 |
7: [default3]: [2026-05-24 06:17:14.034931] iteration      399/    2293 | consumed samples:       102144 | elapsed time per iteration (ms): 1919.2 | throughput per GPU (TFLOP/s/GPU): 173.4 | tokens/sec/GPU: 17073 | learning rate: 1.925085E-04 | global batch size:   256 | lm loss: 3.157266E+00 | loss scale: 1.0 | grad norm: 0.889 | number of skipped iterations:   0 | number of nan iterations:   0 |
7: [default3]: [2026-05-24 06:17:16.712915] iteration      400/    2293 | consumed samples:       102400 | elapsed time per iteration (ms): 2677.7 | throughput per GPU (TFLOP/s/GPU): 124.3 | tokens/sec/GPU: 12237 | learning rate: 1.924566E-04 | global batch size:   256 | lm loss: 3.137853E+00 | loss scale: 1.0 | grad norm: 0.378 | number of skipped iterations:   0 | number of nan iterations:   0 |
7: [default3]: [2026-05-24 06:17:18.977254] iteration      401/    2293 | consumed samples:       102656 | elapsed time per iteration (ms): 2264.1 | throughput per GPU (TFLOP/s/GPU): 147.0 | tokens/sec/GPU: 14473 | learning rate: 1.924045E-04 | global batch size:   256 | lm loss: 3.115580E+00 | loss scale: 1.0 | grad norm: 0.476 | number of skipped iterations:   0 | number of nan iterations:   0 |
7: [default3]: [2026-05-24 06:17:20.401745] iteration      402/    2293 | consumed samples:       102912 | elapsed time per iteration (ms): 1424.3 | throughput per GPU (TFLOP/s/GPU): 233.7 | tokens/sec/GPU: 23006 | learning rate: 1.923523E-04 | global batch size:   256 | lm loss: 3.218158E+00 | loss scale: 1.0 | grad norm: 0.670 | number of skipped iterations:   0 | number of nan iterations:   0 |
7: [default3]: [2026-05-24 06:17:21.820884] iteration      403/    2293 | consumed samples:       103168 | elapsed time per iteration (ms): 1418.9 | throughput per GPU (TFLOP/s/GPU): 234.6 | tokens/sec/GPU: 23094 | learning rate: 1.922998E-04 | global batch size:   256 | lm loss: 3.210808E+00 | loss scale: 1.0 | grad norm: 0.693 | number of skipped iterations:   0 | number of nan iterations:   0 |
7: [default3]: [2026-05-24 06:17:23.249114] iteration      404/    2293 | consumed samples:       103424 | elapsed time per iteration (ms): 1428.0 | throughput per GPU (TFLOP/s/GPU): 233.1 | tokens/sec/GPU: 22947 | learning rate: 1.922472E-04 | global batch size:   256 | lm loss: 3.156648E+00 | loss scale: 1.0 | grad norm: 0.563 | number of skipped iterations:   0 | number of nan iterations:   0 |
7: [default3]: [2026-05-24 06:17:27.503724] iteration      405/    2293 | consumed samples:       103680 | elapsed time per iteration (ms): 4254.4 | throughput per GPU (TFLOP/s/GPU): 78.2 | tokens/sec/GPU: 7702 | learning rate: 1.921944E-04 | global batch size:   256 | lm loss: 3.220329E+00 | loss scale: 1.0 | grad norm: 0.647 | number of skipped iterations:   0 | number of nan iterations:   0 |
7: [default3]: [2026-05-24 06:17:28.915461] iteration      406/    2293 | consumed samples:       103936 | elapsed time per iteration (ms): 1411.5 | throughput per GPU (TFLOP/s/GPU): 235.8 | tokens/sec/GPU: 23215 | learning rate: 1.921415E-04 | global batch size:   256 | lm loss: 3.218448E+00 | loss scale: 1.0 | grad norm: 0.733 | number of skipped iterations:   0 | number of nan iterations:   0 |
7: [default3]: [2026-05-24 06:17:30.347999] iteration      407/    2293 | consumed samples:       104192 | elapsed time per iteration (ms): 1432.0 | throughput per GPU (TFLOP/s/GPU): 232.4 | tokens/sec/GPU: 22883 | learning rate: 1.920884E-04 | global batch size:   256 | lm loss: 3.147072E+00 | loss scale: 1.0 | grad norm: 0.720 | number of skipped iterations:   0 | number of nan iterations:   0 |
7: [default3]: [2026-05-24 06:17:31.760291] iteration      408/    2293 | consumed samples:       104448 | elapsed time per iteration (ms): 1412.0 | throughput per GPU (TFLOP/s/GPU): 235.7 | tokens/sec/GPU: 23206 | learning rate: 1.920351E-04 | global batch size:   256 | lm loss: 3.149213E+00 | loss scale: 1.0 | grad norm: 0.647 | number of skipped iterations:   0 | number of nan iterations:   0 |
7: [default3]: [2026-05-24 06:17:33.438602] iteration      409/    2293 | consumed samples:       104704 | elapsed time per iteration (ms): 1678.1 | throughput per GPU (TFLOP/s/GPU): 198.3 | tokens/sec/GPU: 19527 | learning rate: 1.919816E-04 | global batch size:   256 | lm loss: 3.197222E+00 | loss scale: 1.0 | grad norm: 4.075 | number of skipped iterations:   0 | number of nan iterations:   0 |
7: [default3]: [2026-05-24 06:17:34.848820] iteration      410/    2293 | consumed samples:       104960 | elapsed time per iteration (ms): 1410.0 | throughput per GPU (TFLOP/s/GPU): 236.0 | tokens/sec/GPU: 23240 | learning rate: 1.919280E-04 | global batch size:   256 | lm loss: 3.279960E+00 | loss scale: 1.0 | grad norm: 1.024 | number of skipped iterations:   0 | number of nan iterations:   0 |
7: [default3]: [2026-05-24 06:17:37.392420] iteration      411/    2293 | consumed samples:       105216 | elapsed time per iteration (ms): 2543.4 | throughput per GPU (TFLOP/s/GPU): 130.9 | tokens/sec/GPU: 12884 | learning rate: 1.918742E-04 | global batch size:   256 | lm loss: 3.198641E+00 | loss scale: 1.0 | grad norm: 1.367 | number of skipped iterations:   0 | number of nan iterations:   0 |
7: [default3]: [2026-05-24 06:17:39.354774] iteration      412/    2293 | consumed samples:       105472 | elapsed time per iteration (ms): 1962.2 | throughput per GPU (TFLOP/s/GPU): 169.6 | tokens/sec/GPU: 16700 | learning rate: 1.918203E-04 | global batch size:   256 | lm loss: 3.267815E+00 | loss scale: 1.0 | grad norm: 4.154 | number of skipped iterations:   0 | number of nan iterations:   0 |
7: [default3]: [2026-05-24 06:17:42.604214] iteration      413/    2293 | consumed samples:       105728 | elapsed time per iteration (ms): 3249.2 | throughput per GPU (TFLOP/s/GPU): 102.4 | tokens/sec/GPU: 10085 | learning rate: 1.917661E-04 | global batch size:   256 | lm loss: 3.093841E+00 | loss scale: 1.0 | grad norm: 2.484 | number of skipped iterations:   0 | number of nan iterations:   0 |
7: [default3]: [2026-05-24 06:17:44.007745] iteration      414/    2293 | consumed samples:       105984 | elapsed time per iteration (ms): 1403.3 | throughput per GPU (TFLOP/s/GPU): 237.2 | tokens/sec/GPU: 23351 | learning rate: 1.917118E-04 | global batch size:   256 | lm loss: 3.274453E+00 | loss scale: 1.0 | grad norm: 1.203 | number of skipped iterations:   0 | number of nan iterations:   0 |
7: [default3]: [2026-05-24 06:17:46.929472] iteration      415/    2293 | consumed samples:       106240 | elapsed time per iteration (ms): 2921.5 | throughput per GPU (TFLOP/s/GPU): 113.9 | tokens/sec/GPU: 11216 | learning rate: 1.916574E-04 | global batch size:   256 | lm loss: 3.212565E+00 | loss scale: 1.0 | grad norm: 0.559 | number of skipped iterations:   0 | number of nan iterations:   0 |
7: [default3]: [2026-05-24 06:17:49.468963] iteration      416/    2293 | consumed samples:       106496 | elapsed time per iteration (ms): 2539.2 | throughput per GPU (TFLOP/s/GPU): 131.1 | tokens/sec/GPU: 12905 | learning rate: 1.916027E-04 | global batch size:   256 | lm loss: 3.156437E+00 | loss scale: 1.0 | grad norm: 0.992 | number of skipped iterations:   0 | number of nan iterations:   0 |
7: [default3]: [2026-05-24 06:17:50.883772] iteration      417/    2293 | consumed samples:       106752 | elapsed time per iteration (ms): 1414.6 | throughput per GPU (TFLOP/s/GPU): 235.3 | tokens/sec/GPU: 23165 | learning rate: 1.915479E-04 | global batch size:   256 | lm loss: 3.198069E+00 | loss scale: 1.0 | grad norm: 0.925 | number of skipped iterations:   0 | number of nan iterations:   0 |
7: [default3]: [2026-05-24 06:17:52.308587] iteration      418/    2293 | consumed samples:       107008 | elapsed time per iteration (ms): 1424.6 | throughput per GPU (TFLOP/s/GPU): 233.6 | tokens/sec/GPU: 23002 | learning rate: 1.914929E-04 | global batch size:   256 | lm loss: 3.198421E+00 | loss scale: 1.0 | grad norm: 1.497 | number of skipped iterations:   0 | number of nan iterations:   0 |
7: [default3]: [2026-05-24 06:17:53.725262] iteration      419/    2293 | consumed samples:       107264 | elapsed time per iteration (ms): 1416.5 | throughput per GPU (TFLOP/s/GPU): 235.0 | tokens/sec/GPU: 23133 | learning rate: 1.914377E-04 | global batch size:   256 | lm loss: 3.163793E+00 | loss scale: 1.0 | grad norm: 0.550 | number of skipped iterations:   0 | number of nan iterations:   0 |
7: [default3]: [2026-05-24 06:17:57.223345] iteration      420/    2293 | consumed samples:       107520 | elapsed time per iteration (ms): 3497.8 | throughput per GPU (TFLOP/s/GPU): 95.2 | tokens/sec/GPU: 9368 | learning rate: 1.913824E-04 | global batch size:   256 | lm loss: 3.177600E+00 | loss scale: 1.0 | grad norm: 0.601 | number of skipped iterations:   0 | number of nan iterations:   0 |
7: [default3]: [2026-05-24 06:18:00.734770] iteration      421/    2293 | consumed samples:       107776 | elapsed time per iteration (ms): 3510.9 | throughput per GPU (TFLOP/s/GPU): 94.8 | tokens/sec/GPU: 9333 | learning rate: 1.913269E-04 | global batch size:   256 | lm loss: 3.095940E+00 | loss scale: 1.0 | grad norm: 0.858 | number of skipped iterations:   0 | number of nan iterations:   0 |
7: [default3]: [2026-05-24 06:18:02.158651] iteration      422/    2293 | consumed samples:       108032 | elapsed time per iteration (ms): 1423.6 | throughput per GPU (TFLOP/s/GPU): 233.8 | tokens/sec/GPU: 23017 | learning rate: 1.912713E-04 | global batch size:   256 | lm loss: 3.185963E+00 | loss scale: 1.0 | grad norm: 0.555 | number of skipped iterations:   0 | number of nan iterations:   0 |
7: [default3]: [2026-05-24 06:18:03.582872] iteration      423/    2293 | consumed samples:       108288 | elapsed time per iteration (ms): 1423.8 | throughput per GPU (TFLOP/s/GPU): 233.8 | tokens/sec/GPU: 23015 | learning rate: 1.912154E-04 | global batch size:   256 | lm loss: 3.155306E+00 | loss scale: 1.0 | grad norm: 0.493 | number of skipped iterations:   0 | number of nan iterations:   0 |
7: [default3]: [2026-05-24 06:18:04.997427] iteration      424/    2293 | consumed samples:       108544 | elapsed time per iteration (ms): 1414.4 | throughput per GPU (TFLOP/s/GPU): 235.3 | tokens/sec/GPU: 23168 | learning rate: 1.911594E-04 | global batch size:   256 | lm loss: 3.186346E+00 | loss scale: 1.0 | grad norm: 0.569 | number of skipped iterations:   0 | number of nan iterations:   0 |
7: [default3]: [2026-05-24 06:18:06.404251] iteration      425/    2293 | consumed samples:       108800 | elapsed time per iteration (ms): 1406.6 | throughput per GPU (TFLOP/s/GPU): 236.6 | tokens/sec/GPU: 23295 | learning rate: 1.911033E-04 | global batch size:   256 | lm loss: 3.136588E+00 | loss scale: 1.0 | grad norm: 0.836 | number of skipped iterations:   0 | number of nan iterations:   0 |
7: [default3]: [2026-05-24 06:18:07.808460] iteration      426/    2293 | consumed samples:       109056 | elapsed time per iteration (ms): 1404.0 | throughput per GPU (TFLOP/s/GPU): 237.1 | tokens/sec/GPU: 23338 | learning rate: 1.910469E-04 | global batch size:   256 | lm loss: 3.131742E+00 | loss scale: 1.0 | grad norm: 0.465 | number of skipped iterations:   0 | number of nan iterations:   0 |
7: [default3]: [2026-05-24 06:18:10.930420] iteration      427/    2293 | consumed samples:       109312 | elapsed time per iteration (ms): 3121.7 | throughput per GPU (TFLOP/s/GPU): 106.6 | tokens/sec/GPU: 10497 | learning rate: 1.909904E-04 | global batch size:   256 | lm loss: 3.106288E+00 | loss scale: 1.0 | grad norm: 0.407 | number of skipped iterations:   0 | number of nan iterations:   0 |
7: [default3]: [2026-05-24 06:18:14.494582] iteration      428/    2293 | consumed samples:       109568 | elapsed time per iteration (ms): 3563.9 | throughput per GPU (TFLOP/s/GPU): 93.4 | tokens/sec/GPU: 9194 | learning rate: 1.909338E-04 | global batch size:   256 | lm loss: 3.102653E+00 | loss scale: 1.0 | grad norm: 0.439 | number of skipped iterations:   0 | number of nan iterations:   0 |
7: [default3]: [2026-05-24 06:18:15.912420] iteration      429/    2293 | consumed samples:       109824 | elapsed time per iteration (ms): 1417.4 | throughput per GPU (TFLOP/s/GPU): 234.8 | tokens/sec/GPU: 23119 | learning rate: 1.908769E-04 | global batch size:   256 | lm loss: 3.085959E+00 | loss scale: 1.0 | grad norm: 0.507 | number of skipped iterations:   0 | number of nan iterations:   0 |
7: [default3]: [2026-05-24 06:18:17.333996] iteration      430/    2293 | consumed samples:       110080 | elapsed time per iteration (ms): 1421.4 | throughput per GPU (TFLOP/s/GPU): 234.2 | tokens/sec/GPU: 23053 | learning rate: 1.908199E-04 | global batch size:   256 | lm loss: 3.177124E+00 | loss scale: 1.0 | grad norm: 1.936 | number of skipped iterations:   0 | number of nan iterations:   0 |
7: [default3]: [2026-05-24 06:18:19.910067] iteration      431/    2293 | consumed samples:       110336 | elapsed time per iteration (ms): 2575.8 | throughput per GPU (TFLOP/s/GPU): 129.2 | tokens/sec/GPU: 12721 | learning rate: 1.907627E-04 | global batch size:   256 | lm loss: 3.038179E+00 | loss scale: 1.0 | grad norm: 0.543 | number of skipped iterations:   0 | number of nan iterations:   0 |
7: [default3]: [2026-05-24 06:18:21.430505] iteration      432/    2293 | consumed samples:       110592 | elapsed time per iteration (ms): 1520.1 | throughput per GPU (TFLOP/s/GPU): 219.0 | tokens/sec/GPU: 21557 | learning rate: 1.907054E-04 | global batch size:   256 | lm loss: 3.087826E+00 | loss scale: 1.0 | grad norm: 0.488 | number of skipped iterations:   0 | number of nan iterations:   0 |
7: [default3]: [2026-05-24 06:18:23.666373] iteration      433/    2293 | consumed samples:       110848 | elapsed time per iteration (ms): 2235.6 | throughput per GPU (TFLOP/s/GPU): 148.9 | tokens/sec/GPU: 14657 | learning rate: 1.906479E-04 | global batch size:   256 | lm loss: 3.088444E+00 | loss scale: 1.0 | grad norm: 0.361 | number of skipped iterations:   0 | number of nan iterations:   0 |
7: [default3]: [2026-05-24 06:18:25.511436] iteration      434/    2293 | consumed samples:       111104 | elapsed time per iteration (ms): 1844.8 | throughput per GPU (TFLOP/s/GPU): 180.4 | tokens/sec/GPU: 17762 | learning rate: 1.905902E-04 | global batch size:   256 | lm loss: 3.074850E+00 | loss scale: 1.0 | grad norm: 0.368 | number of skipped iterations:   0 | number of nan iterations:   0 |
7: [default3]: [2026-05-24 06:18:26.924508] iteration      435/    2293 | consumed samples:       111360 | elapsed time per iteration (ms): 1412.9 | throughput per GPU (TFLOP/s/GPU): 235.6 | tokens/sec/GPU: 23193 | learning rate: 1.905323E-04 | global batch size:   256 | lm loss: 3.210073E+00 | loss scale: 1.0 | grad norm: 0.390 | number of skipped iterations:   0 | number of nan iterations:   0 |
7: [default3]: [2026-05-24 06:18:28.668711] iteration      436/    2293 | consumed samples:       111616 | elapsed time per iteration (ms): 1743.9 | throughput per GPU (TFLOP/s/GPU): 190.9 | tokens/sec/GPU: 18790 | learning rate: 1.904743E-04 | global batch size:   256 | lm loss: 3.093194E+00 | loss scale: 1.0 | grad norm: 0.394 | number of skipped iterations:   0 | number of nan iterations:   0 |
7: [default3]: [2026-05-24 06:18:30.088067] iteration      437/    2293 | consumed samples:       111872 | elapsed time per iteration (ms): 1419.1 | throughput per GPU (TFLOP/s/GPU): 234.5 | tokens/sec/GPU: 23090 | learning rate: 1.904161E-04 | global batch size:   256 | lm loss: 3.035213E+00 | loss scale: 1.0 | grad norm: 0.388 | number of skipped iterations:   0 | number of nan iterations:   0 |
7: [default3]: [2026-05-24 06:18:35.592734] iteration      438/    2293 | consumed samples:       112128 | elapsed time per iteration (ms): 5504.5 | throughput per GPU (TFLOP/s/GPU): 60.5 | tokens/sec/GPU: 5953 | learning rate: 1.903578E-04 | global batch size:   256 | lm loss: 3.124126E+00 | loss scale: 1.0 | grad norm: 1.723 | number of skipped iterations:   0 | number of nan iterations:   0 |
7: [default3]: [2026-05-24 06:18:36.999445] iteration      439/    2293 | consumed samples:       112384 | elapsed time per iteration (ms): 1406.5 | throughput per GPU (TFLOP/s/GPU): 236.6 | tokens/sec/GPU: 23297 | learning rate: 1.902993E-04 | global batch size:   256 | lm loss: 3.094086E+00 | loss scale: 1.0 | grad norm: 0.345 | number of skipped iterations:   0 | number of nan iterations:   0 |
7: [default3]: [2026-05-24 06:18:38.413178] iteration      440/    2293 | consumed samples:       112640 | elapsed time per iteration (ms): 1413.5 | throughput per GPU (TFLOP/s/GPU): 235.5 | tokens/sec/GPU: 23183 | learning rate: 1.902406E-04 | global batch size:   256 | lm loss: 3.193361E+00 | loss scale: 1.0 | grad norm: 0.363 | number of skipped iterations:   0 | number of nan iterations:   0 |
7: [default3]: [2026-05-24 06:18:39.832168] iteration      441/    2293 | consumed samples:       112896 | elapsed time per iteration (ms): 1418.8 | throughput per GPU (TFLOP/s/GPU): 234.6 | tokens/sec/GPU: 23096 | learning rate: 1.901817E-04 | global batch size:   256 | lm loss: 3.090101E+00 | loss scale: 1.0 | grad norm: 0.341 | number of skipped iterations:   0 | number of nan iterations:   0 |
7: [default3]: [2026-05-24 06:18:41.264624] iteration      442/    2293 | consumed samples:       113152 | elapsed time per iteration (ms): 1432.2 | throughput per GPU (TFLOP/s/GPU): 232.4 | tokens/sec/GPU: 22879 | learning rate: 1.901227E-04 | global batch size:   256 | lm loss: 3.120513E+00 | loss scale: 1.0 | grad norm: 0.740 | number of skipped iterations:   0 | number of nan iterations:   0 |
7: [default3]: [2026-05-24 06:18:42.693959] iteration      443/    2293 | consumed samples:       113408 | elapsed time per iteration (ms): 1429.1 | throughput per GPU (TFLOP/s/GPU): 232.9 | tokens/sec/GPU: 22928 | learning rate: 1.900636E-04 | global batch size:   256 | lm loss: 3.014957E+00 | loss scale: 1.0 | grad norm: 0.461 | number of skipped iterations:   0 | number of nan iterations:   0 |
7: [default3]: [2026-05-24 06:18:44.112776] iteration      444/    2293 | consumed samples:       113664 | elapsed time per iteration (ms): 1418.6 | throughput per GPU (TFLOP/s/GPU): 234.6 | tokens/sec/GPU: 23100 | learning rate: 1.900042E-04 | global batch size:   256 | lm loss: 3.024025E+00 | loss scale: 1.0 | grad norm: 0.362 | number of skipped iterations:   0 | number of nan iterations:   0 |
7: [default3]: [2026-05-24 06:18:45.539871] iteration      445/    2293 | consumed samples:       113920 | elapsed time per iteration (ms): 1426.8 | throughput per GPU (TFLOP/s/GPU): 233.3 | tokens/sec/GPU: 22965 | learning rate: 1.899447E-04 | global batch size:   256 | lm loss: 2.984720E+00 | loss scale: 1.0 | grad norm: 0.327 | number of skipped iterations:   0 | number of nan iterations:   0 |
7: [default3]: [2026-05-24 06:18:47.145683] iteration      446/    2293 | consumed samples:       114176 | elapsed time per iteration (ms): 1605.6 | throughput per GPU (TFLOP/s/GPU): 207.3 | tokens/sec/GPU: 20409 | learning rate: 1.898850E-04 | global batch size:   256 | lm loss: 3.076278E+00 | loss scale: 1.0 | grad norm: 0.649 | number of skipped iterations:   0 | number of nan iterations:   0 |
7: [default3]: [2026-05-24 06:18:50.521748] iteration      447/    2293 | consumed samples:       114432 | elapsed time per iteration (ms): 3375.4 | throughput per GPU (TFLOP/s/GPU): 98.6 | tokens/sec/GPU: 9708 | learning rate: 1.898252E-04 | global batch size:   256 | lm loss: 3.008052E+00 | loss scale: 1.0 | grad norm: 0.359 | number of skipped iterations:   0 | number of nan iterations:   0 |
7: [default3]: [2026-05-24 06:18:51.940078] iteration      448/    2293 | consumed samples:       114688 | elapsed time per iteration (ms): 1418.1 | throughput per GPU (TFLOP/s/GPU): 234.7 | tokens/sec/GPU: 23108 | learning rate: 1.897651E-04 | global batch size:   256 | lm loss: 3.036234E+00 | loss scale: 1.0 | grad norm: 0.420 | number of skipped iterations:   0 | number of nan iterations:   0 |
7: [default3]: [2026-05-24 06:18:53.358530] iteration      449/    2293 | consumed samples:       114944 | elapsed time per iteration (ms): 1418.2 | throughput per GPU (TFLOP/s/GPU): 234.7 | tokens/sec/GPU: 23105 | learning rate: 1.897050E-04 | global batch size:   256 | lm loss: 3.028569E+00 | loss scale: 1.0 | grad norm: 0.331 | number of skipped iterations:   0 | number of nan iterations:   0 |
7: [default3]: [2026-05-24 06:18:55.272035] iteration      450/    2293 | consumed samples:       115200 | elapsed time per iteration (ms): 1913.2 | throughput per GPU (TFLOP/s/GPU): 174.0 | tokens/sec/GPU: 17127 | learning rate: 1.896446E-04 | global batch size:   256 | lm loss: 3.014801E+00 | loss scale: 1.0 | grad norm: 0.474 | number of skipped iterations:   0 | number of nan iterations:   0 |
7: [default3]: [2026-05-24 06:19:00.578028] iteration      451/    2293 | consumed samples:       115456 | elapsed time per iteration (ms): 5305.8 | throughput per GPU (TFLOP/s/GPU): 62.7 | tokens/sec/GPU: 6176 | learning rate: 1.895841E-04 | global batch size:   256 | lm loss: 3.021012E+00 | loss scale: 1.0 | grad norm: 0.350 | number of skipped iterations:   0 | number of nan iterations:   0 |
7: [default3]: [2026-05-24 06:19:01.986611] iteration      452/    2293 | consumed samples:       115712 | elapsed time per iteration (ms): 1408.4 | throughput per GPU (TFLOP/s/GPU): 236.3 | tokens/sec/GPU: 23267 | learning rate: 1.895234E-04 | global batch size:   256 | lm loss: 2.988827E+00 | loss scale: 1.0 | grad norm: 0.353 | number of skipped iterations:   0 | number of nan iterations:   0 |
7: [default3]: [2026-05-24 06:19:03.409384] iteration      453/    2293 | consumed samples:       115968 | elapsed time per iteration (ms): 1422.6 | throughput per GPU (TFLOP/s/GPU): 234.0 | tokens/sec/GPU: 23035 | learning rate: 1.894626E-04 | global batch size:   256 | lm loss: 3.081155E+00 | loss scale: 1.0 | grad norm: 0.372 | number of skipped iterations:   0 | number of nan iterations:   0 |
7: [default3]: [2026-05-24 06:19:04.831545] iteration      454/    2293 | consumed samples:       116224 | elapsed time per iteration (ms): 1421.9 | throughput per GPU (TFLOP/s/GPU): 234.1 | tokens/sec/GPU: 23045 | learning rate: 1.894016E-04 | global batch size:   256 | lm loss: 2.983750E+00 | loss scale: 1.0 | grad norm: 0.503 | number of skipped iterations:   0 | number of nan iterations:   0 |
7: [default3]: [2026-05-24 06:19:11.761466] iteration      455/    2293 | consumed samples:       116480 | elapsed time per iteration (ms): 6929.7 | throughput per GPU (TFLOP/s/GPU): 48.0 | tokens/sec/GPU: 4729 | learning rate: 1.893404E-04 | global batch size:   256 | lm loss: 3.094182E+00 | loss scale: 1.0 | grad norm: 0.295 | number of skipped iterations:   0 | number of nan iterations:   0 |
7: [default3]: [2026-05-24 06:19:13.166284] iteration      456/    2293 | consumed samples:       116736 | elapsed time per iteration (ms): 1404.5 | throughput per GPU (TFLOP/s/GPU): 237.0 | tokens/sec/GPU: 23330 | learning rate: 1.892791E-04 | global batch size:   256 | lm loss: 3.070410E+00 | loss scale: 1.0 | grad norm: 0.394 | number of skipped iterations:   0 | number of nan iterations:   0 |
7: [default3]: [2026-05-24 06:19:14.586182] iteration      457/    2293 | consumed samples:       116992 | elapsed time per iteration (ms): 1419.6 | throughput per GPU (TFLOP/s/GPU): 234.5 | tokens/sec/GPU: 23082 | learning rate: 1.892175E-04 | global batch size:   256 | lm loss: 2.904744E+00 | loss scale: 1.0 | grad norm: 0.372 | number of skipped iterations:   0 | number of nan iterations:   0 |
7: [default3]: [2026-05-24 06:19:16.009556] iteration      458/    2293 | consumed samples:       117248 | elapsed time per iteration (ms): 1422.7 | throughput per GPU (TFLOP/s/GPU): 233.9 | tokens/sec/GPU: 23032 | learning rate: 1.891559E-04 | global batch size:   256 | lm loss: 3.043368E+00 | loss scale: 1.0 | grad norm: 0.366 | number of skipped iterations:   0 | number of nan iterations:   0 |
7: [default3]: [2026-05-24 06:19:22.193680] iteration      459/    2293 | consumed samples:       117504 | elapsed time per iteration (ms): 6183.9 | throughput per GPU (TFLOP/s/GPU): 53.8 | tokens/sec/GPU: 5299 | learning rate: 1.890941E-04 | global batch size:   256 | lm loss: 3.017142E+00 | loss scale: 1.0 | grad norm: 0.345 | number of skipped iterations:   0 | number of nan iterations:   0 |
7: [default3]: [2026-05-24 06:19:23.605292] iteration      460/    2293 | consumed samples:       117760 | elapsed time per iteration (ms): 1411.4 | throughput per GPU (TFLOP/s/GPU): 235.8 | tokens/sec/GPU: 23217 | learning rate: 1.890321E-04 | global batch size:   256 | lm loss: 2.984438E+00 | loss scale: 1.0 | grad norm: 0.320 | number of skipped iterations:   0 | number of nan iterations:   0 |
7: [default3]: [2026-05-24 06:19:25.017251] iteration      461/    2293 | consumed samples:       118016 | elapsed time per iteration (ms): 1411.7 | throughput per GPU (TFLOP/s/GPU): 235.8 | tokens/sec/GPU: 23212 | learning rate: 1.889699E-04 | global batch size:   256 | lm loss: 3.073464E+00 | loss scale: 1.0 | grad norm: 0.326 | number of skipped iterations:   0 | number of nan iterations:   0 |
7: [default3]: [2026-05-24 06:19:26.438710] iteration      462/    2293 | consumed samples:       118272 | elapsed time per iteration (ms): 1421.2 | throughput per GPU (TFLOP/s/GPU): 234.2 | tokens/sec/GPU: 23056 | learning rate: 1.889076E-04 | global batch size:   256 | lm loss: 2.938116E+00 | loss scale: 1.0 | grad norm: 0.380 | number of skipped iterations:   0 | number of nan iterations:   0 |
7: [default3]: [2026-05-24 06:19:28.245090] iteration      463/    2293 | consumed samples:       118528 | elapsed time per iteration (ms): 1805.9 | throughput per GPU (TFLOP/s/GPU): 184.3 | tokens/sec/GPU: 18145 | learning rate: 1.888451E-04 | global batch size:   256 | lm loss: 2.988016E+00 | loss scale: 1.0 | grad norm: 0.349 | number of skipped iterations:   0 | number of nan iterations:   0 |
7: [default3]: [2026-05-24 06:19:29.664522] iteration      464/    2293 | consumed samples:       118784 | elapsed time per iteration (ms): 1419.1 | throughput per GPU (TFLOP/s/GPU): 234.5 | tokens/sec/GPU: 23090 | learning rate: 1.887824E-04 | global batch size:   256 | lm loss: 2.923260E+00 | loss scale: 1.0 | grad norm: 0.349 | number of skipped iterations:   0 | number of nan iterations:   0 |
7: [default3]: [2026-05-24 06:19:31.084052] iteration      465/    2293 | consumed samples:       119040 | elapsed time per iteration (ms): 1419.3 | throughput per GPU (TFLOP/s/GPU): 234.5 | tokens/sec/GPU: 23087 | learning rate: 1.887196E-04 | global batch size:   256 | lm loss: 2.967384E+00 | loss scale: 1.0 | grad norm: 0.351 | number of skipped iterations:   0 | number of nan iterations:   0 |
7: [default3]: [2026-05-24 06:19:32.497697] iteration      466/    2293 | consumed samples:       119296 | elapsed time per iteration (ms): 1413.3 | throughput per GPU (TFLOP/s/GPU): 235.5 | tokens/sec/GPU: 23185 | learning rate: 1.886566E-04 | global batch size:   256 | lm loss: 2.970872E+00 | loss scale: 1.0 | grad norm: 0.346 | number of skipped iterations:   0 | number of nan iterations:   0 |
7: [default3]: [2026-05-24 06:19:34.477704] iteration      467/    2293 | consumed samples:       119552 | elapsed time per iteration (ms): 1979.8 | throughput per GPU (TFLOP/s/GPU): 168.1 | tokens/sec/GPU: 16551 | learning rate: 1.885935E-04 | global batch size:   256 | lm loss: 3.033941E+00 | loss scale: 1.0 | grad norm: 0.368 | number of skipped iterations:   0 | number of nan iterations:   0 |
7: [default3]: [2026-05-24 06:19:35.910552] iteration      468/    2293 | consumed samples:       119808 | elapsed time per iteration (ms): 1432.4 | throughput per GPU (TFLOP/s/GPU): 232.4 | tokens/sec/GPU: 22876 | learning rate: 1.885302E-04 | global batch size:   256 | lm loss: 3.043683E+00 | loss scale: 1.0 | grad norm: 0.741 | number of skipped iterations:   0 | number of nan iterations:   0 |
7: [default3]: [2026-05-24 06:19:37.330807] iteration      469/    2293 | consumed samples:       120064 | elapsed time per iteration (ms): 1420.1 | throughput per GPU (TFLOP/s/GPU): 234.4 | tokens/sec/GPU: 23075 | learning rate: 1.884667E-04 | global batch size:   256 | lm loss: 2.982173E+00 | loss scale: 1.0 | grad norm: 0.390 | number of skipped iterations:   0 | number of nan iterations:   0 |
7: [default3]: [2026-05-24 06:19:38.758450] iteration      470/    2293 | consumed samples:       120320 | elapsed time per iteration (ms): 1427.4 | throughput per GPU (TFLOP/s/GPU): 233.2 | tokens/sec/GPU: 22957 | learning rate: 1.884031E-04 | global batch size:   256 | lm loss: 3.033476E+00 | loss scale: 1.0 | grad norm: 1.095 | number of skipped iterations:   0 | number of nan iterations:   0 |
7: [default3]: [2026-05-24 06:19:42.230956] iteration      471/    2293 | consumed samples:       120576 | elapsed time per iteration (ms): 3472.3 | throughput per GPU (TFLOP/s/GPU): 95.9 | tokens/sec/GPU: 9437 | learning rate: 1.883393E-04 | global batch size:   256 | lm loss: 2.998040E+00 | loss scale: 1.0 | grad norm: 0.476 | number of skipped iterations:   0 | number of nan iterations:   0 |
7: [default3]: [2026-05-24 06:19:43.645069] iteration      472/    2293 | consumed samples:       120832 | elapsed time per iteration (ms): 1413.9 | throughput per GPU (TFLOP/s/GPU): 235.4 | tokens/sec/GPU: 23175 | learning rate: 1.882753E-04 | global batch size:   256 | lm loss: 3.028313E+00 | loss scale: 1.0 | grad norm: 0.361 | number of skipped iterations:   0 | number of nan iterations:   0 |
7: [default3]: [2026-05-24 06:19:45.061881] iteration      473/    2293 | consumed samples:       121088 | elapsed time per iteration (ms): 1415.8 | throughput per GPU (TFLOP/s/GPU): 235.1 | tokens/sec/GPU: 23145 | learning rate: 1.882112E-04 | global batch size:   256 | lm loss: 2.972801E+00 | loss scale: 1.0 | grad norm: 0.721 | number of skipped iterations:   0 | number of nan iterations:   0 |
7: [default3]: [2026-05-24 06:19:46.476510] iteration      474/    2293 | consumed samples:       121344 | elapsed time per iteration (ms): 1414.4 | throughput per GPU (TFLOP/s/GPU): 235.3 | tokens/sec/GPU: 23167 | learning rate: 1.881469E-04 | global batch size:   256 | lm loss: 2.998449E+00 | loss scale: 1.0 | grad norm: 0.373 | number of skipped iterations:   0 | number of nan iterations:   0 |
7: [default3]: [2026-05-24 06:19:47.913283] iteration      475/    2293 | consumed samples:       121600 | elapsed time per iteration (ms): 1436.6 | throughput per GPU (TFLOP/s/GPU): 231.7 | tokens/sec/GPU: 22810 | learning rate: 1.880825E-04 | global batch size:   256 | lm loss: 2.981974E+00 | loss scale: 1.0 | grad norm: 0.400 | number of skipped iterations:   0 | number of nan iterations:   0 |
7: [default3]: [2026-05-24 06:19:49.332479] iteration      476/    2293 | consumed samples:       121856 | elapsed time per iteration (ms): 1419.0 | throughput per GPU (TFLOP/s/GPU): 234.6 | tokens/sec/GPU: 23092 | learning rate: 1.880179E-04 | global batch size:   256 | lm loss: 2.981754E+00 | loss scale: 1.0 | grad norm: 0.397 | number of skipped iterations:   0 | number of nan iterations:   0 |
7: [default3]: [2026-05-24 06:19:50.873616] iteration      477/    2293 | consumed samples:       122112 | elapsed time per iteration (ms): 1540.9 | throughput per GPU (TFLOP/s/GPU): 216.0 | tokens/sec/GPU: 21266 | learning rate: 1.879531E-04 | global batch size:   256 | lm loss: 3.065787E+00 | loss scale: 1.0 | grad norm: 0.405 | number of skipped iterations:   0 | number of nan iterations:   0 |
7: [default3]: [2026-05-24 06:19:53.648371] iteration      478/    2293 | consumed samples:       122368 | elapsed time per iteration (ms): 2774.3 | throughput per GPU (TFLOP/s/GPU): 120.0 | tokens/sec/GPU: 11811 | learning rate: 1.878882E-04 | global batch size:   256 | lm loss: 2.959038E+00 | loss scale: 1.0 | grad norm: 0.435 | number of skipped iterations:   0 | number of nan iterations:   0 |
7: [default3]: [2026-05-24 06:19:55.073812] iteration      479/    2293 | consumed samples:       122624 | elapsed time per iteration (ms): 1425.2 | throughput per GPU (TFLOP/s/GPU): 233.5 | tokens/sec/GPU: 22992 | learning rate: 1.878231E-04 | global batch size:   256 | lm loss: 2.965729E+00 | loss scale: 1.0 | grad norm: 0.414 | number of skipped iterations:   0 | number of nan iterations:   0 |
7: [default3]: [2026-05-24 06:19:56.493555] iteration      480/    2293 | consumed samples:       122880 | elapsed time per iteration (ms): 1419.5 | throughput per GPU (TFLOP/s/GPU): 234.5 | tokens/sec/GPU: 23085 | learning rate: 1.877578E-04 | global batch size:   256 | lm loss: 2.941151E+00 | loss scale: 1.0 | grad norm: 0.472 | number of skipped iterations:   0 | number of nan iterations:   0 |
7: [default3]: [2026-05-24 06:19:58.540613] iteration      481/    2293 | consumed samples:       123136 | elapsed time per iteration (ms): 2046.9 | throughput per GPU (TFLOP/s/GPU): 162.6 | tokens/sec/GPU: 16009 | learning rate: 1.876924E-04 | global batch size:   256 | lm loss: 2.972221E+00 | loss scale: 1.0 | grad norm: 0.438 | number of skipped iterations:   0 | number of nan iterations:   0 |
7: [default3]: [2026-05-24 06:19:59.967886] iteration      482/    2293 | consumed samples:       123392 | elapsed time per iteration (ms): 1427.0 | throughput per GPU (TFLOP/s/GPU): 233.2 | tokens/sec/GPU: 22962 | learning rate: 1.876268E-04 | global batch size:   256 | lm loss: 2.953155E+00 | loss scale: 1.0 | grad norm: 0.447 | number of skipped iterations:   0 | number of nan iterations:   0 |
7: [default3]: [2026-05-24 06:20:01.385155] iteration      483/    2293 | consumed samples:       123648 | elapsed time per iteration (ms): 1417.0 | throughput per GPU (TFLOP/s/GPU): 234.9 | tokens/sec/GPU: 23125 | learning rate: 1.875611E-04 | global batch size:   256 | lm loss: 2.967225E+00 | loss scale: 1.0 | grad norm: 0.412 | number of skipped iterations:   0 | number of nan iterations:   0 |
7: [default3]: [2026-05-24 06:20:02.801638] iteration      484/    2293 | consumed samples:       123904 | elapsed time per iteration (ms): 1416.3 | throughput per GPU (TFLOP/s/GPU): 235.0 | tokens/sec/GPU: 23136 | learning rate: 1.874952E-04 | global batch size:   256 | lm loss: 2.982979E+00 | loss scale: 1.0 | grad norm: 0.701 | number of skipped iterations:   0 | number of nan iterations:   0 |
7: [default3]: [2026-05-24 06:20:04.222345] iteration      485/    2293 | consumed samples:       124160 | elapsed time per iteration (ms): 1420.5 | throughput per GPU (TFLOP/s/GPU): 234.3 | tokens/sec/GPU: 23068 | learning rate: 1.874291E-04 | global batch size:   256 | lm loss: 3.010109E+00 | loss scale: 1.0 | grad norm: 1.269 | number of skipped iterations:   0 | number of nan iterations:   0 |
7: [default3]: [2026-05-24 06:20:09.950519] iteration      486/    2293 | consumed samples:       124416 | elapsed time per iteration (ms): 5728.0 | throughput per GPU (TFLOP/s/GPU): 58.1 | tokens/sec/GPU: 5721 | learning rate: 1.873629E-04 | global batch size:   256 | lm loss: 2.960138E+00 | loss scale: 1.0 | grad norm: 0.321 | number of skipped iterations:   0 | number of nan iterations:   0 |
7: [default3]: [2026-05-24 06:20:11.359893] iteration      487/    2293 | consumed samples:       124672 | elapsed time per iteration (ms): 1409.1 | throughput per GPU (TFLOP/s/GPU): 236.2 | tokens/sec/GPU: 23254 | learning rate: 1.872965E-04 | global batch size:   256 | lm loss: 2.881369E+00 | loss scale: 1.0 | grad norm: 0.382 | number of skipped iterations:   0 | number of nan iterations:   0 |
7: [default3]: [2026-05-24 06:20:12.785897] iteration      488/    2293 | consumed samples:       124928 | elapsed time per iteration (ms): 1425.8 | throughput per GPU (TFLOP/s/GPU): 233.4 | tokens/sec/GPU: 22983 | learning rate: 1.872299E-04 | global batch size:   256 | lm loss: 2.936655E+00 | loss scale: 1.0 | grad norm: 0.331 | number of skipped iterations:   0 | number of nan iterations:   0 |
7: [default3]: [2026-05-24 06:20:14.210861] iteration      489/    2293 | consumed samples:       125184 | elapsed time per iteration (ms): 1424.8 | throughput per GPU (TFLOP/s/GPU): 233.6 | tokens/sec/GPU: 22999 | learning rate: 1.871632E-04 | global batch size:   256 | lm loss: 2.973776E+00 | loss scale: 1.0 | grad norm: 0.339 | number of skipped iterations:   0 | number of nan iterations:   0 |
7: [default3]: [2026-05-24 06:20:16.894624] iteration      490/    2293 | consumed samples:       125440 | elapsed time per iteration (ms): 2683.6 | throughput per GPU (TFLOP/s/GPU): 124.0 | tokens/sec/GPU: 12211 | learning rate: 1.870964E-04 | global batch size:   256 | lm loss: 2.952515E+00 | loss scale: 1.0 | grad norm: 0.304 | number of skipped iterations:   0 | number of nan iterations:   0 |
7: [default3]: [2026-05-24 06:20:18.308996] iteration      491/    2293 | consumed samples:       125696 | elapsed time per iteration (ms): 1414.1 | throughput per GPU (TFLOP/s/GPU): 235.4 | tokens/sec/GPU: 23173 | learning rate: 1.870293E-04 | global batch size:   256 | lm loss: 2.892855E+00 | loss scale: 1.0 | grad norm: 0.296 | number of skipped iterations:   0 | number of nan iterations:   0 |
7: [default3]: [2026-05-24 06:20:19.750118] iteration      492/    2293 | consumed samples:       125952 | elapsed time per iteration (ms): 1440.8 | throughput per GPU (TFLOP/s/GPU): 231.0 | tokens/sec/GPU: 22743 | learning rate: 1.869622E-04 | global batch size:   256 | lm loss: 2.994130E+00 | loss scale: 1.0 | grad norm: 0.301 | number of skipped iterations:   0 | number of nan iterations:   0 |
7: [default3]: [2026-05-24 06:20:21.172891] iteration      493/    2293 | consumed samples:       126208 | elapsed time per iteration (ms): 1422.6 | throughput per GPU (TFLOP/s/GPU): 234.0 | tokens/sec/GPU: 23034 | learning rate: 1.868948E-04 | global batch size:   256 | lm loss: 2.945721E+00 | loss scale: 1.0 | grad norm: 0.325 | number of skipped iterations:   0 | number of nan iterations:   0 |
7: [default3]: [2026-05-24 06:20:23.029300] iteration      494/    2293 | consumed samples:       126464 | elapsed time per iteration (ms): 1855.9 | throughput per GPU (TFLOP/s/GPU): 179.3 | tokens/sec/GPU: 17656 | learning rate: 1.868273E-04 | global batch size:   256 | lm loss: 2.888835E+00 | loss scale: 1.0 | grad norm: 0.391 | number of skipped iterations:   0 | number of nan iterations:   0 |
7: [default3]: [2026-05-24 06:20:24.430886] iteration      495/    2293 | consumed samples:       126720 | elapsed time per iteration (ms): 1401.4 | throughput per GPU (TFLOP/s/GPU): 237.5 | tokens/sec/GPU: 23383 | learning rate: 1.867596E-04 | global batch size:   256 | lm loss: 2.945615E+00 | loss scale: 1.0 | grad norm: 0.375 | number of skipped iterations:   0 | number of nan iterations:   0 |
7: [default3]: [2026-05-24 06:20:25.846077] iteration      496/    2293 | consumed samples:       126976 | elapsed time per iteration (ms): 1414.9 | throughput per GPU (TFLOP/s/GPU): 235.2 | tokens/sec/GPU: 23159 | learning rate: 1.866918E-04 | global batch size:   256 | lm loss: 2.965614E+00 | loss scale: 1.0 | grad norm: 0.804 | number of skipped iterations:   0 | number of nan iterations:   0 |
7: [default3]: [2026-05-24 06:20:27.263926] iteration      497/    2293 | consumed samples:       127232 | elapsed time per iteration (ms): 1417.7 | throughput per GPU (TFLOP/s/GPU): 234.8 | tokens/sec/GPU: 23114 | learning rate: 1.866238E-04 | global batch size:   256 | lm loss: 2.931395E+00 | loss scale: 1.0 | grad norm: 0.319 | number of skipped iterations:   0 | number of nan iterations:   0 |
7: [default3]: [2026-05-24 06:20:33.642621] iteration      498/    2293 | consumed samples:       127488 | elapsed time per iteration (ms): 6378.4 | throughput per GPU (TFLOP/s/GPU): 52.2 | tokens/sec/GPU: 5137 | learning rate: 1.865557E-04 | global batch size:   256 | lm loss: 2.944497E+00 | loss scale: 1.0 | grad norm: 0.338 | number of skipped iterations:   0 | number of nan iterations:   0 |
7: [default3]: [2026-05-24 06:20:35.046339] iteration      499/    2293 | consumed samples:       127744 | elapsed time per iteration (ms): 1403.5 | throughput per GPU (TFLOP/s/GPU): 237.1 | tokens/sec/GPU: 23347 | learning rate: 1.864874E-04 | global batch size:   256 | lm loss: 2.878059E+00 | loss scale: 1.0 | grad norm: 0.370 | number of skipped iterations:   0 | number of nan iterations:   0 |
7: [default3]: [2026-05-24 06:20:36.470273] iteration      500/    2293 | consumed samples:       128000 | elapsed time per iteration (ms): 1423.7 | throughput per GPU (TFLOP/s/GPU): 233.8 | tokens/sec/GPU: 23017 | learning rate: 1.864189E-04 | global batch size:   256 | lm loss: 2.914225E+00 | loss scale: 1.0 | grad norm: 0.441 | number of skipped iterations:   0 | number of nan iterations:   0 |
0: [default1]:[Rank 1] (before save_checkpoint for iteration 500) memory (MB) | allocated: 4714.10 | max allocated: 27950.14 | reserved: 29274.00 | max reserved: 29274.00
0: [default0]:[Rank 0] (before save_checkpoint for iteration 500) memory (MB) | allocated: 4714.10 | max allocated: 27950.14 | reserved: 29274.00 | max reserved: 29274.00
0: [default0]:[2026-05-24 06:20:37.316324] saving checkpoint at iteration     500 to /iopsstor/scratch/cscs/course_00179/gipfelsturm/gipfelsturm/train-1.5b-8n/checkpoints in torch_dist format
0: [default0]:Storing distributed optimizer sharded state of type dp_reshardable
0: [default0]:/usr/local/lib/python3.12/dist-packages/torch/library.py:357: UserWarning: Warning only once for all operators,  other operators may also be overridden.
0: [default0]:  Overriding a previously registered kernel for the same operator and the same dispatch key
0: [default0]:  operator: flash_attn::_flash_attn_backward(Tensor dout, Tensor q, Tensor k, Tensor v, Tensor out, Tensor softmax_lse, Tensor(a6!)? dq, Tensor(a7!)? dk, Tensor(a8!)? dv, float dropout_p, float softmax_scale, bool causal, SymInt window_size_left, SymInt window_size_right, float softcap, Tensor? alibi_slopes, bool deterministic, Tensor? rng_state=None) -> Tensor
0: [default0]:    registered at /usr/local/lib/python3.12/dist-packages/torch/_library/custom_ops.py:926
0: [default0]:  dispatch key: ADInplaceOrView
0: [default0]:  previous kernel: no debug info
0: [default0]:       new kernel: registered at /usr/local/lib/python3.12/dist-packages/torch/_library/custom_ops.py:926 (Triggered internally at /opt/pytorch/pytorch/aten/src/ATen/core/dispatch/Op
0: eratorEntry.cpp:208.)
0: [default0]:  self.m.impl(
0: [default0]:  [2026-05-24 06:20:50.847184] successfully saved checkpoint from iteration     500 to /iopsstor/scratch/cscs/course_00179/gipfelsturm/gipfelsturm/train-1.5b-8n/checkpoints [ t 1/2, p 1/1 ]
0: [default0]:[Rank 0] (after save_checkpoint for iteration 500) memory (MB) | allocated: 4714.10 | max allocated: 27950.14 | reserved: 29274.00 | max reserved: 29274.00
0: [default1]:[Rank 1] (after save_checkpoint for iteration 500) memory (MB) | allocated: 4714.10 | max allocated: 27950.14 | reserved: 29274.00 | max reserved: 29274.00
7: [default3]:INFO:megatron.core.timers:(min, max) time across ranks (ms):
7: [default3]:    save-checkpoint ................................: (14083.29, 14083.57)
7: [default3]: [2026-05-24 06:20:52.822814] iteration      501/    2293 | consumed samples:       128256 | elapsed time per iteration (ms): 2260.6 | throughput per GPU (TFLOP/s/GPU): 147.2 | tokens/sec/GPU: 14495 | learning rate: 1.863503E-04 | global batch size:   256 | lm loss: 3.032600E+00 | loss scale: 1.0 | grad norm: 0.583 | number of skipped iterations:   0 | number of nan iterations:   0 |
7: [default3]: [2026-05-24 06:20:54.248200] iteration      502/    2293 | consumed samples:       128512 | elapsed time per iteration (ms): 1425.1 | throughput per GPU (TFLOP/s/GPU): 233.5 | tokens/sec/GPU: 22993 | learning rate: 1.862815E-04 | global batch size:   256 | lm loss: 2.952502E+00 | loss scale: 1.0 | grad norm: 0.398 | number of skipped iterations:   0 | number of nan iterations:   0 |
7: [default3]: [2026-05-24 06:20:55.666033] iteration      503/    2293 | consumed samples:       128768 | elapsed time per iteration (ms): 1417.7 | throughput per GPU (TFLOP/s/GPU): 234.8 | tokens/sec/GPU: 23114 | learning rate: 1.862126E-04 | global batch size:   256 | lm loss: 2.927303E+00 | loss scale: 1.0 | grad norm: 0.737 | number of skipped iterations:   0 | number of nan iterations:   0 |
7: [default3]: [2026-05-24 06:20:57.093529] iteration      504/    2293 | consumed samples:       129024 | elapsed time per iteration (ms): 1426.8 | throughput per GPU (TFLOP/s/GPU): 233.3 | tokens/sec/GPU: 22966 | learning rate: 1.861435E-04 | global batch size:   256 | lm loss: 2.950341E+00 | loss scale: 1.0 | grad norm: 0.467 | number of skipped iterations:   0 | number of nan iterations:   0 |
7: [default3]: [2026-05-24 06:20:58.517327] iteration      505/    2293 | consumed samples:       129280 | elapsed time per iteration (ms): 1423.6 | throughput per GPU (TFLOP/s/GPU): 233.8 | tokens/sec/GPU: 23018 | learning rate: 1.860742E-04 | global batch size:   256 | lm loss: 2.952571E+00 | loss scale: 1.0 | grad norm: 0.396 | number of skipped iterations:   0 | number of nan iterations:   0 |
7: [default3]: [2026-05-24 06:20:59.948168] iteration      506/    2293 | consumed samples:       129536 | elapsed time per iteration (ms): 1430.7 | throughput per GPU (TFLOP/s/GPU): 232.6 | tokens/sec/GPU: 22904 | learning rate: 1.860048E-04 | global batch size:   256 | lm loss: 2.912807E+00 | loss scale: 1.0 | grad norm: 0.413 | number of skipped iterations:   0 | number of nan iterations:   0 |
7: [default3]: [2026-05-24 06:21:01.366586] iteration      507/    2293 | consumed samples:       129792 | elapsed time per iteration (ms): 1418.2 | throughput per GPU (TFLOP/s/GPU): 234.7 | tokens/sec/GPU: 23106 | learning rate: 1.859352E-04 | global batch size:   256 | lm loss: 2.868151E+00 | loss scale: 1.0 | grad norm: 0.380 | number of skipped iterations:   0 | number of nan iterations:   0 |
7: [default3]: [2026-05-24 06:21:02.795394] iteration      508/    2293 | consumed samples:       130048 | elapsed time per iteration (ms): 1428.6 | throughput per GPU (TFLOP/s/GPU): 233.0 | tokens/sec/GPU: 22938 | learning rate: 1.858655E-04 | global batch size:   256 | lm loss: 2.927261E+00 | loss scale: 1.0 | grad norm: 0.436 | number of skipped iterations:   0 | number of nan iterations:   0 |
7: [default3]: [2026-05-24 06:21:04.215752] iteration      509/    2293 | consumed samples:       130304 | elapsed time per iteration (ms): 1420.1 | throughput per GPU (TFLOP/s/GPU): 234.4 | tokens/sec/GPU: 23074 | learning rate: 1.857956E-04 | global batch size:   256 | lm loss: 2.976602E+00 | loss scale: 1.0 | grad norm: 0.452 | number of skipped iterations:   0 | number of nan iterations:   0 |
7: [default3]: [2026-05-24 06:21:05.641118] iteration      510/    2293 | consumed samples:       130560 | elapsed time per iteration (ms): 1425.1 | throughput per GPU (TFLOP/s/GPU): 233.6 | tokens/sec/GPU: 22994 | learning rate: 1.857256E-04 | global batch size:   256 | lm loss: 2.877747E+00 | loss scale: 1.0 | grad norm: 0.433 | number of skipped iterations:   0 | number of nan iterations:   0 |
7: [default3]: [2026-05-24 06:21:07.063941] iteration      511/    2293 | consumed samples:       130816 | elapsed time per iteration (ms): 1422.6 | throughput per GPU (TFLOP/s/GPU): 234.0 | tokens/sec/GPU: 23033 | learning rate: 1.856554E-04 | global batch size:   256 | lm loss: 2.861929E+00 | loss scale: 1.0 | grad norm: 0.434 | number of skipped iterations:   0 | number of nan iterations:   0 |
7: [default3]: [2026-05-24 06:21:08.489808] iteration      512/    2293 | consumed samples:       131072 | elapsed time per iteration (ms): 1425.6 | throughput per GPU (TFLOP/s/GPU): 233.5 | tokens/sec/GPU: 22985 | learning rate: 1.855850E-04 | global batch size:   256 | lm loss: 2.863533E+00 | loss scale: 1.0 | grad norm: 0.369 | number of skipped iterations:   0 | number of nan iterations:   0 |
7: [default3]: [2026-05-24 06:21:09.925255] iteration      513/    2293 | consumed samples:       131328 | elapsed time per iteration (ms): 1435.2 | throughput per GPU (TFLOP/s/GPU): 231.9 | tokens/sec/GPU: 22831 | learning rate: 1.855145E-04 | global batch size:   256 | lm loss: 2.833323E+00 | loss scale: 1.0 | grad norm: 0.374 | number of skipped iterations:   0 | number of nan iterations:   0 |
7: [default3]: [2026-05-24 06:21:12.748928] iteration      514/    2293 | consumed samples:       131584 | elapsed time per iteration (ms): 2823.4 | throughput per GPU (TFLOP/s/GPU): 117.9 | tokens/sec/GPU: 11606 | learning rate: 1.854438E-04 | global batch size:   256 | lm loss: 2.971327E+00 | loss scale: 1.0 | grad norm: 0.520 | number of skipped iterations:   0 | number of nan iterations:   0 |
7: [default3]: [2026-05-24 06:21:14.679419] iteration      515/    2293 | consumed samples:       131840 | elapsed time per iteration (ms): 1930.2 | throughput per GPU (TFLOP/s/GPU): 172.4 | tokens/sec/GPU: 16976 | learning rate: 1.853730E-04 | global batch size:   256 | lm loss: 2.835619E+00 | loss scale: 1.0 | grad norm: 0.354 | number of skipped iterations:   0 | number of nan iterations:   0 |
7: [default3]: [2026-05-24 06:21:16.090949] iteration      516/    2293 | consumed samples:       132096 | elapsed time per iteration (ms): 1411.3 | throughput per GPU (TFLOP/s/GPU): 235.8 | tokens/sec/GPU: 23218 | learning rate: 1.853020E-04 | global batch size:   256 | lm loss: 2.932472E+00 | loss scale: 1.0 | grad norm: 0.326 | number of skipped iterations:   0 | number of nan iterations:   0 |
7: [default3]: [2026-05-24 06:21:17.523213] iteration      517/    2293 | consumed samples:       132352 | elapsed time per iteration (ms): 1432.0 | throughput per GPU (TFLOP/s/GPU): 232.4 | tokens/sec/GPU: 22882 | learning rate: 1.852308E-04 | global batch size:   256 | lm loss: 2.911699E+00 | loss scale: 1.0 | grad norm: 0.362 | number of skipped iterations:   0 | number of nan iterations:   0 |
7: [default3]: [2026-05-24 06:21:19.198699] iteration      518/    2293 | consumed samples:       132608 | elapsed time per iteration (ms): 1675.3 | throughput per GPU (TFLOP/s/GPU): 198.7 | tokens/sec/GPU: 19560 | learning rate: 1.851596E-04 | global batch size:   256 | lm loss: 2.871797E+00 | loss scale: 1.0 | grad norm: 0.458 | number of skipped iterations:   0 | number of nan iterations:   0 |
7: [default3]: [2026-05-24 06:21:20.627480] iteration      519/    2293 | consumed samples:       132864 | elapsed time per iteration (ms): 1428.6 | throughput per GPU (TFLOP/s/GPU): 233.0 | tokens/sec/GPU: 22938 | learning rate: 1.850881E-04 | global batch size:   256 | lm loss: 2.944414E+00 | loss scale: 1.0 | grad norm: 2.113 | number of skipped iterations:   0 | number of nan iterations:   0 |
7: [default3]: [2026-05-24 06:21:23.521904] iteration      520/    2293 | consumed samples:       133120 | elapsed time per iteration (ms): 2894.2 | throughput per GPU (TFLOP/s/GPU): 115.0 | tokens/sec/GPU: 11322 | learning rate: 1.850165E-04 | global batch size:   256 | lm loss: 2.847260E+00 | loss scale: 1.0 | grad norm: 0.362 | number of skipped iterations:   0 | number of nan iterations:   0 |
7: [default3]: [2026-05-24 06:21:24.943085] iteration      521/    2293 | consumed samples:       133376 | elapsed time per iteration (ms): 1420.9 | throughput per GPU (TFLOP/s/GPU): 234.2 | tokens/sec/GPU: 23061 | learning rate: 1.849447E-04 | global batch size:   256 | lm loss: 2.853856E+00 | loss scale: 1.0 | grad norm: 0.404 | number of skipped iterations:   0 | number of nan iterations:   0 |
7: [default3]: [2026-05-24 06:21:27.942329] iteration      522/    2293 | consumed samples:       133632 | elapsed time per iteration (ms): 2999.0 | throughput per GPU (TFLOP/s/GPU): 111.0 | tokens/sec/GPU: 10926 | learning rate: 1.848728E-04 | global batch size:   256 | lm loss: 2.832568E+00 | loss scale: 1.0 | grad norm: 0.344 | number of skipped iterations:   0 | number of nan iterations:   0 |
7: [default3]: [2026-05-24 06:21:29.369796] iteration      523/    2293 | consumed samples:       133888 | elapsed time per iteration (ms): 1427.2 | throughput per GPU (TFLOP/s/GPU): 233.2 | tokens/sec/GPU: 22959 | learning rate: 1.848007E-04 | global batch size:   256 | lm loss: 2.809337E+00 | loss scale: 1.0 | grad norm: 0.372 | number of skipped iterations:   0 | number of nan iterations:   0 |
7: [default3]: [2026-05-24 06:21:30.791101] iteration      524/    2293 | consumed samples:       134144 | elapsed time per iteration (ms): 1421.1 | throughput per GPU (TFLOP/s/GPU): 234.2 | tokens/sec/GPU: 23058 | learning rate: 1.847285E-04 | global batch size:   256 | lm loss: 2.878656E+00 | loss scale: 1.0 | grad norm: 0.353 | number of skipped iterations:   0 | number of nan iterations:   0 |
7: [default3]: [2026-05-24 06:21:32.234301] iteration      525/    2293 | consumed samples:       134400 | elapsed time per iteration (ms): 1442.9 | throughput per GPU (TFLOP/s/GPU): 230.7 | tokens/sec/GPU: 22709 | learning rate: 1.846561E-04 | global batch size:   256 | lm loss: 2.921819E+00 | loss scale: 1.0 | grad norm: 0.435 | number of skipped iterations:   0 | number of nan iterations:   0 |
7: [default3]: [2026-05-24 06:21:34.850053] iteration      526/    2293 | consumed samples:       134656 | elapsed time per iteration (ms): 2615.5 | throughput per GPU (TFLOP/s/GPU): 127.3 | tokens/sec/GPU: 12528 | learning rate: 1.845835E-04 | global batch size:   256 | lm loss: 2.855436E+00 | loss scale: 1.0 | grad norm: 0.431 | number of skipped iterations:   0 | number of nan iterations:   0 |
7: [default3]: [2026-05-24 06:21:36.266957] iteration      527/    2293 | consumed samples:       134912 | elapsed time per iteration (ms): 1416.7 | throughput per GPU (TFLOP/s/GPU): 234.9 | tokens/sec/GPU: 23129 | learning rate: 1.845108E-04 | global batch size:   256 | lm loss: 2.830615E+00 | loss scale: 1.0 | grad norm: 1.030 | number of skipped iterations:   0 | number of nan iterations:   0 |
7: [default3]: [2026-05-24 06:21:37.693126] iteration      528/    2293 | consumed samples:       135168 | elapsed time per iteration (ms): 1425.9 | throughput per GPU (TFLOP/s/GPU): 233.4 | tokens/sec/GPU: 22980 | learning rate: 1.844380E-04 | global batch size:   256 | lm loss: 2.883825E+00 | loss scale: 1.0 | grad norm: 0.376 | number of skipped iterations:   0 | number of nan iterations:   0 |
7: [default3]: [2026-05-24 06:21:39.357541] iteration      529/    2293 | consumed samples:       135424 | elapsed time per iteration (ms): 1663.4 | throughput per GPU (TFLOP/s/GPU): 200.1 | tokens/sec/GPU: 19700 | learning rate: 1.843650E-04 | global batch size:   256 | lm loss: 2.881516E+00 | loss scale: 1.0 | grad norm: 0.458 | number of skipped iterations:   0 | number of nan iterations:   0 |
7: [default3]: [2026-05-24 06:21:44.361343] iteration      530/    2293 | consumed samples:       135680 | elapsed time per iteration (ms): 5003.6 | throughput per GPU (TFLOP/s/GPU): 66.5 | tokens/sec/GPU: 6549 | learning rate: 1.842918E-04 | global batch size:   256 | lm loss: 2.867897E+00 | loss scale: 1.0 | grad norm: 0.360 | number of skipped iterations:   0 | number of nan iterations:   0 |
7: [default3]: [2026-05-24 06:21:45.766396] iteration      531/    2293 | consumed samples:       135936 | elapsed time per iteration (ms): 1404.8 | throughput per GPU (TFLOP/s/GPU): 236.9 | tokens/sec/GPU: 23325 | learning rate: 1.842185E-04 | global batch size:   256 | lm loss: 2.813388E+00 | loss scale: 1.0 | grad norm: 0.354 | number of skipped iterations:   0 | number of nan iterations:   0 |
7: [default3]: [2026-05-24 06:21:47.182952] iteration      532/    2293 | consumed samples:       136192 | elapsed time per iteration (ms): 1416.4 | throughput per GPU (TFLOP/s/GPU): 235.0 | tokens/sec/GPU: 23135 | learning rate: 1.841450E-04 | global batch size:   256 | lm loss: 2.836637E+00 | loss scale: 1.0 | grad norm: 0.362 | number of skipped iterations:   0 | number of nan iterations:   0 |
7: [default3]: [2026-05-24 06:21:48.603913] iteration      533/    2293 | consumed samples:       136448 | elapsed time per iteration (ms): 1420.8 | throughput per GPU (TFLOP/s/GPU): 234.3 | tokens/sec/GPU: 23064 | learning rate: 1.840714E-04 | global batch size:   256 | lm loss: 2.827026E+00 | loss scale: 1.0 | grad norm: 0.338 | number of skipped iterations:   0 | number of nan iterations:   0 |
7: [default3]: [2026-05-24 06:21:52.519726] iteration      534/    2293 | consumed samples:       136704 | elapsed time per iteration (ms): 3915.5 | throughput per GPU (TFLOP/s/GPU): 85.0 | tokens/sec/GPU: 8369 | learning rate: 1.839976E-04 | global batch size:   256 | lm loss: 2.835692E+00 | loss scale: 1.0 | grad norm: 0.385 | number of skipped iterations:   0 | number of nan iterations:   0 |
7: [default3]: [2026-05-24 06:21:53.947435] iteration      535/    2293 | consumed samples:       136960 | elapsed time per iteration (ms): 1427.5 | throughput per GPU (TFLOP/s/GPU): 233.2 | tokens/sec/GPU: 22955 | learning rate: 1.839237E-04 | global batch size:   256 | lm loss: 2.884686E+00 | loss scale: 1.0 | grad norm: 0.410 | number of skipped iterations:   0 | number of nan iterations:   0 |
7: [default3]: [2026-05-24 06:21:55.371919] iteration      536/    2293 | consumed samples:       137216 | elapsed time per iteration (ms): 1424.2 | throughput per GPU (TFLOP/s/GPU): 233.7 | tokens/sec/GPU: 23007 | learning rate: 1.838496E-04 | global batch size:   256 | lm loss: 2.753519E+00 | loss scale: 1.0 | grad norm: 0.389 | number of skipped iterations:   0 | number of nan iterations:   0 |
7: [default3]: [2026-05-24 06:21:56.813239] iteration      537/    2293 | consumed samples:       137472 | elapsed time per iteration (ms): 1441.1 | throughput per GPU (TFLOP/s/GPU): 231.0 | tokens/sec/GPU: 22738 | learning rate: 1.837753E-04 | global batch size:   256 | lm loss: 2.915194E+00 | loss scale: 1.0 | grad norm: 0.386 | number of skipped iterations:   0 | number of nan iterations:   0 |
7: [default3]: [2026-05-24 06:22:00.826902] iteration      538/    2293 | consumed samples:       137728 | elapsed time per iteration (ms): 4013.4 | throughput per GPU (TFLOP/s/GPU): 82.9 | tokens/sec/GPU: 8165 | learning rate: 1.837009E-04 | global batch size:   256 | lm loss: 2.849457E+00 | loss scale: 1.0 | grad norm: 0.394 | number of skipped iterations:   0 | number of nan iterations:   0 |
7: [default3]: [2026-05-24 06:22:02.240661] iteration      539/    2293 | consumed samples:       137984 | elapsed time per iteration (ms): 1413.5 | throughput per GPU (TFLOP/s/GPU): 235.5 | tokens/sec/GPU: 23183 | learning rate: 1.836264E-04 | global batch size:   256 | lm loss: 2.865108E+00 | loss scale: 1.0 | grad norm: 0.366 | number of skipped iterations:   0 | number of nan iterations:   0 |
7: [default3]: [2026-05-24 06:22:03.663920] iteration      540/    2293 | consumed samples:       138240 | elapsed time per iteration (ms): 1423.0 | throughput per GPU (TFLOP/s/GPU): 233.9 | tokens/sec/GPU: 23028 | learning rate: 1.835517E-04 | global batch size:   256 | lm loss: 2.817097E+00 | loss scale: 1.0 | grad norm: 0.404 | number of skipped iterations:   0 | number of nan iterations:   0 |
7: [default3]: [2026-05-24 06:22:05.090766] iteration      541/    2293 | consumed samples:       138496 | elapsed time per iteration (ms): 1426.7 | throughput per GPU (TFLOP/s/GPU): 233.3 | tokens/sec/GPU: 22968 | learning rate: 1.834768E-04 | global batch size:   256 | lm loss: 2.887970E+00 | loss scale: 1.0 | grad norm: 0.317 | number of skipped iterations:   0 | number of nan iterations:   0 |
7: [default3]: [2026-05-24 06:22:07.073259] iteration      542/    2293 | consumed samples:       138752 | elapsed time per iteration (ms): 1982.2 | throughput per GPU (TFLOP/s/GPU): 167.9 | tokens/sec/GPU: 16531 | learning rate: 1.834018E-04 | global batch size:   256 | lm loss: 2.826676E+00 | loss scale: 1.0 | grad norm: 0.326 | number of skipped iterations:   0 | number of nan iterations:   0 |
7: [default3]: [2026-05-24 06:22:08.540100] iteration      543/    2293 | consumed samples:       139008 | elapsed time per iteration (ms): 1466.5 | throughput per GPU (TFLOP/s/GPU): 227.0 | tokens/sec/GPU: 22344 | learning rate: 1.833267E-04 | global batch size:   256 | lm loss: 2.831393E+00 | loss scale: 1.0 | grad norm: 0.313 | number of skipped iterations:   0 | number of nan iterations:   0 |
7: [default3]: [2026-05-24 06:22:09.966350] iteration      544/    2293 | consumed samples:       139264 | elapsed time per iteration (ms): 1426.1 | throughput per GPU (TFLOP/s/GPU): 233.4 | tokens/sec/GPU: 22978 | learning rate: 1.832514E-04 | global batch size:   256 | lm loss: 2.796088E+00 | loss scale: 1.0 | grad norm: 0.303 | number of skipped iterations:   0 | number of nan iterations:   0 |
7: [default3]: [2026-05-24 06:22:11.394216] iteration      545/    2293 | consumed samples:       139520 | elapsed time per iteration (ms): 1427.6 | throughput per GPU (TFLOP/s/GPU): 233.1 | tokens/sec/GPU: 22953 | learning rate: 1.831759E-04 | global batch size:   256 | lm loss: 2.754275E+00 | loss scale: 1.0 | grad norm: 0.325 | number of skipped iterations:   0 | number of nan iterations:   0 |
7: [default3]: [2026-05-24 06:22:14.567131] iteration      546/    2293 | consumed samples:       139776 | elapsed time per iteration (ms): 3172.4 | throughput per GPU (TFLOP/s/GPU): 104.9 | tokens/sec/GPU: 10329 | learning rate: 1.831003E-04 | global batch size:   256 | lm loss: 2.878736E+00 | loss scale: 1.0 | grad norm: 0.303 | number of skipped iterations:   0 | number of nan iterations:   0 |
7: [default3]: [2026-05-24 06:22:15.985843] iteration      547/    2293 | consumed samples:       140032 | elapsed time per iteration (ms): 1418.2 | throughput per GPU (TFLOP/s/GPU): 234.7 | tokens/sec/GPU: 23106 | learning rate: 1.830245E-04 | global batch size:   256 | lm loss: 2.829531E+00 | loss scale: 1.0 | grad norm: 0.327 | number of skipped iterations:   0 | number of nan iterations:   0 |
7: [default3]: [2026-05-24 06:22:17.415016] iteration      548/    2293 | consumed samples:       140288 | elapsed time per iteration (ms): 1428.2 | throughput per GPU (TFLOP/s/GPU): 233.0 | tokens/sec/GPU: 22943 | learning rate: 1.829486E-04 | global batch size:   256 | lm loss: 2.797811E+00 | loss scale: 1.0 | grad norm: 0.350 | number of skipped iterations:   0 | number of nan iterations:   0 |
7: [default3]: [2026-05-24 06:22:18.833485] iteration      549/    2293 | consumed samples:       140544 | elapsed time per iteration (ms): 1418.2 | throughput per GPU (TFLOP/s/GPU): 234.7 | tokens/sec/GPU: 23105 | learning rate: 1.828725E-04 | global batch size:   256 | lm loss: 2.766196E+00 | loss scale: 1.0 | grad norm: 0.292 | number of skipped iterations:   0 | number of nan iterations:   0 |
7: [default3]: [2026-05-24 06:22:23.645481] iteration      550/    2293 | consumed samples:       140800 | elapsed time per iteration (ms): 4811.8 | throughput per GPU (TFLOP/s/GPU): 69.2 | tokens/sec/GPU: 6810 | learning rate: 1.827963E-04 | global batch size:   256 | lm loss: 2.809236E+00 | loss scale: 1.0 | grad norm: 0.367 | number of skipped iterations:   0 | number of nan iterations:   0 |
7: [default3]: [2026-05-24 06:22:25.876041] iteration      551/    2293 | consumed samples:       141056 | elapsed time per iteration (ms): 2230.3 | throughput per GPU (TFLOP/s/GPU): 149.2 | tokens/sec/GPU: 14692 | learning rate: 1.827199E-04 | global batch size:   256 | lm loss: 2.772540E+00 | loss scale: 1.0 | grad norm: 0.302 | number of skipped iterations:   0 | number of nan iterations:   0 |
7: [default3]: [2026-05-24 06:22:27.292780] iteration      552/    2293 | consumed samples:       141312 | elapsed time per iteration (ms): 1416.5 | throughput per GPU (TFLOP/s/GPU): 235.0 | tokens/sec/GPU: 23134 | learning rate: 1.826434E-04 | global batch size:   256 | lm loss: 2.741554E+00 | loss scale: 1.0 | grad norm: 0.314 | number of skipped iterations:   0 | number of nan iterations:   0 |
7: [default3]: [2026-05-24 06:22:28.708827] iteration      553/    2293 | consumed samples:       141568 | elapsed time per iteration (ms): 1415.8 | throughput per GPU (TFLOP/s/GPU): 235.1 | tokens/sec/GPU: 23144 | learning rate: 1.825667E-04 | global batch size:   256 | lm loss: 2.846326E+00 | loss scale: 1.0 | grad norm: 0.333 | number of skipped iterations:   0 | number of nan iterations:   0 |
7: [default3]: [2026-05-24 06:22:30.768966] iteration      554/    2293 | consumed samples:       141824 | elapsed time per iteration (ms): 2059.9 | throughput per GPU (TFLOP/s/GPU): 161.6 | tokens/sec/GPU: 15907 | learning rate: 1.824899E-04 | global batch size:   256 | lm loss: 2.805803E+00 | loss scale: 1.0 | grad norm: 0.323 | number of skipped iterations:   0 | number of nan iterations:   0 |
7: [default3]: [2026-05-24 06:22:32.192414] iteration      555/    2293 | consumed samples:       142080 | elapsed time per iteration (ms): 1423.3 | throughput per GPU (TFLOP/s/GPU): 233.9 | tokens/sec/GPU: 23023 | learning rate: 1.824129E-04 | global batch size:   256 | lm loss: 2.802658E+00 | loss scale: 1.0 | grad norm: 0.311 | number of skipped iterations:   0 | number of nan iterations:   0 |
7: [default3]: [2026-05-24 06:22:33.616117] iteration      556/    2293 | consumed samples:       142336 | elapsed time per iteration (ms): 1423.4 | throughput per GPU (TFLOP/s/GPU): 233.8 | tokens/sec/GPU: 23021 | learning rate: 1.823358E-04 | global batch size:   256 | lm loss: 2.809270E+00 | loss scale: 1.0 | grad norm: 0.294 | number of skipped iterations:   0 | number of nan iterations:   0 |
7: [default3]: [2026-05-24 06:22:35.031129] iteration      557/    2293 | consumed samples:       142592 | elapsed time per iteration (ms): 1414.8 | throughput per GPU (TFLOP/s/GPU): 235.2 | tokens/sec/GPU: 23161 | learning rate: 1.822585E-04 | global batch size:   256 | lm loss: 2.804942E+00 | loss scale: 1.0 | grad norm: 0.312 | number of skipped iterations:   0 | number of nan iterations:   0 |
7: [default3]: [2026-05-24 06:22:37.651382] iteration      558/    2293 | consumed samples:       142848 | elapsed time per iteration (ms): 2620.1 | throughput per GPU (TFLOP/s/GPU): 127.0 | tokens/sec/GPU: 12507 | learning rate: 1.821810E-04 | global batch size:   256 | lm loss: 2.790671E+00 | loss scale: 1.0 | grad norm: 0.423 | number of skipped iterations:   0 | number of nan iterations:   0 |
7: [default3]: [2026-05-24 06:22:39.068382] iteration      559/    2293 | consumed samples:       143104 | elapsed time per iteration (ms): 1416.8 | throughput per GPU (TFLOP/s/GPU): 234.9 | tokens/sec/GPU: 23128 | learning rate: 1.821035E-04 | global batch size:   256 | lm loss: 2.783774E+00 | loss scale: 1.0 | grad norm: 0.366 | number of skipped iterations:   0 | number of nan iterations:   0 |
7: [default3]: [2026-05-24 06:22:40.493236] iteration      560/    2293 | consumed samples:       143360 | elapsed time per iteration (ms): 1424.6 | throughput per GPU (TFLOP/s/GPU): 233.6 | tokens/sec/GPU: 23001 | learning rate: 1.820257E-04 | global batch size:   256 | lm loss: 2.800244E+00 | loss scale: 1.0 | grad norm: 0.328 | number of skipped iterations:   0 | number of nan iterations:   0 |
7: [default3]: [2026-05-24 06:22:41.918129] iteration      561/    2293 | consumed samples:       143616 | elapsed time per iteration (ms): 1424.7 | throughput per GPU (TFLOP/s/GPU): 233.6 | tokens/sec/GPU: 23001 | learning rate: 1.819478E-04 | global batch size:   256 | lm loss: 2.833666E+00 | loss scale: 1.0 | grad norm: 0.378 | number of skipped iterations:   0 | number of nan iterations:   0 |
7: [default3]: [2026-05-24 06:22:44.174519] iteration      562/    2293 | consumed samples:       143872 | elapsed time per iteration (ms): 2256.2 | throughput per GPU (TFLOP/s/GPU): 147.5 | tokens/sec/GPU: 14524 | learning rate: 1.818698E-04 | global batch size:   256 | lm loss: 2.857715E+00 | loss scale: 1.0 | grad norm: 0.349 | number of skipped iterations:   0 | number of nan iterations:   0 |
7: [default3]: [2026-05-24 06:22:47.486555] iteration      563/    2293 | consumed samples:       144128 | elapsed time per iteration (ms): 3311.6 | throughput per GPU (TFLOP/s/GPU): 100.5 | tokens/sec/GPU: 9895 | learning rate: 1.817916E-04 | global batch size:   256 | lm loss: 2.778718E+00 | loss scale: 1.0 | grad norm: 0.333 | number of skipped iterations:   0 | number of nan iterations:   0 |
7: [default3]: [2026-05-24 06:22:48.900660] iteration      564/    2293 | consumed samples:       144384 | elapsed time per iteration (ms): 1413.9 | throughput per GPU (TFLOP/s/GPU): 235.4 | tokens/sec/GPU: 23176 | learning rate: 1.817133E-04 | global batch size:   256 | lm loss: 2.836798E+00 | loss scale: 1.0 | grad norm: 0.326 | number of skipped iterations:   0 | number of nan iterations:   0 |
7: [default3]: [2026-05-24 06:22:51.628036] iteration      565/    2293 | consumed samples:       144640 | elapsed time per iteration (ms): 2726.9 | throughput per GPU (TFLOP/s/GPU): 122.1 | tokens/sec/GPU: 12017 | learning rate: 1.816348E-04 | global batch size:   256 | lm loss: 2.796869E+00 | loss scale: 1.0 | grad norm: 0.304 | number of skipped iterations:   0 | number of nan iterations:   0 |
7: [default3]: [2026-05-24 06:22:53.049791] iteration      566/    2293 | consumed samples:       144896 | elapsed time per iteration (ms): 1421.5 | throughput per GPU (TFLOP/s/GPU): 234.1 | tokens/sec/GPU: 23051 | learning rate: 1.815562E-04 | global batch size:   256 | lm loss: 2.817829E+00 | loss scale: 1.0 | grad norm: 0.335 | number of skipped iterations:   0 | number of nan iterations:   0 |
7: [default3]: [2026-05-24 06:22:54.959415] iteration      567/    2293 | consumed samples:       145152 | elapsed time per iteration (ms): 1909.4 | throughput per GPU (TFLOP/s/GPU): 174.3 | tokens/sec/GPU: 17162 | learning rate: 1.814774E-04 | global batch size:   256 | lm loss: 2.788754E+00 | loss scale: 1.0 | grad norm: 0.313 | number of skipped iterations:   0 | number of nan iterations:   0 |
7: [default3]: [2026-05-24 06:22:56.380761] iteration      568/    2293 | consumed samples:       145408 | elapsed time per iteration (ms): 1421.1 | throughput per GPU (TFLOP/s/GPU): 234.2 | tokens/sec/GPU: 23058 | learning rate: 1.813985E-04 | global batch size:   256 | lm loss: 2.783573E+00 | loss scale: 1.0 | grad norm: 0.362 | number of skipped iterations:   0 | number of nan iterations:   0 |
7: [default3]: [2026-05-24 06:22:57.797234] iteration      569/    2293 | consumed samples:       145664 | elapsed time per iteration (ms): 1416.3 | throughput per GPU (TFLOP/s/GPU): 235.0 | tokens/sec/GPU: 23137 | learning rate: 1.813194E-04 | global batch size:   256 | lm loss: 2.774106E+00 | loss scale: 1.0 | grad norm: 0.383 | number of skipped iterations:   0 | number of nan iterations:   0 |
7: [default3]: [2026-05-24 06:22:59.212547] iteration      570/    2293 | consumed samples:       145920 | elapsed time per iteration (ms): 1415.1 | throughput per GPU (TFLOP/s/GPU): 235.2 | tokens/sec/GPU: 23156 | learning rate: 1.812402E-04 | global batch size:   256 | lm loss: 2.735972E+00 | loss scale: 1.0 | grad norm: 0.365 | number of skipped iterations:   0 | number of nan iterations:   0 |
7: [default3]: [2026-05-24 06:23:04.284680] iteration      571/    2293 | consumed samples:       146176 | elapsed time per iteration (ms): 5071.9 | throughput per GPU (TFLOP/s/GPU): 65.6 | tokens/sec/GPU: 6461 | learning rate: 1.811609E-04 | global batch size:   256 | lm loss: 2.790716E+00 | loss scale: 1.0 | grad norm: 0.598 | number of skipped iterations:   0 | number of nan iterations:   0 |
7: [default3]: [2026-05-24 06:23:05.690970] iteration      572/    2293 | consumed samples:       146432 | elapsed time per iteration (ms): 1406.1 | throughput per GPU (TFLOP/s/GPU): 236.7 | tokens/sec/GPU: 23304 | learning rate: 1.810813E-04 | global batch size:   256 | lm loss: 2.739705E+00 | loss scale: 1.0 | grad norm: 0.886 | number of skipped iterations:   0 | number of nan iterations:   0 |
7: [default3]: [2026-05-24 06:23:07.104859] iteration      573/    2293 | consumed samples:       146688 | elapsed time per iteration (ms): 1413.6 | throughput per GPU (TFLOP/s/GPU): 235.4 | tokens/sec/GPU: 23180 | learning rate: 1.810017E-04 | global batch size:   256 | lm loss: 2.784660E+00 | loss scale: 1.0 | grad norm: 0.321 | number of skipped iterations:   0 | number of nan iterations:   0 |
7: [default3]: [2026-05-24 06:23:09.810110] iteration      574/    2293 | consumed samples:       146944 | elapsed time per iteration (ms): 2705.0 | throughput per GPU (TFLOP/s/GPU): 123.0 | tokens/sec/GPU: 12114 | learning rate: 1.809219E-04 | global batch size:   256 | lm loss: 2.748270E+00 | loss scale: 1.0 | grad norm: 0.308 | number of skipped iterations:   0 | number of nan iterations:   0 |
7: [default3]: [2026-05-24 06:23:12.524543] iteration      575/    2293 | consumed samples:       147200 | elapsed time per iteration (ms): 2714.2 | throughput per GPU (TFLOP/s/GPU): 122.6 | tokens/sec/GPU: 12073 | learning rate: 1.808419E-04 | global batch size:   256 | lm loss: 2.748842E+00 | loss scale: 1.0 | grad norm: 0.387 | number of skipped iterations:   0 | number of nan iterations:   0 |
7: [default3]: [2026-05-24 06:23:13.928783] iteration      576/    2293 | consumed samples:       147456 | elapsed time per iteration (ms): 1403.7 | throughput per GPU (TFLOP/s/GPU): 237.1 | tokens/sec/GPU: 23344 | learning rate: 1.807618E-04 | global batch size:   256 | lm loss: 2.704593E+00 | loss scale: 1.0 | grad norm: 0.400 | number of skipped iterations:   0 | number of nan iterations:   0 |
7: [default3]: [2026-05-24 06:23:15.351103] iteration      577/    2293 | consumed samples:       147712 | elapsed time per iteration (ms): 1421.2 | throughput per GPU (TFLOP/s/GPU): 234.2 | tokens/sec/GPU: 23057 | learning rate: 1.806815E-04 | global batch size:   256 | lm loss: 2.764481E+00 | loss scale: 1.0 | grad norm: 0.392 | number of skipped iterations:   0 | number of nan iterations:   0 |
7: [default3]: [2026-05-24 06:23:16.781314] iteration      578/    2293 | consumed samples:       147968 | elapsed time per iteration (ms): 1429.9 | throughput per GPU (TFLOP/s/GPU): 232.8 | tokens/sec/GPU: 22917 | learning rate: 1.806011E-04 | global batch size:   256 | lm loss: 2.818125E+00 | loss scale: 1.0 | grad norm: 0.352 | number of skipped iterations:   0 | number of nan iterations:   0 |
7: [default3]: [2026-05-24 06:23:19.313046] iteration      579/    2293 | consumed samples:       148224 | elapsed time per iteration (ms): 2531.5 | throughput per GPU (TFLOP/s/GPU): 131.5 | tokens/sec/GPU: 12944 | learning rate: 1.805206E-04 | global batch size:   256 | lm loss: 2.806025E+00 | loss scale: 1.0 | grad norm: 0.319 | number of skipped iterations:   0 | number of nan iterations:   0 |
7: [default3]: [2026-05-24 06:23:20.730216] iteration      580/    2293 | consumed samples:       148480 | elapsed time per iteration (ms): 1417.0 | throughput per GPU (TFLOP/s/GPU): 234.9 | tokens/sec/GPU: 23125 | learning rate: 1.804399E-04 | global batch size:   256 | lm loss: 2.709126E+00 | loss scale: 1.0 | grad norm: 0.359 | number of skipped iterations:   0 | number of nan iterations:   0 |
7: [default3]: [2026-05-24 06:23:23.272241] iteration      581/    2293 | consumed samples:       148736 | elapsed time per iteration (ms): 2541.8 | throughput per GPU (TFLOP/s/GPU): 130.9 | tokens/sec/GPU: 12892 | learning rate: 1.803591E-04 | global batch size:   256 | lm loss: 2.766383E+00 | loss scale: 1.0 | grad norm: 0.404 | number of skipped iterations:   0 | number of nan iterations:   0 |
7: [default3]: [2026-05-24 06:23:24.684213] iteration      582/    2293 | consumed samples:       148992 | elapsed time per iteration (ms): 1411.8 | throughput per GPU (TFLOP/s/GPU): 235.8 | tokens/sec/GPU: 23211 | learning rate: 1.802781E-04 | global batch size:   256 | lm loss: 2.767308E+00 | loss scale: 1.0 | grad norm: 0.351 | number of skipped iterations:   0 | number of nan iterations:   0 |
7: [default3]: [2026-05-24 06:23:27.527753] iteration      583/    2293 | consumed samples:       149248 | elapsed time per iteration (ms): 2843.3 | throughput per GPU (TFLOP/s/GPU): 117.1 | tokens/sec/GPU: 11525 | learning rate: 1.801969E-04 | global batch size:   256 | lm loss: 2.728312E+00 | loss scale: 1.0 | grad norm: 0.327 | number of skipped iterations:   0 | number of nan iterations:   0 |
7: [default3]: [2026-05-24 06:23:28.938807] iteration      584/    2293 | consumed samples:       149504 | elapsed time per iteration (ms): 1410.9 | throughput per GPU (TFLOP/s/GPU): 235.9 | tokens/sec/GPU: 23226 | learning rate: 1.801157E-04 | global batch size:   256 | lm loss: 2.783463E+00 | loss scale: 1.0 | grad norm: 0.378 | number of skipped iterations:   0 | number of nan iterations:   0 |
7: [default3]: [2026-05-24 06:23:30.366368] iteration      585/    2293 | consumed samples:       149760 | elapsed time per iteration (ms): 1427.3 | throughput per GPU (TFLOP/s/GPU): 233.2 | tokens/sec/GPU: 22959 | learning rate: 1.800342E-04 | global batch size:   256 | lm loss: 2.763114E+00 | loss scale: 1.0 | grad norm: 0.341 | number of skipped iterations:   0 | number of nan iterations:   0 |
7: [default3]: [2026-05-24 06:23:32.240853] iteration      586/    2293 | consumed samples:       150016 | elapsed time per iteration (ms): 1874.2 | throughput per GPU (TFLOP/s/GPU): 177.6 | tokens/sec/GPU: 17484 | learning rate: 1.799527E-04 | global batch size:   256 | lm loss: 2.794512E+00 | loss scale: 1.0 | grad norm: 0.350 | number of skipped iterations:   0 | number of nan iterations:   0 |
7: [default3]: [2026-05-24 06:23:36.272529] iteration      587/    2293 | consumed samples:       150272 | elapsed time per iteration (ms): 4031.5 | throughput per GPU (TFLOP/s/GPU): 82.6 | tokens/sec/GPU: 8128 | learning rate: 1.798709E-04 | global batch size:   256 | lm loss: 2.798764E+00 | loss scale: 1.0 | grad norm: 0.377 | number of skipped iterations:   0 | number of nan iterations:   0 |
7: [default3]: [2026-05-24 06:23:37.687464] iteration      588/    2293 | consumed samples:       150528 | elapsed time per iteration (ms): 1414.7 | throughput per GPU (TFLOP/s/GPU): 235.3 | tokens/sec/GPU: 23162 | learning rate: 1.797891E-04 | global batch size:   256 | lm loss: 2.751780E+00 | loss scale: 1.0 | grad norm: 0.312 | number of skipped iterations:   0 | number of nan iterations:   0 |
7: [default3]: [2026-05-24 06:23:39.105561] iteration      589/    2293 | consumed samples:       150784 | elapsed time per iteration (ms): 1417.8 | throughput per GPU (TFLOP/s/GPU): 234.8 | tokens/sec/GPU: 23112 | learning rate: 1.797071E-04 | global batch size:   256 | lm loss: 2.690483E+00 | loss scale: 1.0 | grad norm: 2.103 | number of skipped iterations:   0 | number of nan iterations:   0 |
7: [default3]: [2026-05-24 06:23:40.534446] iteration      590/    2293 | consumed samples:       151040 | elapsed time per iteration (ms): 1428.7 | throughput per GPU (TFLOP/s/GPU): 233.0 | tokens/sec/GPU: 22936 | learning rate: 1.796249E-04 | global batch size:   256 | lm loss: 2.773001E+00 | loss scale: 1.0 | grad norm: 0.330 | number of skipped iterations:   0 | number of nan iterations:   0 |
7: [default3]: [2026-05-24 06:23:42.238914] iteration      591/    2293 | consumed samples:       151296 | elapsed time per iteration (ms): 1704.2 | throughput per GPU (TFLOP/s/GPU): 195.3 | tokens/sec/GPU: 19228 | learning rate: 1.795426E-04 | global batch size:   256 | lm loss: 2.801874E+00 | loss scale: 1.0 | grad norm: 0.336 | number of skipped iterations:   0 | number of nan iterations:   0 |
7: [default3]: [2026-05-24 06:23:43.671076] iteration      592/    2293 | consumed samples:       151552 | elapsed time per iteration (ms): 1431.9 | throughput per GPU (TFLOP/s/GPU): 232.4 | tokens/sec/GPU: 22884 | learning rate: 1.794602E-04 | global batch size:   256 | lm loss: 2.747765E+00 | loss scale: 1.0 | grad norm: 0.299 | number of skipped iterations:   0 | number of nan iterations:   0 |
7: [default3]: [2026-05-24 06:23:45.087964] iteration      593/    2293 | consumed samples:       151808 | elapsed time per iteration (ms): 1416.7 | throughput per GPU (TFLOP/s/GPU): 234.9 | tokens/sec/GPU: 23130 | learning rate: 1.793776E-04 | global batch size:   256 | lm loss: 2.733489E+00 | loss scale: 1.0 | grad norm: 0.292 | number of skipped iterations:   0 | number of nan iterations:   0 |
7: [default3]: [2026-05-24 06:23:46.992825] iteration      594/    2293 | consumed samples:       152064 | elapsed time per iteration (ms): 1904.6 | throughput per GPU (TFLOP/s/GPU): 174.7 | tokens/sec/GPU: 17204 | learning rate: 1.792949E-04 | global batch size:   256 | lm loss: 2.743507E+00 | loss scale: 1.0 | grad norm: 0.305 | number of skipped iterations:   0 | number of nan iterations:   0 |
7: [default3]: [2026-05-24 06:23:53.151451] iteration      595/    2293 | consumed samples:       152320 | elapsed time per iteration (ms): 6158.4 | throughput per GPU (TFLOP/s/GPU): 54.0 | tokens/sec/GPU: 5321 | learning rate: 1.792120E-04 | global batch size:   256 | lm loss: 2.763803E+00 | loss scale: 1.0 | grad norm: 0.301 | number of skipped iterations:   0 | number of nan iterations:   0 |
7: [default3]: [2026-05-24 06:23:54.559567] iteration      596/    2293 | consumed samples:       152576 | elapsed time per iteration (ms): 1407.9 | throughput per GPU (TFLOP/s/GPU): 236.4 | tokens/sec/GPU: 23275 | learning rate: 1.791290E-04 | global batch size:   256 | lm loss: 2.753661E+00 | loss scale: 1.0 | grad norm: 0.362 | number of skipped iterations:   0 | number of nan iterations:   0 |
7: [default3]: [2026-05-24 06:23:55.982637] iteration      597/    2293 | consumed samples:       152832 | elapsed time per iteration (ms): 1422.9 | throughput per GPU (TFLOP/s/GPU): 233.9 | tokens/sec/GPU: 23030 | learning rate: 1.790458E-04 | global batch size:   256 | lm loss: 2.785097E+00 | loss scale: 1.0 | grad norm: 0.327 | number of skipped iterations:   0 | number of nan iterations:   0 |
7: [default3]: [2026-05-24 06:23:57.493899] iteration      598/    2293 | consumed samples:       153088 | elapsed time per iteration (ms): 1511.1 | throughput per GPU (TFLOP/s/GPU): 220.3 | tokens/sec/GPU: 21685 | learning rate: 1.789625E-04 | global batch size:   256 | lm loss: 2.696459E+00 | loss scale: 1.0 | grad norm: 0.304 | number of skipped iterations:   0 | number of nan iterations:   0 |
7: [default3]: [2026-05-24 06:24:00.680026] iteration      599/    2293 | consumed samples:       153344 | elapsed time per iteration (ms): 3185.8 | throughput per GPU (TFLOP/s/GPU): 104.5 | tokens/sec/GPU: 10286 | learning rate: 1.788791E-04 | global batch size:   256 | lm loss: 2.708190E+00 | loss scale: 1.0 | grad norm: 0.331 | number of skipped iterations:   0 | number of nan iterations:   0 |
7: [default3]: [2026-05-24 06:24:02.096197] iteration      600/    2293 | consumed samples:       153600 | elapsed time per iteration (ms): 1415.9 | throughput per GPU (TFLOP/s/GPU): 235.1 | tokens/sec/GPU: 23143 | learning rate: 1.787955E-04 | global batch size:   256 | lm loss: 2.684210E+00 | loss scale: 1.0 | grad norm: 0.290 | number of skipped iterations:   0 | number of nan iterations:   0 |
7: [default3]: [2026-05-24 06:24:04.377501] iteration      601/    2293 | consumed samples:       153856 | elapsed time per iteration (ms): 2281.0 | throughput per GPU (TFLOP/s/GPU): 145.9 | tokens/sec/GPU: 14365 | learning rate: 1.787118E-04 | global batch size:   256 | lm loss: 2.661553E+00 | loss scale: 1.0 | grad norm: 0.267 | number of skipped iterations:   0 | number of nan iterations:   0 |
7: [default3]: [2026-05-24 06:24:05.804227] iteration      602/    2293 | consumed samples:       154112 | elapsed time per iteration (ms): 1426.5 | throughput per GPU (TFLOP/s/GPU): 233.3 | tokens/sec/GPU: 22971 | learning rate: 1.786279E-04 | global batch size:   256 | lm loss: 2.752020E+00 | loss scale: 1.0 | grad norm: 0.388 | number of skipped iterations:   0 | number of nan iterations:   0 |
7: [default3]: [2026-05-24 06:24:07.269484] iteration      603/    2293 | consumed samples:       154368 | elapsed time per iteration (ms): 1465.0 | throughput per GPU (TFLOP/s/GPU): 227.2 | tokens/sec/GPU: 22367 | learning rate: 1.785439E-04 | global batch size:   256 | lm loss: 2.812855E+00 | loss scale: 1.0 | grad norm: 0.398 | number of skipped iterations:   0 | number of nan iterations:   0 |
7: [default3]: [2026-05-24 06:24:08.681074] iteration      604/    2293 | consumed samples:       154624 | elapsed time per iteration (ms): 1411.4 | throughput per GPU (TFLOP/s/GPU): 235.8 | tokens/sec/GPU: 23217 | learning rate: 1.784597E-04 | global batch size:   256 | lm loss: 2.767900E+00 | loss scale: 1.0 | grad norm: 0.426 | number of skipped iterations:   0 | number of nan iterations:   0 |
7: [default3]: [2026-05-24 06:24:10.094995] iteration      605/    2293 | consumed samples:       154880 | elapsed time per iteration (ms): 1413.7 | throughput per GPU (TFLOP/s/GPU): 235.4 | tokens/sec/GPU: 23179 | learning rate: 1.783754E-04 | global batch size:   256 | lm loss: 2.728095E+00 | loss scale: 1.0 | grad norm: 0.308 | number of skipped iterations:   0 | number of nan iterations:   0 |
7: [default3]: [2026-05-24 06:24:11.526446] iteration      606/    2293 | consumed samples:       155136 | elapsed time per iteration (ms): 1431.2 | throughput per GPU (TFLOP/s/GPU): 232.6 | tokens/sec/GPU: 22896 | learning rate: 1.782910E-04 | global batch size:   256 | lm loss: 2.775782E+00 | loss scale: 1.0 | grad norm: 0.384 | number of skipped iterations:   0 | number of nan iterations:   0 |
7: [default3]: [2026-05-24 06:24:12.950702] iteration      607/    2293 | consumed samples:       155392 | elapsed time per iteration (ms): 1424.0 | throughput per GPU (TFLOP/s/GPU): 233.7 | tokens/sec/GPU: 23012 | learning rate: 1.782064E-04 | global batch size:   256 | lm loss: 2.708315E+00 | loss scale: 1.0 | grad norm: 0.790 | number of skipped iterations:   0 | number of nan iterations:   0 |
7: [default3]: [2026-05-24 06:24:14.373699] iteration      608/    2293 | consumed samples:       155648 | elapsed time per iteration (ms): 1422.8 | throughput per GPU (TFLOP/s/GPU): 233.9 | tokens/sec/GPU: 23031 | learning rate: 1.781216E-04 | global batch size:   256 | lm loss: 2.774693E+00 | loss scale: 1.0 | grad norm: 0.665 | number of skipped iterations:   0 | number of nan iterations:   0 |
7: [default3]: [2026-05-24 06:24:15.795655] iteration      609/    2293 | consumed samples:       155904 | elapsed time per iteration (ms): 1421.7 | throughput per GPU (TFLOP/s/GPU): 234.1 | tokens/sec/GPU: 23048 | learning rate: 1.780368E-04 | global batch size:   256 | lm loss: 2.755635E+00 | loss scale: 1.0 | grad norm: 0.349 | number of skipped iterations:   0 | number of nan iterations:   0 |
7: [default3]: [2026-05-24 06:24:17.960044] iteration      610/    2293 | consumed samples:       156160 | elapsed time per iteration (ms): 2164.1 | throughput per GPU (TFLOP/s/GPU): 153.8 | tokens/sec/GPU: 15141 | learning rate: 1.779518E-04 | global batch size:   256 | lm loss: 2.802052E+00 | loss scale: 1.0 | grad norm: 0.314 | number of skipped iterations:   0 | number of nan iterations:   0 |
7: [default3]: [2026-05-24 06:24:21.418101] iteration      611/    2293 | consumed samples:       156416 | elapsed time per iteration (ms): 3457.8 | throughput per GPU (TFLOP/s/GPU): 96.3 | tokens/sec/GPU: 9476 | learning rate: 1.778666E-04 | global batch size:   256 | lm loss: 2.737318E+00 | loss scale: 1.0 | grad norm: 0.315 | number of skipped iterations:   0 | number of nan iterations:   0 |
7: [default3]: [2026-05-24 06:24:22.830912] iteration      612/    2293 | consumed samples:       156672 | elapsed time per iteration (ms): 1412.6 | throughput per GPU (TFLOP/s/GPU): 235.6 | tokens/sec/GPU: 23197 | learning rate: 1.777813E-04 | global batch size:   256 | lm loss: 2.724169E+00 | loss scale: 1.0 | grad norm: 0.391 | number of skipped iterations:   0 | number of nan iterations:   0 |
7: [default3]: [2026-05-24 06:24:24.238258] iteration      613/    2293 | consumed samples:       156928 | elapsed time per iteration (ms): 1407.1 | throughput per GPU (TFLOP/s/GPU): 236.5 | tokens/sec/GPU: 23288 | learning rate: 1.776959E-04 | global batch size:   256 | lm loss: 2.764529E+00 | loss scale: 1.0 | grad norm: 0.468 | number of skipped iterations:   0 | number of nan iterations:   0 |
7: [default3]: [2026-05-24 06:24:25.658334] iteration      614/    2293 | consumed samples:       157184 | elapsed time per iteration (ms): 1419.9 | throughput per GPU (TFLOP/s/GPU): 234.4 | tokens/sec/GPU: 23078 | learning rate: 1.776103E-04 | global batch size:   256 | lm loss: 2.793985E+00 | loss scale: 1.0 | grad norm: 0.444 | number of skipped iterations:   0 | number of nan iterations:   0 |
7: [default3]: [2026-05-24 06:24:28.539874] iteration      615/    2293 | consumed samples:       157440 | elapsed time per iteration (ms): 2881.3 | throughput per GPU (TFLOP/s/GPU): 115.5 | tokens/sec/GPU: 11373 | learning rate: 1.775246E-04 | global batch size:   256 | lm loss: 2.735850E+00 | loss scale: 1.0 | grad norm: 0.659 | number of skipped iterations:   0 | number of nan iterations:   0 |
7: [default3]: [2026-05-24 06:24:29.959390] iteration      616/    2293 | consumed samples:       157696 | elapsed time per iteration (ms): 1419.3 | throughput per GPU (TFLOP/s/GPU): 234.5 | tokens/sec/GPU: 23088 | learning rate: 1.774387E-04 | global batch size:   256 | lm loss: 2.640868E+00 | loss scale: 1.0 | grad norm: 1.621 | number of skipped iterations:   0 | number of nan iterations:   0 |
7: [default3]: [2026-05-24 06:24:31.381686] iteration      617/    2293 | consumed samples:       157952 | elapsed time per iteration (ms): 1422.0 | throughput per GPU (TFLOP/s/GPU): 234.1 | tokens/sec/GPU: 23043 | learning rate: 1.773527E-04 | global batch size:   256 | lm loss: 2.835702E+00 | loss scale: 1.0 | grad norm: 0.457 | number of skipped iterations:   0 | number of nan iterations:   0 |
7: [default3]: [2026-05-24 06:24:32.802673] iteration      618/    2293 | consumed samples:       158208 | elapsed time per iteration (ms): 1420.8 | throughput per GPU (TFLOP/s/GPU): 234.3 | tokens/sec/GPU: 23063 | learning rate: 1.772666E-04 | global batch size:   256 | lm loss: 2.791733E+00 | loss scale: 1.0 | grad norm: 0.367 | number of skipped iterations:   0 | number of nan iterations:   0 |
7: [default3]: [2026-05-24 06:24:35.542623] iteration      619/    2293 | consumed samples:       158464 | elapsed time per iteration (ms): 2739.6 | throughput per GPU (TFLOP/s/GPU): 121.5 | tokens/sec/GPU: 11961 | learning rate: 1.771803E-04 | global batch size:   256 | lm loss: 2.741790E+00 | loss scale: 1.0 | grad norm: 0.438 | number of skipped iterations:   0 | number of nan iterations:   0 |
7: [default3]: [2026-05-24 06:24:37.853726] iteration      620/    2293 | consumed samples:       158720 | elapsed time per iteration (ms): 2310.9 | throughput per GPU (TFLOP/s/GPU): 144.0 | tokens/sec/GPU: 14180 | learning rate: 1.770939E-04 | global batch size:   256 | lm loss: 2.737625E+00 | loss scale: 1.0 | grad norm: 0.339 | number of skipped iterations:   0 | number of nan iterations:   0 |
7: [default3]: [2026-05-24 06:24:39.275853] iteration      621/    2293 | consumed samples:       158976 | elapsed time per iteration (ms): 1421.9 | throughput per GPU (TFLOP/s/GPU): 234.1 | tokens/sec/GPU: 23046 | learning rate: 1.770073E-04 | global batch size:   256 | lm loss: 2.723757E+00 | loss scale: 1.0 | grad norm: 0.337 | number of skipped iterations:   0 | number of nan iterations:   0 |
7: [default3]: [2026-05-24 06:24:41.803008] iteration      622/    2293 | consumed samples:       159232 | elapsed time per iteration (ms): 2527.0 | throughput per GPU (TFLOP/s/GPU): 131.7 | tokens/sec/GPU: 12967 | learning rate: 1.769206E-04 | global batch size:   256 | lm loss: 2.748212E+00 | loss scale: 1.0 | grad norm: 0.322 | number of skipped iterations:   0 | number of nan iterations:   0 |
7: [default3]: [2026-05-24 06:24:45.541472] iteration      623/    2293 | consumed samples:       159488 | elapsed time per iteration (ms): 3738.2 | throughput per GPU (TFLOP/s/GPU): 89.0 | tokens/sec/GPU: 8766 | learning rate: 1.768338E-04 | global batch size:   256 | lm loss: 2.652852E+00 | loss scale: 1.0 | grad norm: 0.296 | number of skipped iterations:   0 | number of nan iterations:   0 |
7: [default3]: [2026-05-24 06:24:46.948329] iteration      624/    2293 | consumed samples:       159744 | elapsed time per iteration (ms): 1406.7 | throughput per GPU (TFLOP/s/GPU): 236.6 | tokens/sec/GPU: 23295 | learning rate: 1.767468E-04 | global batch size:   256 | lm loss: 2.730997E+00 | loss scale: 1.0 | grad norm: 0.399 | number of skipped iterations:   0 | number of nan iterations:   0 |
7: [default3]: [2026-05-24 06:24:48.363048] iteration      625/    2293 | consumed samples:       160000 | elapsed time per iteration (ms): 1414.5 | throughput per GPU (TFLOP/s/GPU): 235.3 | tokens/sec/GPU: 23166 | learning rate: 1.766597E-04 | global batch size:   256 | lm loss: 2.660668E+00 | loss scale: 1.0 | grad norm: 0.341 | number of skipped iterations:   0 | number of nan iterations:   0 |
7: [default3]: [2026-05-24 06:24:49.781513] iteration      626/    2293 | consumed samples:       160256 | elapsed time per iteration (ms): 1418.2 | throughput per GPU (TFLOP/s/GPU): 234.7 | tokens/sec/GPU: 23106 | learning rate: 1.765725E-04 | global batch size:   256 | lm loss: 2.665235E+00 | loss scale: 1.0 | grad norm: 0.333 | number of skipped iterations:   0 | number of nan iterations:   0 |
7: [default3]: [2026-05-24 06:24:52.330052] iteration      627/    2293 | consumed samples:       160512 | elapsed time per iteration (ms): 2548.4 | throughput per GPU (TFLOP/s/GPU): 130.6 | tokens/sec/GPU: 12859 | learning rate: 1.764851E-04 | global batch size:   256 | lm loss: 2.692880E+00 | loss scale: 1.0 | grad norm: 0.342 | number of skipped iterations:   0 | number of nan iterations:   0 |
7: [default3]: [2026-05-24 06:24:53.734170] iteration      628/    2293 | consumed samples:       160768 | elapsed time per iteration (ms): 1403.9 | throughput per GPU (TFLOP/s/GPU): 237.1 | tokens/sec/GPU: 23341 | learning rate: 1.763976E-04 | global batch size:   256 | lm loss: 2.690348E+00 | loss scale: 1.0 | grad norm: 0.306 | number of skipped iterations:   0 | number of nan iterations:   0 |
7: [default3]: [2026-05-24 06:24:55.154168] iteration      629/    2293 | consumed samples:       161024 | elapsed time per iteration (ms): 1419.8 | throughput per GPU (TFLOP/s/GPU): 234.4 | tokens/sec/GPU: 23079 | learning rate: 1.763099E-04 | global batch size:   256 | lm loss: 2.749551E+00 | loss scale: 1.0 | grad norm: 0.466 | number of skipped iterations:   0 | number of nan iterations:   0 |
7: [default3]: [2026-05-24 06:24:56.581480] iteration      630/    2293 | consumed samples:       161280 | elapsed time per iteration (ms): 1427.1 | throughput per GPU (TFLOP/s/GPU): 233.2 | tokens/sec/GPU: 22961 | learning rate: 1.762221E-04 | global batch size:   256 | lm loss: 2.719957E+00 | loss scale: 1.0 | grad norm: 0.779 | number of skipped iterations:   0 | number of nan iterations:   0 |
7: [default3]: [2026-05-24 06:25:00.434994] iteration      631/    2293 | consumed samples:       161536 | elapsed time per iteration (ms): 3853.3 | throughput per GPU (TFLOP/s/GPU): 86.4 | tokens/sec/GPU: 8504 | learning rate: 1.761342E-04 | global batch size:   256 | lm loss: 2.701393E+00 | loss scale: 1.0 | grad norm: 1.071 | number of skipped iterations:   0 | number of nan iterations:   0 |
7: [default3]: [2026-05-24 06:25:01.848882] iteration      632/    2293 | consumed samples:       161792 | elapsed time per iteration (ms): 1413.6 | throughput per GPU (TFLOP/s/GPU): 235.4 | tokens/sec/GPU: 23180 | learning rate: 1.760461E-04 | global batch size:   256 | lm loss: 2.792791E+00 | loss scale: 1.0 | grad norm: 0.737 | number of skipped iterations:   0 | number of nan iterations:   0 |
7: [default3]: [2026-05-24 06:25:03.274145] iteration      633/    2293 | consumed samples:       162048 | elapsed time per iteration (ms): 1425.0 | throughput per GPU (TFLOP/s/GPU): 233.6 | tokens/sec/GPU: 22995 | learning rate: 1.759579E-04 | global batch size:   256 | lm loss: 2.713498E+00 | loss scale: 1.0 | grad norm: 0.625 | number of skipped iterations:   0 | number of nan iterations:   0 |
7: [default3]: [2026-05-24 06:25:04.707026] iteration      634/    2293 | consumed samples:       162304 | elapsed time per iteration (ms): 1432.7 | throughput per GPU (TFLOP/s/GPU): 232.3 | tokens/sec/GPU: 22872 | learning rate: 1.758695E-04 | global batch size:   256 | lm loss: 2.738048E+00 | loss scale: 1.0 | grad norm: 0.675 | number of skipped iterations:   0 | number of nan iterations:   0 |
7: [default3]: [2026-05-24 06:25:10.902653] iteration      635/    2293 | consumed samples:       162560 | elapsed time per iteration (ms): 6195.4 | throughput per GPU (TFLOP/s/GPU): 53.7 | tokens/sec/GPU: 5289 | learning rate: 1.757810E-04 | global batch size:   256 | lm loss: 2.756275E+00 | loss scale: 1.0 | grad norm: 0.417 | number of skipped iterations:   0 | number of nan iterations:   0 |
7: [default3]: [2026-05-24 06:25:12.309229] iteration      636/    2293 | consumed samples:       162816 | elapsed time per iteration (ms): 1406.3 | throughput per GPU (TFLOP/s/GPU): 236.7 | tokens/sec/GPU: 23300 | learning rate: 1.756924E-04 | global batch size:   256 | lm loss: 2.698278E+00 | loss scale: 1.0 | grad norm: 0.295 | number of skipped iterations:   0 | number of nan iterations:   0 |
7: [default3]: [2026-05-24 06:25:13.736925] iteration      637/    2293 | consumed samples:       163072 | elapsed time per iteration (ms): 1427.4 | throughput per GPU (TFLOP/s/GPU): 233.2 | tokens/sec/GPU: 22956 | learning rate: 1.756036E-04 | global batch size:   256 | lm loss: 2.672511E+00 | loss scale: 1.0 | grad norm: 0.374 | number of skipped iterations:   0 | number of nan iterations:   0 |
7: [default3]: [2026-05-24 06:25:15.164727] iteration      638/    2293 | consumed samples:       163328 | elapsed time per iteration (ms): 1427.5 | throughput per GPU (TFLOP/s/GPU): 233.2 | tokens/sec/GPU: 22954 | learning rate: 1.755147E-04 | global batch size:   256 | lm loss: 2.665407E+00 | loss scale: 1.0 | grad norm: 0.351 | number of skipped iterations:   0 | number of nan iterations:   0 |
7: [default3]: [2026-05-24 06:25:16.983633] iteration      639/    2293 | consumed samples:       163584 | elapsed time per iteration (ms): 1818.7 | throughput per GPU (TFLOP/s/GPU): 183.0 | tokens/sec/GPU: 18017 | learning rate: 1.754257E-04 | global batch size:   256 | lm loss: 2.737259E+00 | loss scale: 1.0 | grad norm: 0.369 | number of skipped iterations:   0 | number of nan iterations:   0 |
7: [default3]: [2026-05-24 06:25:18.410152] iteration      640/    2293 | consumed samples:       163840 | elapsed time per iteration (ms): 1426.2 | throughput per GPU (TFLOP/s/GPU): 233.4 | tokens/sec/GPU: 22976 | learning rate: 1.753365E-04 | global batch size:   256 | lm loss: 2.743495E+00 | loss scale: 1.0 | grad norm: 0.325 | number of skipped iterations:   0 | number of nan iterations:   0 |
7: [default3]: [2026-05-24 06:25:19.835935] iteration      641/    2293 | consumed samples:       164096 | elapsed time per iteration (ms): 1425.5 | throughput per GPU (TFLOP/s/GPU): 233.5 | tokens/sec/GPU: 22986 | learning rate: 1.752472E-04 | global batch size:   256 | lm loss: 2.719533E+00 | loss scale: 1.0 | grad norm: 0.288 | number of skipped iterations:   0 | number of nan iterations:   0 |
7: [default3]: [2026-05-24 06:25:21.252562] iteration      642/    2293 | consumed samples:       164352 | elapsed time per iteration (ms): 1416.4 | throughput per GPU (TFLOP/s/GPU): 235.0 | tokens/sec/GPU: 23135 | learning rate: 1.751578E-04 | global batch size:   256 | lm loss: 2.679056E+00 | loss scale: 1.0 | grad norm: 0.285 | number of skipped iterations:   0 | number of nan iterations:   0 |
7: [default3]: [2026-05-24 06:25:23.421843] iteration      643/    2293 | consumed samples:       164608 | elapsed time per iteration (ms): 2168.9 | throughput per GPU (TFLOP/s/GPU): 153.5 | tokens/sec/GPU: 15108 | learning rate: 1.750682E-04 | global batch size:   256 | lm loss: 2.633970E+00 | loss scale: 1.0 | grad norm: 0.291 | number of skipped iterations:   0 | number of nan iterations:   0 |
7: [default3]: [2026-05-24 06:25:24.840282] iteration      644/    2293 | consumed samples:       164864 | elapsed time per iteration (ms): 1418.2 | throughput per GPU (TFLOP/s/GPU): 234.7 | tokens/sec/GPU: 23106 | learning rate: 1.749785E-04 | global batch size:   256 | lm loss: 2.630298E+00 | loss scale: 1.0 | grad norm: 0.310 | number of skipped iterations:   0 | number of nan iterations:   0 |
7: [default3]: [2026-05-24 06:25:26.264355] iteration      645/    2293 | consumed samples:       165120 | elapsed time per iteration (ms): 1423.8 | throughput per GPU (TFLOP/s/GPU): 233.8 | tokens/sec/GPU: 23014 | learning rate: 1.748886E-04 | global batch size:   256 | lm loss: 2.692921E+00 | loss scale: 1.0 | grad norm: 0.292 | number of skipped iterations:   0 | number of nan iterations:   0 |
7: [default3]: [2026-05-24 06:25:28.275915] iteration      646/    2293 | consumed samples:       165376 | elapsed time per iteration (ms): 2011.3 | throughput per GPU (TFLOP/s/GPU): 165.5 | tokens/sec/GPU: 16292 | learning rate: 1.747986E-04 | global batch size:   256 | lm loss: 2.708732E+00 | loss scale: 1.0 | grad norm: 0.280 | number of skipped iterations:   0 | number of nan iterations:   0 |
7: [default3]: [2026-05-24 06:25:29.704395] iteration      647/    2293 | consumed samples:       165632 | elapsed time per iteration (ms): 1428.0 | throughput per GPU (TFLOP/s/GPU): 233.1 | tokens/sec/GPU: 22946 | learning rate: 1.747085E-04 | global batch size:   256 | lm loss: 2.601855E+00 | loss scale: 1.0 | grad norm: 0.307 | number of skipped iterations:   0 | number of nan iterations:   0 |
7: [default3]: [2026-05-24 06:25:33.044722] iteration      648/    2293 | consumed samples:       165888 | elapsed time per iteration (ms): 3340.0 | throughput per GPU (TFLOP/s/GPU): 99.6 | tokens/sec/GPU: 9811 | learning rate: 1.746183E-04 | global batch size:   256 | lm loss: 2.690270E+00 | loss scale: 1.0 | grad norm: 0.294 | number of skipped iterations:   0 | number of nan iterations:   0 |
7: [default3]: [2026-05-24 06:25:34.456045] iteration      649/    2293 | consumed samples:       166144 | elapsed time per iteration (ms): 1411.1 | throughput per GPU (TFLOP/s/GPU): 235.9 | tokens/sec/GPU: 23222 | learning rate: 1.745279E-04 | global batch size:   256 | lm loss: 2.594538E+00 | loss scale: 1.0 | grad norm: 0.665 | number of skipped iterations:   0 | number of nan iterations:   0 |
7: [default3]: [2026-05-24 06:25:35.876251] iteration      650/    2293 | consumed samples:       166400 | elapsed time per iteration (ms): 1420.0 | throughput per GPU (TFLOP/s/GPU): 234.4 | tokens/sec/GPU: 23077 | learning rate: 1.744374E-04 | global batch size:   256 | lm loss: 2.618931E+00 | loss scale: 1.0 | grad norm: 0.314 | number of skipped iterations:   0 | number of nan iterations:   0 |
7: [default3]: [2026-05-24 06:25:39.643844] iteration      651/    2293 | consumed samples:       166656 | elapsed time per iteration (ms): 3767.2 | throughput per GPU (TFLOP/s/GPU): 88.4 | tokens/sec/GPU: 8698 | learning rate: 1.743467E-04 | global batch size:   256 | lm loss: 2.762078E+00 | loss scale: 1.0 | grad norm: 0.361 | number of skipped iterations:   0 | number of nan iterations:   0 |
7: [default3]: [2026-05-24 06:25:41.271186] iteration      652/    2293 | consumed samples:       166912 | elapsed time per iteration (ms): 1627.1 | throughput per GPU (TFLOP/s/GPU): 204.6 | tokens/sec/GPU: 20139 | learning rate: 1.742559E-04 | global batch size:   256 | lm loss: 2.703851E+00 | loss scale: 1.0 | grad norm: 0.314 | number of skipped iterations:   0 | number of nan iterations:   0 |
7: [default3]: [2026-05-24 06:25:42.684051] iteration      653/    2293 | consumed samples:       167168 | elapsed time per iteration (ms): 1412.7 | throughput per GPU (TFLOP/s/GPU): 235.6 | tokens/sec/GPU: 23196 | learning rate: 1.741650E-04 | global batch size:   256 | lm loss: 2.627185E+00 | loss scale: 1.0 | grad norm: 0.295 | number of skipped iterations:   0 | number of nan iterations:   0 |
7: [default3]: [2026-05-24 06:25:44.105192] iteration      654/    2293 | consumed samples:       167424 | elapsed time per iteration (ms): 1420.9 | throughput per GPU (TFLOP/s/GPU): 234.2 | tokens/sec/GPU: 23062 | learning rate: 1.740739E-04 | global batch size:   256 | lm loss: 2.699420E+00 | loss scale: 1.0 | grad norm: 0.283 | number of skipped iterations:   0 | number of nan iterations:   0 |
7: [default3]: [2026-05-24 06:25:46.549549] iteration      655/    2293 | consumed samples:       167680 | elapsed time per iteration (ms): 2444.1 | throughput per GPU (TFLOP/s/GPU): 136.2 | tokens/sec/GPU: 13407 | learning rate: 1.739828E-04 | global batch size:   256 | lm loss: 2.620737E+00 | loss scale: 1.0 | grad norm: 0.286 | number of skipped iterations:   0 | number of nan iterations:   0 |
7: [default3]: [2026-05-24 06:25:50.479696] iteration      656/    2293 | consumed samples:       167936 | elapsed time per iteration (ms): 3930.0 | throughput per GPU (TFLOP/s/GPU): 84.7 | tokens/sec/GPU: 8338 | learning rate: 1.738914E-04 | global batch size:   256 | lm loss: 2.666209E+00 | loss scale: 1.0 | grad norm: 0.264 | number of skipped iterations:   0 | number of nan iterations:   0 |
7: [default3]: [2026-05-24 06:25:51.900997] iteration      657/    2293 | consumed samples:       168192 | elapsed time per iteration (ms): 1420.4 | throughput per GPU (TFLOP/s/GPU): 234.3 | tokens/sec/GPU: 23069 | learning rate: 1.738000E-04 | global batch size:   256 | lm loss: 2.717305E+00 | loss scale: 1.0 | grad norm: 0.274 | number of skipped iterations:   0 | number of nan iterations:   0 |
7: [default3]: [2026-05-24 06:25:53.319728] iteration      658/    2293 | consumed samples:       168448 | elapsed time per iteration (ms): 1418.5 | throughput per GPU (TFLOP/s/GPU): 234.6 | tokens/sec/GPU: 23100 | learning rate: 1.737084E-04 | global batch size:   256 | lm loss: 2.686004E+00 | loss scale: 1.0 | grad norm: 0.267 | number of skipped iterations:   0 | number of nan iterations:   0 |
7: [default3]: [2026-05-24 06:25:55.574874] iteration      659/    2293 | consumed samples:       168704 | elapsed time per iteration (ms): 2254.9 | throughput per GPU (TFLOP/s/GPU): 147.6 | tokens/sec/GPU: 14532 | learning rate: 1.736167E-04 | global batch size:   256 | lm loss: 2.694940E+00 | loss scale: 1.0 | grad norm: 0.299 | number of skipped iterations:   0 | number of nan iterations:   0 |
7: [default3]: [2026-05-24 06:25:57.002878] iteration      660/    2293 | consumed samples:       168960 | elapsed time per iteration (ms): 1427.8 | throughput per GPU (TFLOP/s/GPU): 233.1 | tokens/sec/GPU: 22950 | learning rate: 1.735248E-04 | global batch size:   256 | lm loss: 2.681582E+00 | loss scale: 1.0 | grad norm: 0.288 | number of skipped iterations:   0 | number of nan iterations:   0 |
7: [default3]: [2026-05-24 06:25:58.414546] iteration      661/    2293 | consumed samples:       169216 | elapsed time per iteration (ms): 1411.4 | throughput per GPU (TFLOP/s/GPU): 235.8 | tokens/sec/GPU: 23217 | learning rate: 1.734328E-04 | global batch size:   256 | lm loss: 2.677008E+00 | loss scale: 1.0 | grad norm: 0.266 | number of skipped iterations:   0 | number of nan iterations:   0 |
7: [default3]: [2026-05-24 06:25:59.830873] iteration      662/    2293 | consumed samples:       169472 | elapsed time per iteration (ms): 1416.1 | throughput per GPU (TFLOP/s/GPU): 235.0 | tokens/sec/GPU: 23140 | learning rate: 1.733407E-04 | global batch size:   256 | lm loss: 2.723042E+00 | loss scale: 1.0 | grad norm: 0.306 | number of skipped iterations:   0 | number of nan iterations:   0 |
7: [default3]: [2026-05-24 06:26:04.511588] iteration      663/    2293 | consumed samples:       169728 | elapsed time per iteration (ms): 4680.5 | throughput per GPU (TFLOP/s/GPU): 71.1 | tokens/sec/GPU: 7001 | learning rate: 1.732485E-04 | global batch size:   256 | lm loss: 2.630944E+00 | loss scale: 1.0 | grad norm: 0.252 | number of skipped iterations:   0 | number of nan iterations:   0 |
7: [default3]: [2026-05-24 06:26:05.918322] iteration      664/    2293 | consumed samples:       169984 | elapsed time per iteration (ms): 1406.5 | throughput per GPU (TFLOP/s/GPU): 236.6 | tokens/sec/GPU: 23297 | learning rate: 1.731561E-04 | global batch size:   256 | lm loss: 2.696837E+00 | loss scale: 1.0 | grad norm: 0.262 | number of skipped iterations:   0 | number of nan iterations:   0 |
7: [default3]: [2026-05-24 06:26:07.332109] iteration      665/    2293 | consumed samples:       170240 | elapsed time per iteration (ms): 1413.6 | throughput per GPU (TFLOP/s/GPU): 235.5 | tokens/sec/GPU: 23181 | learning rate: 1.730636E-04 | global batch size:   256 | lm loss: 2.660440E+00 | loss scale: 1.0 | grad norm: 0.270 | number of skipped iterations:   0 | number of nan iterations:   0 |
7: [default3]: [2026-05-24 06:26:09.808251] iteration      666/    2293 | consumed samples:       170496 | elapsed time per iteration (ms): 2475.9 | throughput per GPU (TFLOP/s/GPU): 134.4 | tokens/sec/GPU: 13235 | learning rate: 1.729709E-04 | global batch size:   256 | lm loss: 2.650839E+00 | loss scale: 1.0 | grad norm: 0.286 | number of skipped iterations:   0 | number of nan iterations:   0 |
7: [default3]: [2026-05-24 06:26:12.624839] iteration      667/    2293 | consumed samples:       170752 | elapsed time per iteration (ms): 2816.1 | throughput per GPU (TFLOP/s/GPU): 118.2 | tokens/sec/GPU: 11636 | learning rate: 1.728782E-04 | global batch size:   256 | lm loss: 2.679770E+00 | loss scale: 1.0 | grad norm: 0.289 | number of skipped iterations:   0 | number of nan iterations:   0 |
7: [default3]: [2026-05-24 06:26:18.477069] iteration      668/    2293 | consumed samples:       171008 | elapsed time per iteration (ms): 5852.0 | throughput per GPU (TFLOP/s/GPU): 56.9 | tokens/sec/GPU: 5599 | learning rate: 1.727853E-04 | global batch size:   256 | lm loss: 2.634676E+00 | loss scale: 1.0 | grad norm: 0.276 | number of skipped iterations:   0 | number of nan iterations:   0 |
7: [default3]: [2026-05-24 06:26:24.285824] iteration      669/    2293 | consumed samples:       171264 | elapsed time per iteration (ms): 5808.5 | throughput per GPU (TFLOP/s/GPU): 57.3 | tokens/sec/GPU: 5641 | learning rate: 1.726922E-04 | global batch size:   256 | lm loss: 2.671391E+00 | loss scale: 1.0 | grad norm: 0.270 | number of skipped iterations:   0 | number of nan iterations:   0 |
7: [default3]: [2026-05-24 06:26:27.118081] iteration      670/    2293 | consumed samples:       171520 | elapsed time per iteration (ms): 2831.8 | throughput per GPU (TFLOP/s/GPU): 117.5 | tokens/sec/GPU: 11571 | learning rate: 1.725991E-04 | global batch size:   256 | lm loss: 2.586116E+00 | loss scale: 1.0 | grad norm: 0.474 | number of skipped iterations:   0 | number of nan iterations:   0 |
7: [default3]: [2026-05-24 06:26:28.594257] iteration      671/    2293 | consumed samples:       171776 | elapsed time per iteration (ms): 1476.0 | throughput per GPU (TFLOP/s/GPU): 225.5 | tokens/sec/GPU: 22201 | learning rate: 1.725058E-04 | global batch size:   256 | lm loss: 2.679459E+00 | loss scale: 1.0 | grad norm: 0.265 | number of skipped iterations:   0 | number of nan iterations:   0 |
7: [default3]: [2026-05-24 06:26:33.463896] iteration      672/    2293 | consumed samples:       172032 | elapsed time per iteration (ms): 4869.4 | throughput per GPU (TFLOP/s/GPU): 68.4 | tokens/sec/GPU: 6729 | learning rate: 1.724123E-04 | global batch size:   256 | lm loss: 2.633343E+00 | loss scale: 1.0 | grad norm: 0.257 | number of skipped iterations:   0 | number of nan iterations:   0 |
7: [default3]: [2026-05-24 06:26:34.975502] iteration      673/    2293 | consumed samples:       172288 | elapsed time per iteration (ms): 1511.4 | throughput per GPU (TFLOP/s/GPU): 220.2 | tokens/sec/GPU: 21681 | learning rate: 1.723188E-04 | global batch size:   256 | lm loss: 2.614977E+00 | loss scale: 1.0 | grad norm: 0.263 | number of skipped iterations:   0 | number of nan iterations:   0 |
7: [default3]: [2026-05-24 06:26:38.666296] iteration      674/    2293 | consumed samples:       172544 | elapsed time per iteration (ms): 3690.6 | throughput per GPU (TFLOP/s/GPU): 90.2 | tokens/sec/GPU: 8879 | learning rate: 1.722251E-04 | global batch size:   256 | lm loss: 2.626553E+00 | loss scale: 1.0 | grad norm: 0.274 | number of skipped iterations:   0 | number of nan iterations:   0 |
7: [default3]: [2026-05-24 06:26:42.225351] iteration      675/    2293 | consumed samples:       172800 | elapsed time per iteration (ms): 3558.9 | throughput per GPU (TFLOP/s/GPU): 93.5 | tokens/sec/GPU: 9207 | learning rate: 1.721313E-04 | global batch size:   256 | lm loss: 2.648720E+00 | loss scale: 1.0 | grad norm: 0.284 | number of skipped iterations:   0 | number of nan iterations:   0 |
7: [default3]: [2026-05-24 06:26:43.637466] iteration      676/    2293 | consumed samples:       173056 | elapsed time per iteration (ms): 1411.9 | throughput per GPU (TFLOP/s/GPU): 235.7 | tokens/sec/GPU: 23208 | learning rate: 1.720374E-04 | global batch size:   256 | lm loss: 2.597637E+00 | loss scale: 1.0 | grad norm: 0.343 | number of skipped iterations:   0 | number of nan iterations:   0 |
7: [default3]: [2026-05-24 06:26:46.487883] iteration      677/    2293 | consumed samples:       173312 | elapsed time per iteration (ms): 2850.2 | throughput per GPU (TFLOP/s/GPU): 116.8 | tokens/sec/GPU: 11497 | learning rate: 1.719433E-04 | global batch size:   256 | lm loss: 2.693986E+00 | loss scale: 1.0 | grad norm: 0.358 | number of skipped iterations:   0 | number of nan iterations:   0 |
7: [default3]: [2026-05-24 06:26:48.637189] iteration      678/    2293 | consumed samples:       173568 | elapsed time per iteration (ms): 2149.1 | throughput per GPU (TFLOP/s/GPU): 154.9 | tokens/sec/GPU: 15247 | learning rate: 1.718491E-04 | global batch size:   256 | lm loss: 2.643398E+00 | loss scale: 1.0 | grad norm: 0.294 | number of skipped iterations:   0 | number of nan iterations:   0 |
7: [default3]: [2026-05-24 06:26:51.057386] iteration      679/    2293 | consumed samples:       173824 | elapsed time per iteration (ms): 2420.0 | throughput per GPU (TFLOP/s/GPU): 137.5 | tokens/sec/GPU: 13541 | learning rate: 1.717548E-04 | global batch size:   256 | lm loss: 2.601376E+00 | loss scale: 1.0 | grad norm: 0.318 | number of skipped iterations:   0 | number of nan iterations:   0 |
7: [default3]: [2026-05-24 06:26:52.482554] iteration      680/    2293 | consumed samples:       174080 | elapsed time per iteration (ms): 1425.0 | throughput per GPU (TFLOP/s/GPU): 233.6 | tokens/sec/GPU: 22996 | learning rate: 1.716603E-04 | global batch size:   256 | lm loss: 2.622068E+00 | loss scale: 1.0 | grad norm: 0.293 | number of skipped iterations:   0 | number of nan iterations:   0 |
7: [default3]: [2026-05-24 06:26:53.897670] iteration      681/    2293 | consumed samples:       174336 | elapsed time per iteration (ms): 1414.9 | throughput per GPU (TFLOP/s/GPU): 235.2 | tokens/sec/GPU: 23159 | learning rate: 1.715657E-04 | global batch size:   256 | lm loss: 2.576801E+00 | loss scale: 1.0 | grad norm: 0.264 | number of skipped iterations:   0 | number of nan iterations:   0 |
7: [default3]: [2026-05-24 06:26:55.317526] iteration      682/    2293 | consumed samples:       174592 | elapsed time per iteration (ms): 1419.6 | throughput per GPU (TFLOP/s/GPU): 234.4 | tokens/sec/GPU: 23082 | learning rate: 1.714710E-04 | global batch size:   256 | lm loss: 2.666199E+00 | loss scale: 1.0 | grad norm: 0.269 | number of skipped iterations:   0 | number of nan iterations:   0 |
7: [default3]: [2026-05-24 06:26:56.785021] iteration      683/    2293 | consumed samples:       174848 | elapsed time per iteration (ms): 1467.2 | throughput per GPU (TFLOP/s/GPU): 226.8 | tokens/sec/GPU: 22333 | learning rate: 1.713762E-04 | global batch size:   256 | lm loss: 2.601729E+00 | loss scale: 1.0 | grad norm: 0.279 | number of skipped iterations:   0 | number of nan iterations:   0 |
7: [default3]: [2026-05-24 06:26:58.196200] iteration      684/    2293 | consumed samples:       175104 | elapsed time per iteration (ms): 1411.0 | throughput per GPU (TFLOP/s/GPU): 235.9 | tokens/sec/GPU: 23224 | learning rate: 1.712812E-04 | global batch size:   256 | lm loss: 2.698425E+00 | loss scale: 1.0 | grad norm: 0.259 | number of skipped iterations:   0 | number of nan iterations:   0 |
7: [default3]: [2026-05-24 06:26:59.728939] iteration      685/    2293 | consumed samples:       175360 | elapsed time per iteration (ms): 1532.5 | throughput per GPU (TFLOP/s/GPU): 217.2 | tokens/sec/GPU: 21382 | learning rate: 1.711861E-04 | global batch size:   256 | lm loss: 2.675627E+00 | loss scale: 1.0 | grad norm: 0.266 | number of skipped iterations:   0 | number of nan iterations:   0 |
7: [default3]: [2026-05-24 06:27:01.149398] iteration      686/    2293 | consumed samples:       175616 | elapsed time per iteration (ms): 1420.2 | throughput per GPU (TFLOP/s/GPU): 234.4 | tokens/sec/GPU: 23073 | learning rate: 1.710909E-04 | global batch size:   256 | lm loss: 2.635226E+00 | loss scale: 1.0 | grad norm: 0.278 | number of skipped iterations:   0 | number of nan iterations:   0 |
7: [default3]: [2026-05-24 06:27:02.576757] iteration      687/    2293 | consumed samples:       175872 | elapsed time per iteration (ms): 1427.1 | throughput per GPU (TFLOP/s/GPU): 233.2 | tokens/sec/GPU: 22962 | learning rate: 1.709955E-04 | global batch size:   256 | lm loss: 2.611489E+00 | loss scale: 1.0 | grad norm: 0.359 | number of skipped iterations:   0 | number of nan iterations:   0 |
7: [default3]: [2026-05-24 06:27:04.015840] iteration      688/    2293 | consumed samples:       176128 | elapsed time per iteration (ms): 1438.9 | throughput per GPU (TFLOP/s/GPU): 231.3 | tokens/sec/GPU: 22773 | learning rate: 1.709000E-04 | global batch size:   256 | lm loss: 2.678238E+00 | loss scale: 1.0 | grad norm: 0.269 | number of skipped iterations:   0 | number of nan iterations:   0 |
7: [default3]: [2026-05-24 06:27:05.450504] iteration      689/    2293 | consumed samples:       176384 | elapsed time per iteration (ms): 1434.4 | throughput per GPU (TFLOP/s/GPU): 232.0 | tokens/sec/GPU: 22844 | learning rate: 1.708044E-04 | global batch size:   256 | lm loss: 2.637711E+00 | loss scale: 1.0 | grad norm: 0.301 | number of skipped iterations:   0 | number of nan iterations:   0 |
7: [default3]: [2026-05-24 06:27:08.082833] iteration      690/    2293 | consumed samples:       176640 | elapsed time per iteration (ms): 2632.1 | throughput per GPU (TFLOP/s/GPU): 126.5 | tokens/sec/GPU: 12449 | learning rate: 1.707087E-04 | global batch size:   256 | lm loss: 2.571185E+00 | loss scale: 1.0 | grad norm: 0.313 | number of skipped iterations:   0 | number of nan iterations:   0 |
7: [default3]: [2026-05-24 06:27:09.501350] iteration      691/    2293 | consumed samples:       176896 | elapsed time per iteration (ms): 1418.3 | throughput per GPU (TFLOP/s/GPU): 234.7 | tokens/sec/GPU: 23103 | learning rate: 1.706129E-04 | global batch size:   256 | lm loss: 2.659616E+00 | loss scale: 1.0 | grad norm: 0.294 | number of skipped iterations:   0 | number of nan iterations:   0 |
7: [default3]: [2026-05-24 06:27:12.288501] iteration      692/    2293 | consumed samples:       177152 | elapsed time per iteration (ms): 2786.9 | throughput per GPU (TFLOP/s/GPU): 119.4 | tokens/sec/GPU: 11758 | learning rate: 1.705169E-04 | global batch size:   256 | lm loss: 2.641986E+00 | loss scale: 1.0 | grad norm: 0.273 | number of skipped iterations:   0 | number of nan iterations:   0 |
7: [default3]: [2026-05-24 06:27:17.115581] iteration      693/    2293 | consumed samples:       177408 | elapsed time per iteration (ms): 4826.7 | throughput per GPU (TFLOP/s/GPU): 69.0 | tokens/sec/GPU: 6789 | learning rate: 1.704208E-04 | global batch size:   256 | lm loss: 2.579763E+00 | loss scale: 1.0 | grad norm: 0.453 | number of skipped iterations:   0 | number of nan iterations:   0 |
7: [default3]: [2026-05-24 06:27:18.540546] iteration      694/    2293 | consumed samples:       177664 | elapsed time per iteration (ms): 1424.7 | throughput per GPU (TFLOP/s/GPU): 233.6 | tokens/sec/GPU: 22999 | learning rate: 1.703245E-04 | global batch size:   256 | lm loss: 2.582972E+00 | loss scale: 1.0 | grad norm: 0.278 | number of skipped iterations:   0 | number of nan iterations:   0 |
7: [default3]: [2026-05-24 06:27:19.964474] iteration      695/    2293 | consumed samples:       177920 | elapsed time per iteration (ms): 1423.7 | throughput per GPU (TFLOP/s/GPU): 233.8 | tokens/sec/GPU: 23016 | learning rate: 1.702282E-04 | global batch size:   256 | lm loss: 2.700558E+00 | loss scale: 1.0 | grad norm: 0.301 | number of skipped iterations:   0 | number of nan iterations:   0 |
7: [default3]: [2026-05-24 06:27:21.399999] iteration      696/    2293 | consumed samples:       178176 | elapsed time per iteration (ms): 1435.3 | throughput per GPU (TFLOP/s/GPU): 231.9 | tokens/sec/GPU: 22830 | learning rate: 1.701317E-04 | global batch size:   256 | lm loss: 2.639328E+00 | loss scale: 1.0 | grad norm: 0.313 | number of skipped iterations:   0 | number of nan iterations:   0 |
7: [default3]: [2026-05-24 06:27:24.850235] iteration      697/    2293 | consumed samples:       178432 | elapsed time per iteration (ms): 3450.0 | throughput per GPU (TFLOP/s/GPU): 96.5 | tokens/sec/GPU: 9498 | learning rate: 1.700351E-04 | global batch size:   256 | lm loss: 2.535855E+00 | loss scale: 1.0 | grad norm: 0.333 | number of skipped iterations:   0 | number of nan iterations:   0 |
7: [default3]: [2026-05-24 06:27:26.273917] iteration      698/    2293 | consumed samples:       178688 | elapsed time per iteration (ms): 1423.5 | throughput per GPU (TFLOP/s/GPU): 233.8 | tokens/sec/GPU: 23020 | learning rate: 1.699384E-04 | global batch size:   256 | lm loss: 2.701804E+00 | loss scale: 1.0 | grad norm: 0.303 | number of skipped iterations:   0 | number of nan iterations:   0 |
7: [default3]: [2026-05-24 06:27:27.688379] iteration      699/    2293 | consumed samples:       178944 | elapsed time per iteration (ms): 1414.2 | throughput per GPU (TFLOP/s/GPU): 235.3 | tokens/sec/GPU: 23170 | learning rate: 1.698415E-04 | global batch size:   256 | lm loss: 2.635573E+00 | loss scale: 1.0 | grad norm: 0.326 | number of skipped iterations:   0 | number of nan iterations:   0 |
7: [default3]: [2026-05-24 06:27:29.857531] iteration      700/    2293 | consumed samples:       179200 | elapsed time per iteration (ms): 2168.9 | throughput per GPU (TFLOP/s/GPU): 153.5 | tokens/sec/GPU: 15108 | learning rate: 1.697445E-04 | global batch size:   256 | lm loss: 2.654504E+00 | loss scale: 1.0 | grad norm: 0.325 | number of skipped iterations:   0 | number of nan iterations:   0 |
7: [default3]: [2026-05-24 06:27:33.214062] iteration      701/    2293 | consumed samples:       179456 | elapsed time per iteration (ms): 3356.3 | throughput per GPU (TFLOP/s/GPU): 99.2 | tokens/sec/GPU: 9763 | learning rate: 1.696474E-04 | global batch size:   256 | lm loss: 2.637106E+00 | loss scale: 1.0 | grad norm: 0.294 | number of skipped iterations:   0 | number of nan iterations:   0 |
7: [default3]: [2026-05-24 06:27:34.628537] iteration      702/    2293 | consumed samples:       179712 | elapsed time per iteration (ms): 1414.2 | throughput per GPU (TFLOP/s/GPU): 235.3 | tokens/sec/GPU: 23170 | learning rate: 1.695502E-04 | global batch size:   256 | lm loss: 2.631330E+00 | loss scale: 1.0 | grad norm: 0.299 | number of skipped iterations:   0 | number of nan iterations:   0 |
7: [default3]: [2026-05-24 06:27:36.051111] iteration      703/    2293 | consumed samples:       179968 | elapsed time per iteration (ms): 1422.3 | throughput per GPU (TFLOP/s/GPU): 234.0 | tokens/sec/GPU: 23038 | learning rate: 1.694528E-04 | global batch size:   256 | lm loss: 2.612538E+00 | loss scale: 1.0 | grad norm: 0.270 | number of skipped iterations:   0 | number of nan iterations:   0 |
7: [default3]: [2026-05-24 06:27:37.463727] iteration      704/    2293 | consumed samples:       180224 | elapsed time per iteration (ms): 1412.4 | throughput per GPU (TFLOP/s/GPU): 235.7 | tokens/sec/GPU: 23200 | learning rate: 1.693553E-04 | global batch size:   256 | lm loss: 2.576110E+00 | loss scale: 1.0 | grad norm: 0.258 | number of skipped iterations:   0 | number of nan iterations:   0 |
7: [default3]: [2026-05-24 06:27:43.438315] iteration      705/    2293 | consumed samples:       180480 | elapsed time per iteration (ms): 5974.4 | throughput per GPU (TFLOP/s/GPU): 55.7 | tokens/sec/GPU: 5485 | learning rate: 1.692577E-04 | global batch size:   256 | lm loss: 2.617702E+00 | loss scale: 1.0 | grad norm: 0.266 | number of skipped iterations:   0 | number of nan iterations:   0 |
7: [default3]: [2026-05-24 06:27:44.851396] iteration      706/    2293 | consumed samples:       180736 | elapsed time per iteration (ms): 1412.9 | throughput per GPU (TFLOP/s/GPU): 235.6 | tokens/sec/GPU: 23192 | learning rate: 1.691600E-04 | global batch size:   256 | lm loss: 2.630770E+00 | loss scale: 1.0 | grad norm: 0.279 | number of skipped iterations:   0 | number of nan iterations:   0 |
7: [default3]: [2026-05-24 06:27:46.264159] iteration      707/    2293 | consumed samples:       180992 | elapsed time per iteration (ms): 1412.5 | throughput per GPU (TFLOP/s/GPU): 235.6 | tokens/sec/GPU: 23198 | learning rate: 1.690622E-04 | global batch size:   256 | lm loss: 2.596960E+00 | loss scale: 1.0 | grad norm: 0.309 | number of skipped iterations:   0 | number of nan iterations:   0 |
7: [default3]: [2026-05-24 06:27:49.669365] iteration      708/    2293 | consumed samples:       181248 | elapsed time per iteration (ms): 3405.0 | throughput per GPU (TFLOP/s/GPU): 97.7 | tokens/sec/GPU: 9624 | learning rate: 1.689642E-04 | global batch size:   256 | lm loss: 2.605110E+00 | loss scale: 1.0 | grad norm: 0.307 | number of skipped iterations:   0 | number of nan iterations:   0 |
7: [default3]: [2026-05-24 06:27:54.741720] iteration      709/    2293 | consumed samples:       181504 | elapsed time per iteration (ms): 5072.2 | throughput per GPU (TFLOP/s/GPU): 65.6 | tokens/sec/GPU: 6460 | learning rate: 1.688661E-04 | global batch size:   256 | lm loss: 2.598712E+00 | loss scale: 1.0 | grad norm: 0.393 | number of skipped iterations:   0 | number of nan iterations:   0 |
7: [default3]: [2026-05-24 06:27:56.158607] iteration      710/    2293 | consumed samples:       181760 | elapsed time per iteration (ms): 1416.6 | throughput per GPU (TFLOP/s/GPU): 234.9 | tokens/sec/GPU: 23131 | learning rate: 1.687679E-04 | global batch size:   256 | lm loss: 2.671057E+00 | loss scale: 1.0 | grad norm: 0.280 | number of skipped iterations:   0 | number of nan iterations:   0 |
7: [default3]: [2026-05-24 06:27:57.591189] iteration      711/    2293 | consumed samples:       182016 | elapsed time per iteration (ms): 1432.3 | throughput per GPU (TFLOP/s/GPU): 232.4 | tokens/sec/GPU: 22877 | learning rate: 1.686696E-04 | global batch size:   256 | lm loss: 2.626855E+00 | loss scale: 1.0 | grad norm: 0.285 | number of skipped iterations:   0 | number of nan iterations:   0 |
7: [default3]: [2026-05-24 06:27:59.012102] iteration      712/    2293 | consumed samples:       182272 | elapsed time per iteration (ms): 1420.7 | throughput per GPU (TFLOP/s/GPU): 234.3 | tokens/sec/GPU: 23064 | learning rate: 1.685711E-04 | global batch size:   256 | lm loss: 2.524307E+00 | loss scale: 1.0 | grad norm: 0.294 | number of skipped iterations:   0 | number of nan iterations:   0 |
7: [default3]: [2026-05-24 06:28:00.430924] iteration      713/    2293 | consumed samples:       182528 | elapsed time per iteration (ms): 1418.6 | throughput per GPU (TFLOP/s/GPU): 234.6 | tokens/sec/GPU: 23099 | learning rate: 1.684725E-04 | global batch size:   256 | lm loss: 2.653207E+00 | loss scale: 1.0 | grad norm: 0.277 | number of skipped iterations:   0 | number of nan iterations:   0 |
7: [default3]: [2026-05-24 06:28:01.849172] iteration      714/    2293 | consumed samples:       182784 | elapsed time per iteration (ms): 1418.0 | throughput per GPU (TFLOP/s/GPU): 234.7 | tokens/sec/GPU: 23109 | learning rate: 1.683738E-04 | global batch size:   256 | lm loss: 2.711601E+00 | loss scale: 1.0 | grad norm: 0.291 | number of skipped iterations:   0 | number of nan iterations:   0 |
7: [default3]: [2026-05-24 06:28:03.268639] iteration      715/    2293 | consumed samples:       183040 | elapsed time per iteration (ms): 1419.2 | throughput per GPU (TFLOP/s/GPU): 234.5 | tokens/sec/GPU: 23089 | learning rate: 1.682750E-04 | global batch size:   256 | lm loss: 2.620060E+00 | loss scale: 1.0 | grad norm: 0.289 | number of skipped iterations:   0 | number of nan iterations:   0 |
7: [default3]: [2026-05-24 06:28:04.690102] iteration      716/    2293 | consumed samples:       183296 | elapsed time per iteration (ms): 1421.3 | throughput per GPU (TFLOP/s/GPU): 234.2 | tokens/sec/GPU: 23055 | learning rate: 1.681760E-04 | global batch size:   256 | lm loss: 2.627319E+00 | loss scale: 1.0 | grad norm: 0.956 | number of skipped iterations:   0 | number of nan iterations:   0 |
7: [default3]: [2026-05-24 06:28:06.532373] iteration      717/    2293 | consumed samples:       183552 | elapsed time per iteration (ms): 1842.0 | throughput per GPU (TFLOP/s/GPU): 180.7 | tokens/sec/GPU: 17789 | learning rate: 1.680770E-04 | global batch size:   256 | lm loss: 2.574282E+00 | loss scale: 1.0 | grad norm: 0.263 | number of skipped iterations:   0 | number of nan iterations:   0 |
7: [default3]: [2026-05-24 06:28:07.950054] iteration      718/    2293 | consumed samples:       183808 | elapsed time per iteration (ms): 1417.4 | throughput per GPU (TFLOP/s/GPU): 234.8 | tokens/sec/GPU: 23118 | learning rate: 1.679778E-04 | global batch size:   256 | lm loss: 2.604087E+00 | loss scale: 1.0 | grad norm: 0.274 | number of skipped iterations:   0 | number of nan iterations:   0 |
7: [default3]: [2026-05-24 06:28:09.547194] iteration      719/    2293 | consumed samples:       184064 | elapsed time per iteration (ms): 1597.0 | throughput per GPU (TFLOP/s/GPU): 208.4 | tokens/sec/GPU: 20519 | learning rate: 1.678785E-04 | global batch size:   256 | lm loss: 2.668563E+00 | loss scale: 1.0 | grad norm: 0.579 | number of skipped iterations:   0 | number of nan iterations:   0 |
7: [default3]: [2026-05-24 06:28:11.993705] iteration      720/    2293 | consumed samples:       184320 | elapsed time per iteration (ms): 2445.8 | throughput per GPU (TFLOP/s/GPU): 136.1 | tokens/sec/GPU: 13398 | learning rate: 1.677791E-04 | global batch size:   256 | lm loss: 2.656359E+00 | loss scale: 1.0 | grad norm: 0.277 | number of skipped iterations:   0 | number of nan iterations:   0 |
7: [default3]: [2026-05-24 06:28:14.122491] iteration      721/    2293 | consumed samples:       184576 | elapsed time per iteration (ms): 2128.6 | throughput per GPU (TFLOP/s/GPU): 156.4 | tokens/sec/GPU: 15394 | learning rate: 1.676795E-04 | global batch size:   256 | lm loss: 2.631968E+00 | loss scale: 1.0 | grad norm: 0.296 | number of skipped iterations:   0 | number of nan iterations:   0 |
7: [default3]: [2026-05-24 06:28:15.542406] iteration      722/    2293 | consumed samples:       184832 | elapsed time per iteration (ms): 1419.7 | throughput per GPU (TFLOP/s/GPU): 234.4 | tokens/sec/GPU: 23081 | learning rate: 1.675799E-04 | global batch size:   256 | lm loss: 2.543782E+00 | loss scale: 1.0 | grad norm: 0.274 | number of skipped iterations:   0 | number of nan iterations:   0 |
7: [default3]: [2026-05-24 06:28:17.737151] iteration      723/    2293 | consumed samples:       185088 | elapsed time per iteration (ms): 2194.5 | throughput per GPU (TFLOP/s/GPU): 151.7 | tokens/sec/GPU: 14932 | learning rate: 1.674801E-04 | global batch size:   256 | lm loss: 2.684018E+00 | loss scale: 1.0 | grad norm: 0.259 | number of skipped iterations:   0 | number of nan iterations:   0 |
7: [default3]: [2026-05-24 06:28:19.167169] iteration      724/    2293 | consumed samples:       185344 | elapsed time per iteration (ms): 1429.8 | throughput per GPU (TFLOP/s/GPU): 232.8 | tokens/sec/GPU: 22918 | learning rate: 1.673802E-04 | global batch size:   256 | lm loss: 2.595671E+00 | loss scale: 1.0 | grad norm: 0.251 | number of skipped iterations:   0 | number of nan iterations:   0 |
7: [default3]: [2026-05-24 06:28:20.592682] iteration      725/    2293 | consumed samples:       185600 | elapsed time per iteration (ms): 1425.3 | throughput per GPU (TFLOP/s/GPU): 233.5 | tokens/sec/GPU: 22990 | learning rate: 1.672801E-04 | global batch size:   256 | lm loss: 2.572322E+00 | loss scale: 1.0 | grad norm: 0.314 | number of skipped iterations:   0 | number of nan iterations:   0 |
7: [default3]: [2026-05-24 06:28:22.088543] iteration      726/    2293 | consumed samples:       185856 | elapsed time per iteration (ms): 1495.6 | throughput per GPU (TFLOP/s/GPU): 222.5 | tokens/sec/GPU: 21909 | learning rate: 1.671800E-04 | global batch size:   256 | lm loss: 2.687791E+00 | loss scale: 1.0 | grad norm: 0.275 | number of skipped iterations:   0 | number of nan iterations:   0 |
7: [default3]: [2026-05-24 06:28:24.444822] iteration      727/    2293 | consumed samples:       186112 | elapsed time per iteration (ms): 2356.1 | throughput per GPU (TFLOP/s/GPU): 141.3 | tokens/sec/GPU: 13908 | learning rate: 1.670797E-04 | global batch size:   256 | lm loss: 2.634917E+00 | loss scale: 1.0 | grad norm: 0.355 | number of skipped iterations:   0 | number of nan iterations:   0 |
7: [default3]: [2026-05-24 06:28:25.881952] iteration      728/    2293 | consumed samples:       186368 | elapsed time per iteration (ms): 1436.9 | throughput per GPU (TFLOP/s/GPU): 231.6 | tokens/sec/GPU: 22805 | learning rate: 1.669793E-04 | global batch size:   256 | lm loss: 2.631248E+00 | loss scale: 1.0 | grad norm: 0.272 | number of skipped iterations:   0 | number of nan iterations:   0 |
7: [default3]: [2026-05-24 06:28:27.319576] iteration      729/    2293 | consumed samples:       186624 | elapsed time per iteration (ms): 1437.4 | throughput per GPU (TFLOP/s/GPU): 231.5 | tokens/sec/GPU: 22796 | learning rate: 1.668788E-04 | global batch size:   256 | lm loss: 2.606261E+00 | loss scale: 1.0 | grad norm: 0.281 | number of skipped iterations:   0 | number of nan iterations:   0 |
7: [default3]: [2026-05-24 06:28:30.623136] iteration      730/    2293 | consumed samples:       186880 | elapsed time per iteration (ms): 3303.4 | throughput per GPU (TFLOP/s/GPU): 100.8 | tokens/sec/GPU: 9920 | learning rate: 1.667782E-04 | global batch size:   256 | lm loss: 2.584118E+00 | loss scale: 1.0 | grad norm: 0.284 | number of skipped iterations:   0 | number of nan iterations:   0 |
7: [default3]: [2026-05-24 06:28:32.338053] iteration      731/    2293 | consumed samples:       187136 | elapsed time per iteration (ms): 1714.6 | throughput per GPU (TFLOP/s/GPU): 194.1 | tokens/sec/GPU: 19111 | learning rate: 1.666775E-04 | global batch size:   256 | lm loss: 2.547881E+00 | loss scale: 1.0 | grad norm: 0.249 | number of skipped iterations:   0 | number of nan iterations:   0 |
7: [default3]: [2026-05-24 06:28:33.899660] iteration      732/    2293 | consumed samples:       187392 | elapsed time per iteration (ms): 1561.3 | throughput per GPU (TFLOP/s/GPU): 213.2 | tokens/sec/GPU: 20988 | learning rate: 1.665766E-04 | global batch size:   256 | lm loss: 2.575918E+00 | loss scale: 1.0 | grad norm: 0.290 | number of skipped iterations:   0 | number of nan iterations:   0 |
7: [default3]: [2026-05-24 06:28:35.318532] iteration      733/    2293 | consumed samples:       187648 | elapsed time per iteration (ms): 1418.6 | throughput per GPU (TFLOP/s/GPU): 234.6 | tokens/sec/GPU: 23098 | learning rate: 1.664757E-04 | global batch size:   256 | lm loss: 2.603106E+00 | loss scale: 1.0 | grad norm: 0.264 | number of skipped iterations:   0 | number of nan iterations:   0 |
7: [default3]: [2026-05-24 06:28:41.918298] iteration      734/    2293 | consumed samples:       187904 | elapsed time per iteration (ms): 6598.8 | throughput per GPU (TFLOP/s/GPU): 50.4 | tokens/sec/GPU: 4966 | learning rate: 1.663746E-04 | global batch size:   256 | lm loss: 2.580751E+00 | loss scale: 1.0 | grad norm: 0.267 | number of skipped iterations:   0 | number of nan iterations:   0 |
7: [default3]: [2026-05-24 06:28:43.342280] iteration      735/    2293 | consumed samples:       188160 | elapsed time per iteration (ms): 1423.8 | throughput per GPU (TFLOP/s/GPU): 233.8 | tokens/sec/GPU: 23015 | learning rate: 1.662734E-04 | global batch size:   256 | lm loss: 2.621483E+00 | loss scale: 1.0 | grad norm: 0.243 | number of skipped iterations:   0 | number of nan iterations:   0 |
7: [default3]: [2026-05-24 06:28:44.753014] iteration      736/    2293 | consumed samples:       188416 | elapsed time per iteration (ms): 1410.5 | throughput per GPU (TFLOP/s/GPU): 236.0 | tokens/sec/GPU: 23231 | learning rate: 1.661720E-04 | global batch size:   256 | lm loss: 2.560019E+00 | loss scale: 1.0 | grad norm: 0.231 | number of skipped iterations:   0 | number of nan iterations:   0 |
7: [default3]: [2026-05-24 06:28:46.171797] iteration      737/    2293 | consumed samples:       188672 | elapsed time per iteration (ms): 1418.5 | throughput per GPU (TFLOP/s/GPU): 234.6 | tokens/sec/GPU: 23100 | learning rate: 1.660706E-04 | global batch size:   256 | lm loss: 2.575743E+00 | loss scale: 1.0 | grad norm: 0.243 | number of skipped iterations:   0 | number of nan iterations:   0 |
7: [default3]: [2026-05-24 06:28:50.190811] iteration      738/    2293 | consumed samples:       188928 | elapsed time per iteration (ms): 4018.8 | throughput per GPU (TFLOP/s/GPU): 82.8 | tokens/sec/GPU: 8154 | learning rate: 1.659690E-04 | global batch size:   256 | lm loss: 2.643694E+00 | loss scale: 1.0 | grad norm: 0.241 | number of skipped iterations:   0 | number of nan iterations:   0 |
7: [default3]: [2026-05-24 06:28:51.602989] iteration      739/    2293 | consumed samples:       189184 | elapsed time per iteration (ms): 1411.9 | throughput per GPU (TFLOP/s/GPU): 235.7 | tokens/sec/GPU: 23208 | learning rate: 1.658674E-04 | global batch size:   256 | lm loss: 2.584846E+00 | loss scale: 1.0 | grad norm: 0.258 | number of skipped iterations:   0 | number of nan iterations:   0 |
7: [default3]: [2026-05-24 06:28:53.019385] iteration      740/    2293 | consumed samples:       189440 | elapsed time per iteration (ms): 1416.2 | throughput per GPU (TFLOP/s/GPU): 235.0 | tokens/sec/GPU: 23138 | learning rate: 1.657656E-04 | global batch size:   256 | lm loss: 2.660390E+00 | loss scale: 1.0 | grad norm: 0.299 | number of skipped iterations:   0 | number of nan iterations:   0 |
7: [default3]: [2026-05-24 06:28:54.430207] iteration      741/    2293 | consumed samples:       189696 | elapsed time per iteration (ms): 1410.6 | throughput per GPU (TFLOP/s/GPU): 235.9 | tokens/sec/GPU: 23229 | learning rate: 1.656637E-04 | global batch size:   256 | lm loss: 2.597522E+00 | loss scale: 1.0 | grad norm: 0.311 | number of skipped iterations:   0 | number of nan iterations:   0 |
7: [default3]: [2026-05-24 06:28:59.247890] iteration      742/    2293 | consumed samples:       189952 | elapsed time per iteration (ms): 4817.4 | throughput per GPU (TFLOP/s/GPU): 69.1 | tokens/sec/GPU: 6802 | learning rate: 1.655617E-04 | global batch size:   256 | lm loss: 2.601682E+00 | loss scale: 1.0 | grad norm: 0.295 | number of skipped iterations:   0 | number of nan iterations:   0 |
7: [default3]: [2026-05-24 06:29:00.655493] iteration      743/    2293 | consumed samples:       190208 | elapsed time per iteration (ms): 1407.4 | throughput per GPU (TFLOP/s/GPU): 236.5 | tokens/sec/GPU: 23282 | learning rate: 1.654595E-04 | global batch size:   256 | lm loss: 2.546520E+00 | loss scale: 1.0 | grad norm: 0.290 | number of skipped iterations:   0 | number of nan iterations:   0 |
7: [default3]: [2026-05-24 06:29:02.075313] iteration      744/    2293 | consumed samples:       190464 | elapsed time per iteration (ms): 1419.6 | throughput per GPU (TFLOP/s/GPU): 234.5 | tokens/sec/GPU: 23083 | learning rate: 1.653573E-04 | global batch size:   256 | lm loss: 2.569092E+00 | loss scale: 1.0 | grad norm: 0.251 | number of skipped iterations:   0 | number of nan iterations:   0 |
7: [default3]: [2026-05-24 06:29:03.491302] iteration      745/    2293 | consumed samples:       190720 | elapsed time per iteration (ms): 1415.8 | throughput per GPU (TFLOP/s/GPU): 235.1 | tokens/sec/GPU: 23144 | learning rate: 1.652549E-04 | global batch size:   256 | lm loss: 2.622336E+00 | loss scale: 1.0 | grad norm: 0.284 | number of skipped iterations:   0 | number of nan iterations:   0 |
7: [default3]: [2026-05-24 06:29:06.228171] iteration      746/    2293 | consumed samples:       190976 | elapsed time per iteration (ms): 2736.4 | throughput per GPU (TFLOP/s/GPU): 121.6 | tokens/sec/GPU: 11975 | learning rate: 1.651524E-04 | global batch size:   256 | lm loss: 2.608702E+00 | loss scale: 1.0 | grad norm: 0.278 | number of skipped iterations:   0 | number of nan iterations:   0 |
7: [default3]: [2026-05-24 06:29:07.650660] iteration      747/    2293 | consumed samples:       191232 | elapsed time per iteration (ms): 1422.3 | throughput per GPU (TFLOP/s/GPU): 234.0 | tokens/sec/GPU: 23039 | learning rate: 1.650498E-04 | global batch size:   256 | lm loss: 2.569859E+00 | loss scale: 1.0 | grad norm: 0.265 | number of skipped iterations:   0 | number of nan iterations:   0 |
7: [default3]: [2026-05-24 06:29:09.063962] iteration      748/    2293 | consumed samples:       191488 | elapsed time per iteration (ms): 1413.1 | throughput per GPU (TFLOP/s/GPU): 235.5 | tokens/sec/GPU: 23189 | learning rate: 1.649471E-04 | global batch size:   256 | lm loss: 2.576641E+00 | loss scale: 1.0 | grad norm: 0.383 | number of skipped iterations:   0 | number of nan iterations:   0 |
7: [default3]: [2026-05-24 06:29:10.485689] iteration      749/    2293 | consumed samples:       191744 | elapsed time per iteration (ms): 1421.5 | throughput per GPU (TFLOP/s/GPU): 234.1 | tokens/sec/GPU: 23051 | learning rate: 1.648443E-04 | global batch size:   256 | lm loss: 2.625212E+00 | loss scale: 1.0 | grad norm: 0.317 | number of skipped iterations:   0 | number of nan iterations:   0 |
7: [default3]: [2026-05-24 06:29:12.977004] iteration      750/    2293 | consumed samples:       192000 | elapsed time per iteration (ms): 2491.1 | throughput per GPU (TFLOP/s/GPU): 133.6 | tokens/sec/GPU: 13154 | learning rate: 1.647413E-04 | global batch size:   256 | lm loss: 2.622910E+00 | loss scale: 1.0 | grad norm: 0.302 | number of skipped iterations:   0 | number of nan iterations:   0 |
7: [default3]: [2026-05-24 06:29:15.258478] iteration      751/    2293 | consumed samples:       192256 | elapsed time per iteration (ms): 2281.3 | throughput per GPU (TFLOP/s/GPU): 145.9 | tokens/sec/GPU: 14364 | learning rate: 1.646383E-04 | global batch size:   256 | lm loss: 2.578660E+00 | loss scale: 1.0 | grad norm: 0.264 | number of skipped iterations:   0 | number of nan iterations:   0 |
7: [default3]: [2026-05-24 06:29:16.675591] iteration      752/    2293 | consumed samples:       192512 | elapsed time per iteration (ms): 1416.9 | throughput per GPU (TFLOP/s/GPU): 234.9 | tokens/sec/GPU: 23126 | learning rate: 1.645351E-04 | global batch size:   256 | lm loss: 2.592998E+00 | loss scale: 1.0 | grad norm: 0.247 | number of skipped iterations:   0 | number of nan iterations:   0 |
7: [default3]: [2026-05-24 06:29:18.093087] iteration      753/    2293 | consumed samples:       192768 | elapsed time per iteration (ms): 1417.3 | throughput per GPU (TFLOP/s/GPU): 234.8 | tokens/sec/GPU: 23120 | learning rate: 1.644318E-04 | global batch size:   256 | lm loss: 2.602898E+00 | loss scale: 1.0 | grad norm: 0.257 | number of skipped iterations:   0 | number of nan iterations:   0 |
7: [default3]: [2026-05-24 06:29:19.516875] iteration      754/    2293 | consumed samples:       193024 | elapsed time per iteration (ms): 1423.6 | throughput per GPU (TFLOP/s/GPU): 233.8 | tokens/sec/GPU: 23018 | learning rate: 1.643284E-04 | global batch size:   256 | lm loss: 2.596345E+00 | loss scale: 1.0 | grad norm: 0.246 | number of skipped iterations:   0 | number of nan iterations:   0 |
7: [default3]: [2026-05-24 06:29:20.946248] iteration      755/    2293 | consumed samples:       193280 | elapsed time per iteration (ms): 1429.1 | throughput per GPU (TFLOP/s/GPU): 232.9 | tokens/sec/GPU: 22929 | learning rate: 1.642249E-04 | global batch size:   256 | lm loss: 2.559385E+00 | loss scale: 1.0 | grad norm: 0.301 | number of skipped iterations:   0 | number of nan iterations:   0 |
7: [default3]: [2026-05-24 06:29:22.369220] iteration      756/    2293 | consumed samples:       193536 | elapsed time per iteration (ms): 1422.7 | throughput per GPU (TFLOP/s/GPU): 233.9 | tokens/sec/GPU: 23033 | learning rate: 1.641213E-04 | global batch size:   256 | lm loss: 2.570667E+00 | loss scale: 1.0 | grad norm: 0.269 | number of skipped iterations:   0 | number of nan iterations:   0 |
7: [default3]: [2026-05-24 06:29:23.809391] iteration      757/    2293 | consumed samples:       193792 | elapsed time per iteration (ms): 1440.0 | throughput per GPU (TFLOP/s/GPU): 231.1 | tokens/sec/GPU: 22756 | learning rate: 1.640176E-04 | global batch size:   256 | lm loss: 2.633078E+00 | loss scale: 1.0 | grad norm: 0.336 | number of skipped iterations:   0 | number of nan iterations:   0 |
7: [default3]: [2026-05-24 06:29:25.229252] iteration      758/    2293 | consumed samples:       194048 | elapsed time per iteration (ms): 1419.7 | throughput per GPU (TFLOP/s/GPU): 234.4 | tokens/sec/GPU: 23082 | learning rate: 1.639137E-04 | global batch size:   256 | lm loss: 2.665411E+00 | loss scale: 1.0 | grad norm: 0.238 | number of skipped iterations:   0 | number of nan iterations:   0 |
7: [default3]: [2026-05-24 06:29:26.650654] iteration      759/    2293 | consumed samples:       194304 | elapsed time per iteration (ms): 1421.2 | throughput per GPU (TFLOP/s/GPU): 234.2 | tokens/sec/GPU: 23056 | learning rate: 1.638098E-04 | global batch size:   256 | lm loss: 2.564890E+00 | loss scale: 1.0 | grad norm: 0.250 | number of skipped iterations:   0 | number of nan iterations:   0 |
7: [default3]: [2026-05-24 06:29:28.063959] iteration      760/    2293 | consumed samples:       194560 | elapsed time per iteration (ms): 1413.1 | throughput per GPU (TFLOP/s/GPU): 235.5 | tokens/sec/GPU: 23189 | learning rate: 1.637057E-04 | global batch size:   256 | lm loss: 2.664802E+00 | loss scale: 1.0 | grad norm: 0.264 | number of skipped iterations:   0 | number of nan iterations:   0 |
7: [default3]: [2026-05-24 06:29:29.478267] iteration      761/    2293 | consumed samples:       194816 | elapsed time per iteration (ms): 1414.1 | throughput per GPU (TFLOP/s/GPU): 235.4 | tokens/sec/GPU: 23173 | learning rate: 1.636015E-04 | global batch size:   256 | lm loss: 2.657412E+00 | loss scale: 1.0 | grad norm: 0.267 | number of skipped iterations:   0 | number of nan iterations:   0 |
7: [default3]: [2026-05-24 06:29:33.907958] iteration      762/    2293 | consumed samples:       195072 | elapsed time per iteration (ms): 4429.4 | throughput per GPU (TFLOP/s/GPU): 75.1 | tokens/sec/GPU: 7398 | learning rate: 1.634972E-04 | global batch size:   256 | lm loss: 2.600833E+00 | loss scale: 1.0 | grad norm: 0.276 | number of skipped iterations:   0 | number of nan iterations:   0 |
7: [default3]: [2026-05-24 06:29:35.333453] iteration      763/    2293 | consumed samples:       195328 | elapsed time per iteration (ms): 1425.3 | throughput per GPU (TFLOP/s/GPU): 233.5 | tokens/sec/GPU: 22990 | learning rate: 1.633928E-04 | global batch size:   256 | lm loss: 2.549552E+00 | loss scale: 1.0 | grad norm: 0.247 | number of skipped iterations:   0 | number of nan iterations:   0 |
7: [default3]: [2026-05-24 06:29:36.746508] iteration      764/    2293 | consumed samples:       195584 | elapsed time per iteration (ms): 1412.8 | throughput per GPU (TFLOP/s/GPU): 235.6 | tokens/sec/GPU: 23193 | learning rate: 1.632883E-04 | global batch size:   256 | lm loss: 2.526883E+00 | loss scale: 1.0 | grad norm: 0.288 | number of skipped iterations:   0 | number of nan iterations:   0 |
7: [default3]: [2026-05-24 06:29:38.179282] iteration      765/    2293 | consumed samples:       195840 | elapsed time per iteration (ms): 1432.5 | throughput per GPU (TFLOP/s/GPU): 232.3 | tokens/sec/GPU: 22874 | learning rate: 1.631837E-04 | global batch size:   256 | lm loss: 2.569653E+00 | loss scale: 1.0 | grad norm: 0.249 | number of skipped iterations:   0 | number of nan iterations:   0 |
7: [default3]: [2026-05-24 06:29:39.592633] iteration      766/    2293 | consumed samples:       196096 | elapsed time per iteration (ms): 1413.1 | throughput per GPU (TFLOP/s/GPU): 235.5 | tokens/sec/GPU: 23189 | learning rate: 1.630790E-04 | global batch size:   256 | lm loss: 2.592473E+00 | loss scale: 1.0 | grad norm: 0.254 | number of skipped iterations:   0 | number of nan iterations:   0 |
7: [default3]: [2026-05-24 06:29:41.025287] iteration      767/    2293 | consumed samples:       196352 | elapsed time per iteration (ms): 1432.5 | throughput per GPU (TFLOP/s/GPU): 232.4 | tokens/sec/GPU: 22875 | learning rate: 1.629741E-04 | global batch size:   256 | lm loss: 2.591115E+00 | loss scale: 1.0 | grad norm: 0.258 | number of skipped iterations:   0 | number of nan iterations:   0 |
7: [default3]: [2026-05-24 06:29:42.446895] iteration      768/    2293 | consumed samples:       196608 | elapsed time per iteration (ms): 1421.3 | throughput per GPU (TFLOP/s/GPU): 234.2 | tokens/sec/GPU: 23055 | learning rate: 1.628692E-04 | global batch size:   256 | lm loss: 2.580460E+00 | loss scale: 1.0 | grad norm: 0.279 | number of skipped iterations:   0 | number of nan iterations:   0 |
7: [default3]: [2026-05-24 06:29:44.057526] iteration      769/    2293 | consumed samples:       196864 | elapsed time per iteration (ms): 1610.4 | throughput per GPU (TFLOP/s/GPU): 206.7 | tokens/sec/GPU: 20348 | learning rate: 1.627641E-04 | global batch size:   256 | lm loss: 2.582403E+00 | loss scale: 1.0 | grad norm: 0.271 | number of skipped iterations:   0 | number of nan iterations:   0 |
7: [default3]: [2026-05-24 06:29:45.483481] iteration      770/    2293 | consumed samples:       197120 | elapsed time per iteration (ms): 1425.7 | throughput per GPU (TFLOP/s/GPU): 233.4 | tokens/sec/GPU: 22983 | learning rate: 1.626589E-04 | global batch size:   256 | lm loss: 2.514695E+00 | loss scale: 1.0 | grad norm: 0.252 | number of skipped iterations:   0 | number of nan iterations:   0 |
7: [default3]: [2026-05-24 06:29:46.887604] iteration      771/    2293 | consumed samples:       197376 | elapsed time per iteration (ms): 1403.9 | throughput per GPU (TFLOP/s/GPU): 237.1 | tokens/sec/GPU: 23340 | learning rate: 1.625537E-04 | global batch size:   256 | lm loss: 2.506702E+00 | loss scale: 1.0 | grad norm: 0.246 | number of skipped iterations:   0 | number of nan iterations:   0 |
7: [default3]: [2026-05-24 06:29:48.313432] iteration      772/    2293 | consumed samples:       197632 | elapsed time per iteration (ms): 1425.6 | throughput per GPU (TFLOP/s/GPU): 233.5 | tokens/sec/GPU: 22986 | learning rate: 1.624483E-04 | global batch size:   256 | lm loss: 2.567920E+00 | loss scale: 1.0 | grad norm: 0.238 | number of skipped iterations:   0 | number of nan iterations:   0 |
7: [default3]: [2026-05-24 06:29:50.539906] iteration      773/    2293 | consumed samples:       197888 | elapsed time per iteration (ms): 2226.2 | throughput per GPU (TFLOP/s/GPU): 149.5 | tokens/sec/GPU: 14719 | learning rate: 1.623428E-04 | global batch size:   256 | lm loss: 2.550335E+00 | loss scale: 1.0 | grad norm: 0.261 | number of skipped iterations:   0 | number of nan iterations:   0 |
7: [default3]: [2026-05-24 06:29:53.607614] iteration      774/    2293 | consumed samples:       198144 | elapsed time per iteration (ms): 3067.5 | throughput per GPU (TFLOP/s/GPU): 108.5 | tokens/sec/GPU: 10682 | learning rate: 1.622371E-04 | global batch size:   256 | lm loss: 2.547084E+00 | loss scale: 1.0 | grad norm: 0.229 | number of skipped iterations:   0 | number of nan iterations:   0 |
7: [default3]: [2026-05-24 06:29:55.026319] iteration      775/    2293 | consumed samples:       198400 | elapsed time per iteration (ms): 1418.5 | throughput per GPU (TFLOP/s/GPU): 234.6 | tokens/sec/GPU: 23100 | learning rate: 1.621314E-04 | global batch size:   256 | lm loss: 2.596226E+00 | loss scale: 1.0 | grad norm: 0.229 | number of skipped iterations:   0 | number of nan iterations:   0 |
7: [default3]: [2026-05-24 06:29:56.446724] iteration      776/    2293 | consumed samples:       198656 | elapsed time per iteration (ms): 1420.2 | throughput per GPU (TFLOP/s/GPU): 234.4 | tokens/sec/GPU: 23073 | learning rate: 1.620256E-04 | global batch size:   256 | lm loss: 2.546717E+00 | loss scale: 1.0 | grad norm: 0.245 | number of skipped iterations:   0 | number of nan iterations:   0 |
7: [default3]: [2026-05-24 06:29:57.863320] iteration      777/    2293 | consumed samples:       198912 | elapsed time per iteration (ms): 1416.4 | throughput per GPU (TFLOP/s/GPU): 235.0 | tokens/sec/GPU: 23135 | learning rate: 1.619197E-04 | global batch size:   256 | lm loss: 2.514158E+00 | loss scale: 1.0 | grad norm: 0.224 | number of skipped iterations:   0 | number of nan iterations:   0 |
7: [default3]: [2026-05-24 06:30:00.154444] iteration      778/    2293 | consumed samples:       199168 | elapsed time per iteration (ms): 2290.9 | throughput per GPU (TFLOP/s/GPU): 145.3 | tokens/sec/GPU: 14303 | learning rate: 1.618136E-04 | global batch size:   256 | lm loss: 2.633283E+00 | loss scale: 1.0 | grad norm: 0.237 | number of skipped iterations:   0 | number of nan iterations:   0 |
7: [default3]: [2026-05-24 06:30:02.349788] iteration      779/    2293 | consumed samples:       199424 | elapsed time per iteration (ms): 2194.8 | throughput per GPU (TFLOP/s/GPU): 151.6 | tokens/sec/GPU: 14930 | learning rate: 1.617075E-04 | global batch size:   256 | lm loss: 2.600279E+00 | loss scale: 1.0 | grad norm: 0.240 | number of skipped iterations:   0 | number of nan iterations:   0 |
7: [default3]: [2026-05-24 06:30:03.773901] iteration      780/    2293 | consumed samples:       199680 | elapsed time per iteration (ms): 1423.9 | throughput per GPU (TFLOP/s/GPU): 233.7 | tokens/sec/GPU: 23013 | learning rate: 1.616012E-04 | global batch size:   256 | lm loss: 2.648695E+00 | loss scale: 1.0 | grad norm: 0.255 | number of skipped iterations:   0 | number of nan iterations:   0 |
7: [default3]: [2026-05-24 06:30:05.198303] iteration      781/    2293 | consumed samples:       199936 | elapsed time per iteration (ms): 1424.1 | throughput per GPU (TFLOP/s/GPU): 233.7 | tokens/sec/GPU: 23010 | learning rate: 1.614948E-04 | global batch size:   256 | lm loss: 2.498148E+00 | loss scale: 1.0 | grad norm: 0.257 | number of skipped iterations:   0 | number of nan iterations:   0 |
7: [default3]: [2026-05-24 06:30:08.950965] iteration      782/    2293 | consumed samples:       200192 | elapsed time per iteration (ms): 3752.5 | throughput per GPU (TFLOP/s/GPU): 88.7 | tokens/sec/GPU: 8732 | learning rate: 1.613884E-04 | global batch size:   256 | lm loss: 2.668624E+00 | loss scale: 1.0 | grad norm: 0.256 | number of skipped iterations:   0 | number of nan iterations:   0 |
7: [default3]: [2026-05-24 06:30:10.371879] iteration      783/    2293 | consumed samples:       200448 | elapsed time per iteration (ms): 1420.7 | throughput per GPU (TFLOP/s/GPU): 234.3 | tokens/sec/GPU: 23065 | learning rate: 1.612818E-04 | global batch size:   256 | lm loss: 2.576463E+00 | loss scale: 1.0 | grad norm: 0.284 | number of skipped iterations:   0 | number of nan iterations:   0 |
7: [default3]: [2026-05-24 06:30:11.793380] iteration      784/    2293 | consumed samples:       200704 | elapsed time per iteration (ms): 1421.3 | throughput per GPU (TFLOP/s/GPU): 234.2 | tokens/sec/GPU: 23055 | learning rate: 1.611751E-04 | global batch size:   256 | lm loss: 2.587426E+00 | loss scale: 1.0 | grad norm: 0.296 | number of skipped iterations:   0 | number of nan iterations:   0 |
7: [default3]: [2026-05-24 06:30:13.226791] iteration      785/    2293 | consumed samples:       200960 | elapsed time per iteration (ms): 1433.2 | throughput per GPU (TFLOP/s/GPU): 232.2 | tokens/sec/GPU: 22864 | learning rate: 1.610683E-04 | global batch size:   256 | lm loss: 2.614860E+00 | loss scale: 1.0 | grad norm: 0.301 | number of skipped iterations:   0 | number of nan iterations:   0 |
7: [default3]: [2026-05-24 06:30:17.020427] iteration      786/    2293 | consumed samples:       201216 | elapsed time per iteration (ms): 3793.2 | throughput per GPU (TFLOP/s/GPU): 87.7 | tokens/sec/GPU: 8639 | learning rate: 1.609614E-04 | global batch size:   256 | lm loss: 2.489533E+00 | loss scale: 1.0 | grad norm: 0.292 | number of skipped iterations:   0 | number of nan iterations:   0 |
7: [default3]: [2026-05-24 06:30:18.612984] iteration      787/    2293 | consumed samples:       201472 | elapsed time per iteration (ms): 1592.3 | throughput per GPU (TFLOP/s/GPU): 209.0 | tokens/sec/GPU: 20579 | learning rate: 1.608544E-04 | global batch size:   256 | lm loss: 2.575364E+00 | loss scale: 1.0 | grad norm: 0.267 | number of skipped iterations:   0 | number of nan iterations:   0 |
7: [default3]: [2026-05-24 06:30:20.033660] iteration      788/    2293 | consumed samples:       201728 | elapsed time per iteration (ms): 1420.4 | throughput per GPU (TFLOP/s/GPU): 234.3 | tokens/sec/GPU: 23069 | learning rate: 1.607473E-04 | global batch size:   256 | lm loss: 2.579290E+00 | loss scale: 1.0 | grad norm: 0.259 | number of skipped iterations:   0 | number of nan iterations:   0 |
7: [default3]: [2026-05-24 06:30:21.462881] iteration      789/    2293 | consumed samples:       201984 | elapsed time per iteration (ms): 1429.0 | throughput per GPU (TFLOP/s/GPU): 232.9 | tokens/sec/GPU: 22931 | learning rate: 1.606401E-04 | global batch size:   256 | lm loss: 2.590750E+00 | loss scale: 1.0 | grad norm: 0.266 | number of skipped iterations:   0 | number of nan iterations:   0 |
7: [default3]: [2026-05-24 06:30:24.571279] iteration      790/    2293 | consumed samples:       202240 | elapsed time per iteration (ms): 3108.2 | throughput per GPU (TFLOP/s/GPU): 107.1 | tokens/sec/GPU: 10543 | learning rate: 1.605328E-04 | global batch size:   256 | lm loss: 2.616272E+00 | loss scale: 1.0 | grad norm: 0.258 | number of skipped iterations:   0 | number of nan iterations:   0 |
7: [default3]: [2026-05-24 06:30:27.978365] iteration      791/    2293 | consumed samples:       202496 | elapsed time per iteration (ms): 3406.9 | throughput per GPU (TFLOP/s/GPU): 97.7 | tokens/sec/GPU: 9618 | learning rate: 1.604253E-04 | global batch size:   256 | lm loss: 2.499239E+00 | loss scale: 1.0 | grad norm: 0.259 | number of skipped iterations:   0 | number of nan iterations:   0 |
7: [default3]: [2026-05-24 06:30:29.389596] iteration      792/    2293 | consumed samples:       202752 | elapsed time per iteration (ms): 1411.0 | throughput per GPU (TFLOP/s/GPU): 235.9 | tokens/sec/GPU: 23223 | learning rate: 1.603178E-04 | global batch size:   256 | lm loss: 2.528662E+00 | loss scale: 1.0 | grad norm: 0.245 | number of skipped iterations:   0 | number of nan iterations:   0 |
7: [default3]: [2026-05-24 06:30:30.813827] iteration      793/    2293 | consumed samples:       203008 | elapsed time per iteration (ms): 1424.0 | throughput per GPU (TFLOP/s/GPU): 233.7 | tokens/sec/GPU: 23012 | learning rate: 1.602102E-04 | global batch size:   256 | lm loss: 2.592884E+00 | loss scale: 1.0 | grad norm: 0.248 | number of skipped iterations:   0 | number of nan iterations:   0 |
7: [default3]: [2026-05-24 06:30:32.233668] iteration      794/    2293 | consumed samples:       203264 | elapsed time per iteration (ms): 1419.6 | throughput per GPU (TFLOP/s/GPU): 234.5 | tokens/sec/GPU: 23082 | learning rate: 1.601024E-04 | global batch size:   256 | lm loss: 2.503118E+00 | loss scale: 1.0 | grad norm: 0.250 | number of skipped iterations:   0 | number of nan iterations:   0 |
7: [default3]: [2026-05-24 06:30:35.317643] iteration      795/    2293 | consumed samples:       203520 | elapsed time per iteration (ms): 3083.5 | throughput per GPU (TFLOP/s/GPU): 107.9 | tokens/sec/GPU: 10627 | learning rate: 1.599946E-04 | global batch size:   256 | lm loss: 2.501323E+00 | loss scale: 1.0 | grad norm: 0.263 | number of skipped iterations:   0 | number of nan iterations:   0 |
7: [default3]: [2026-05-24 06:30:36.727321] iteration      796/    2293 | consumed samples:       203776 | elapsed time per iteration (ms): 1409.5 | throughput per GPU (TFLOP/s/GPU): 236.1 | tokens/sec/GPU: 23248 | learning rate: 1.598866E-04 | global batch size:   256 | lm loss: 2.574691E+00 | loss scale: 1.0 | grad norm: 0.253 | number of skipped iterations:   0 | number of nan iterations:   0 |
7: [default3]: [2026-05-24 06:30:38.146719] iteration      797/    2293 | consumed samples:       204032 | elapsed time per iteration (ms): 1419.2 | throughput per GPU (TFLOP/s/GPU): 234.5 | tokens/sec/GPU: 23089 | learning rate: 1.597786E-04 | global batch size:   256 | lm loss: 2.544168E+00 | loss scale: 1.0 | grad norm: 0.254 | number of skipped iterations:   0 | number of nan iterations:   0 |
7: [default3]: [2026-05-24 06:30:39.570225] iteration      798/    2293 | consumed samples:       204288 | elapsed time per iteration (ms): 1423.3 | throughput per GPU (TFLOP/s/GPU): 233.8 | tokens/sec/GPU: 23023 | learning rate: 1.596704E-04 | global batch size:   256 | lm loss: 2.600807E+00 | loss scale: 1.0 | grad norm: 0.228 | number of skipped iterations:   0 | number of nan iterations:   0 |
7: [default3]: [2026-05-24 06:30:43.802248] iteration      799/    2293 | consumed samples:       204544 | elapsed time per iteration (ms): 4231.8 | throughput per GPU (TFLOP/s/GPU): 78.7 | tokens/sec/GPU: 7743 | learning rate: 1.595622E-04 | global batch size:   256 | lm loss: 2.453282E+00 | loss scale: 1.0 | grad norm: 0.239 | number of skipped iterations:   0 | number of nan iterations:   0 |
7: [default3]: [2026-05-24 06:30:45.220256] iteration      800/    2293 | consumed samples:       204800 | elapsed time per iteration (ms): 1417.8 | throughput per GPU (TFLOP/s/GPU): 234.8 | tokens/sec/GPU: 23112 | learning rate: 1.594538E-04 | global batch size:   256 | lm loss: 2.567074E+00 | loss scale: 1.0 | grad norm: 0.259 | number of skipped iterations:   0 | number of nan iterations:   0 |
7: [default3]: [2026-05-24 06:30:47.498301] iteration      801/    2293 | consumed samples:       205056 | elapsed time per iteration (ms): 2277.8 | throughput per GPU (TFLOP/s/GPU): 146.1 | tokens/sec/GPU: 14386 | learning rate: 1.593453E-04 | global batch size:   256 | lm loss: 2.573137E+00 | loss scale: 1.0 | grad norm: 0.240 | number of skipped iterations:   0 | number of nan iterations:   0 |
7: [default3]: [2026-05-24 06:30:48.913621] iteration      802/    2293 | consumed samples:       205312 | elapsed time per iteration (ms): 1415.1 | throughput per GPU (TFLOP/s/GPU): 235.2 | tokens/sec/GPU: 23155 | learning rate: 1.592368E-04 | global batch size:   256 | lm loss: 2.586940E+00 | loss scale: 1.0 | grad norm: 0.241 | number of skipped iterations:   0 | number of nan iterations:   0 |
7: [default3]: [2026-05-24 06:30:50.329578] iteration      803/    2293 | consumed samples:       205568 | elapsed time per iteration (ms): 1415.1 | throughput per GPU (TFLOP/s/GPU): 235.2 | tokens/sec/GPU: 23155 | learning rate: 1.591281E-04 | global batch size:   256 | lm loss: 2.529259E+00 | loss scale: 1.0 | grad norm: 0.244 | number of skipped iterations:   0 | number of nan iterations:   0 |
7: [default3]: [2026-05-24 06:30:51.759324] iteration      804/    2293 | consumed samples:       205824 | elapsed time per iteration (ms): 1429.5 | throughput per GPU (TFLOP/s/GPU): 232.8 | tokens/sec/GPU: 22922 | learning rate: 1.590193E-04 | global batch size:   256 | lm loss: 2.601415E+00 | loss scale: 1.0 | grad norm: 0.231 | number of skipped iterations:   0 | number of nan iterations:   0 |
7: [default3]: [2026-05-24 06:30:53.173602] iteration      805/    2293 | consumed samples:       206080 | elapsed time per iteration (ms): 1414.0 | throughput per GPU (TFLOP/s/GPU): 235.4 | tokens/sec/GPU: 23174 | learning rate: 1.589105E-04 | global batch size:   256 | lm loss: 2.533843E+00 | loss scale: 1.0 | grad norm: 0.263 | number of skipped iterations:   0 | number of nan iterations:   0 |
7: [default3]: [2026-05-24 06:30:54.601099] iteration      806/    2293 | consumed samples:       206336 | elapsed time per iteration (ms): 1426.9 | throughput per GPU (TFLOP/s/GPU): 233.3 | tokens/sec/GPU: 22965 | learning rate: 1.588015E-04 | global batch size:   256 | lm loss: 2.624625E+00 | loss scale: 1.0 | grad norm: 0.219 | number of skipped iterations:   0 | number of nan iterations:   0 |
7: [default3]: [2026-05-24 06:31:01.776370] iteration      807/    2293 | consumed samples:       206592 | elapsed time per iteration (ms): 7175.1 | throughput per GPU (TFLOP/s/GPU): 46.4 | tokens/sec/GPU: 4567 | learning rate: 1.586924E-04 | global batch size:   256 | lm loss: 2.550224E+00 | loss scale: 1.0 | grad norm: 0.225 | number of skipped iterations:   0 | number of nan iterations:   0 |
7: [default3]: [2026-05-24 06:31:03.193430] iteration      808/    2293 | consumed samples:       206848 | elapsed time per iteration (ms): 1416.8 | throughput per GPU (TFLOP/s/GPU): 234.9 | tokens/sec/GPU: 23128 | learning rate: 1.585832E-04 | global batch size:   256 | lm loss: 2.584372E+00 | loss scale: 1.0 | grad norm: 0.236 | number of skipped iterations:   0 | number of nan iterations:   0 |
7: [default3]: [2026-05-24 06:31:04.608772] iteration      809/    2293 | consumed samples:       207104 | elapsed time per iteration (ms): 1415.1 | throughput per GPU (TFLOP/s/GPU): 235.2 | tokens/sec/GPU: 23155 | learning rate: 1.584740E-04 | global batch size:   256 | lm loss: 2.545337E+00 | loss scale: 1.0 | grad norm: 0.229 | number of skipped iterations:   0 | number of nan iterations:   0 |
7: [default3]: [2026-05-24 06:31:06.020471] iteration      810/    2293 | consumed samples:       207360 | elapsed time per iteration (ms): 1411.5 | throughput per GPU (TFLOP/s/GPU): 235.8 | tokens/sec/GPU: 23215 | learning rate: 1.583646E-04 | global batch size:   256 | lm loss: 2.508729E+00 | loss scale: 1.0 | grad norm: 0.501 | number of skipped iterations:   0 | number of nan iterations:   0 |
7: [default3]: [2026-05-24 06:31:12.262739] iteration      811/    2293 | consumed samples:       207616 | elapsed time per iteration (ms): 6242.0 | throughput per GPU (TFLOP/s/GPU): 53.3 | tokens/sec/GPU: 5250 | learning rate: 1.582551E-04 | global batch size:   256 | lm loss: 2.523692E+00 | loss scale: 1.0 | grad norm: 0.249 | number of skipped iterations:   0 | number of nan iterations:   0 |
7: [default3]: [2026-05-24 06:31:13.681015] iteration      812/    2293 | consumed samples:       207872 | elapsed time per iteration (ms): 1418.1 | throughput per GPU (TFLOP/s/GPU): 234.7 | tokens/sec/GPU: 23108 | learning rate: 1.581455E-04 | global batch size:   256 | lm loss: 2.526064E+00 | loss scale: 1.0 | grad norm: 0.234 | number of skipped iterations:   0 | number of nan iterations:   0 |
7: [default3]: [2026-05-24 06:31:15.099793] iteration      813/    2293 | consumed samples:       208128 | elapsed time per iteration (ms): 1418.5 | throughput per GPU (TFLOP/s/GPU): 234.6 | tokens/sec/GPU: 23100 | learning rate: 1.580358E-04 | global batch size:   256 | lm loss: 2.515975E+00 | loss scale: 1.0 | grad norm: 0.242 | number of skipped iterations:   0 | number of nan iterations:   0 |
7: [default3]: [2026-05-24 06:31:16.507203] iteration      814/    2293 | consumed samples:       208384 | elapsed time per iteration (ms): 1407.2 | throughput per GPU (TFLOP/s/GPU): 236.5 | tokens/sec/GPU: 23286 | learning rate: 1.579260E-04 | global batch size:   256 | lm loss: 2.554137E+00 | loss scale: 1.0 | grad norm: 0.255 | number of skipped iterations:   0 | number of nan iterations:   0 |
7: [default3]: [2026-05-24 06:31:17.915833] iteration      815/    2293 | consumed samples:       208640 | elapsed time per iteration (ms): 1408.4 | throughput per GPU (TFLOP/s/GPU): 236.3 | tokens/sec/GPU: 23267 | learning rate: 1.578162E-04 | global batch size:   256 | lm loss: 2.598258E+00 | loss scale: 1.0 | grad norm: 0.402 | number of skipped iterations:   0 | number of nan iterations:   0 |
7: [default3]: [2026-05-24 06:31:19.335622] iteration      816/    2293 | consumed samples:       208896 | elapsed time per iteration (ms): 1419.6 | throughput per GPU (TFLOP/s/GPU): 234.5 | tokens/sec/GPU: 23083 | learning rate: 1.577062E-04 | global batch size:   256 | lm loss: 2.630494E+00 | loss scale: 1.0 | grad norm: 0.451 | number of skipped iterations:   0 | number of nan iterations:   0 |
7: [default3]: [2026-05-24 06:31:20.768674] iteration      817/    2293 | consumed samples:       209152 | elapsed time per iteration (ms): 1432.8 | throughput per GPU (TFLOP/s/GPU): 232.3 | tokens/sec/GPU: 22870 | learning rate: 1.575961E-04 | global batch size:   256 | lm loss: 2.574706E+00 | loss scale: 1.0 | grad norm: 0.387 | number of skipped iterations:   0 | number of nan iterations:   0 |
7: [default3]: [2026-05-24 06:31:22.186191] iteration      818/    2293 | consumed samples:       209408 | elapsed time per iteration (ms): 1417.3 | throughput per GPU (TFLOP/s/GPU): 234.8 | tokens/sec/GPU: 23121 | learning rate: 1.574859E-04 | global batch size:   256 | lm loss: 2.508294E+00 | loss scale: 1.0 | grad norm: 0.295 | number of skipped iterations:   0 | number of nan iterations:   0 |
7: [default3]: [2026-05-24 06:31:23.939789] iteration      819/    2293 | consumed samples:       209664 | elapsed time per iteration (ms): 1753.4 | throughput per GPU (TFLOP/s/GPU): 189.8 | tokens/sec/GPU: 18688 | learning rate: 1.573756E-04 | global batch size:   256 | lm loss: 2.459923E+00 | loss scale: 1.0 | grad norm: 0.314 | number of skipped iterations:   0 | number of nan iterations:   0 |
7: [default3]: [2026-05-24 06:31:25.372309] iteration      820/    2293 | consumed samples:       209920 | elapsed time per iteration (ms): 1432.3 | throughput per GPU (TFLOP/s/GPU): 232.4 | tokens/sec/GPU: 22878 | learning rate: 1.572653E-04 | global batch size:   256 | lm loss: 2.615679E+00 | loss scale: 1.0 | grad norm: 0.333 | number of skipped iterations:   0 | number of nan iterations:   0 |
7: [default3]: [2026-05-24 06:31:26.798726] iteration      821/    2293 | consumed samples:       210176 | elapsed time per iteration (ms): 1426.2 | throughput per GPU (TFLOP/s/GPU): 233.4 | tokens/sec/GPU: 22976 | learning rate: 1.571548E-04 | global batch size:   256 | lm loss: 2.498945E+00 | loss scale: 1.0 | grad norm: 0.710 | number of skipped iterations:   0 | number of nan iterations:   0 |
7: [default3]: [2026-05-24 06:31:28.231344] iteration      822/    2293 | consumed samples:       210432 | elapsed time per iteration (ms): 1432.2 | throughput per GPU (TFLOP/s/GPU): 232.4 | tokens/sec/GPU: 22880 | learning rate: 1.570442E-04 | global batch size:   256 | lm loss: 2.521253E+00 | loss scale: 1.0 | grad norm: 0.280 | number of skipped iterations:   0 | number of nan iterations:   0 |
7: [default3]: [2026-05-24 06:31:29.661010] iteration      823/    2293 | consumed samples:       210688 | elapsed time per iteration (ms): 1429.0 | throughput per GPU (TFLOP/s/GPU): 232.9 | tokens/sec/GPU: 22931 | learning rate: 1.569336E-04 | global batch size:   256 | lm loss: 2.512084E+00 | loss scale: 1.0 | grad norm: 0.257 | number of skipped iterations:   0 | number of nan iterations:   0 |
7: [default3]: [2026-05-24 06:31:31.116749] iteration      824/    2293 | consumed samples:       210944 | elapsed time per iteration (ms): 1455.5 | throughput per GPU (TFLOP/s/GPU): 228.7 | tokens/sec/GPU: 22513 | learning rate: 1.568228E-04 | global batch size:   256 | lm loss: 2.520893E+00 | loss scale: 1.0 | grad norm: 0.251 | number of skipped iterations:   0 | number of nan iterations:   0 |
7: [default3]: [2026-05-24 06:31:32.913166] iteration      825/    2293 | consumed samples:       211200 | elapsed time per iteration (ms): 1796.2 | throughput per GPU (TFLOP/s/GPU): 185.3 | tokens/sec/GPU: 18243 | learning rate: 1.567119E-04 | global batch size:   256 | lm loss: 2.582266E+00 | loss scale: 1.0 | grad norm: 0.247 | number of skipped iterations:   0 | number of nan iterations:   0 |
7: [default3]: [2026-05-24 06:31:34.372724] iteration      826/    2293 | consumed samples:       211456 | elapsed time per iteration (ms): 1459.3 | throughput per GPU (TFLOP/s/GPU): 228.1 | tokens/sec/GPU: 22454 | learning rate: 1.566010E-04 | global batch size:   256 | lm loss: 2.481457E+00 | loss scale: 1.0 | grad norm: 0.269 | number of skipped iterations:   0 | number of nan iterations:   0 |
7: [default3]: [2026-05-24 06:31:37.474942] iteration      827/    2293 | consumed samples:       211712 | elapsed time per iteration (ms): 3101.8 | throughput per GPU (TFLOP/s/GPU): 107.3 | tokens/sec/GPU: 10564 | learning rate: 1.564899E-04 | global batch size:   256 | lm loss: 2.555675E+00 | loss scale: 1.0 | grad norm: 0.362 | number of skipped iterations:   0 | number of nan iterations:   0 |
7: [default3]: [2026-05-24 06:31:39.241893] iteration      828/    2293 | consumed samples:       211968 | elapsed time per iteration (ms): 1766.7 | throughput per GPU (TFLOP/s/GPU): 188.4 | tokens/sec/GPU: 18547 | learning rate: 1.563788E-04 | global batch size:   256 | lm loss: 2.573833E+00 | loss scale: 1.0 | grad norm: 0.368 | number of skipped iterations:   0 | number of nan iterations:   0 |
7: [default3]: [2026-05-24 06:31:40.659256] iteration      829/    2293 | consumed samples:       212224 | elapsed time per iteration (ms): 1417.1 | throughput per GPU (TFLOP/s/GPU): 234.9 | tokens/sec/GPU: 23123 | learning rate: 1.562675E-04 | global batch size:   256 | lm loss: 2.478141E+00 | loss scale: 1.0 | grad norm: 0.361 | number of skipped iterations:   0 | number of nan iterations:   0 |
7: [default3]: [2026-05-24 06:31:42.081356] iteration      830/    2293 | consumed samples:       212480 | elapsed time per iteration (ms): 1421.8 | throughput per GPU (TFLOP/s/GPU): 234.1 | tokens/sec/GPU: 23046 | learning rate: 1.561562E-04 | global batch size:   256 | lm loss: 2.543667E+00 | loss scale: 1.0 | grad norm: 0.316 | number of skipped iterations:   0 | number of nan iterations:   0 |
7: [default3]: [2026-05-24 06:31:45.156189] iteration      831/    2293 | consumed samples:       212736 | elapsed time per iteration (ms): 3074.6 | throughput per GPU (TFLOP/s/GPU): 108.3 | tokens/sec/GPU: 10658 | learning rate: 1.560447E-04 | global batch size:   256 | lm loss: 2.559146E+00 | loss scale: 1.0 | grad norm: 0.250 | number of skipped iterations:   0 | number of nan iterations:   0 |
7: [default3]: [2026-05-24 06:31:46.579374] iteration      832/    2293 | consumed samples:       212992 | elapsed time per iteration (ms): 1423.0 | throughput per GPU (TFLOP/s/GPU): 233.9 | tokens/sec/GPU: 23028 | learning rate: 1.559332E-04 | global batch size:   256 | lm loss: 2.486305E+00 | loss scale: 1.0 | grad norm: 0.239 | number of skipped iterations:   0 | number of nan iterations:   0 |
7: [default3]: [2026-05-24 06:31:48.005118] iteration      833/    2293 | consumed samples:       213248 | elapsed time per iteration (ms): 1425.5 | throughput per GPU (TFLOP/s/GPU): 233.5 | tokens/sec/GPU: 22987 | learning rate: 1.558215E-04 | global batch size:   256 | lm loss: 2.522682E+00 | loss scale: 1.0 | grad norm: 0.242 | number of skipped iterations:   0 | number of nan iterations:   0 |
7: [default3]: [2026-05-24 06:31:49.429701] iteration      834/    2293 | consumed samples:       213504 | elapsed time per iteration (ms): 1424.3 | throughput per GPU (TFLOP/s/GPU): 233.7 | tokens/sec/GPU: 23007 | learning rate: 1.557098E-04 | global batch size:   256 | lm loss: 2.545445E+00 | loss scale: 1.0 | grad norm: 0.229 | number of skipped iterations:   0 | number of nan iterations:   0 |
7: [default3]: [2026-05-24 06:31:51.417519] iteration      835/    2293 | consumed samples:       213760 | elapsed time per iteration (ms): 1987.4 | throughput per GPU (TFLOP/s/GPU): 167.5 | tokens/sec/GPU: 16488 | learning rate: 1.555980E-04 | global batch size:   256 | lm loss: 2.539798E+00 | loss scale: 1.0 | grad norm: 0.217 | number of skipped iterations:   0 | number of nan iterations:   0 |
7: [default3]: [2026-05-24 06:31:52.846337] iteration      836/    2293 | consumed samples:       214016 | elapsed time per iteration (ms): 1428.4 | throughput per GPU (TFLOP/s/GPU): 233.0 | tokens/sec/GPU: 22941 | learning rate: 1.554861E-04 | global batch size:   256 | lm loss: 2.523541E+00 | loss scale: 1.0 | grad norm: 0.363 | number of skipped iterations:   0 | number of nan iterations:   0 |
7: [default3]: [2026-05-24 06:31:54.289784] iteration      837/    2293 | consumed samples:       214272 | elapsed time per iteration (ms): 1442.7 | throughput per GPU (TFLOP/s/GPU): 230.7 | tokens/sec/GPU: 22713 | learning rate: 1.553741E-04 | global batch size:   256 | lm loss: 2.565289E+00 | loss scale: 1.0 | grad norm: 0.217 | number of skipped iterations:   0 | number of nan iterations:   0 |
7: [default3]: [2026-05-24 06:31:55.715545] iteration      838/    2293 | consumed samples:       214528 | elapsed time per iteration (ms): 1425.5 | throughput per GPU (TFLOP/s/GPU): 233.5 | tokens/sec/GPU: 22987 | learning rate: 1.552620E-04 | global batch size:   256 | lm loss: 2.494725E+00 | loss scale: 1.0 | grad norm: 0.228 | number of skipped iterations:   0 | number of nan iterations:   0 |
7: [default3]: [2026-05-24 06:31:57.915007] iteration      839/    2293 | consumed samples:       214784 | elapsed time per iteration (ms): 2199.3 | throughput per GPU (TFLOP/s/GPU): 151.3 | tokens/sec/GPU: 14899 | learning rate: 1.551498E-04 | global batch size:   256 | lm loss: 2.570188E+00 | loss scale: 1.0 | grad norm: 0.225 | number of skipped iterations:   0 | number of nan iterations:   0 |
7: [default3]: [2026-05-24 06:31:59.338577] iteration      840/    2293 | consumed samples:       215040 | elapsed time per iteration (ms): 1423.0 | throughput per GPU (TFLOP/s/GPU): 233.9 | tokens/sec/GPU: 23028 | learning rate: 1.550375E-04 | global batch size:   256 | lm loss: 2.498368E+00 | loss scale: 1.0 | grad norm: 0.217 | number of skipped iterations:   0 | number of nan iterations:   0 |
7: [default3]: [2026-05-24 06:32:00.767901] iteration      841/    2293 | consumed samples:       215296 | elapsed time per iteration (ms): 1429.1 | throughput per GPU (TFLOP/s/GPU): 232.9 | tokens/sec/GPU: 22929 | learning rate: 1.549251E-04 | global batch size:   256 | lm loss: 2.636903E+00 | loss scale: 1.0 | grad norm: 0.237 | number of skipped iterations:   0 | number of nan iterations:   0 |
7: [default3]: [2026-05-24 06:32:02.193351] iteration      842/    2293 | consumed samples:       215552 | elapsed time per iteration (ms): 1425.2 | throughput per GPU (TFLOP/s/GPU): 233.5 | tokens/sec/GPU: 22991 | learning rate: 1.548126E-04 | global batch size:   256 | lm loss: 2.511830E+00 | loss scale: 1.0 | grad norm: 0.236 | number of skipped iterations:   0 | number of nan iterations:   0 |
7: [default3]: [2026-05-24 06:32:04.294291] iteration      843/    2293 | consumed samples:       215808 | elapsed time per iteration (ms): 2100.7 | throughput per GPU (TFLOP/s/GPU): 158.4 | tokens/sec/GPU: 15599 | learning rate: 1.547000E-04 | global batch size:   256 | lm loss: 2.491937E+00 | loss scale: 1.0 | grad norm: 0.242 | number of skipped iterations:   0 | number of nan iterations:   0 |
7: [default3]: [2026-05-24 06:32:05.712009] iteration      844/    2293 | consumed samples:       216064 | elapsed time per iteration (ms): 1417.5 | throughput per GPU (TFLOP/s/GPU): 234.8 | tokens/sec/GPU: 23118 | learning rate: 1.545873E-04 | global batch size:   256 | lm loss: 2.530810E+00 | loss scale: 1.0 | grad norm: 0.256 | number of skipped iterations:   0 | number of nan iterations:   0 |
7: [default3]: [2026-05-24 06:32:07.135699] iteration      845/    2293 | consumed samples:       216320 | elapsed time per iteration (ms): 1423.5 | throughput per GPU (TFLOP/s/GPU): 233.8 | tokens/sec/GPU: 23019 | learning rate: 1.544746E-04 | global batch size:   256 | lm loss: 2.503912E+00 | loss scale: 1.0 | grad norm: 0.256 | number of skipped iterations:   0 | number of nan iterations:   0 |
7: [default3]: [2026-05-24 06:32:08.559655] iteration      846/    2293 | consumed samples:       216576 | elapsed time per iteration (ms): 1423.8 | throughput per GPU (TFLOP/s/GPU): 233.8 | tokens/sec/GPU: 23015 | learning rate: 1.543617E-04 | global batch size:   256 | lm loss: 2.541790E+00 | loss scale: 1.0 | grad norm: 0.231 | number of skipped iterations:   0 | number of nan iterations:   0 |
7: [default3]: [2026-05-24 06:32:11.010885] iteration      847/    2293 | consumed samples:       216832 | elapsed time per iteration (ms): 2450.7 | throughput per GPU (TFLOP/s/GPU): 135.8 | tokens/sec/GPU: 13371 | learning rate: 1.542488E-04 | global batch size:   256 | lm loss: 2.499947E+00 | loss scale: 1.0 | grad norm: 0.227 | number of skipped iterations:   0 | number of nan iterations:   0 |
7: [default3]: [2026-05-24 06:32:12.436393] iteration      848/    2293 | consumed samples:       217088 | elapsed time per iteration (ms): 1425.3 | throughput per GPU (TFLOP/s/GPU): 233.5 | tokens/sec/GPU: 22991 | learning rate: 1.541357E-04 | global batch size:   256 | lm loss: 2.478608E+00 | loss scale: 1.0 | grad norm: 0.232 | number of skipped iterations:   0 | number of nan iterations:   0 |
7: [default3]: [2026-05-24 06:32:13.870011] iteration      849/    2293 | consumed samples:       217344 | elapsed time per iteration (ms): 1433.4 | throughput per GPU (TFLOP/s/GPU): 232.2 | tokens/sec/GPU: 22860 | learning rate: 1.540226E-04 | global batch size:   256 | lm loss: 2.607209E+00 | loss scale: 1.0 | grad norm: 0.225 | number of skipped iterations:   0 | number of nan iterations:   0 |
7: [default3]: [2026-05-24 06:32:15.295367] iteration      850/    2293 | consumed samples:       217600 | elapsed time per iteration (ms): 1425.2 | throughput per GPU (TFLOP/s/GPU): 233.5 | tokens/sec/GPU: 22992 | learning rate: 1.539094E-04 | global batch size:   256 | lm loss: 2.643146E+00 | loss scale: 1.0 | grad norm: 0.235 | number of skipped iterations:   0 | number of nan iterations:   0 |
7: [default3]: [2026-05-24 06:32:17.572920] iteration      851/    2293 | consumed samples:       217856 | elapsed time per iteration (ms): 2277.3 | throughput per GPU (TFLOP/s/GPU): 146.2 | tokens/sec/GPU: 14389 | learning rate: 1.537961E-04 | global batch size:   256 | lm loss: 2.489154E+00 | loss scale: 1.0 | grad norm: 0.314 | number of skipped iterations:   0 | number of nan iterations:   0 |
7: [default3]: [2026-05-24 06:32:19.003395] iteration      852/    2293 | consumed samples:       218112 | elapsed time per iteration (ms): 1430.2 | throughput per GPU (TFLOP/s/GPU): 232.7 | tokens/sec/GPU: 22911 | learning rate: 1.536827E-04 | global batch size:   256 | lm loss: 2.548296E+00 | loss scale: 1.0 | grad norm: 0.235 | number of skipped iterations:   0 | number of nan iterations:   0 |
7: [default3]: [2026-05-24 06:32:20.442533] iteration      853/    2293 | consumed samples:       218368 | elapsed time per iteration (ms): 1438.8 | throughput per GPU (TFLOP/s/GPU): 231.3 | tokens/sec/GPU: 22774 | learning rate: 1.535692E-04 | global batch size:   256 | lm loss: 2.482221E+00 | loss scale: 1.0 | grad norm: 0.241 | number of skipped iterations:   0 | number of nan iterations:   0 |
7: [default3]: [2026-05-24 06:32:21.873570] iteration      854/    2293 | consumed samples:       218624 | elapsed time per iteration (ms): 1430.8 | throughput per GPU (TFLOP/s/GPU): 232.6 | tokens/sec/GPU: 22902 | learning rate: 1.534556E-04 | global batch size:   256 | lm loss: 2.490394E+00 | loss scale: 1.0 | grad norm: 0.245 | number of skipped iterations:   0 | number of nan iterations:   0 |
7: [default3]: [2026-05-24 06:32:23.299967] iteration      855/    2293 | consumed samples:       218880 | elapsed time per iteration (ms): 1426.2 | throughput per GPU (TFLOP/s/GPU): 233.4 | tokens/sec/GPU: 22976 | learning rate: 1.533419E-04 | global batch size:   256 | lm loss: 2.547333E+00 | loss scale: 1.0 | grad norm: 0.232 | number of skipped iterations:   0 | number of nan iterations:   0 |
7: [default3]: [2026-05-24 06:32:24.726863] iteration      856/    2293 | consumed samples:       219136 | elapsed time per iteration (ms): 1426.7 | throughput per GPU (TFLOP/s/GPU): 233.3 | tokens/sec/GPU: 22968 | learning rate: 1.532281E-04 | global batch size:   256 | lm loss: 2.510028E+00 | loss scale: 1.0 | grad norm: 0.235 | number of skipped iterations:   0 | number of nan iterations:   0 |
7: [default3]: [2026-05-24 06:32:26.147495] iteration      857/    2293 | consumed samples:       219392 | elapsed time per iteration (ms): 1420.4 | throughput per GPU (TFLOP/s/GPU): 234.3 | tokens/sec/GPU: 23069 | learning rate: 1.531143E-04 | global batch size:   256 | lm loss: 2.500731E+00 | loss scale: 1.0 | grad norm: 0.232 | number of skipped iterations:   0 | number of nan iterations:   0 |
7: [default3]: [2026-05-24 06:32:27.573457] iteration      858/    2293 | consumed samples:       219648 | elapsed time per iteration (ms): 1425.6 | throughput per GPU (TFLOP/s/GPU): 233.5 | tokens/sec/GPU: 22985 | learning rate: 1.530004E-04 | global batch size:   256 | lm loss: 2.481405E+00 | loss scale: 1.0 | grad norm: 0.237 | number of skipped iterations:   0 | number of nan iterations:   0 |
7: [default3]: [2026-05-24 06:32:29.000158] iteration      859/    2293 | consumed samples:       219904 | elapsed time per iteration (ms): 1425.8 | throughput per GPU (TFLOP/s/GPU): 233.4 | tokens/sec/GPU: 22983 | learning rate: 1.528863E-04 | global batch size:   256 | lm loss: 2.503124E+00 | loss scale: 1.0 | grad norm: 0.241 | number of skipped iterations:   0 | number of nan iterations:   0 |
7: [default3]: [2026-05-24 06:32:30.434849] iteration      860/    2293 | consumed samples:       220160 | elapsed time per iteration (ms): 1434.5 | throughput per GPU (TFLOP/s/GPU): 232.0 | tokens/sec/GPU: 22843 | learning rate: 1.527722E-04 | global batch size:   256 | lm loss: 2.536420E+00 | loss scale: 1.0 | grad norm: 0.242 | number of skipped iterations:   0 | number of nan iterations:   0 |
7: [default3]: [2026-05-24 06:32:31.858526] iteration      861/    2293 | consumed samples:       220416 | elapsed time per iteration (ms): 1423.4 | throughput per GPU (TFLOP/s/GPU): 233.8 | tokens/sec/GPU: 23021 | learning rate: 1.526580E-04 | global batch size:   256 | lm loss: 2.540161E+00 | loss scale: 1.0 | grad norm: 0.245 | number of skipped iterations:   0 | number of nan iterations:   0 |
7: [default3]: [2026-05-24 06:32:33.286468] iteration      862/    2293 | consumed samples:       220672 | elapsed time per iteration (ms): 1427.7 | throughput per GPU (TFLOP/s/GPU): 233.1 | tokens/sec/GPU: 22952 | learning rate: 1.525437E-04 | global batch size:   256 | lm loss: 2.487965E+00 | loss scale: 1.0 | grad norm: 0.303 | number of skipped iterations:   0 | number of nan iterations:   0 |
7: [default3]: [2026-05-24 06:32:35.765126] iteration      863/    2293 | consumed samples:       220928 | elapsed time per iteration (ms): 2478.5 | throughput per GPU (TFLOP/s/GPU): 134.3 | tokens/sec/GPU: 13221 | learning rate: 1.524293E-04 | global batch size:   256 | lm loss: 2.508276E+00 | loss scale: 1.0 | grad norm: 0.261 | number of skipped iterations:   0 | number of nan iterations:   0 |
7: [default3]: [2026-05-24 06:32:37.180399] iteration      864/    2293 | consumed samples:       221184 | elapsed time per iteration (ms): 1415.0 | throughput per GPU (TFLOP/s/GPU): 235.2 | tokens/sec/GPU: 23158 | learning rate: 1.523148E-04 | global batch size:   256 | lm loss: 2.471100E+00 | loss scale: 1.0 | grad norm: 0.262 | number of skipped iterations:   0 | number of nan iterations:   0 |
7: [default3]: [2026-05-24 06:32:38.599005] iteration      865/    2293 | consumed samples:       221440 | elapsed time per iteration (ms): 1418.4 | throughput per GPU (TFLOP/s/GPU): 234.7 | tokens/sec/GPU: 23102 | learning rate: 1.522002E-04 | global batch size:   256 | lm loss: 2.575768E+00 | loss scale: 1.0 | grad norm: 0.232 | number of skipped iterations:   0 | number of nan iterations:   0 |
7: [default3]: [2026-05-24 06:32:40.018372] iteration      866/    2293 | consumed samples:       221696 | elapsed time per iteration (ms): 1419.1 | throughput per GPU (TFLOP/s/GPU): 234.5 | tokens/sec/GPU: 23091 | learning rate: 1.520856E-04 | global batch size:   256 | lm loss: 2.466957E+00 | loss scale: 1.0 | grad norm: 0.232 | number of skipped iterations:   0 | number of nan iterations:   0 |
7: [default3]: [2026-05-24 06:32:43.475747] iteration      867/    2293 | consumed samples:       221952 | elapsed time per iteration (ms): 3457.2 | throughput per GPU (TFLOP/s/GPU): 96.3 | tokens/sec/GPU: 9478 | learning rate: 1.519708E-04 | global batch size:   256 | lm loss: 2.483692E+00 | loss scale: 1.0 | grad norm: 0.224 | number of skipped iterations:   0 | number of nan iterations:   0 |
7: [default3]: [2026-05-24 06:32:44.881912] iteration      868/    2293 | consumed samples:       222208 | elapsed time per iteration (ms): 1406.0 | throughput per GPU (TFLOP/s/GPU): 236.7 | tokens/sec/GPU: 23307 | learning rate: 1.518560E-04 | global batch size:   256 | lm loss: 2.458147E+00 | loss scale: 1.0 | grad norm: 0.237 | number of skipped iterations:   0 | number of nan iterations:   0 |
7: [default3]: [2026-05-24 06:32:46.297936] iteration      869/    2293 | consumed samples:       222464 | elapsed time per iteration (ms): 1415.8 | throughput per GPU (TFLOP/s/GPU): 235.1 | tokens/sec/GPU: 23145 | learning rate: 1.517411E-04 | global batch size:   256 | lm loss: 2.476013E+00 | loss scale: 1.0 | grad norm: 0.273 | number of skipped iterations:   0 | number of nan iterations:   0 |
7: [default3]: [2026-05-24 06:32:47.719507] iteration      870/    2293 | consumed samples:       222720 | elapsed time per iteration (ms): 1421.3 | throughput per GPU (TFLOP/s/GPU): 234.2 | tokens/sec/GPU: 23055 | learning rate: 1.516261E-04 | global batch size:   256 | lm loss: 2.524993E+00 | loss scale: 1.0 | grad norm: 0.703 | number of skipped iterations:   0 | number of nan iterations:   0 |
7: [default3]: [2026-05-24 06:32:53.342439] iteration      871/    2293 | consumed samples:       222976 | elapsed time per iteration (ms): 5622.7 | throughput per GPU (TFLOP/s/GPU): 59.2 | tokens/sec/GPU: 5828 | learning rate: 1.515110E-04 | global batch size:   256 | lm loss: 2.516085E+00 | loss scale: 1.0 | grad norm: 0.231 | number of skipped iterations:   0 | number of nan iterations:   0 |
7: [default3]: [2026-05-24 06:32:54.750405] iteration      872/    2293 | consumed samples:       223232 | elapsed time per iteration (ms): 1407.8 | throughput per GPU (TFLOP/s/GPU): 236.4 | tokens/sec/GPU: 23276 | learning rate: 1.513958E-04 | global batch size:   256 | lm loss: 2.468524E+00 | loss scale: 1.0 | grad norm: 0.224 | number of skipped iterations:   0 | number of nan iterations:   0 |
7: [default3]: [2026-05-24 06:32:56.168449] iteration      873/    2293 | consumed samples:       223488 | elapsed time per iteration (ms): 1417.8 | throughput per GPU (TFLOP/s/GPU): 234.8 | tokens/sec/GPU: 23112 | learning rate: 1.512806E-04 | global batch size:   256 | lm loss: 2.523464E+00 | loss scale: 1.0 | grad norm: 0.238 | number of skipped iterations:   0 | number of nan iterations:   0 |
7: [default3]: [2026-05-24 06:32:57.594257] iteration      874/    2293 | consumed samples:       223744 | elapsed time per iteration (ms): 1425.6 | throughput per GPU (TFLOP/s/GPU): 233.5 | tokens/sec/GPU: 22985 | learning rate: 1.511652E-04 | global batch size:   256 | lm loss: 2.625276E+00 | loss scale: 1.0 | grad norm: 0.247 | number of skipped iterations:   0 | number of nan iterations:   0 |
7: [default3]: [2026-05-24 06:33:00.055385] iteration      875/    2293 | consumed samples:       224000 | elapsed time per iteration (ms): 2460.6 | throughput per GPU (TFLOP/s/GPU): 135.3 | tokens/sec/GPU: 13317 | learning rate: 1.510498E-04 | global batch size:   256 | lm loss: 2.531404E+00 | loss scale: 1.0 | grad norm: 0.234 | number of skipped iterations:   0 | number of nan iterations:   0 |
7: [default3]: [2026-05-24 06:33:01.467439] iteration      876/    2293 | consumed samples:       224256 | elapsed time per iteration (ms): 1411.8 | throughput per GPU (TFLOP/s/GPU): 235.7 | tokens/sec/GPU: 23210 | learning rate: 1.509343E-04 | global batch size:   256 | lm loss: 2.489413E+00 | loss scale: 1.0 | grad norm: 0.226 | number of skipped iterations:   0 | number of nan iterations:   0 |
7: [default3]: [2026-05-24 06:33:02.893169] iteration      877/    2293 | consumed samples:       224512 | elapsed time per iteration (ms): 1425.3 | throughput per GPU (TFLOP/s/GPU): 233.5 | tokens/sec/GPU: 22991 | learning rate: 1.508187E-04 | global batch size:   256 | lm loss: 2.537931E+00 | loss scale: 1.0 | grad norm: 0.234 | number of skipped iterations:   0 | number of nan iterations:   0 |
7: [default3]: [2026-05-24 06:33:04.311098] iteration      878/    2293 | consumed samples:       224768 | elapsed time per iteration (ms): 1417.7 | throughput per GPU (TFLOP/s/GPU): 234.8 | tokens/sec/GPU: 23113 | learning rate: 1.507030E-04 | global batch size:   256 | lm loss: 2.472594E+00 | loss scale: 1.0 | grad norm: 0.228 | number of skipped iterations:   0 | number of nan iterations:   0 |
7: [default3]: [2026-05-24 06:33:07.187052] iteration      879/    2293 | consumed samples:       225024 | elapsed time per iteration (ms): 2875.8 | throughput per GPU (TFLOP/s/GPU): 115.7 | tokens/sec/GPU: 11395 | learning rate: 1.505872E-04 | global batch size:   256 | lm loss: 2.476660E+00 | loss scale: 1.0 | grad norm: 0.241 | number of skipped iterations:   0 | number of nan iterations:   0 |
7: [default3]: [2026-05-24 06:33:08.592684] iteration      880/    2293 | consumed samples:       225280 | elapsed time per iteration (ms): 1405.5 | throughput per GPU (TFLOP/s/GPU): 236.8 | tokens/sec/GPU: 23315 | learning rate: 1.504714E-04 | global batch size:   256 | lm loss: 2.444937E+00 | loss scale: 1.0 | grad norm: 0.231 | number of skipped iterations:   0 | number of nan iterations:   0 |
7: [default3]: [2026-05-24 06:33:10.011661] iteration      881/    2293 | consumed samples:       225536 | elapsed time per iteration (ms): 1418.8 | throughput per GPU (TFLOP/s/GPU): 234.6 | tokens/sec/GPU: 23096 | learning rate: 1.503554E-04 | global batch size:   256 | lm loss: 2.506891E+00 | loss scale: 1.0 | grad norm: 0.275 | number of skipped iterations:   0 | number of nan iterations:   0 |
7: [default3]: [2026-05-24 06:33:11.433627] iteration      882/    2293 | consumed samples:       225792 | elapsed time per iteration (ms): 1421.7 | throughput per GPU (TFLOP/s/GPU): 234.1 | tokens/sec/GPU: 23048 | learning rate: 1.502394E-04 | global batch size:   256 | lm loss: 2.423865E+00 | loss scale: 1.0 | grad norm: 0.227 | number of skipped iterations:   0 | number of nan iterations:   0 |
7: [default3]: [2026-05-24 06:33:15.185965] iteration      883/    2293 | consumed samples:       226048 | elapsed time per iteration (ms): 3751.9 | throughput per GPU (TFLOP/s/GPU): 88.7 | tokens/sec/GPU: 8734 | learning rate: 1.501233E-04 | global batch size:   256 | lm loss: 2.514946E+00 | loss scale: 1.0 | grad norm: 0.229 | number of skipped iterations:   0 | number of nan iterations:   0 |
7: [default3]: [2026-05-24 06:33:16.594239] iteration      884/    2293 | consumed samples:       226304 | elapsed time per iteration (ms): 1408.1 | throughput per GPU (TFLOP/s/GPU): 236.4 | tokens/sec/GPU: 23271 | learning rate: 1.500071E-04 | global batch size:   256 | lm loss: 2.573329E+00 | loss scale: 1.0 | grad norm: 0.226 | number of skipped iterations:   0 | number of nan iterations:   0 |
7: [default3]: [2026-05-24 06:33:18.008184] iteration      885/    2293 | consumed samples:       226560 | elapsed time per iteration (ms): 1413.7 | throughput per GPU (TFLOP/s/GPU): 235.4 | tokens/sec/GPU: 23179 | learning rate: 1.498908E-04 | global batch size:   256 | lm loss: 2.486937E+00 | loss scale: 1.0 | grad norm: 0.232 | number of skipped iterations:   0 | number of nan iterations:   0 |
7: [default3]: [2026-05-24 06:33:19.434992] iteration      886/    2293 | consumed samples:       226816 | elapsed time per iteration (ms): 1426.5 | throughput per GPU (TFLOP/s/GPU): 233.3 | tokens/sec/GPU: 22970 | learning rate: 1.497745E-04 | global batch size:   256 | lm loss: 2.487072E+00 | loss scale: 1.0 | grad norm: 0.225 | number of skipped iterations:   0 | number of nan iterations:   0 |
7: [default3]: [2026-05-24 06:33:20.852392] iteration      887/    2293 | consumed samples:       227072 | elapsed time per iteration (ms): 1417.2 | throughput per GPU (TFLOP/s/GPU): 234.9 | tokens/sec/GPU: 23122 | learning rate: 1.496580E-04 | global batch size:   256 | lm loss: 2.556004E+00 | loss scale: 1.0 | grad norm: 0.247 | number of skipped iterations:   0 | number of nan iterations:   0 |
7: [default3]: [2026-05-24 06:33:22.275306] iteration      888/    2293 | consumed samples:       227328 | elapsed time per iteration (ms): 1422.7 | throughput per GPU (TFLOP/s/GPU): 234.0 | tokens/sec/GPU: 23033 | learning rate: 1.495415E-04 | global batch size:   256 | lm loss: 2.439104E+00 | loss scale: 1.0 | grad norm: 0.231 | number of skipped iterations:   0 | number of nan iterations:   0 |
7: [default3]: [2026-05-24 06:33:23.687312] iteration      889/    2293 | consumed samples:       227584 | elapsed time per iteration (ms): 1411.8 | throughput per GPU (TFLOP/s/GPU): 235.8 | tokens/sec/GPU: 23210 | learning rate: 1.494249E-04 | global batch size:   256 | lm loss: 2.494792E+00 | loss scale: 1.0 | grad norm: 0.254 | number of skipped iterations:   0 | number of nan iterations:   0 |
7: [default3]: [2026-05-24 06:33:25.120429] iteration      890/    2293 | consumed samples:       227840 | elapsed time per iteration (ms): 1432.9 | throughput per GPU (TFLOP/s/GPU): 232.3 | tokens/sec/GPU: 22868 | learning rate: 1.493082E-04 | global batch size:   256 | lm loss: 2.511147E+00 | loss scale: 1.0 | grad norm: 0.259 | number of skipped iterations:   0 | number of nan iterations:   0 |
7: [default3]: [2026-05-24 06:33:27.746167] iteration      891/    2293 | consumed samples:       228096 | elapsed time per iteration (ms): 2625.5 | throughput per GPU (TFLOP/s/GPU): 126.8 | tokens/sec/GPU: 12481 | learning rate: 1.491914E-04 | global batch size:   256 | lm loss: 2.552598E+00 | loss scale: 1.0 | grad norm: 0.248 | number of skipped iterations:   0 | number of nan iterations:   0 |
7: [default3]: [2026-05-24 06:33:29.172332] iteration      892/    2293 | consumed samples:       228352 | elapsed time per iteration (ms): 1425.9 | throughput per GPU (TFLOP/s/GPU): 233.4 | tokens/sec/GPU: 22980 | learning rate: 1.490746E-04 | global batch size:   256 | lm loss: 2.534251E+00 | loss scale: 1.0 | grad norm: 0.251 | number of skipped iterations:   0 | number of nan iterations:   0 |
7: [default3]: [2026-05-24 06:33:30.601991] iteration      893/    2293 | consumed samples:       228608 | elapsed time per iteration (ms): 1429.5 | throughput per GPU (TFLOP/s/GPU): 232.8 | tokens/sec/GPU: 22923 | learning rate: 1.489577E-04 | global batch size:   256 | lm loss: 2.475402E+00 | loss scale: 1.0 | grad norm: 0.259 | number of skipped iterations:   0 | number of nan iterations:   0 |
7: [default3]: [2026-05-24 06:33:32.023064] iteration      894/    2293 | consumed samples:       228864 | elapsed time per iteration (ms): 1420.8 | throughput per GPU (TFLOP/s/GPU): 234.3 | tokens/sec/GPU: 23063 | learning rate: 1.488406E-04 | global batch size:   256 | lm loss: 2.448024E+00 | loss scale: 1.0 | grad norm: 0.270 | number of skipped iterations:   0 | number of nan iterations:   0 |
7: [default3]: [2026-05-24 06:33:36.556506] iteration      895/    2293 | consumed samples:       229120 | elapsed time per iteration (ms): 4532.9 | throughput per GPU (TFLOP/s/GPU): 73.4 | tokens/sec/GPU: 7229 | learning rate: 1.487236E-04 | global batch size:   256 | lm loss: 2.530471E+00 | loss scale: 1.0 | grad norm: 0.224 | number of skipped iterations:   0 | number of nan iterations:   0 |
7: [default3]: [2026-05-24 06:33:37.968091] iteration      896/    2293 | consumed samples:       229376 | elapsed time per iteration (ms): 1411.4 | throughput per GPU (TFLOP/s/GPU): 235.8 | tokens/sec/GPU: 23217 | learning rate: 1.486064E-04 | global batch size:   256 | lm loss: 2.490479E+00 | loss scale: 1.0 | grad norm: 0.214 | number of skipped iterations:   0 | number of nan iterations:   0 |
7: [default3]: [2026-05-24 06:33:39.391357] iteration      897/    2293 | consumed samples:       229632 | elapsed time per iteration (ms): 1423.0 | throughput per GPU (TFLOP/s/GPU): 233.9 | tokens/sec/GPU: 23027 | learning rate: 1.484891E-04 | global batch size:   256 | lm loss: 2.601426E+00 | loss scale: 1.0 | grad norm: 0.908 | number of skipped iterations:   0 | number of nan iterations:   0 |
7: [default3]: [2026-05-24 06:33:40.811059] iteration      898/    2293 | consumed samples:       229888 | elapsed time per iteration (ms): 1419.5 | throughput per GPU (TFLOP/s/GPU): 234.5 | tokens/sec/GPU: 23085 | learning rate: 1.483718E-04 | global batch size:   256 | lm loss: 2.507916E+00 | loss scale: 1.0 | grad norm: 0.225 | number of skipped iterations:   0 | number of nan iterations:   0 |
7: [default3]: [2026-05-24 06:33:44.018192] iteration      899/    2293 | consumed samples:       230144 | elapsed time per iteration (ms): 3206.6 | throughput per GPU (TFLOP/s/GPU): 103.8 | tokens/sec/GPU: 10219 | learning rate: 1.482544E-04 | global batch size:   256 | lm loss: 2.543266E+00 | loss scale: 1.0 | grad norm: 0.231 | number of skipped iterations:   0 | number of nan iterations:   0 |
7: [default3]: [2026-05-24 06:33:45.433228] iteration      900/    2293 | consumed samples:       230400 | elapsed time per iteration (ms): 1414.8 | throughput per GPU (TFLOP/s/GPU): 235.3 | tokens/sec/GPU: 23161 | learning rate: 1.481369E-04 | global batch size:   256 | lm loss: 2.505231E+00 | loss scale: 1.0 | grad norm: 0.225 | number of skipped iterations:   0 | number of nan iterations:   0 |
7: [default3]: [2026-05-24 06:33:47.688562] iteration      901/    2293 | consumed samples:       230656 | elapsed time per iteration (ms): 2255.1 | throughput per GPU (TFLOP/s/GPU): 147.6 | tokens/sec/GPU: 14530 | learning rate: 1.480193E-04 | global batch size:   256 | lm loss: 2.517137E+00 | loss scale: 1.0 | grad norm: 0.224 | number of skipped iterations:   0 | number of nan iterations:   0 |
7: [default3]: [2026-05-24 06:33:49.098416] iteration      902/    2293 | consumed samples:       230912 | elapsed time per iteration (ms): 1409.6 | throughput per GPU (TFLOP/s/GPU): 236.1 | tokens/sec/GPU: 23246 | learning rate: 1.479017E-04 | global batch size:   256 | lm loss: 2.544860E+00 | loss scale: 1.0 | grad norm: 0.276 | number of skipped iterations:   0 | number of nan iterations:   0 |
7: [default3]: [2026-05-24 06:33:54.458342] iteration      903/    2293 | consumed samples:       231168 | elapsed time per iteration (ms): 5359.7 | throughput per GPU (TFLOP/s/GPU): 62.1 | tokens/sec/GPU: 6114 | learning rate: 1.477839E-04 | global batch size:   256 | lm loss: 2.498212E+00 | loss scale: 1.0 | grad norm: 0.235 | number of skipped iterations:   0 | number of nan iterations:   0 |
7: [default3]: [2026-05-24 06:33:55.860600] iteration      904/    2293 | consumed samples:       231424 | elapsed time per iteration (ms): 1402.1 | throughput per GPU (TFLOP/s/GPU): 237.4 | tokens/sec/GPU: 23371 | learning rate: 1.476661E-04 | global batch size:   256 | lm loss: 2.496114E+00 | loss scale: 1.0 | grad norm: 0.223 | number of skipped iterations:   0 | number of nan iterations:   0 |
7: [default3]: [2026-05-24 06:33:57.280421] iteration      905/    2293 | consumed samples:       231680 | elapsed time per iteration (ms): 1418.8 | throughput per GPU (TFLOP/s/GPU): 234.6 | tokens/sec/GPU: 23095 | learning rate: 1.475482E-04 | global batch size:   256 | lm loss: 2.551688E+00 | loss scale: 1.0 | grad norm: 0.232 | number of skipped iterations:   0 | number of nan iterations:   0 |
7: [default3]: [2026-05-24 06:33:58.700833] iteration      906/    2293 | consumed samples:       231936 | elapsed time per iteration (ms): 1420.2 | throughput per GPU (TFLOP/s/GPU): 234.4 | tokens/sec/GPU: 23073 | learning rate: 1.474303E-04 | global batch size:   256 | lm loss: 2.466266E+00 | loss scale: 1.0 | grad norm: 0.410 | number of skipped iterations:   0 | number of nan iterations:   0 |
7: [default3]: [2026-05-24 06:34:02.630696] iteration      907/    2293 | consumed samples:       232192 | elapsed time per iteration (ms): 3929.6 | throughput per GPU (TFLOP/s/GPU): 84.7 | tokens/sec/GPU: 8339 | learning rate: 1.473122E-04 | global batch size:   256 | lm loss: 2.451299E+00 | loss scale: 1.0 | grad norm: 0.212 | number of skipped iterations:   0 | number of nan iterations:   0 |
7: [default3]: [2026-05-24 06:34:04.055555] iteration      908/    2293 | consumed samples:       232448 | elapsed time per iteration (ms): 1424.3 | throughput per GPU (TFLOP/s/GPU): 233.7 | tokens/sec/GPU: 23006 | learning rate: 1.471941E-04 | global batch size:   256 | lm loss: 2.393242E+00 | loss scale: 1.0 | grad norm: 0.222 | number of skipped iterations:   0 | number of nan iterations:   0 |
7: [default3]: [2026-05-24 06:34:05.479269] iteration      909/    2293 | consumed samples:       232704 | elapsed time per iteration (ms): 1423.5 | throughput per GPU (TFLOP/s/GPU): 233.8 | tokens/sec/GPU: 23019 | learning rate: 1.470759E-04 | global batch size:   256 | lm loss: 2.449125E+00 | loss scale: 1.0 | grad norm: 0.222 | number of skipped iterations:   0 | number of nan iterations:   0 |
7: [default3]: [2026-05-24 06:34:06.892332] iteration      910/    2293 | consumed samples:       232960 | elapsed time per iteration (ms): 1412.9 | throughput per GPU (TFLOP/s/GPU): 235.6 | tokens/sec/GPU: 23193 | learning rate: 1.469576E-04 | global batch size:   256 | lm loss: 2.439123E+00 | loss scale: 1.0 | grad norm: 0.220 | number of skipped iterations:   0 | number of nan iterations:   0 |
7: [default3]: [2026-05-24 06:34:12.832243] iteration      911/    2293 | consumed samples:       233216 | elapsed time per iteration (ms): 5939.5 | throughput per GPU (TFLOP/s/GPU): 56.0 | tokens/sec/GPU: 5517 | learning rate: 1.468393E-04 | global batch size:   256 | lm loss: 2.554008E+00 | loss scale: 1.0 | grad norm: 0.225 | number of skipped iterations:   0 | number of nan iterations:   0 |
7: [default3]: [2026-05-24 06:34:14.249970] iteration      912/    2293 | consumed samples:       233472 | elapsed time per iteration (ms): 1417.5 | throughput per GPU (TFLOP/s/GPU): 234.8 | tokens/sec/GPU: 23117 | learning rate: 1.467208E-04 | global batch size:   256 | lm loss: 2.482456E+00 | loss scale: 1.0 | grad norm: 0.802 | number of skipped iterations:   0 | number of nan iterations:   0 |
7: [default3]: [2026-05-24 06:34:15.668979] iteration      913/    2293 | consumed samples:       233728 | elapsed time per iteration (ms): 1418.8 | throughput per GPU (TFLOP/s/GPU): 234.6 | tokens/sec/GPU: 23095 | learning rate: 1.466024E-04 | global batch size:   256 | lm loss: 2.477437E+00 | loss scale: 1.0 | grad norm: 0.232 | number of skipped iterations:   0 | number of nan iterations:   0 |
7: [default3]: [2026-05-24 06:34:17.095515] iteration      914/    2293 | consumed samples:       233984 | elapsed time per iteration (ms): 1426.3 | throughput per GPU (TFLOP/s/GPU): 233.4 | tokens/sec/GPU: 22974 | learning rate: 1.464838E-04 | global batch size:   256 | lm loss: 2.528302E+00 | loss scale: 1.0 | grad norm: 0.221 | number of skipped iterations:   0 | number of nan iterations:   0 |
7: [default3]: [2026-05-24 06:34:18.962064] iteration      915/    2293 | consumed samples:       234240 | elapsed time per iteration (ms): 1866.3 | throughput per GPU (TFLOP/s/GPU): 178.3 | tokens/sec/GPU: 17557 | learning rate: 1.463651E-04 | global batch size:   256 | lm loss: 2.473377E+00 | loss scale: 1.0 | grad norm: 2.173 | number of skipped iterations:   0 | number of nan iterations:   0 |
7: [default3]: [2026-05-24 06:34:20.393980] iteration      916/    2293 | consumed samples:       234496 | elapsed time per iteration (ms): 1431.7 | throughput per GPU (TFLOP/s/GPU): 232.5 | tokens/sec/GPU: 22888 | learning rate: 1.462464E-04 | global batch size:   256 | lm loss: 2.438228E+00 | loss scale: 1.0 | grad norm: 0.227 | number of skipped iterations:   0 | number of nan iterations:   0 |
7: [default3]: [2026-05-24 06:34:21.807803] iteration      917/    2293 | consumed samples:       234752 | elapsed time per iteration (ms): 1413.6 | throughput per GPU (TFLOP/s/GPU): 235.5 | tokens/sec/GPU: 23181 | learning rate: 1.461276E-04 | global batch size:   256 | lm loss: 2.449094E+00 | loss scale: 1.0 | grad norm: 0.242 | number of skipped iterations:   0 | number of nan iterations:   0 |
7: [default3]: [2026-05-24 06:34:23.244732] iteration      918/    2293 | consumed samples:       235008 | elapsed time per iteration (ms): 1436.7 | throughput per GPU (TFLOP/s/GPU): 231.7 | tokens/sec/GPU: 22808 | learning rate: 1.460087E-04 | global batch size:   256 | lm loss: 2.523503E+00 | loss scale: 1.0 | grad norm: 0.259 | number of skipped iterations:   0 | number of nan iterations:   0 |
7: [default3]: [2026-05-24 06:34:29.419982] iteration      919/    2293 | consumed samples:       235264 | elapsed time per iteration (ms): 6175.0 | throughput per GPU (TFLOP/s/GPU): 53.9 | tokens/sec/GPU: 5307 | learning rate: 1.458897E-04 | global batch size:   256 | lm loss: 2.532101E+00 | loss scale: 1.0 | grad norm: 0.276 | number of skipped iterations:   0 | number of nan iterations:   0 |
7: [default3]: [2026-05-24 06:34:30.830701] iteration      920/    2293 | consumed samples:       235520 | elapsed time per iteration (ms): 1410.5 | throughput per GPU (TFLOP/s/GPU): 236.0 | tokens/sec/GPU: 23232 | learning rate: 1.457707E-04 | global batch size:   256 | lm loss: 2.584973E+00 | loss scale: 1.0 | grad norm: 1.064 | number of skipped iterations:   0 | number of nan iterations:   0 |
7: [default3]: [2026-05-24 06:34:32.248334] iteration      921/    2293 | consumed samples:       235776 | elapsed time per iteration (ms): 1417.4 | throughput per GPU (TFLOP/s/GPU): 234.8 | tokens/sec/GPU: 23118 | learning rate: 1.456516E-04 | global batch size:   256 | lm loss: 2.523694E+00 | loss scale: 1.0 | grad norm: 0.301 | number of skipped iterations:   0 | number of nan iterations:   0 |
7: [default3]: [2026-05-24 06:34:33.664777] iteration      922/    2293 | consumed samples:       236032 | elapsed time per iteration (ms): 1416.2 | throughput per GPU (TFLOP/s/GPU): 235.0 | tokens/sec/GPU: 23139 | learning rate: 1.455324E-04 | global batch size:   256 | lm loss: 2.414457E+00 | loss scale: 1.0 | grad norm: 0.239 | number of skipped iterations:   0 | number of nan iterations:   0 |
7: [default3]: [2026-05-24 06:34:39.071690] iteration      923/    2293 | consumed samples:       236288 | elapsed time per iteration (ms): 5406.7 | throughput per GPU (TFLOP/s/GPU): 61.6 | tokens/sec/GPU: 6061 | learning rate: 1.454132E-04 | global batch size:   256 | lm loss: 2.545407E+00 | loss scale: 1.0 | grad norm: 0.240 | number of skipped iterations:   0 | number of nan iterations:   0 |
7: [default3]: [2026-05-24 06:34:40.484057] iteration      924/    2293 | consumed samples:       236544 | elapsed time per iteration (ms): 1412.1 | throughput per GPU (TFLOP/s/GPU): 235.7 | tokens/sec/GPU: 23204 | learning rate: 1.452938E-04 | global batch size:   256 | lm loss: 2.489025E+00 | loss scale: 1.0 | grad norm: 4.118 | number of skipped iterations:   0 | number of nan iterations:   0 |
7: [default3]: [2026-05-24 06:34:41.902887] iteration      925/    2293 | consumed samples:       236800 | elapsed time per iteration (ms): 1418.6 | throughput per GPU (TFLOP/s/GPU): 234.6 | tokens/sec/GPU: 23099 | learning rate: 1.451744E-04 | global batch size:   256 | lm loss: 2.550110E+00 | loss scale: 1.0 | grad norm: 0.590 | number of skipped iterations:   0 | number of nan iterations:   0 |
7: [default3]: [2026-05-24 06:34:43.319964] iteration      926/    2293 | consumed samples:       237056 | elapsed time per iteration (ms): 1416.8 | throughput per GPU (TFLOP/s/GPU): 234.9 | tokens/sec/GPU: 23128 | learning rate: 1.450549E-04 | global batch size:   256 | lm loss: 2.465739E+00 | loss scale: 1.0 | grad norm: 0.359 | number of skipped iterations:   0 | number of nan iterations:   0 |
7: [default3]: [2026-05-24 06:34:48.417633] iteration      927/    2293 | consumed samples:       237312 | elapsed time per iteration (ms): 5097.5 | throughput per GPU (TFLOP/s/GPU): 65.3 | tokens/sec/GPU: 6428 | learning rate: 1.449354E-04 | global batch size:   256 | lm loss: 2.470944E+00 | loss scale: 1.0 | grad norm: 0.333 | number of skipped iterations:   0 | number of nan iterations:   0 |
7: [default3]: [2026-05-24 06:34:49.822875] iteration      928/    2293 | consumed samples:       237568 | elapsed time per iteration (ms): 1405.0 | throughput per GPU (TFLOP/s/GPU): 236.9 | tokens/sec/GPU: 23323 | learning rate: 1.448158E-04 | global batch size:   256 | lm loss: 2.443120E+00 | loss scale: 1.0 | grad norm: 0.436 | number of skipped iterations:   0 | number of nan iterations:   0 |
7: [default3]: [2026-05-24 06:34:51.243060] iteration      929/    2293 | consumed samples:       237824 | elapsed time per iteration (ms): 1420.0 | throughput per GPU (TFLOP/s/GPU): 234.4 | tokens/sec/GPU: 23076 | learning rate: 1.446961E-04 | global batch size:   256 | lm loss: 2.509767E+00 | loss scale: 1.0 | grad norm: 0.249 | number of skipped iterations:   0 | number of nan iterations:   0 |
7: [default3]: [2026-05-24 06:34:52.666131] iteration      930/    2293 | consumed samples:       238080 | elapsed time per iteration (ms): 1422.8 | throughput per GPU (TFLOP/s/GPU): 233.9 | tokens/sec/GPU: 23030 | learning rate: 1.445763E-04 | global batch size:   256 | lm loss: 2.500965E+00 | loss scale: 1.0 | grad norm: 3.087 | number of skipped iterations:   0 | number of nan iterations:   0 |
7: [default3]: [2026-05-24 06:34:54.958533] iteration      931/    2293 | consumed samples:       238336 | elapsed time per iteration (ms): 2292.2 | throughput per GPU (TFLOP/s/GPU): 145.2 | tokens/sec/GPU: 14295 | learning rate: 1.444565E-04 | global batch size:   256 | lm loss: 2.459357E+00 | loss scale: 1.0 | grad norm: 0.320 | number of skipped iterations:   0 | number of nan iterations:   0 |
7: [default3]: [2026-05-24 06:34:56.372765] iteration      932/    2293 | consumed samples:       238592 | elapsed time per iteration (ms): 1414.0 | throughput per GPU (TFLOP/s/GPU): 235.4 | tokens/sec/GPU: 23174 | learning rate: 1.443366E-04 | global batch size:   256 | lm loss: 2.436744E+00 | loss scale: 1.0 | grad norm: 0.366 | number of skipped iterations:   0 | number of nan iterations:   0 |
7: [default3]: [2026-05-24 06:34:57.793809] iteration      933/    2293 | consumed samples:       238848 | elapsed time per iteration (ms): 1420.8 | throughput per GPU (TFLOP/s/GPU): 234.3 | tokens/sec/GPU: 23062 | learning rate: 1.442166E-04 | global batch size:   256 | lm loss: 2.556844E+00 | loss scale: 1.0 | grad norm: 0.313 | number of skipped iterations:   0 | number of nan iterations:   0 |
7: [default3]: [2026-05-24 06:34:59.232686] iteration      934/    2293 | consumed samples:       239104 | elapsed time per iteration (ms): 1438.6 | throughput per GPU (TFLOP/s/GPU): 231.4 | tokens/sec/GPU: 22777 | learning rate: 1.440966E-04 | global batch size:   256 | lm loss: 2.559192E+00 | loss scale: 1.0 | grad norm: 0.416 | number of skipped iterations:   0 | number of nan iterations:   0 |
7: [default3]: [2026-05-24 06:35:04.901826] iteration      935/    2293 | consumed samples:       239360 | elapsed time per iteration (ms): 5669.0 | throughput per GPU (TFLOP/s/GPU): 58.7 | tokens/sec/GPU: 5780 | learning rate: 1.439764E-04 | global batch size:   256 | lm loss: 2.417393E+00 | loss scale: 1.0 | grad norm: 0.290 | number of skipped iterations:   0 | number of nan iterations:   0 |
7: [default3]: [2026-05-24 06:35:06.312761] iteration      936/    2293 | consumed samples:       239616 | elapsed time per iteration (ms): 1410.7 | throughput per GPU (TFLOP/s/GPU): 235.9 | tokens/sec/GPU: 23228 | learning rate: 1.438562E-04 | global batch size:   256 | lm loss: 2.535573E+00 | loss scale: 1.0 | grad norm: 0.251 | number of skipped iterations:   0 | number of nan iterations:   0 |
7: [default3]: [2026-05-24 06:35:07.723236] iteration      937/    2293 | consumed samples:       239872 | elapsed time per iteration (ms): 1410.3 | throughput per GPU (TFLOP/s/GPU): 236.0 | tokens/sec/GPU: 23235 | learning rate: 1.437360E-04 | global batch size:   256 | lm loss: 2.518958E+00 | loss scale: 1.0 | grad norm: 0.295 | number of skipped iterations:   0 | number of nan iterations:   0 |
7: [default3]: [2026-05-24 06:35:09.144298] iteration      938/    2293 | consumed samples:       240128 | elapsed time per iteration (ms): 1420.9 | throughput per GPU (TFLOP/s/GPU): 234.2 | tokens/sec/GPU: 23062 | learning rate: 1.436156E-04 | global batch size:   256 | lm loss: 2.415115E+00 | loss scale: 1.0 | grad norm: 0.245 | number of skipped iterations:   0 | number of nan iterations:   0 |
7: [default3]: [2026-05-24 06:35:13.594783] iteration      939/    2293 | consumed samples:       240384 | elapsed time per iteration (ms): 4450.2 | throughput per GPU (TFLOP/s/GPU): 74.8 | tokens/sec/GPU: 7363 | learning rate: 1.434952E-04 | global batch size:   256 | lm loss: 2.425894E+00 | loss scale: 1.0 | grad norm: 0.238 | number of skipped iterations:   0 | number of nan iterations:   0 |
7: [default3]: [2026-05-24 06:35:15.008662] iteration      940/    2293 | consumed samples:       240640 | elapsed time per iteration (ms): 1413.6 | throughput per GPU (TFLOP/s/GPU): 235.5 | tokens/sec/GPU: 23181 | learning rate: 1.433748E-04 | global batch size:   256 | lm loss: 2.490362E+00 | loss scale: 1.0 | grad norm: 0.239 | number of skipped iterations:   0 | number of nan iterations:   0 |
7: [default3]: [2026-05-24 06:35:16.424215] iteration      941/    2293 | consumed samples:       240896 | elapsed time per iteration (ms): 1415.4 | throughput per GPU (TFLOP/s/GPU): 235.2 | tokens/sec/GPU: 23152 | learning rate: 1.432542E-04 | global batch size:   256 | lm loss: 2.532461E+00 | loss scale: 1.0 | grad norm: 0.254 | number of skipped iterations:   0 | number of nan iterations:   0 |
7: [default3]: [2026-05-24 06:35:17.850132] iteration      942/    2293 | consumed samples:       241152 | elapsed time per iteration (ms): 1425.6 | throughput per GPU (TFLOP/s/GPU): 233.5 | tokens/sec/GPU: 22985 | learning rate: 1.431336E-04 | global batch size:   256 | lm loss: 2.415538E+00 | loss scale: 1.0 | grad norm: 0.248 | number of skipped iterations:   0 | number of nan iterations:   0 |
7: [default3]: [2026-05-24 06:35:19.284503] iteration      943/    2293 | consumed samples:       241408 | elapsed time per iteration (ms): 1434.1 | throughput per GPU (TFLOP/s/GPU): 232.1 | tokens/sec/GPU: 22849 | learning rate: 1.430129E-04 | global batch size:   256 | lm loss: 2.379551E+00 | loss scale: 1.0 | grad norm: 0.220 | number of skipped iterations:   0 | number of nan iterations:   0 |
7: [default3]: [2026-05-24 06:35:20.704451] iteration      944/    2293 | consumed samples:       241664 | elapsed time per iteration (ms): 1419.7 | throughput per GPU (TFLOP/s/GPU): 234.4 | tokens/sec/GPU: 23081 | learning rate: 1.428922E-04 | global batch size:   256 | lm loss: 2.407537E+00 | loss scale: 1.0 | grad norm: 0.225 | number of skipped iterations:   0 | number of nan iterations:   0 |
7: [default3]: [2026-05-24 06:35:22.129883] iteration      945/    2293 | consumed samples:       241920 | elapsed time per iteration (ms): 1425.1 | throughput per GPU (TFLOP/s/GPU): 233.5 | tokens/sec/GPU: 22993 | learning rate: 1.427714E-04 | global batch size:   256 | lm loss: 2.510131E+00 | loss scale: 1.0 | grad norm: 0.230 | number of skipped iterations:   0 | number of nan iterations:   0 |
7: [default3]: [2026-05-24 06:35:23.564528] iteration      946/    2293 | consumed samples:       242176 | elapsed time per iteration (ms): 1434.4 | throughput per GPU (TFLOP/s/GPU): 232.0 | tokens/sec/GPU: 22844 | learning rate: 1.426505E-04 | global batch size:   256 | lm loss: 2.469486E+00 | loss scale: 1.0 | grad norm: 0.270 | number of skipped iterations:   0 | number of nan iterations:   0 |
7: [default3]: [2026-05-24 06:35:28.630483] iteration      947/    2293 | consumed samples:       242432 | elapsed time per iteration (ms): 5065.7 | throughput per GPU (TFLOP/s/GPU): 65.7 | tokens/sec/GPU: 6469 | learning rate: 1.425295E-04 | global batch size:   256 | lm loss: 2.481476E+00 | loss scale: 1.0 | grad norm: 0.233 | number of skipped iterations:   0 | number of nan iterations:   0 |
7: [default3]: [2026-05-24 06:35:30.038996] iteration      948/    2293 | consumed samples:       242688 | elapsed time per iteration (ms): 1408.4 | throughput per GPU (TFLOP/s/GPU): 236.3 | tokens/sec/GPU: 23267 | learning rate: 1.424085E-04 | global batch size:   256 | lm loss: 2.374069E+00 | loss scale: 1.0 | grad norm: 0.227 | number of skipped iterations:   0 | number of nan iterations:   0 |
7: [default3]: [2026-05-24 06:35:31.455031] iteration      949/    2293 | consumed samples:       242944 | elapsed time per iteration (ms): 1415.8 | throughput per GPU (TFLOP/s/GPU): 235.1 | tokens/sec/GPU: 23144 | learning rate: 1.422874E-04 | global batch size:   256 | lm loss: 2.422318E+00 | loss scale: 1.0 | grad norm: 0.770 | number of skipped iterations:   0 | number of nan iterations:   0 |
7: [default3]: [2026-05-24 06:35:32.879651] iteration      950/    2293 | consumed samples:       243200 | elapsed time per iteration (ms): 1424.4 | throughput per GPU (TFLOP/s/GPU): 233.7 | tokens/sec/GPU: 23005 | learning rate: 1.421663E-04 | global batch size:   256 | lm loss: 2.451072E+00 | loss scale: 1.0 | grad norm: 0.239 | number of skipped iterations:   0 | number of nan iterations:   0 |
7: [default3]: [2026-05-24 06:35:37.149194] iteration      951/    2293 | consumed samples:       243456 | elapsed time per iteration (ms): 4269.0 | throughput per GPU (TFLOP/s/GPU): 78.0 | tokens/sec/GPU: 7676 | learning rate: 1.420451E-04 | global batch size:   256 | lm loss: 2.442088E+00 | loss scale: 1.0 | grad norm: 0.227 | number of skipped iterations:   0 | number of nan iterations:   0 |
7: [default3]: [2026-05-24 06:35:38.574150] iteration      952/    2293 | consumed samples:       243712 | elapsed time per iteration (ms): 1424.7 | throughput per GPU (TFLOP/s/GPU): 233.6 | tokens/sec/GPU: 23000 | learning rate: 1.419238E-04 | global batch size:   256 | lm loss: 2.562775E+00 | loss scale: 1.0 | grad norm: 0.230 | number of skipped iterations:   0 | number of nan iterations:   0 |
7: [default3]: [2026-05-24 06:35:42.226725] iteration      953/    2293 | consumed samples:       243968 | elapsed time per iteration (ms): 3652.4 | throughput per GPU (TFLOP/s/GPU): 91.1 | tokens/sec/GPU: 8972 | learning rate: 1.418024E-04 | global batch size:   256 | lm loss: 2.543267E+00 | loss scale: 1.0 | grad norm: 0.229 | number of skipped iterations:   0 | number of nan iterations:   0 |
7: [default3]: [2026-05-24 06:35:43.643407] iteration      954/    2293 | consumed samples:       244224 | elapsed time per iteration (ms): 1416.5 | throughput per GPU (TFLOP/s/GPU): 235.0 | tokens/sec/GPU: 23133 | learning rate: 1.416810E-04 | global batch size:   256 | lm loss: 2.467731E+00 | loss scale: 1.0 | grad norm: 0.232 | number of skipped iterations:   0 | number of nan iterations:   0 |
7: [default3]: [2026-05-24 06:35:48.541116] iteration      955/    2293 | consumed samples:       244480 | elapsed time per iteration (ms): 4897.5 | throughput per GPU (TFLOP/s/GPU): 68.0 | tokens/sec/GPU: 6691 | learning rate: 1.415595E-04 | global batch size:   256 | lm loss: 2.533034E+00 | loss scale: 1.0 | grad norm: 0.248 | number of skipped iterations:   0 | number of nan iterations:   0 |
7: [default3]: [2026-05-24 06:35:49.960774] iteration      956/    2293 | consumed samples:       244736 | elapsed time per iteration (ms): 1419.1 | throughput per GPU (TFLOP/s/GPU): 234.5 | tokens/sec/GPU: 23090 | learning rate: 1.414380E-04 | global batch size:   256 | lm loss: 2.381997E+00 | loss scale: 1.0 | grad norm: 0.233 | number of skipped iterations:   0 | number of nan iterations:   0 |
7: [default3]: [2026-05-24 06:35:51.653865] iteration      957/    2293 | consumed samples:       244992 | elapsed time per iteration (ms): 1692.8 | throughput per GPU (TFLOP/s/GPU): 196.6 | tokens/sec/GPU: 19357 | learning rate: 1.413163E-04 | global batch size:   256 | lm loss: 2.416564E+00 | loss scale: 1.0 | grad norm: 0.222 | number of skipped iterations:   0 | number of nan iterations:   0 |
7: [default3]: [2026-05-24 06:35:53.072179] iteration      958/    2293 | consumed samples:       245248 | elapsed time per iteration (ms): 1418.0 | throughput per GPU (TFLOP/s/GPU): 234.7 | tokens/sec/GPU: 23108 | learning rate: 1.411947E-04 | global batch size:   256 | lm loss: 2.452742E+00 | loss scale: 1.0 | grad norm: 0.231 | number of skipped iterations:   0 | number of nan iterations:   0 |
7: [default3]: [2026-05-24 06:35:59.253850] iteration      959/    2293 | consumed samples:       245504 | elapsed time per iteration (ms): 6181.4 | throughput per GPU (TFLOP/s/GPU): 53.8 | tokens/sec/GPU: 5301 | learning rate: 1.410729E-04 | global batch size:   256 | lm loss: 2.432435E+00 | loss scale: 1.0 | grad norm: 0.244 | number of skipped iterations:   0 | number of nan iterations:   0 |
7: [default3]: [2026-05-24 06:36:00.663810] iteration      960/    2293 | consumed samples:       245760 | elapsed time per iteration (ms): 1409.7 | throughput per GPU (TFLOP/s/GPU): 236.1 | tokens/sec/GPU: 23244 | learning rate: 1.409511E-04 | global batch size:   256 | lm loss: 2.447386E+00 | loss scale: 1.0 | grad norm: 0.299 | number of skipped iterations:   0 | number of nan iterations:   0 |
7: [default3]: [2026-05-24 06:36:02.088521] iteration      961/    2293 | consumed samples:       246016 | elapsed time per iteration (ms): 1424.5 | throughput per GPU (TFLOP/s/GPU): 233.7 | tokens/sec/GPU: 23004 | learning rate: 1.408292E-04 | global batch size:   256 | lm loss: 2.436174E+00 | loss scale: 1.0 | grad norm: 0.250 | number of skipped iterations:   0 | number of nan iterations:   0 |
7: [default3]: [2026-05-24 06:36:03.510449] iteration      962/    2293 | consumed samples:       246272 | elapsed time per iteration (ms): 1421.7 | throughput per GPU (TFLOP/s/GPU): 234.1 | tokens/sec/GPU: 23048 | learning rate: 1.407073E-04 | global batch size:   256 | lm loss: 2.400573E+00 | loss scale: 1.0 | grad norm: 0.244 | number of skipped iterations:   0 | number of nan iterations:   0 |
7: [default3]: [2026-05-24 06:36:08.360978] iteration      963/    2293 | consumed samples:       246528 | elapsed time per iteration (ms): 4850.3 | throughput per GPU (TFLOP/s/GPU): 68.6 | tokens/sec/GPU: 6756 | learning rate: 1.405853E-04 | global batch size:   256 | lm loss: 2.351917E+00 | loss scale: 1.0 | grad norm: 0.311 | number of skipped iterations:   0 | number of nan iterations:   0 |
7: [default3]: [2026-05-24 06:36:09.771464] iteration      964/    2293 | consumed samples:       246784 | elapsed time per iteration (ms): 1410.3 | throughput per GPU (TFLOP/s/GPU): 236.0 | tokens/sec/GPU: 23235 | learning rate: 1.404632E-04 | global batch size:   256 | lm loss: 2.466867E+00 | loss scale: 1.0 | grad norm: 0.250 | number of skipped iterations:   0 | number of nan iterations:   0 |
7: [default3]: [2026-05-24 06:36:11.176835] iteration      965/    2293 | consumed samples:       247040 | elapsed time per iteration (ms): 1405.1 | throughput per GPU (TFLOP/s/GPU): 236.9 | tokens/sec/GPU: 23321 | learning rate: 1.403411E-04 | global batch size:   256 | lm loss: 2.442984E+00 | loss scale: 1.0 | grad norm: 0.240 | number of skipped iterations:   0 | number of nan iterations:   0 |
7: [default3]: [2026-05-24 06:36:12.593067] iteration      966/    2293 | consumed samples:       247296 | elapsed time per iteration (ms): 1416.0 | throughput per GPU (TFLOP/s/GPU): 235.0 | tokens/sec/GPU: 23141 | learning rate: 1.402189E-04 | global batch size:   256 | lm loss: 2.512096E+00 | loss scale: 1.0 | grad norm: 0.265 | number of skipped iterations:   0 | number of nan iterations:   0 |
7: [default3]: [2026-05-24 06:36:16.355316] iteration      967/    2293 | consumed samples:       247552 | elapsed time per iteration (ms): 3762.0 | throughput per GPU (TFLOP/s/GPU): 88.5 | tokens/sec/GPU: 8710 | learning rate: 1.400966E-04 | global batch size:   256 | lm loss: 2.538297E+00 | loss scale: 1.0 | grad norm: 0.257 | number of skipped iterations:   0 | number of nan iterations:   0 |
7: [default3]: [2026-05-24 06:36:17.772974] iteration      968/    2293 | consumed samples:       247808 | elapsed time per iteration (ms): 1417.1 | throughput per GPU (TFLOP/s/GPU): 234.9 | tokens/sec/GPU: 23123 | learning rate: 1.399743E-04 | global batch size:   256 | lm loss: 2.419298E+00 | loss scale: 1.0 | grad norm: 0.236 | number of skipped iterations:   0 | number of nan iterations:   0 |
7: [default3]: [2026-05-24 06:36:19.197781] iteration      969/    2293 | consumed samples:       248064 | elapsed time per iteration (ms): 1424.3 | throughput per GPU (TFLOP/s/GPU): 233.7 | tokens/sec/GPU: 23006 | learning rate: 1.398519E-04 | global batch size:   256 | lm loss: 2.402424E+00 | loss scale: 1.0 | grad norm: 0.240 | number of skipped iterations:   0 | number of nan iterations:   0 |
7: [default3]: [2026-05-24 06:36:20.620118] iteration      970/    2293 | consumed samples:       248320 | elapsed time per iteration (ms): 1422.1 | throughput per GPU (TFLOP/s/GPU): 234.0 | tokens/sec/GPU: 23042 | learning rate: 1.397295E-04 | global batch size:   256 | lm loss: 2.412560E+00 | loss scale: 1.0 | grad norm: 0.234 | number of skipped iterations:   0 | number of nan iterations:   0 |
7: [default3]: [2026-05-24 06:36:26.192105] iteration      971/    2293 | consumed samples:       248576 | elapsed time per iteration (ms): 5571.8 | throughput per GPU (TFLOP/s/GPU): 59.7 | tokens/sec/GPU: 5881 | learning rate: 1.396070E-04 | global batch size:   256 | lm loss: 2.446833E+00 | loss scale: 1.0 | grad norm: 0.240 | number of skipped iterations:   0 | number of nan iterations:   0 |
7: [default3]: [2026-05-24 06:36:27.618846] iteration      972/    2293 | consumed samples:       248832 | elapsed time per iteration (ms): 1426.2 | throughput per GPU (TFLOP/s/GPU): 233.4 | tokens/sec/GPU: 22975 | learning rate: 1.394844E-04 | global batch size:   256 | lm loss: 2.476451E+00 | loss scale: 1.0 | grad norm: 0.229 | number of skipped iterations:   0 | number of nan iterations:   0 |
7: [default3]: [2026-05-24 06:36:29.042029] iteration      973/    2293 | consumed samples:       249088 | elapsed time per iteration (ms): 1423.0 | throughput per GPU (TFLOP/s/GPU): 233.9 | tokens/sec/GPU: 23028 | learning rate: 1.393618E-04 | global batch size:   256 | lm loss: 2.474851E+00 | loss scale: 1.0 | grad norm: 0.237 | number of skipped iterations:   0 | number of nan iterations:   0 |
7: [default3]: [2026-05-24 06:36:30.464453] iteration      974/    2293 | consumed samples:       249344 | elapsed time per iteration (ms): 1422.1 | throughput per GPU (TFLOP/s/GPU): 234.0 | tokens/sec/GPU: 23042 | learning rate: 1.392391E-04 | global batch size:   256 | lm loss: 2.434007E+00 | loss scale: 1.0 | grad norm: 0.225 | number of skipped iterations:   0 | number of nan iterations:   0 |
7: [default3]: [2026-05-24 06:36:34.259296] iteration      975/    2293 | consumed samples:       249600 | elapsed time per iteration (ms): 3794.7 | throughput per GPU (TFLOP/s/GPU): 87.7 | tokens/sec/GPU: 8635 | learning rate: 1.391164E-04 | global batch size:   256 | lm loss: 2.359452E+00 | loss scale: 1.0 | grad norm: 0.235 | number of skipped iterations:   0 | number of nan iterations:   0 |
7: [default3]: [2026-05-24 06:36:35.662033] iteration      976/    2293 | consumed samples:       249856 | elapsed time per iteration (ms): 1402.5 | throughput per GPU (TFLOP/s/GPU): 237.3 | tokens/sec/GPU: 23364 | learning rate: 1.389935E-04 | global batch size:   256 | lm loss: 2.486582E+00 | loss scale: 1.0 | grad norm: 0.236 | number of skipped iterations:   0 | number of nan iterations:   0 |
7: [default3]: [2026-05-24 06:36:37.082535] iteration      977/    2293 | consumed samples:       250112 | elapsed time per iteration (ms): 1420.3 | throughput per GPU (TFLOP/s/GPU): 234.3 | tokens/sec/GPU: 23072 | learning rate: 1.388707E-04 | global batch size:   256 | lm loss: 2.390833E+00 | loss scale: 1.0 | grad norm: 0.232 | number of skipped iterations:   0 | number of nan iterations:   0 |
7: [default3]: [2026-05-24 06:36:38.512585] iteration      978/    2293 | consumed samples:       250368 | elapsed time per iteration (ms): 1429.8 | throughput per GPU (TFLOP/s/GPU): 232.8 | tokens/sec/GPU: 22918 | learning rate: 1.387477E-04 | global batch size:   256 | lm loss: 2.433692E+00 | loss scale: 1.0 | grad norm: 0.235 | number of skipped iterations:   0 | number of nan iterations:   0 |
7: [default3]: [2026-05-24 06:36:40.187368] iteration      979/    2293 | consumed samples:       250624 | elapsed time per iteration (ms): 1674.6 | throughput per GPU (TFLOP/s/GPU): 198.8 | tokens/sec/GPU: 19568 | learning rate: 1.386247E-04 | global batch size:   256 | lm loss: 2.417720E+00 | loss scale: 1.0 | grad norm: 0.228 | number of skipped iterations:   0 | number of nan iterations:   0 |
7: [default3]: [2026-05-24 06:36:41.609293] iteration      980/    2293 | consumed samples:       250880 | elapsed time per iteration (ms): 1421.7 | throughput per GPU (TFLOP/s/GPU): 234.1 | tokens/sec/GPU: 23048 | learning rate: 1.385017E-04 | global batch size:   256 | lm loss: 2.435184E+00 | loss scale: 1.0 | grad norm: 0.231 | number of skipped iterations:   0 | number of nan iterations:   0 |
7: [default3]: [2026-05-24 06:36:43.035268] iteration      981/    2293 | consumed samples:       251136 | elapsed time per iteration (ms): 1425.7 | throughput per GPU (TFLOP/s/GPU): 233.4 | tokens/sec/GPU: 22983 | learning rate: 1.383786E-04 | global batch size:   256 | lm loss: 2.436532E+00 | loss scale: 1.0 | grad norm: 0.256 | number of skipped iterations:   0 | number of nan iterations:   0 |
7: [default3]: [2026-05-24 06:36:44.463906] iteration      982/    2293 | consumed samples:       251392 | elapsed time per iteration (ms): 1428.4 | throughput per GPU (TFLOP/s/GPU): 233.0 | tokens/sec/GPU: 22940 | learning rate: 1.382554E-04 | global batch size:   256 | lm loss: 2.489070E+00 | loss scale: 1.0 | grad norm: 0.282 | number of skipped iterations:   0 | number of nan iterations:   0 |
7: [default3]: [2026-05-24 06:36:45.882255] iteration      983/    2293 | consumed samples:       251648 | elapsed time per iteration (ms): 1418.2 | throughput per GPU (TFLOP/s/GPU): 234.7 | tokens/sec/GPU: 23106 | learning rate: 1.381322E-04 | global batch size:   256 | lm loss: 2.441850E+00 | loss scale: 1.0 | grad norm: 0.254 | number of skipped iterations:   0 | number of nan iterations:   0 |
7: [default3]: [2026-05-24 06:36:50.072867] iteration      984/    2293 | consumed samples:       251904 | elapsed time per iteration (ms): 4190.2 | throughput per GPU (TFLOP/s/GPU): 79.4 | tokens/sec/GPU: 7820 | learning rate: 1.380089E-04 | global batch size:   256 | lm loss: 2.478581E+00 | loss scale: 1.0 | grad norm: 0.261 | number of skipped iterations:   0 | number of nan iterations:   0 |
7: [default3]: [2026-05-24 06:36:51.497391] iteration      985/    2293 | consumed samples:       252160 | elapsed time per iteration (ms): 1424.3 | throughput per GPU (TFLOP/s/GPU): 233.7 | tokens/sec/GPU: 23006 | learning rate: 1.378856E-04 | global batch size:   256 | lm loss: 2.461778E+00 | loss scale: 1.0 | grad norm: 0.403 | number of skipped iterations:   0 | number of nan iterations:   0 |
7: [default3]: [2026-05-24 06:36:52.926834] iteration      986/    2293 | consumed samples:       252416 | elapsed time per iteration (ms): 1429.1 | throughput per GPU (TFLOP/s/GPU): 232.9 | tokens/sec/GPU: 22928 | learning rate: 1.377622E-04 | global batch size:   256 | lm loss: 2.440901E+00 | loss scale: 1.0 | grad norm: 0.530 | number of skipped iterations:   0 | number of nan iterations:   0 |
7: [default3]: [2026-05-24 06:36:54.344409] iteration      987/    2293 | consumed samples:       252672 | elapsed time per iteration (ms): 1417.3 | throughput per GPU (TFLOP/s/GPU): 234.8 | tokens/sec/GPU: 23120 | learning rate: 1.376387E-04 | global batch size:   256 | lm loss: 2.433830E+00 | loss scale: 1.0 | grad norm: 0.260 | number of skipped iterations:   0 | number of nan iterations:   0 |
7: [default3]: [2026-05-24 06:36:56.347208] iteration      988/    2293 | consumed samples:       252928 | elapsed time per iteration (ms): 2002.6 | throughput per GPU (TFLOP/s/GPU): 166.2 | tokens/sec/GPU: 16363 | learning rate: 1.375152E-04 | global batch size:   256 | lm loss: 2.482198E+00 | loss scale: 1.0 | grad norm: 0.247 | number of skipped iterations:   0 | number of nan iterations:   0 |
7: [default3]: [2026-05-24 06:36:57.775460] iteration      989/    2293 | consumed samples:       253184 | elapsed time per iteration (ms): 1428.0 | throughput per GPU (TFLOP/s/GPU): 233.1 | tokens/sec/GPU: 22946 | learning rate: 1.373916E-04 | global batch size:   256 | lm loss: 2.468425E+00 | loss scale: 1.0 | grad norm: 0.259 | number of skipped iterations:   0 | number of nan iterations:   0 |
7: [default3]: [2026-05-24 06:36:59.212314] iteration      990/    2293 | consumed samples:       253440 | elapsed time per iteration (ms): 1436.7 | throughput per GPU (TFLOP/s/GPU): 231.7 | tokens/sec/GPU: 22809 | learning rate: 1.372680E-04 | global batch size:   256 | lm loss: 2.427721E+00 | loss scale: 1.0 | grad norm: 0.227 | number of skipped iterations:   0 | number of nan iterations:   0 |
7: [default3]: [2026-05-24 06:37:00.649289] iteration      991/    2293 | consumed samples:       253696 | elapsed time per iteration (ms): 1436.7 | throughput per GPU (TFLOP/s/GPU): 231.7 | tokens/sec/GPU: 22807 | learning rate: 1.371443E-04 | global batch size:   256 | lm loss: 2.463738E+00 | loss scale: 1.0 | grad norm: 0.243 | number of skipped iterations:   0 | number of nan iterations:   0 |
7: [default3]: [2026-05-24 06:37:04.673214] iteration      992/    2293 | consumed samples:       253952 | elapsed time per iteration (ms): 4023.7 | throughput per GPU (TFLOP/s/GPU): 82.7 | tokens/sec/GPU: 8144 | learning rate: 1.370205E-04 | global batch size:   256 | lm loss: 2.434321E+00 | loss scale: 1.0 | grad norm: 0.240 | number of skipped iterations:   0 | number of nan iterations:   0 |
7: [default3]: [2026-05-24 06:37:06.087723] iteration      993/    2293 | consumed samples:       254208 | elapsed time per iteration (ms): 1414.3 | throughput per GPU (TFLOP/s/GPU): 235.3 | tokens/sec/GPU: 23169 | learning rate: 1.368967E-04 | global batch size:   256 | lm loss: 2.448966E+00 | loss scale: 1.0 | grad norm: 0.244 | number of skipped iterations:   0 | number of nan iterations:   0 |
7: [default3]: [2026-05-24 06:37:07.518330] iteration      994/    2293 | consumed samples:       254464 | elapsed time per iteration (ms): 1430.4 | throughput per GPU (TFLOP/s/GPU): 232.7 | tokens/sec/GPU: 22909 | learning rate: 1.367729E-04 | global batch size:   256 | lm loss: 2.461259E+00 | loss scale: 1.0 | grad norm: 0.236 | number of skipped iterations:   0 | number of nan iterations:   0 |
7: [default3]: [2026-05-24 06:37:08.954902] iteration      995/    2293 | consumed samples:       254720 | elapsed time per iteration (ms): 1436.4 | throughput per GPU (TFLOP/s/GPU): 231.7 | tokens/sec/GPU: 22813 | learning rate: 1.366490E-04 | global batch size:   256 | lm loss: 2.477683E+00 | loss scale: 1.0 | grad norm: 0.219 | number of skipped iterations:   0 | number of nan iterations:   0 |
7: [default3]: [2026-05-24 06:37:12.610351] iteration      996/    2293 | consumed samples:       254976 | elapsed time per iteration (ms): 3655.1 | throughput per GPU (TFLOP/s/GPU): 91.1 | tokens/sec/GPU: 8965 | learning rate: 1.365250E-04 | global batch size:   256 | lm loss: 2.431001E+00 | loss scale: 1.0 | grad norm: 0.226 | number of skipped iterations:   0 | number of nan iterations:   0 |
7: [default3]: [2026-05-24 06:37:14.028442] iteration      997/    2293 | consumed samples:       255232 | elapsed time per iteration (ms): 1417.9 | throughput per GPU (TFLOP/s/GPU): 234.7 | tokens/sec/GPU: 23110 | learning rate: 1.364010E-04 | global batch size:   256 | lm loss: 2.500012E+00 | loss scale: 1.0 | grad norm: 0.234 | number of skipped iterations:   0 | number of nan iterations:   0 |
7: [default3]: [2026-05-24 06:37:15.460079] iteration      998/    2293 | consumed samples:       255488 | elapsed time per iteration (ms): 1431.4 | throughput per GPU (TFLOP/s/GPU): 232.5 | tokens/sec/GPU: 22892 | learning rate: 1.362769E-04 | global batch size:   256 | lm loss: 2.452754E+00 | loss scale: 1.0 | grad norm: 0.229 | number of skipped iterations:   0 | number of nan iterations:   0 |
7: [default3]: [2026-05-24 06:37:16.897368] iteration      999/    2293 | consumed samples:       255744 | elapsed time per iteration (ms): 1437.0 | throughput per GPU (TFLOP/s/GPU): 231.6 | tokens/sec/GPU: 22803 | learning rate: 1.361528E-04 | global batch size:   256 | lm loss: 2.452687E+00 | loss scale: 1.0 | grad norm: 0.242 | number of skipped iterations:   0 | number of nan iterations:   0 |
7: [default3]: [2026-05-24 06:37:19.488503] iteration     1000/    2293 | consumed samples:       256000 | elapsed time per iteration (ms): 2590.9 | throughput per GPU (TFLOP/s/GPU): 128.5 | tokens/sec/GPU: 12647 | learning rate: 1.360286E-04 | global batch size:   256 | lm loss: 2.450620E+00 | loss scale: 1.0 | grad norm: 0.242 | number of skipped iterations:   0 | number of nan iterations:   0 |
0: [default0]:[Rank 0] (before save_checkpoint for iteration 1000) memory (MB) | allocated: 4714.10 | max allocated: 27950.14 | reserved: 29274.00 | max reserved: 29274.00
0: [default0]:[2026-05-24 06:37:20.321847] saving checkpoint at iteration    1000 to /iopsstor/scratch/cscs/course_00179/gipfelsturm/gipfelsturm/train-1.5b-8n/checkpoints in torch_dist format
0: [default0]:Storing distributed optimizer sharded state of type dp_reshardable
0: [default1]:[Rank 1] (before save_checkpoint for iteration 1000) memory (MB) | allocated: 4714.10 | max allocated: 27950.14 | reserved: 29274.00 | max reserved: 29274.00
0: [default0]:  [2026-05-24 06:37:21.050813] successfully saved checkpoint from iteration    1000 to /iopsstor/scratch/cscs/course_00179/gipfelsturm/gipfelsturm/train-1.5b-8n/checkpoints [ t 1/2, p 1/1 ]
0: [default0]:[Rank 0] (after save_checkpoint for iteration 1000) memory (MB) | allocated: 4714.10 | max allocated: 27950.14 | reserved: 29274.00 | max reserved: 29274.00
0: [default1]:[Rank 1] (after save_checkpoint for iteration 1000) memory (MB) | allocated: 4714.10 | max allocated: 27950.14 | reserved: 29274.00 | max reserved: 29274.00
7: [default3]:INFO:megatron.core.timers:(min, max) time across ranks (ms):
7: [default3]:    save-checkpoint ................................: (1283.68, 1283.92)
7: [default3]: [2026-05-24 06:37:23.047294] iteration     1001/    2293 | consumed samples:       256256 | elapsed time per iteration (ms): 2267.1 | throughput per GPU (TFLOP/s/GPU): 146.8 | tokens/sec/GPU: 14454 | learning rate: 1.359044E-04 | global batch size:   256 | lm loss: 2.533852E+00 | loss scale: 1.0 | grad norm: 0.249 | number of skipped iterations:   0 | number of nan iterations:   0 |
7: [default3]: [2026-05-24 06:37:24.479564] iteration     1002/    2293 | consumed samples:       256512 | elapsed time per iteration (ms): 1432.1 | throughput per GPU (TFLOP/s/GPU): 232.4 | tokens/sec/GPU: 22881 | learning rate: 1.357801E-04 | global batch size:   256 | lm loss: 2.435801E+00 | loss scale: 1.0 | grad norm: 0.235 | number of skipped iterations:   0 | number of nan iterations:   0 |
7: [default3]: [2026-05-24 06:37:25.902793] iteration     1003/    2293 | consumed samples:       256768 | elapsed time per iteration (ms): 1423.0 | throughput per GPU (TFLOP/s/GPU): 233.9 | tokens/sec/GPU: 23028 | learning rate: 1.356557E-04 | global batch size:   256 | lm loss: 2.479788E+00 | loss scale: 1.0 | grad norm: 0.234 | number of skipped iterations:   0 | number of nan iterations:   0 |
7: [default3]: [2026-05-24 06:37:27.317256] iteration     1004/    2293 | consumed samples:       257024 | elapsed time per iteration (ms): 1414.3 | throughput per GPU (TFLOP/s/GPU): 235.3 | tokens/sec/GPU: 23169 | learning rate: 1.355313E-04 | global batch size:   256 | lm loss: 2.480433E+00 | loss scale: 1.0 | grad norm: 0.218 | number of skipped iterations:   0 | number of nan iterations:   0 |
7: [default3]: [2026-05-24 06:37:28.748915] iteration     1005/    2293 | consumed samples:       257280 | elapsed time per iteration (ms): 1431.4 | throughput per GPU (TFLOP/s/GPU): 232.5 | tokens/sec/GPU: 22893 | learning rate: 1.354069E-04 | global batch size:   256 | lm loss: 2.439043E+00 | loss scale: 1.0 | grad norm: 0.227 | number of skipped iterations:   0 | number of nan iterations:   0 |
7: [default3]: [2026-05-24 06:37:30.175175] iteration     1006/    2293 | consumed samples:       257536 | elapsed time per iteration (ms): 1426.1 | throughput per GPU (TFLOP/s/GPU): 233.4 | tokens/sec/GPU: 22978 | learning rate: 1.352823E-04 | global batch size:   256 | lm loss: 2.427977E+00 | loss scale: 1.0 | grad norm: 0.226 | number of skipped iterations:   0 | number of nan iterations:   0 |
7: [default3]: [2026-05-24 06:37:31.603866] iteration     1007/    2293 | consumed samples:       257792 | elapsed time per iteration (ms): 1428.4 | throughput per GPU (TFLOP/s/GPU): 233.0 | tokens/sec/GPU: 22940 | learning rate: 1.351578E-04 | global batch size:   256 | lm loss: 2.419274E+00 | loss scale: 1.0 | grad norm: 0.235 | number of skipped iterations:   0 | number of nan iterations:   0 |
7: [default3]: [2026-05-24 06:37:33.027219] iteration     1008/    2293 | consumed samples:       258048 | elapsed time per iteration (ms): 1423.1 | throughput per GPU (TFLOP/s/GPU): 233.9 | tokens/sec/GPU: 23026 | learning rate: 1.350332E-04 | global batch size:   256 | lm loss: 2.453839E+00 | loss scale: 1.0 | grad norm: 0.223 | number of skipped iterations:   0 | number of nan iterations:   0 |
7: [default3]: [2026-05-24 06:37:34.463478] iteration     1009/    2293 | consumed samples:       258304 | elapsed time per iteration (ms): 1436.0 | throughput per GPU (TFLOP/s/GPU): 231.8 | tokens/sec/GPU: 22819 | learning rate: 1.349085E-04 | global batch size:   256 | lm loss: 2.469088E+00 | loss scale: 1.0 | grad norm: 0.231 | number of skipped iterations:   0 | number of nan iterations:   0 |
7: [default3]: [2026-05-24 06:37:36.247461] iteration     1010/    2293 | consumed samples:       258560 | elapsed time per iteration (ms): 1783.8 | throughput per GPU (TFLOP/s/GPU): 186.6 | tokens/sec/GPU: 18370 | learning rate: 1.347838E-04 | global batch size:   256 | lm loss: 2.431535E+00 | loss scale: 1.0 | grad norm: 0.242 | number of skipped iterations:   0 | number of nan iterations:   0 |
7: [default3]: [2026-05-24 06:37:37.674578] iteration     1011/    2293 | consumed samples:       258816 | elapsed time per iteration (ms): 1426.8 | throughput per GPU (TFLOP/s/GPU): 233.3 | tokens/sec/GPU: 22965 | learning rate: 1.346590E-04 | global batch size:   256 | lm loss: 2.461010E+00 | loss scale: 1.0 | grad norm: 0.229 | number of skipped iterations:   0 | number of nan iterations:   0 |
7: [default3]: [2026-05-24 06:37:41.746243] iteration     1012/    2293 | consumed samples:       259072 | elapsed time per iteration (ms): 4071.4 | throughput per GPU (TFLOP/s/GPU): 81.7 | tokens/sec/GPU: 8048 | learning rate: 1.345342E-04 | global batch size:   256 | lm loss: 2.482470E+00 | loss scale: 1.0 | grad norm: 0.854 | number of skipped iterations:   0 | number of nan iterations:   0 |
7: [default3]: [2026-05-24 06:37:43.179910] iteration     1013/    2293 | consumed samples:       259328 | elapsed time per iteration (ms): 1433.3 | throughput per GPU (TFLOP/s/GPU): 232.2 | tokens/sec/GPU: 22863 | learning rate: 1.344093E-04 | global batch size:   256 | lm loss: 2.451391E+00 | loss scale: 1.0 | grad norm: 0.257 | number of skipped iterations:   0 | number of nan iterations:   0 |
7: [default3]: [2026-05-24 06:37:44.612454] iteration     1014/    2293 | consumed samples:       259584 | elapsed time per iteration (ms): 1432.3 | throughput per GPU (TFLOP/s/GPU): 232.4 | tokens/sec/GPU: 22877 | learning rate: 1.342844E-04 | global batch size:   256 | lm loss: 2.424963E+00 | loss scale: 1.0 | grad norm: 0.267 | number of skipped iterations:   0 | number of nan iterations:   0 |
7: [default3]: [2026-05-24 06:37:46.031197] iteration     1015/    2293 | consumed samples:       259840 | elapsed time per iteration (ms): 1418.5 | throughput per GPU (TFLOP/s/GPU): 234.6 | tokens/sec/GPU: 23101 | learning rate: 1.341595E-04 | global batch size:   256 | lm loss: 2.377667E+00 | loss scale: 1.0 | grad norm: 0.306 | number of skipped iterations:   0 | number of nan iterations:   0 |
7: [default3]: [2026-05-24 06:37:49.837750] iteration     1016/    2293 | consumed samples:       260096 | elapsed time per iteration (ms): 3806.3 | throughput per GPU (TFLOP/s/GPU): 87.4 | tokens/sec/GPU: 8609 | learning rate: 1.340344E-04 | global batch size:   256 | lm loss: 2.474392E+00 | loss scale: 1.0 | grad norm: 0.233 | number of skipped iterations:   0 | number of nan iterations:   0 |
7: [default3]: [2026-05-24 06:37:51.260051] iteration     1017/    2293 | consumed samples:       260352 | elapsed time per iteration (ms): 1422.0 | throughput per GPU (TFLOP/s/GPU): 234.1 | tokens/sec/GPU: 23043 | learning rate: 1.339094E-04 | global batch size:   256 | lm loss: 2.411442E+00 | loss scale: 1.0 | grad norm: 0.433 | number of skipped iterations:   0 | number of nan iterations:   0 |
7: [default3]: [2026-05-24 06:37:52.896263] iteration     1018/    2293 | consumed samples:       260608 | elapsed time per iteration (ms): 1636.0 | throughput per GPU (TFLOP/s/GPU): 203.4 | tokens/sec/GPU: 20029 | learning rate: 1.337842E-04 | global batch size:   256 | lm loss: 2.467101E+00 | loss scale: 1.0 | grad norm: 0.692 | number of skipped iterations:   0 | number of nan iterations:   0 |
7: [default3]: [2026-05-24 06:37:54.312853] iteration     1019/    2293 | consumed samples:       260864 | elapsed time per iteration (ms): 1416.4 | throughput per GPU (TFLOP/s/GPU): 235.0 | tokens/sec/GPU: 23135 | learning rate: 1.336591E-04 | global batch size:   256 | lm loss: 2.433469E+00 | loss scale: 1.0 | grad norm: 0.378 | number of skipped iterations:   0 | number of nan iterations:   0 |
7: [default3]: [2026-05-24 06:37:58.029678] iteration     1020/    2293 | consumed samples:       261120 | elapsed time per iteration (ms): 3716.6 | throughput per GPU (TFLOP/s/GPU): 89.6 | tokens/sec/GPU: 8817 | learning rate: 1.335339E-04 | global batch size:   256 | lm loss: 2.438427E+00 | loss scale: 1.0 | grad norm: 0.318 | number of skipped iterations:   0 | number of nan iterations:   0 |
7: [default3]: [2026-05-24 06:37:59.442238] iteration     1021/    2293 | consumed samples:       261376 | elapsed time per iteration (ms): 1412.4 | throughput per GPU (TFLOP/s/GPU): 235.7 | tokens/sec/GPU: 23201 | learning rate: 1.334086E-04 | global batch size:   256 | lm loss: 2.367925E+00 | loss scale: 1.0 | grad norm: 0.395 | number of skipped iterations:   0 | number of nan iterations:   0 |
7: [default3]: [2026-05-24 06:38:00.871552] iteration     1022/    2293 | consumed samples:       261632 | elapsed time per iteration (ms): 1429.1 | throughput per GPU (TFLOP/s/GPU): 232.9 | tokens/sec/GPU: 22930 | learning rate: 1.332833E-04 | global batch size:   256 | lm loss: 2.521227E+00 | loss scale: 1.0 | grad norm: 0.346 | number of skipped iterations:   0 | number of nan iterations:   0 |
7: [default3]: [2026-05-24 06:38:02.294878] iteration     1023/    2293 | consumed samples:       261888 | elapsed time per iteration (ms): 1423.0 | throughput per GPU (TFLOP/s/GPU): 233.9 | tokens/sec/GPU: 23027 | learning rate: 1.331579E-04 | global batch size:   256 | lm loss: 2.389533E+00 | loss scale: 1.0 | grad norm: 0.277 | number of skipped iterations:   0 | number of nan iterations:   0 |
7: [default3]: [2026-05-24 06:38:11.439623] iteration     1024/    2293 | consumed samples:       262144 | elapsed time per iteration (ms): 9144.5 | throughput per GPU (TFLOP/s/GPU): 36.4 | tokens/sec/GPU: 3583 | learning rate: 1.330325E-04 | global batch size:   256 | lm loss: 2.500860E+00 | loss scale: 1.0 | grad norm: 0.531 | number of skipped iterations:   0 | number of nan iterations:   0 |
7: [default3]: [2026-05-24 06:38:12.857952] iteration     1025/    2293 | consumed samples:       262400 | elapsed time per iteration (ms): 1418.1 | throughput per GPU (TFLOP/s/GPU): 234.7 | tokens/sec/GPU: 23107 | learning rate: 1.329070E-04 | global batch size:   256 | lm loss: 2.462206E+00 | loss scale: 1.0 | grad norm: 0.265 | number of skipped iterations:   0 | number of nan iterations:   0 |
7: [default3]: [2026-05-24 06:38:14.282731] iteration     1026/    2293 | consumed samples:       262656 | elapsed time per iteration (ms): 1424.5 | throughput per GPU (TFLOP/s/GPU): 233.6 | tokens/sec/GPU: 23003 | learning rate: 1.327815E-04 | global batch size:   256 | lm loss: 2.414491E+00 | loss scale: 1.0 | grad norm: 0.272 | number of skipped iterations:   0 | number of nan iterations:   0 |
7: [default3]: [2026-05-24 06:38:15.714227] iteration     1027/    2293 | consumed samples:       262912 | elapsed time per iteration (ms): 1431.3 | throughput per GPU (TFLOP/s/GPU): 232.5 | tokens/sec/GPU: 22894 | learning rate: 1.326560E-04 | global batch size:   256 | lm loss: 2.391033E+00 | loss scale: 1.0 | grad norm: 0.240 | number of skipped iterations:   0 | number of nan iterations:   0 |
7: [default3]: [2026-05-24 06:38:17.129895] iteration     1028/    2293 | consumed samples:       263168 | elapsed time per iteration (ms): 1415.4 | throughput per GPU (TFLOP/s/GPU): 235.1 | tokens/sec/GPU: 23150 | learning rate: 1.325304E-04 | global batch size:   256 | lm loss: 2.530300E+00 | loss scale: 1.0 | grad norm: 0.236 | number of skipped iterations:   0 | number of nan iterations:   0 |
7: [default3]: [2026-05-24 06:38:18.547046] iteration     1029/    2293 | consumed samples:       263424 | elapsed time per iteration (ms): 1416.9 | throughput per GPU (TFLOP/s/GPU): 234.9 | tokens/sec/GPU: 23127 | learning rate: 1.324047E-04 | global batch size:   256 | lm loss: 2.363341E+00 | loss scale: 1.0 | grad norm: 0.228 | number of skipped iterations:   0 | number of nan iterations:   0 |
7: [default3]: [2026-05-24 06:38:22.221445] iteration     1030/    2293 | consumed samples:       263680 | elapsed time per iteration (ms): 3674.2 | throughput per GPU (TFLOP/s/GPU): 90.6 | tokens/sec/GPU: 8919 | learning rate: 1.322790E-04 | global batch size:   256 | lm loss: 2.401559E+00 | loss scale: 1.0 | grad norm: 0.226 | number of skipped iterations:   0 | number of nan iterations:   0 |
7: [default3]: [2026-05-24 06:38:23.658072] iteration     1031/    2293 | consumed samples:       263936 | elapsed time per iteration (ms): 1436.4 | throughput per GPU (TFLOP/s/GPU): 231.7 | tokens/sec/GPU: 22813 | learning rate: 1.321533E-04 | global batch size:   256 | lm loss: 2.492802E+00 | loss scale: 1.0 | grad norm: 0.672 | number of skipped iterations:   0 | number of nan iterations:   0 |
7: [default3]: [2026-05-24 06:38:25.094635] iteration     1032/    2293 | consumed samples:       264192 | elapsed time per iteration (ms): 1436.3 | throughput per GPU (TFLOP/s/GPU): 231.7 | tokens/sec/GPU: 22814 | learning rate: 1.320275E-04 | global batch size:   256 | lm loss: 2.402894E+00 | loss scale: 1.0 | grad norm: 0.228 | number of skipped iterations:   0 | number of nan iterations:   0 |
7: [default3]: [2026-05-24 06:38:26.524596] iteration     1033/    2293 | consumed samples:       264448 | elapsed time per iteration (ms): 1429.7 | throughput per GPU (TFLOP/s/GPU): 232.8 | tokens/sec/GPU: 22919 | learning rate: 1.319016E-04 | global batch size:   256 | lm loss: 2.372897E+00 | loss scale: 1.0 | grad norm: 0.246 | number of skipped iterations:   0 | number of nan iterations:   0 |
7: [default3]: [2026-05-24 06:38:29.776336] iteration     1034/    2293 | consumed samples:       264704 | elapsed time per iteration (ms): 3251.6 | throughput per GPU (TFLOP/s/GPU): 102.4 | tokens/sec/GPU: 10078 | learning rate: 1.317758E-04 | global batch size:   256 | lm loss: 2.489567E+00 | loss scale: 1.0 | grad norm: 0.251 | number of skipped iterations:   0 | number of nan iterations:   0 |
7: [default3]: [2026-05-24 06:38:31.193668] iteration     1035/    2293 | consumed samples:       264960 | elapsed time per iteration (ms): 1417.1 | throughput per GPU (TFLOP/s/GPU): 234.9 | tokens/sec/GPU: 23123 | learning rate: 1.316498E-04 | global batch size:   256 | lm loss: 2.463650E+00 | loss scale: 1.0 | grad norm: 0.230 | number of skipped iterations:   0 | number of nan iterations:   0 |
7: [default3]: [2026-05-24 06:38:32.625534] iteration     1036/    2293 | consumed samples:       265216 | elapsed time per iteration (ms): 1431.6 | throughput per GPU (TFLOP/s/GPU): 232.5 | tokens/sec/GPU: 22888 | learning rate: 1.315239E-04 | global batch size:   256 | lm loss: 2.488225E+00 | loss scale: 1.0 | grad norm: 0.245 | number of skipped iterations:   0 | number of nan iterations:   0 |
7: [default3]: [2026-05-24 06:38:34.054837] iteration     1037/    2293 | consumed samples:       265472 | elapsed time per iteration (ms): 1429.1 | throughput per GPU (TFLOP/s/GPU): 232.9 | tokens/sec/GPU: 22929 | learning rate: 1.313979E-04 | global batch size:   256 | lm loss: 2.391542E+00 | loss scale: 1.0 | grad norm: 0.219 | number of skipped iterations:   0 | number of nan iterations:   0 |
7: [default3]: [2026-05-24 06:38:39.205519] iteration     1038/    2293 | consumed samples:       265728 | elapsed time per iteration (ms): 5150.5 | throughput per GPU (TFLOP/s/GPU): 64.6 | tokens/sec/GPU: 6362 | learning rate: 1.312718E-04 | global batch size:   256 | lm loss: 2.411556E+00 | loss scale: 1.0 | grad norm: 0.229 | number of skipped iterations:   0 | number of nan iterations:   0 |
7: [default3]: [2026-05-24 06:38:40.625829] iteration     1039/    2293 | consumed samples:       265984 | elapsed time per iteration (ms): 1420.1 | throughput per GPU (TFLOP/s/GPU): 234.4 | tokens/sec/GPU: 23075 | learning rate: 1.311457E-04 | global batch size:   256 | lm loss: 2.442552E+00 | loss scale: 1.0 | grad norm: 0.568 | number of skipped iterations:   0 | number of nan iterations:   0 |
7: [default3]: [2026-05-24 06:38:42.055289] iteration     1040/    2293 | consumed samples:       266240 | elapsed time per iteration (ms): 1429.2 | throughput per GPU (TFLOP/s/GPU): 232.9 | tokens/sec/GPU: 22928 | learning rate: 1.310196E-04 | global batch size:   256 | lm loss: 2.422096E+00 | loss scale: 1.0 | grad norm: 0.216 | number of skipped iterations:   0 | number of nan iterations:   0 |
7: [default3]: [2026-05-24 06:38:43.472001] iteration     1041/    2293 | consumed samples:       266496 | elapsed time per iteration (ms): 1416.5 | throughput per GPU (TFLOP/s/GPU): 235.0 | tokens/sec/GPU: 23133 | learning rate: 1.308934E-04 | global batch size:   256 | lm loss: 2.414656E+00 | loss scale: 1.0 | grad norm: 0.228 | number of skipped iterations:   0 | number of nan iterations:   0 |
7: [default3]: [2026-05-24 06:38:45.346893] iteration     1042/    2293 | consumed samples:       266752 | elapsed time per iteration (ms): 1874.7 | throughput per GPU (TFLOP/s/GPU): 177.5 | tokens/sec/GPU: 17479 | learning rate: 1.307671E-04 | global batch size:   256 | lm loss: 2.466448E+00 | loss scale: 1.0 | grad norm: 0.228 | number of skipped iterations:   0 | number of nan iterations:   0 |
7: [default3]: [2026-05-24 06:38:46.781991] iteration     1043/    2293 | consumed samples:       267008 | elapsed time per iteration (ms): 1434.8 | throughput per GPU (TFLOP/s/GPU): 232.0 | tokens/sec/GPU: 22837 | learning rate: 1.306408E-04 | global batch size:   256 | lm loss: 2.341421E+00 | loss scale: 1.0 | grad norm: 0.214 | number of skipped iterations:   0 | number of nan iterations:   0 |
7: [default3]: [2026-05-24 06:38:48.211971] iteration     1044/    2293 | consumed samples:       267264 | elapsed time per iteration (ms): 1429.8 | throughput per GPU (TFLOP/s/GPU): 232.8 | tokens/sec/GPU: 22918 | learning rate: 1.305145E-04 | global batch size:   256 | lm loss: 2.513674E+00 | loss scale: 1.0 | grad norm: 0.220 | number of skipped iterations:   0 | number of nan iterations:   0 |
7: [default3]: [2026-05-24 06:38:49.637519] iteration     1045/    2293 | consumed samples:       267520 | elapsed time per iteration (ms): 1425.3 | throughput per GPU (TFLOP/s/GPU): 233.5 | tokens/sec/GPU: 22990 | learning rate: 1.303882E-04 | global batch size:   256 | lm loss: 2.426741E+00 | loss scale: 1.0 | grad norm: 0.227 | number of skipped iterations:   0 | number of nan iterations:   0 |
7: [default3]: [2026-05-24 06:38:51.049098] iteration     1046/    2293 | consumed samples:       267776 | elapsed time per iteration (ms): 1411.3 | throughput per GPU (TFLOP/s/GPU): 235.8 | tokens/sec/GPU: 23218 | learning rate: 1.302617E-04 | global batch size:   256 | lm loss: 2.430934E+00 | loss scale: 1.0 | grad norm: 0.213 | number of skipped iterations:   0 | number of nan iterations:   0 |
7: [default3]: [2026-05-24 06:38:52.462126] iteration     1047/    2293 | consumed samples:       268032 | elapsed time per iteration (ms): 1412.7 | throughput per GPU (TFLOP/s/GPU): 235.6 | tokens/sec/GPU: 23195 | learning rate: 1.301353E-04 | global batch size:   256 | lm loss: 2.414160E+00 | loss scale: 1.0 | grad norm: 0.216 | number of skipped iterations:   0 | number of nan iterations:   0 |
7: [default3]: [2026-05-24 06:39:01.211310] iteration     1048/    2293 | consumed samples:       268288 | elapsed time per iteration (ms): 8749.0 | throughput per GPU (TFLOP/s/GPU): 38.0 | tokens/sec/GPU: 3745 | learning rate: 1.300088E-04 | global batch size:   256 | lm loss: 2.423150E+00 | loss scale: 1.0 | grad norm: 0.214 | number of skipped iterations:   0 | number of nan iterations:   0 |
7: [default3]: [2026-05-24 06:39:02.621732] iteration     1049/    2293 | consumed samples:       268544 | elapsed time per iteration (ms): 1410.2 | throughput per GPU (TFLOP/s/GPU): 236.0 | tokens/sec/GPU: 23236 | learning rate: 1.298823E-04 | global batch size:   256 | lm loss: 2.438086E+00 | loss scale: 1.0 | grad norm: 0.217 | number of skipped iterations:   0 | number of nan iterations:   0 |
7: [default3]: [2026-05-24 06:39:04.052248] iteration     1050/    2293 | consumed samples:       268800 | elapsed time per iteration (ms): 1430.3 | throughput per GPU (TFLOP/s/GPU): 232.7 | tokens/sec/GPU: 22910 | learning rate: 1.297557E-04 | global batch size:   256 | lm loss: 2.419374E+00 | loss scale: 1.0 | grad norm: 0.219 | number of skipped iterations:   0 | number of nan iterations:   0 |
7: [default3]: [2026-05-24 06:39:06.334669] iteration     1051/    2293 | consumed samples:       269056 | elapsed time per iteration (ms): 2282.2 | throughput per GPU (TFLOP/s/GPU): 145.8 | tokens/sec/GPU: 14358 | learning rate: 1.296291E-04 | global batch size:   256 | lm loss: 2.447818E+00 | loss scale: 1.0 | grad norm: 0.211 | number of skipped iterations:   0 | number of nan iterations:   0 |
7: [default3]: [2026-05-24 06:39:09.959378] iteration     1052/    2293 | consumed samples:       269312 | elapsed time per iteration (ms): 3624.5 | throughput per GPU (TFLOP/s/GPU): 91.8 | tokens/sec/GPU: 9041 | learning rate: 1.295024E-04 | global batch size:   256 | lm loss: 2.421662E+00 | loss scale: 1.0 | grad norm: 0.215 | number of skipped iterations:   0 | number of nan iterations:   0 |
7: [default3]: [2026-05-24 06:39:11.375910] iteration     1053/    2293 | consumed samples:       269568 | elapsed time per iteration (ms): 1416.3 | throughput per GPU (TFLOP/s/GPU): 235.0 | tokens/sec/GPU: 23136 | learning rate: 1.293757E-04 | global batch size:   256 | lm loss: 2.405122E+00 | loss scale: 1.0 | grad norm: 0.206 | number of skipped iterations:   0 | number of nan iterations:   0 |
7: [default3]: [2026-05-24 06:39:15.514367] iteration     1054/    2293 | consumed samples:       269824 | elapsed time per iteration (ms): 4138.2 | throughput per GPU (TFLOP/s/GPU): 80.4 | tokens/sec/GPU: 7918 | learning rate: 1.292490E-04 | global batch size:   256 | lm loss: 2.493754E+00 | loss scale: 1.0 | grad norm: 0.213 | number of skipped iterations:   0 | number of nan iterations:   0 |
7: [default3]: [2026-05-24 06:39:16.942509] iteration     1055/    2293 | consumed samples:       270080 | elapsed time per iteration (ms): 1428.0 | throughput per GPU (TFLOP/s/GPU): 233.1 | tokens/sec/GPU: 22948 | learning rate: 1.291222E-04 | global batch size:   256 | lm loss: 2.400724E+00 | loss scale: 1.0 | grad norm: 0.212 | number of skipped iterations:   0 | number of nan iterations:   0 |
7: [default3]: [2026-05-24 06:39:19.828971] iteration     1056/    2293 | consumed samples:       270336 | elapsed time per iteration (ms): 2886.3 | throughput per GPU (TFLOP/s/GPU): 115.3 | tokens/sec/GPU: 11353 | learning rate: 1.289954E-04 | global batch size:   256 | lm loss: 2.357650E+00 | loss scale: 1.0 | grad norm: 0.208 | number of skipped iterations:   0 | number of nan iterations:   0 |
7: [default3]: [2026-05-24 06:39:21.252629] iteration     1057/    2293 | consumed samples:       270592 | elapsed time per iteration (ms): 1423.4 | throughput per GPU (TFLOP/s/GPU): 233.8 | tokens/sec/GPU: 23021 | learning rate: 1.288686E-04 | global batch size:   256 | lm loss: 2.472633E+00 | loss scale: 1.0 | grad norm: 0.224 | number of skipped iterations:   0 | number of nan iterations:   0 |
7: [default3]: [2026-05-24 06:39:23.375084] iteration     1058/    2293 | consumed samples:       270848 | elapsed time per iteration (ms): 2122.2 | throughput per GPU (TFLOP/s/GPU): 156.8 | tokens/sec/GPU: 15440 | learning rate: 1.287417E-04 | global batch size:   256 | lm loss: 2.361918E+00 | loss scale: 1.0 | grad norm: 0.212 | number of skipped iterations:   0 | number of nan iterations:   0 |
7: [default3]: [2026-05-24 06:39:24.802194] iteration     1059/    2293 | consumed samples:       271104 | elapsed time per iteration (ms): 1426.9 | throughput per GPU (TFLOP/s/GPU): 233.3 | tokens/sec/GPU: 22965 | learning rate: 1.286147E-04 | global batch size:   256 | lm loss: 2.482667E+00 | loss scale: 1.0 | grad norm: 0.221 | number of skipped iterations:   0 | number of nan iterations:   0 |
7: [default3]: [2026-05-24 06:39:26.515734] iteration     1060/    2293 | consumed samples:       271360 | elapsed time per iteration (ms): 1713.3 | throughput per GPU (TFLOP/s/GPU): 194.3 | tokens/sec/GPU: 19125 | learning rate: 1.284878E-04 | global batch size:   256 | lm loss: 2.383943E+00 | loss scale: 1.0 | grad norm: 0.204 | number of skipped iterations:   0 | number of nan iterations:   0 |
7: [default3]: [2026-05-24 06:39:28.068859] iteration     1061/    2293 | consumed samples:       271616 | elapsed time per iteration (ms): 1552.8 | throughput per GPU (TFLOP/s/GPU): 214.3 | tokens/sec/GPU: 21102 | learning rate: 1.283608E-04 | global batch size:   256 | lm loss: 2.448718E+00 | loss scale: 1.0 | grad norm: 0.207 | number of skipped iterations:   0 | number of nan iterations:   0 |
7: [default3]: [2026-05-24 06:39:31.923297] iteration     1062/    2293 | consumed samples:       271872 | elapsed time per iteration (ms): 3854.2 | throughput per GPU (TFLOP/s/GPU): 86.4 | tokens/sec/GPU: 8502 | learning rate: 1.282337E-04 | global batch size:   256 | lm loss: 2.425059E+00 | loss scale: 1.0 | grad norm: 0.212 | number of skipped iterations:   0 | number of nan iterations:   0 |
7: [default3]: [2026-05-24 06:39:33.477602] iteration     1063/    2293 | consumed samples:       272128 | elapsed time per iteration (ms): 1554.1 | throughput per GPU (TFLOP/s/GPU): 214.2 | tokens/sec/GPU: 21085 | learning rate: 1.281066E-04 | global batch size:   256 | lm loss: 2.451113E+00 | loss scale: 1.0 | grad norm: 0.848 | number of skipped iterations:   0 | number of nan iterations:   0 |
7: [default3]: [2026-05-24 06:39:35.887235] iteration     1064/    2293 | consumed samples:       272384 | elapsed time per iteration (ms): 2409.4 | throughput per GPU (TFLOP/s/GPU): 138.1 | tokens/sec/GPU: 13600 | learning rate: 1.279795E-04 | global batch size:   256 | lm loss: 2.498173E+00 | loss scale: 1.0 | grad norm: 0.217 | number of skipped iterations:   0 | number of nan iterations:   0 |
7: [default3]: [2026-05-24 06:39:38.807268] iteration     1065/    2293 | consumed samples:       272640 | elapsed time per iteration (ms): 2919.8 | throughput per GPU (TFLOP/s/GPU): 114.0 | tokens/sec/GPU: 11223 | learning rate: 1.278523E-04 | global batch size:   256 | lm loss: 2.425554E+00 | loss scale: 1.0 | grad norm: 0.214 | number of skipped iterations:   0 | number of nan iterations:   0 |
7: [default3]: [2026-05-24 06:39:41.135904] iteration     1066/    2293 | consumed samples:       272896 | elapsed time per iteration (ms): 2328.4 | throughput per GPU (TFLOP/s/GPU): 142.9 | tokens/sec/GPU: 14073 | learning rate: 1.277251E-04 | global batch size:   256 | lm loss: 2.481886E+00 | loss scale: 1.0 | grad norm: 0.216 | number of skipped iterations:   0 | number of nan iterations:   0 |
7: [default3]: [2026-05-24 06:39:45.636659] iteration     1067/    2293 | consumed samples:       273152 | elapsed time per iteration (ms): 4500.5 | throughput per GPU (TFLOP/s/GPU): 74.0 | tokens/sec/GPU: 7281 | learning rate: 1.275979E-04 | global batch size:   256 | lm loss: 2.412178E+00 | loss scale: 1.0 | grad norm: 0.220 | number of skipped iterations:   0 | number of nan iterations:   0 |
7: [default3]: [2026-05-24 06:39:49.628943] iteration     1068/    2293 | consumed samples:       273408 | elapsed time per iteration (ms): 3992.1 | throughput per GPU (TFLOP/s/GPU): 83.4 | tokens/sec/GPU: 8208 | learning rate: 1.274706E-04 | global batch size:   256 | lm loss: 2.434377E+00 | loss scale: 1.0 | grad norm: 0.217 | number of skipped iterations:   0 | number of nan iterations:   0 |
7: [default3]: [2026-05-24 06:39:51.047073] iteration     1069/    2293 | consumed samples:       273664 | elapsed time per iteration (ms): 1417.9 | throughput per GPU (TFLOP/s/GPU): 234.7 | tokens/sec/GPU: 23109 | learning rate: 1.273433E-04 | global batch size:   256 | lm loss: 2.435885E+00 | loss scale: 1.0 | grad norm: 0.208 | number of skipped iterations:   0 | number of nan iterations:   0 |
7: [default3]: [2026-05-24 06:39:52.454787] iteration     1070/    2293 | consumed samples:       273920 | elapsed time per iteration (ms): 1407.5 | throughput per GPU (TFLOP/s/GPU): 236.5 | tokens/sec/GPU: 23281 | learning rate: 1.272160E-04 | global batch size:   256 | lm loss: 2.342321E+00 | loss scale: 1.0 | grad norm: 0.343 | number of skipped iterations:   0 | number of nan iterations:   0 |
7: [default3]: [2026-05-24 06:39:57.728670] iteration     1071/    2293 | consumed samples:       274176 | elapsed time per iteration (ms): 5273.6 | throughput per GPU (TFLOP/s/GPU): 63.1 | tokens/sec/GPU: 6214 | learning rate: 1.270886E-04 | global batch size:   256 | lm loss: 2.373716E+00 | loss scale: 1.0 | grad norm: 0.211 | number of skipped iterations:   0 | number of nan iterations:   0 |
7: [default3]: [2026-05-24 06:39:59.146196] iteration     1072/    2293 | consumed samples:       274432 | elapsed time per iteration (ms): 1417.3 | throughput per GPU (TFLOP/s/GPU): 234.8 | tokens/sec/GPU: 23120 | learning rate: 1.269612E-04 | global batch size:   256 | lm loss: 2.443185E+00 | loss scale: 1.0 | grad norm: 0.217 | number of skipped iterations:   0 | number of nan iterations:   0 |
7: [default3]: [2026-05-24 06:40:01.118302] iteration     1073/    2293 | consumed samples:       274688 | elapsed time per iteration (ms): 1971.9 | throughput per GPU (TFLOP/s/GPU): 168.8 | tokens/sec/GPU: 16617 | learning rate: 1.268337E-04 | global batch size:   256 | lm loss: 2.457103E+00 | loss scale: 1.0 | grad norm: 0.240 | number of skipped iterations:   0 | number of nan iterations:   0 |
7: [default3]: [2026-05-24 06:40:02.539635] iteration     1074/    2293 | consumed samples:       274944 | elapsed time per iteration (ms): 1421.1 | throughput per GPU (TFLOP/s/GPU): 234.2 | tokens/sec/GPU: 23058 | learning rate: 1.267062E-04 | global batch size:   256 | lm loss: 2.447803E+00 | loss scale: 1.0 | grad norm: 0.232 | number of skipped iterations:   0 | number of nan iterations:   0 |
7: [default3]: [2026-05-24 06:40:06.306832] iteration     1075/    2293 | consumed samples:       275200 | elapsed time per iteration (ms): 3767.0 | throughput per GPU (TFLOP/s/GPU): 88.4 | tokens/sec/GPU: 8699 | learning rate: 1.265787E-04 | global batch size:   256 | lm loss: 2.391334E+00 | loss scale: 1.0 | grad norm: 0.210 | number of skipped iterations:   0 | number of nan iterations:   0 |
7: [default3]: [2026-05-24 06:40:07.729311] iteration     1076/    2293 | consumed samples:       275456 | elapsed time per iteration (ms): 1422.2 | throughput per GPU (TFLOP/s/GPU): 234.0 | tokens/sec/GPU: 23040 | learning rate: 1.264512E-04 | global batch size:   256 | lm loss: 2.388530E+00 | loss scale: 1.0 | grad norm: 0.214 | number of skipped iterations:   0 | number of nan iterations:   0 |
7: [default3]: [2026-05-24 06:40:09.297434] iteration     1077/    2293 | consumed samples:       275712 | elapsed time per iteration (ms): 1567.9 | throughput per GPU (TFLOP/s/GPU): 212.3 | tokens/sec/GPU: 20899 | learning rate: 1.263236E-04 | global batch size:   256 | lm loss: 2.445698E+00 | loss scale: 1.0 | grad norm: 0.231 | number of skipped iterations:   0 | number of nan iterations:   0 |
7: [default3]: [2026-05-24 06:40:10.724436] iteration     1078/    2293 | consumed samples:       275968 | elapsed time per iteration (ms): 1426.8 | throughput per GPU (TFLOP/s/GPU): 233.3 | tokens/sec/GPU: 22967 | learning rate: 1.261960E-04 | global batch size:   256 | lm loss: 2.404578E+00 | loss scale: 1.0 | grad norm: 0.217 | number of skipped iterations:   0 | number of nan iterations:   0 |
7: [default3]: [2026-05-24 06:40:15.435085] iteration     1079/    2293 | consumed samples:       276224 | elapsed time per iteration (ms): 4710.3 | throughput per GPU (TFLOP/s/GPU): 70.7 | tokens/sec/GPU: 6957 | learning rate: 1.260683E-04 | global batch size:   256 | lm loss: 2.494780E+00 | loss scale: 1.0 | grad norm: 0.212 | number of skipped iterations:   0 | number of nan iterations:   0 |
7: [default3]: [2026-05-24 06:40:16.846801] iteration     1080/    2293 | consumed samples:       276480 | elapsed time per iteration (ms): 1411.5 | throughput per GPU (TFLOP/s/GPU): 235.8 | tokens/sec/GPU: 23215 | learning rate: 1.259406E-04 | global batch size:   256 | lm loss: 2.412044E+00 | loss scale: 1.0 | grad norm: 0.212 | number of skipped iterations:   0 | number of nan iterations:   0 |
7: [default3]: [2026-05-24 06:40:19.343794] iteration     1081/    2293 | consumed samples:       276736 | elapsed time per iteration (ms): 2496.8 | throughput per GPU (TFLOP/s/GPU): 133.3 | tokens/sec/GPU: 13124 | learning rate: 1.258129E-04 | global batch size:   256 | lm loss: 2.416977E+00 | loss scale: 1.0 | grad norm: 0.209 | number of skipped iterations:   0 | number of nan iterations:   0 |
7: [default3]: [2026-05-24 06:40:20.760957] iteration     1082/    2293 | consumed samples:       276992 | elapsed time per iteration (ms): 1416.9 | throughput per GPU (TFLOP/s/GPU): 234.9 | tokens/sec/GPU: 23126 | learning rate: 1.256851E-04 | global batch size:   256 | lm loss: 2.426586E+00 | loss scale: 1.0 | grad norm: 0.213 | number of skipped iterations:   0 | number of nan iterations:   0 |
7: [default3]: [2026-05-24 06:40:22.612864] iteration     1083/    2293 | consumed samples:       277248 | elapsed time per iteration (ms): 1851.4 | throughput per GPU (TFLOP/s/GPU): 179.8 | tokens/sec/GPU: 17699 | learning rate: 1.255573E-04 | global batch size:   256 | lm loss: 2.406920E+00 | loss scale: 1.0 | grad norm: 0.219 | number of skipped iterations:   0 | number of nan iterations:   0 |
7: [default3]: [2026-05-24 06:40:24.040186] iteration     1084/    2293 | consumed samples:       277504 | elapsed time per iteration (ms): 1427.0 | throughput per GPU (TFLOP/s/GPU): 233.2 | tokens/sec/GPU: 22962 | learning rate: 1.254295E-04 | global batch size:   256 | lm loss: 2.421572E+00 | loss scale: 1.0 | grad norm: 0.230 | number of skipped iterations:   0 | number of nan iterations:   0 |
7: [default3]: [2026-05-24 06:40:25.880201] iteration     1085/    2293 | consumed samples:       277760 | elapsed time per iteration (ms): 1839.5 | throughput per GPU (TFLOP/s/GPU): 180.9 | tokens/sec/GPU: 17813 | learning rate: 1.253017E-04 | global batch size:   256 | lm loss: 2.470193E+00 | loss scale: 1.0 | grad norm: 0.221 | number of skipped iterations:   0 | number of nan iterations:   0 |
7: [default3]: [2026-05-24 06:40:27.318639] iteration     1086/    2293 | consumed samples:       278016 | elapsed time per iteration (ms): 1438.2 | throughput per GPU (TFLOP/s/GPU): 231.4 | tokens/sec/GPU: 22784 | learning rate: 1.251738E-04 | global batch size:   256 | lm loss: 2.409513E+00 | loss scale: 1.0 | grad norm: 0.209 | number of skipped iterations:   0 | number of nan iterations:   0 |
7: [default3]: [2026-05-24 06:40:28.748817] iteration     1087/    2293 | consumed samples:       278272 | elapsed time per iteration (ms): 1429.9 | throughput per GPU (TFLOP/s/GPU): 232.8 | tokens/sec/GPU: 22916 | learning rate: 1.250459E-04 | global batch size:   256 | lm loss: 2.346462E+00 | loss scale: 1.0 | grad norm: 0.214 | number of skipped iterations:   0 | number of nan iterations:   0 |
7: [default3]: [2026-05-24 06:40:32.234190] iteration     1088/    2293 | consumed samples:       278528 | elapsed time per iteration (ms): 3485.2 | throughput per GPU (TFLOP/s/GPU): 95.5 | tokens/sec/GPU: 9402 | learning rate: 1.249179E-04 | global batch size:   256 | lm loss: 2.453715E+00 | loss scale: 1.0 | grad norm: 0.213 | number of skipped iterations:   0 | number of nan iterations:   0 |
7: [default3]: [2026-05-24 06:40:34.912469] iteration     1089/    2293 | consumed samples:       278784 | elapsed time per iteration (ms): 2677.8 | throughput per GPU (TFLOP/s/GPU): 124.3 | tokens/sec/GPU: 12237 | learning rate: 1.247899E-04 | global batch size:   256 | lm loss: 2.437485E+00 | loss scale: 1.0 | grad norm: 0.213 | number of skipped iterations:   0 | number of nan iterations:   0 |
7: [default3]: [2026-05-24 06:40:37.503477] iteration     1090/    2293 | consumed samples:       279040 | elapsed time per iteration (ms): 2590.8 | throughput per GPU (TFLOP/s/GPU): 128.5 | tokens/sec/GPU: 12648 | learning rate: 1.246619E-04 | global batch size:   256 | lm loss: 2.426500E+00 | loss scale: 1.0 | grad norm: 0.211 | number of skipped iterations:   0 | number of nan iterations:   0 |
7: [default3]: [2026-05-24 06:40:38.926335] iteration     1091/    2293 | consumed samples:       279296 | elapsed time per iteration (ms): 1422.6 | throughput per GPU (TFLOP/s/GPU): 234.0 | tokens/sec/GPU: 23033 | learning rate: 1.245339E-04 | global batch size:   256 | lm loss: 2.380755E+00 | loss scale: 1.0 | grad norm: 0.221 | number of skipped iterations:   0 | number of nan iterations:   0 |
7: [default3]: [2026-05-24 06:40:40.727998] iteration     1092/    2293 | consumed samples:       279552 | elapsed time per iteration (ms): 1801.5 | throughput per GPU (TFLOP/s/GPU): 184.8 | tokens/sec/GPU: 18190 | learning rate: 1.244058E-04 | global batch size:   256 | lm loss: 2.295578E+00 | loss scale: 1.0 | grad norm: 0.202 | number of skipped iterations:   0 | number of nan iterations:   0 |
7: [default3]: [2026-05-24 06:40:42.497068] iteration     1093/    2293 | consumed samples:       279808 | elapsed time per iteration (ms): 1768.8 | throughput per GPU (TFLOP/s/GPU): 188.2 | tokens/sec/GPU: 18526 | learning rate: 1.242777E-04 | global batch size:   256 | lm loss: 2.409811E+00 | loss scale: 1.0 | grad norm: 0.213 | number of skipped iterations:   0 | number of nan iterations:   0 |
7: [default3]: [2026-05-24 06:40:45.573875] iteration     1094/    2293 | consumed samples:       280064 | elapsed time per iteration (ms): 3076.6 | throughput per GPU (TFLOP/s/GPU): 108.2 | tokens/sec/GPU: 10651 | learning rate: 1.241496E-04 | global batch size:   256 | lm loss: 2.378224E+00 | loss scale: 1.0 | grad norm: 0.209 | number of skipped iterations:   0 | number of nan iterations:   0 |
7: [default3]: [2026-05-24 06:40:46.976207] iteration     1095/    2293 | consumed samples:       280320 | elapsed time per iteration (ms): 1402.1 | throughput per GPU (TFLOP/s/GPU): 237.4 | tokens/sec/GPU: 23370 | learning rate: 1.240214E-04 | global batch size:   256 | lm loss: 2.310145E+00 | loss scale: 1.0 | grad norm: 0.218 | number of skipped iterations:   0 | number of nan iterations:   0 |
7: [default3]: [2026-05-24 06:40:52.203576] iteration     1096/    2293 | consumed samples:       280576 | elapsed time per iteration (ms): 5227.1 | throughput per GPU (TFLOP/s/GPU): 63.7 | tokens/sec/GPU: 6269 | learning rate: 1.238932E-04 | global batch size:   256 | lm loss: 2.358270E+00 | loss scale: 1.0 | grad norm: 0.218 | number of skipped iterations:   0 | number of nan iterations:   0 |
7: [default3]: [2026-05-24 06:40:53.622521] iteration     1097/    2293 | consumed samples:       280832 | elapsed time per iteration (ms): 1418.7 | throughput per GPU (TFLOP/s/GPU): 234.6 | tokens/sec/GPU: 23097 | learning rate: 1.237650E-04 | global batch size:   256 | lm loss: 2.440883E+00 | loss scale: 1.0 | grad norm: 0.222 | number of skipped iterations:   0 | number of nan iterations:   0 |
7: [default3]: [2026-05-24 06:40:57.830178] iteration     1098/    2293 | consumed samples:       281088 | elapsed time per iteration (ms): 4207.1 | throughput per GPU (TFLOP/s/GPU): 79.1 | tokens/sec/GPU: 7789 | learning rate: 1.236368E-04 | global batch size:   256 | lm loss: 2.386983E+00 | loss scale: 1.0 | grad norm: 0.225 | number of skipped iterations:   0 | number of nan iterations:   0 |
7: [default3]: [2026-05-24 06:40:59.249796] iteration     1099/    2293 | consumed samples:       281344 | elapsed time per iteration (ms): 1419.4 | throughput per GPU (TFLOP/s/GPU): 234.5 | tokens/sec/GPU: 23085 | learning rate: 1.235085E-04 | global batch size:   256 | lm loss: 2.455712E+00 | loss scale: 1.0 | grad norm: 0.223 | number of skipped iterations:   0 | number of nan iterations:   0 |
7: [default3]: [2026-05-24 06:41:00.651294] iteration     1100/    2293 | consumed samples:       281600 | elapsed time per iteration (ms): 1401.3 | throughput per GPU (TFLOP/s/GPU): 237.5 | tokens/sec/GPU: 23385 | learning rate: 1.233802E-04 | global batch size:   256 | lm loss: 2.363971E+00 | loss scale: 1.0 | grad norm: 0.228 | number of skipped iterations:   0 | number of nan iterations:   0 |
7: [default3]: [2026-05-24 06:41:03.701946] iteration     1101/    2293 | consumed samples:       281856 | elapsed time per iteration (ms): 3050.4 | throughput per GPU (TFLOP/s/GPU): 109.1 | tokens/sec/GPU: 10742 | learning rate: 1.232519E-04 | global batch size:   256 | lm loss: 2.307773E+00 | loss scale: 1.0 | grad norm: 0.223 | number of skipped iterations:   0 | number of nan iterations:   0 |
7: [default3]: [2026-05-24 06:41:08.750976] iteration     1102/    2293 | consumed samples:       282112 | elapsed time per iteration (ms): 5048.5 | throughput per GPU (TFLOP/s/GPU): 65.9 | tokens/sec/GPU: 6491 | learning rate: 1.231235E-04 | global batch size:   256 | lm loss: 2.373921E+00 | loss scale: 1.0 | grad norm: 0.205 | number of skipped iterations:   0 | number of nan iterations:   0 |
7: [default3]: [2026-05-24 06:41:10.165217] iteration     1103/    2293 | consumed samples:       282368 | elapsed time per iteration (ms): 1414.1 | throughput per GPU (TFLOP/s/GPU): 235.4 | tokens/sec/GPU: 23173 | learning rate: 1.229951E-04 | global batch size:   256 | lm loss: 2.345966E+00 | loss scale: 1.0 | grad norm: 0.625 | number of skipped iterations:   0 | number of nan iterations:   0 |
7: [default3]: [2026-05-24 06:41:11.594617] iteration     1104/    2293 | consumed samples:       282624 | elapsed time per iteration (ms): 1429.2 | throughput per GPU (TFLOP/s/GPU): 232.9 | tokens/sec/GPU: 22928 | learning rate: 1.228667E-04 | global batch size:   256 | lm loss: 2.324460E+00 | loss scale: 1.0 | grad norm: 0.210 | number of skipped iterations:   0 | number of nan iterations:   0 |
7: [default3]: [2026-05-24 06:41:16.601957] iteration     1105/    2293 | consumed samples:       282880 | elapsed time per iteration (ms): 5007.1 | throughput per GPU (TFLOP/s/GPU): 66.5 | tokens/sec/GPU: 6544 | learning rate: 1.227383E-04 | global batch size:   256 | lm loss: 2.385273E+00 | loss scale: 1.0 | grad norm: 0.214 | number of skipped iterations:   0 | number of nan iterations:   0 |
7: [default3]: [2026-05-24 06:41:21.105919] iteration     1106/    2293 | consumed samples:       283136 | elapsed time per iteration (ms): 4503.5 | throughput per GPU (TFLOP/s/GPU): 73.9 | tokens/sec/GPU: 7276 | learning rate: 1.226098E-04 | global batch size:   256 | lm loss: 2.322445E+00 | loss scale: 1.0 | grad norm: 0.229 | number of skipped iterations:   0 | number of nan iterations:   0 |
7: [default3]: [2026-05-24 06:41:22.520112] iteration     1107/    2293 | consumed samples:       283392 | elapsed time per iteration (ms): 1414.0 | throughput per GPU (TFLOP/s/GPU): 235.4 | tokens/sec/GPU: 23174 | learning rate: 1.224813E-04 | global batch size:   256 | lm loss: 2.377478E+00 | loss scale: 1.0 | grad norm: 0.219 | number of skipped iterations:   0 | number of nan iterations:   0 |
7: [default3]: [2026-05-24 06:41:23.933404] iteration     1108/    2293 | consumed samples:       283648 | elapsed time per iteration (ms): 1413.1 | throughput per GPU (TFLOP/s/GPU): 235.5 | tokens/sec/GPU: 23189 | learning rate: 1.223528E-04 | global batch size:   256 | lm loss: 2.370876E+00 | loss scale: 1.0 | grad norm: 0.211 | number of skipped iterations:   0 | number of nan iterations:   0 |
7: [default3]: [2026-05-24 06:41:29.074196] iteration     1109/    2293 | consumed samples:       283904 | elapsed time per iteration (ms): 5140.0 | throughput per GPU (TFLOP/s/GPU): 64.8 | tokens/sec/GPU: 6375 | learning rate: 1.222243E-04 | global batch size:   256 | lm loss: 2.372411E+00 | loss scale: 1.0 | grad norm: 0.208 | number of skipped iterations:   0 | number of nan iterations:   0 |
7: [default3]: [2026-05-24 06:41:31.485829] iteration     1110/    2293 | consumed samples:       284160 | elapsed time per iteration (ms): 2411.4 | throughput per GPU (TFLOP/s/GPU): 138.0 | tokens/sec/GPU: 13589 | learning rate: 1.220957E-04 | global batch size:   256 | lm loss: 2.445434E+00 | loss scale: 1.0 | grad norm: 0.223 | number of skipped iterations:   0 | number of nan iterations:   0 |
7: [default3]: [2026-05-24 06:41:32.899465] iteration     1111/    2293 | consumed samples:       284416 | elapsed time per iteration (ms): 1413.5 | throughput per GPU (TFLOP/s/GPU): 235.5 | tokens/sec/GPU: 23183 | learning rate: 1.219671E-04 | global batch size:   256 | lm loss: 2.339372E+00 | loss scale: 1.0 | grad norm: 0.212 | number of skipped iterations:   0 | number of nan iterations:   0 |
7: [default3]: [2026-05-24 06:41:34.322005] iteration     1112/    2293 | consumed samples:       284672 | elapsed time per iteration (ms): 1422.3 | throughput per GPU (TFLOP/s/GPU): 234.0 | tokens/sec/GPU: 23039 | learning rate: 1.218385E-04 | global batch size:   256 | lm loss: 2.332166E+00 | loss scale: 1.0 | grad norm: 0.211 | number of skipped iterations:   0 | number of nan iterations:   0 |
7: [default3]: [2026-05-24 06:41:42.243603] iteration     1113/    2293 | consumed samples:       284928 | elapsed time per iteration (ms): 7921.1 | throughput per GPU (TFLOP/s/GPU): 42.0 | tokens/sec/GPU: 4137 | learning rate: 1.217098E-04 | global batch size:   256 | lm loss: 2.373266E+00 | loss scale: 1.0 | grad norm: 0.236 | number of skipped iterations:   0 | number of nan iterations:   0 |
7: [default3]: [2026-05-24 06:41:43.653200] iteration     1114/    2293 | consumed samples:       285184 | elapsed time per iteration (ms): 1409.4 | throughput per GPU (TFLOP/s/GPU): 236.2 | tokens/sec/GPU: 23250 | learning rate: 1.215812E-04 | global batch size:   256 | lm loss: 2.429080E+00 | loss scale: 1.0 | grad norm: 0.225 | number of skipped iterations:   0 | number of nan iterations:   0 |
7: [default3]: [2026-05-24 06:41:45.068762] iteration     1115/    2293 | consumed samples:       285440 | elapsed time per iteration (ms): 1415.3 | throughput per GPU (TFLOP/s/GPU): 235.2 | tokens/sec/GPU: 23153 | learning rate: 1.214525E-04 | global batch size:   256 | lm loss: 2.422461E+00 | loss scale: 1.0 | grad norm: 0.235 | number of skipped iterations:   0 | number of nan iterations:   0 |
7: [default3]: [2026-05-24 06:41:46.484645] iteration     1116/    2293 | consumed samples:       285696 | elapsed time per iteration (ms): 1415.6 | throughput per GPU (TFLOP/s/GPU): 235.1 | tokens/sec/GPU: 23147 | learning rate: 1.213238E-04 | global batch size:   256 | lm loss: 2.446015E+00 | loss scale: 1.0 | grad norm: 0.227 | number of skipped iterations:   0 | number of nan iterations:   0 |
7: [default3]: [2026-05-24 06:41:53.210944] iteration     1117/    2293 | consumed samples:       285952 | elapsed time per iteration (ms): 6726.1 | throughput per GPU (TFLOP/s/GPU): 49.5 | tokens/sec/GPU: 4872 | learning rate: 1.211950E-04 | global batch size:   256 | lm loss: 2.399605E+00 | loss scale: 1.0 | grad norm: 0.207 | number of skipped iterations:   0 | number of nan iterations:   0 |
7: [default3]: [2026-05-24 06:41:54.618326] iteration     1118/    2293 | consumed samples:       286208 | elapsed time per iteration (ms): 1407.2 | throughput per GPU (TFLOP/s/GPU): 236.5 | tokens/sec/GPU: 23286 | learning rate: 1.210663E-04 | global batch size:   256 | lm loss: 2.351193E+00 | loss scale: 1.0 | grad norm: 0.247 | number of skipped iterations:   0 | number of nan iterations:   0 |
7: [default3]: [2026-05-24 06:41:56.031327] iteration     1119/    2293 | consumed samples:       286464 | elapsed time per iteration (ms): 1412.8 | throughput per GPU (TFLOP/s/GPU): 235.6 | tokens/sec/GPU: 23194 | learning rate: 1.209375E-04 | global batch size:   256 | lm loss: 2.395396E+00 | loss scale: 1.0 | grad norm: 0.224 | number of skipped iterations:   0 | number of nan iterations:   0 |
7: [default3]: [2026-05-24 06:41:57.446456] iteration     1120/    2293 | consumed samples:       286720 | elapsed time per iteration (ms): 1414.9 | throughput per GPU (TFLOP/s/GPU): 235.2 | tokens/sec/GPU: 23159 | learning rate: 1.208087E-04 | global batch size:   256 | lm loss: 2.309157E+00 | loss scale: 1.0 | grad norm: 0.217 | number of skipped iterations:   0 | number of nan iterations:   0 |
7: [default3]: [2026-05-24 06:42:04.690419] iteration     1121/    2293 | consumed samples:       286976 | elapsed time per iteration (ms): 7243.8 | throughput per GPU (TFLOP/s/GPU): 45.9 | tokens/sec/GPU: 4524 | learning rate: 1.206798E-04 | global batch size:   256 | lm loss: 2.354280E+00 | loss scale: 1.0 | grad norm: 0.208 | number of skipped iterations:   0 | number of nan iterations:   0 |
7: [default3]: [2026-05-24 06:42:06.098769] iteration     1122/    2293 | consumed samples:       287232 | elapsed time per iteration (ms): 1408.2 | throughput per GPU (TFLOP/s/GPU): 236.4 | tokens/sec/GPU: 23270 | learning rate: 1.205510E-04 | global batch size:   256 | lm loss: 2.457609E+00 | loss scale: 1.0 | grad norm: 0.221 | number of skipped iterations:   0 | number of nan iterations:   0 |
7: [default3]: [2026-05-24 06:42:07.526098] iteration     1123/    2293 | consumed samples:       287488 | elapsed time per iteration (ms): 1426.9 | throughput per GPU (TFLOP/s/GPU): 233.3 | tokens/sec/GPU: 22965 | learning rate: 1.204221E-04 | global batch size:   256 | lm loss: 2.435613E+00 | loss scale: 1.0 | grad norm: 0.239 | number of skipped iterations:   0 | number of nan iterations:   0 |
7: [default3]: [2026-05-24 06:42:08.956646] iteration     1124/    2293 | consumed samples:       287744 | elapsed time per iteration (ms): 1430.3 | throughput per GPU (TFLOP/s/GPU): 232.7 | tokens/sec/GPU: 22909 | learning rate: 1.202932E-04 | global batch size:   256 | lm loss: 2.491797E+00 | loss scale: 1.0 | grad norm: 0.237 | number of skipped iterations:   0 | number of nan iterations:   0 |
7: [default3]: [2026-05-24 06:42:13.796361] iteration     1125/    2293 | consumed samples:       288000 | elapsed time per iteration (ms): 4839.5 | throughput per GPU (TFLOP/s/GPU): 68.8 | tokens/sec/GPU: 6771 | learning rate: 1.201643E-04 | global batch size:   256 | lm loss: 2.353883E+00 | loss scale: 1.0 | grad norm: 0.212 | number of skipped iterations:   0 | number of nan iterations:   0 |
7: [default3]: [2026-05-24 06:42:15.210739] iteration     1126/    2293 | consumed samples:       288256 | elapsed time per iteration (ms): 1414.1 | throughput per GPU (TFLOP/s/GPU): 235.4 | tokens/sec/GPU: 23172 | learning rate: 1.200354E-04 | global batch size:   256 | lm loss: 2.360542E+00 | loss scale: 1.0 | grad norm: 0.206 | number of skipped iterations:   0 | number of nan iterations:   0 |
7: [default3]: [2026-05-24 06:42:16.626958] iteration     1127/    2293 | consumed samples:       288512 | elapsed time per iteration (ms): 1416.0 | throughput per GPU (TFLOP/s/GPU): 235.1 | tokens/sec/GPU: 23142 | learning rate: 1.199064E-04 | global batch size:   256 | lm loss: 2.399465E+00 | loss scale: 1.0 | grad norm: 0.205 | number of skipped iterations:   0 | number of nan iterations:   0 |
7: [default3]: [2026-05-24 06:42:18.038168] iteration     1128/    2293 | consumed samples:       288768 | elapsed time per iteration (ms): 1411.0 | throughput per GPU (TFLOP/s/GPU): 235.9 | tokens/sec/GPU: 23223 | learning rate: 1.197774E-04 | global batch size:   256 | lm loss: 2.380212E+00 | loss scale: 1.0 | grad norm: 0.219 | number of skipped iterations:   0 | number of nan iterations:   0 |
7: [default3]: [2026-05-24 06:42:24.677836] iteration     1129/    2293 | consumed samples:       289024 | elapsed time per iteration (ms): 6639.5 | throughput per GPU (TFLOP/s/GPU): 50.1 | tokens/sec/GPU: 4935 | learning rate: 1.196484E-04 | global batch size:   256 | lm loss: 2.357961E+00 | loss scale: 1.0 | grad norm: 0.217 | number of skipped iterations:   0 | number of nan iterations:   0 |
7: [default3]: [2026-05-24 06:42:26.079589] iteration     1130/    2293 | consumed samples:       289280 | elapsed time per iteration (ms): 1401.5 | throughput per GPU (TFLOP/s/GPU): 237.5 | tokens/sec/GPU: 23381 | learning rate: 1.195194E-04 | global batch size:   256 | lm loss: 2.413359E+00 | loss scale: 1.0 | grad norm: 0.211 | number of skipped iterations:   0 | number of nan iterations:   0 |
7: [default3]: [2026-05-24 06:42:27.496751] iteration     1131/    2293 | consumed samples:       289536 | elapsed time per iteration (ms): 1416.9 | throughput per GPU (TFLOP/s/GPU): 234.9 | tokens/sec/GPU: 23126 | learning rate: 1.193904E-04 | global batch size:   256 | lm loss: 2.358328E+00 | loss scale: 1.0 | grad norm: 0.214 | number of skipped iterations:   0 | number of nan iterations:   0 |
7: [default3]: [2026-05-24 06:42:28.910554] iteration     1132/    2293 | consumed samples:       289792 | elapsed time per iteration (ms): 1413.6 | throughput per GPU (TFLOP/s/GPU): 235.5 | tokens/sec/GPU: 23181 | learning rate: 1.192613E-04 | global batch size:   256 | lm loss: 2.348575E+00 | loss scale: 1.0 | grad norm: 0.203 | number of skipped iterations:   0 | number of nan iterations:   0 |
7: [default3]: [2026-05-24 06:42:36.116061] iteration     1133/    2293 | consumed samples:       290048 | elapsed time per iteration (ms): 7205.3 | throughput per GPU (TFLOP/s/GPU): 46.2 | tokens/sec/GPU: 4548 | learning rate: 1.191322E-04 | global batch size:   256 | lm loss: 2.408624E+00 | loss scale: 1.0 | grad norm: 0.208 | number of skipped iterations:   0 | number of nan iterations:   0 |
7: [default3]: [2026-05-24 06:42:37.526893] iteration     1134/    2293 | consumed samples:       290304 | elapsed time per iteration (ms): 1410.6 | throughput per GPU (TFLOP/s/GPU): 236.0 | tokens/sec/GPU: 23230 | learning rate: 1.190031E-04 | global batch size:   256 | lm loss: 2.420026E+00 | loss scale: 1.0 | grad norm: 0.208 | number of skipped iterations:   0 | number of nan iterations:   0 |
7: [default3]: [2026-05-24 06:42:38.944276] iteration     1135/    2293 | consumed samples:       290560 | elapsed time per iteration (ms): 1417.2 | throughput per GPU (TFLOP/s/GPU): 234.9 | tokens/sec/GPU: 23122 | learning rate: 1.188740E-04 | global batch size:   256 | lm loss: 2.314140E+00 | loss scale: 1.0 | grad norm: 0.206 | number of skipped iterations:   0 | number of nan iterations:   0 |
7: [default3]: [2026-05-24 06:42:40.364384] iteration     1136/    2293 | consumed samples:       290816 | elapsed time per iteration (ms): 1419.9 | throughput per GPU (TFLOP/s/GPU): 234.4 | tokens/sec/GPU: 23078 | learning rate: 1.187449E-04 | global batch size:   256 | lm loss: 2.392979E+00 | loss scale: 1.0 | grad norm: 0.218 | number of skipped iterations:   0 | number of nan iterations:   0 |
7: [default3]: [2026-05-24 06:42:44.317134] iteration     1137/    2293 | consumed samples:       291072 | elapsed time per iteration (ms): 3952.6 | throughput per GPU (TFLOP/s/GPU): 84.2 | tokens/sec/GPU: 8290 | learning rate: 1.186157E-04 | global batch size:   256 | lm loss: 2.329959E+00 | loss scale: 1.0 | grad norm: 0.298 | number of skipped iterations:   0 | number of nan iterations:   0 |
7: [default3]: [2026-05-24 06:42:45.734193] iteration     1138/    2293 | consumed samples:       291328 | elapsed time per iteration (ms): 1416.8 | throughput per GPU (TFLOP/s/GPU): 234.9 | tokens/sec/GPU: 23128 | learning rate: 1.184865E-04 | global batch size:   256 | lm loss: 2.392476E+00 | loss scale: 1.0 | grad norm: 0.219 | number of skipped iterations:   0 | number of nan iterations:   0 |
7: [default3]: [2026-05-24 06:42:47.159444] iteration     1139/    2293 | consumed samples:       291584 | elapsed time per iteration (ms): 1425.0 | throughput per GPU (TFLOP/s/GPU): 233.6 | tokens/sec/GPU: 22995 | learning rate: 1.183574E-04 | global batch size:   256 | lm loss: 2.417283E+00 | loss scale: 1.0 | grad norm: 0.230 | number of skipped iterations:   0 | number of nan iterations:   0 |
7: [default3]: [2026-05-24 06:42:48.587002] iteration     1140/    2293 | consumed samples:       291840 | elapsed time per iteration (ms): 1427.3 | throughput per GPU (TFLOP/s/GPU): 233.2 | tokens/sec/GPU: 22958 | learning rate: 1.182281E-04 | global batch size:   256 | lm loss: 2.364281E+00 | loss scale: 1.0 | grad norm: 0.220 | number of skipped iterations:   0 | number of nan iterations:   0 |
7: [default3]: [2026-05-24 06:42:56.821316] iteration     1141/    2293 | consumed samples:       292096 | elapsed time per iteration (ms): 8234.1 | throughput per GPU (TFLOP/s/GPU): 40.4 | tokens/sec/GPU: 3980 | learning rate: 1.180989E-04 | global batch size:   256 | lm loss: 2.413994E+00 | loss scale: 1.0 | grad norm: 0.219 | number of skipped iterations:   0 | number of nan iterations:   0 |
7: [default3]: [2026-05-24 06:42:58.227388] iteration     1142/    2293 | consumed samples:       292352 | elapsed time per iteration (ms): 1405.9 | throughput per GPU (TFLOP/s/GPU): 236.7 | tokens/sec/GPU: 23308 | learning rate: 1.179697E-04 | global batch size:   256 | lm loss: 2.378242E+00 | loss scale: 1.0 | grad norm: 0.231 | number of skipped iterations:   0 | number of nan iterations:   0 |
7: [default3]: [2026-05-24 06:42:59.644551] iteration     1143/    2293 | consumed samples:       292608 | elapsed time per iteration (ms): 1417.0 | throughput per GPU (TFLOP/s/GPU): 234.9 | tokens/sec/GPU: 23126 | learning rate: 1.178404E-04 | global batch size:   256 | lm loss: 2.418283E+00 | loss scale: 1.0 | grad norm: 0.208 | number of skipped iterations:   0 | number of nan iterations:   0 |
7: [default3]: [2026-05-24 06:43:01.066185] iteration     1144/    2293 | consumed samples:       292864 | elapsed time per iteration (ms): 1421.4 | throughput per GPU (TFLOP/s/GPU): 234.2 | tokens/sec/GPU: 23054 | learning rate: 1.177112E-04 | global batch size:   256 | lm loss: 2.434426E+00 | loss scale: 1.0 | grad norm: 0.212 | number of skipped iterations:   0 | number of nan iterations:   0 |
7: [default3]: [2026-05-24 06:43:08.249009] iteration     1145/    2293 | consumed samples:       293120 | elapsed time per iteration (ms): 7182.6 | throughput per GPU (TFLOP/s/GPU): 46.3 | tokens/sec/GPU: 4562 | learning rate: 1.175819E-04 | global batch size:   256 | lm loss: 2.396028E+00 | loss scale: 1.0 | grad norm: 0.225 | number of skipped iterations:   0 | number of nan iterations:   0 |
7: [default3]: [2026-05-24 06:43:09.660314] iteration     1146/    2293 | consumed samples:       293376 | elapsed time per iteration (ms): 1411.1 | throughput per GPU (TFLOP/s/GPU): 235.9 | tokens/sec/GPU: 23222 | learning rate: 1.174526E-04 | global batch size:   256 | lm loss: 2.448396E+00 | loss scale: 1.0 | grad norm: 0.209 | number of skipped iterations:   0 | number of nan iterations:   0 |
7: [default3]: [2026-05-24 06:43:11.085051] iteration     1147/    2293 | consumed samples:       293632 | elapsed time per iteration (ms): 1424.4 | throughput per GPU (TFLOP/s/GPU): 233.7 | tokens/sec/GPU: 23004 | learning rate: 1.173232E-04 | global batch size:   256 | lm loss: 2.338240E+00 | loss scale: 1.0 | grad norm: 0.212 | number of skipped iterations:   0 | number of nan iterations:   0 |
7: [default3]: [2026-05-24 06:43:12.514820] iteration     1148/    2293 | consumed samples:       293888 | elapsed time per iteration (ms): 1429.5 | throughput per GPU (TFLOP/s/GPU): 232.8 | tokens/sec/GPU: 22922 | learning rate: 1.171939E-04 | global batch size:   256 | lm loss: 2.278912E+00 | loss scale: 1.0 | grad norm: 0.211 | number of skipped iterations:   0 | number of nan iterations:   0 |
7: [default3]: [2026-05-24 06:43:16.353656] iteration     1149/    2293 | consumed samples:       294144 | elapsed time per iteration (ms): 3838.6 | throughput per GPU (TFLOP/s/GPU): 86.7 | tokens/sec/GPU: 8536 | learning rate: 1.170646E-04 | global batch size:   256 | lm loss: 2.343075E+00 | loss scale: 1.0 | grad norm: 0.343 | number of skipped iterations:   0 | number of nan iterations:   0 |
7: [default3]: [2026-05-24 06:43:17.765275] iteration     1150/    2293 | consumed samples:       294400 | elapsed time per iteration (ms): 1411.4 | throughput per GPU (TFLOP/s/GPU): 235.8 | tokens/sec/GPU: 23217 | learning rate: 1.169352E-04 | global batch size:   256 | lm loss: 2.412394E+00 | loss scale: 1.0 | grad norm: 0.208 | number of skipped iterations:   0 | number of nan iterations:   0 |
7: [default3]: [2026-05-24 06:43:20.041246] iteration     1151/    2293 | consumed samples:       294656 | elapsed time per iteration (ms): 2275.8 | throughput per GPU (TFLOP/s/GPU): 146.3 | tokens/sec/GPU: 14399 | learning rate: 1.168058E-04 | global batch size:   256 | lm loss: 2.364019E+00 | loss scale: 1.0 | grad norm: 0.213 | number of skipped iterations:   0 | number of nan iterations:   0 |
7: [default3]: [2026-05-24 06:43:21.460660] iteration     1152/    2293 | consumed samples:       294912 | elapsed time per iteration (ms): 1419.2 | throughput per GPU (TFLOP/s/GPU): 234.5 | tokens/sec/GPU: 23089 | learning rate: 1.166764E-04 | global batch size:   256 | lm loss: 2.405789E+00 | loss scale: 1.0 | grad norm: 0.209 | number of skipped iterations:   0 | number of nan iterations:   0 |
7: [default3]: [2026-05-24 06:43:27.097656] iteration     1153/    2293 | consumed samples:       295168 | elapsed time per iteration (ms): 5636.8 | throughput per GPU (TFLOP/s/GPU): 59.0 | tokens/sec/GPU: 5813 | learning rate: 1.165470E-04 | global batch size:   256 | lm loss: 2.380460E+00 | loss scale: 1.0 | grad norm: 0.212 | number of skipped iterations:   0 | number of nan iterations:   0 |
7: [default3]: [2026-05-24 06:43:28.505663] iteration     1154/    2293 | consumed samples:       295424 | elapsed time per iteration (ms): 1407.8 | throughput per GPU (TFLOP/s/GPU): 236.4 | tokens/sec/GPU: 23276 | learning rate: 1.164176E-04 | global batch size:   256 | lm loss: 2.418984E+00 | loss scale: 1.0 | grad norm: 0.203 | number of skipped iterations:   0 | number of nan iterations:   0 |
7: [default3]: [2026-05-24 06:43:29.926406] iteration     1155/    2293 | consumed samples:       295680 | elapsed time per iteration (ms): 1420.5 | throughput per GPU (TFLOP/s/GPU): 234.3 | tokens/sec/GPU: 23068 | learning rate: 1.162882E-04 | global batch size:   256 | lm loss: 2.304626E+00 | loss scale: 1.0 | grad norm: 0.209 | number of skipped iterations:   0 | number of nan iterations:   0 |
7: [default3]: [2026-05-24 06:43:31.338371] iteration     1156/    2293 | consumed samples:       295936 | elapsed time per iteration (ms): 1411.7 | throughput per GPU (TFLOP/s/GPU): 235.8 | tokens/sec/GPU: 23211 | learning rate: 1.161587E-04 | global batch size:   256 | lm loss: 2.350364E+00 | loss scale: 1.0 | grad norm: 0.207 | number of skipped iterations:   0 | number of nan iterations:   0 |
7: [default3]: [2026-05-24 06:43:33.099409] iteration     1157/    2293 | consumed samples:       296192 | elapsed time per iteration (ms): 1760.8 | throughput per GPU (TFLOP/s/GPU): 189.0 | tokens/sec/GPU: 18609 | learning rate: 1.160292E-04 | global batch size:   256 | lm loss: 2.428410E+00 | loss scale: 1.0 | grad norm: 0.207 | number of skipped iterations:   0 | number of nan iterations:   0 |
7: [default3]: [2026-05-24 06:43:34.537060] iteration     1158/    2293 | consumed samples:       296448 | elapsed time per iteration (ms): 1437.4 | throughput per GPU (TFLOP/s/GPU): 231.6 | tokens/sec/GPU: 22797 | learning rate: 1.158998E-04 | global batch size:   256 | lm loss: 2.358729E+00 | loss scale: 1.0 | grad norm: 0.266 | number of skipped iterations:   0 | number of nan iterations:   0 |
7: [default3]: [2026-05-24 06:43:35.969154] iteration     1159/    2293 | consumed samples:       296704 | elapsed time per iteration (ms): 1431.6 | throughput per GPU (TFLOP/s/GPU): 232.5 | tokens/sec/GPU: 22889 | learning rate: 1.157703E-04 | global batch size:   256 | lm loss: 2.372797E+00 | loss scale: 1.0 | grad norm: 0.214 | number of skipped iterations:   0 | number of nan iterations:   0 |
7: [default3]: [2026-05-24 06:43:41.346544] iteration     1160/    2293 | consumed samples:       296960 | elapsed time per iteration (ms): 5377.2 | throughput per GPU (TFLOP/s/GPU): 61.9 | tokens/sec/GPU: 6094 | learning rate: 1.156408E-04 | global batch size:   256 | lm loss: 2.336553E+00 | loss scale: 1.0 | grad norm: 0.205 | number of skipped iterations:   0 | number of nan iterations:   0 |
7: [default3]: [2026-05-24 06:43:53.234806] iteration     1161/    2293 | consumed samples:       297216 | elapsed time per iteration (ms): 11888.1 | throughput per GPU (TFLOP/s/GPU): 28.0 | tokens/sec/GPU: 2756 | learning rate: 1.155113E-04 | global batch size:   256 | lm loss: 2.381120E+00 | loss scale: 1.0 | grad norm: 0.204 | number of skipped iterations:   0 | number of nan iterations:   0 |
7: [default3]: [2026-05-24 06:43:54.638166] iteration     1162/    2293 | consumed samples:       297472 | elapsed time per iteration (ms): 1403.1 | throughput per GPU (TFLOP/s/GPU): 237.2 | tokens/sec/GPU: 23354 | learning rate: 1.153818E-04 | global batch size:   256 | lm loss: 2.413883E+00 | loss scale: 1.0 | grad norm: 0.209 | number of skipped iterations:   0 | number of nan iterations:   0 |
7: [default3]: [2026-05-24 06:43:56.051831] iteration     1163/    2293 | consumed samples:       297728 | elapsed time per iteration (ms): 1413.2 | throughput per GPU (TFLOP/s/GPU): 235.5 | tokens/sec/GPU: 23186 | learning rate: 1.152522E-04 | global batch size:   256 | lm loss: 2.413984E+00 | loss scale: 1.0 | grad norm: 0.213 | number of skipped iterations:   0 | number of nan iterations:   0 |
7: [default3]: [2026-05-24 06:43:59.583536] iteration     1164/    2293 | consumed samples:       297984 | elapsed time per iteration (ms): 3531.5 | throughput per GPU (TFLOP/s/GPU): 94.2 | tokens/sec/GPU: 9279 | learning rate: 1.151227E-04 | global batch size:   256 | lm loss: 2.302676E+00 | loss scale: 1.0 | grad norm: 0.212 | number of skipped iterations:   0 | number of nan iterations:   0 |
7: [default3]: [2026-05-24 06:44:10.248258] iteration     1165/    2293 | consumed samples:       298240 | elapsed time per iteration (ms): 10664.2 | throughput per GPU (TFLOP/s/GPU): 31.2 | tokens/sec/GPU: 3073 | learning rate: 1.149931E-04 | global batch size:   256 | lm loss: 2.477981E+00 | loss scale: 1.0 | grad norm: 0.226 | number of skipped iterations:   0 | number of nan iterations:   0 |
7: [default3]: [2026-05-24 06:44:11.662332] iteration     1166/    2293 | consumed samples:       298496 | elapsed time per iteration (ms): 1413.8 | throughput per GPU (TFLOP/s/GPU): 235.4 | tokens/sec/GPU: 23177 | learning rate: 1.148636E-04 | global batch size:   256 | lm loss: 2.464610E+00 | loss scale: 1.0 | grad norm: 0.245 | number of skipped iterations:   0 | number of nan iterations:   0 |
7: [default3]: [2026-05-24 06:44:13.065684] iteration     1167/    2293 | consumed samples:       298752 | elapsed time per iteration (ms): 1403.1 | throughput per GPU (TFLOP/s/GPU): 237.2 | tokens/sec/GPU: 23354 | learning rate: 1.147340E-04 | global batch size:   256 | lm loss: 2.310478E+00 | loss scale: 1.0 | grad norm: 0.200 | number of skipped iterations:   0 | number of nan iterations:   0 |
7: [default3]: [2026-05-24 06:44:17.934597] iteration     1168/    2293 | consumed samples:       299008 | elapsed time per iteration (ms): 4868.4 | throughput per GPU (TFLOP/s/GPU): 68.4 | tokens/sec/GPU: 6731 | learning rate: 1.146044E-04 | global batch size:   256 | lm loss: 2.357896E+00 | loss scale: 1.0 | grad norm: 0.209 | number of skipped iterations:   0 | number of nan iterations:   0 |
7: [default3]: [2026-05-24 06:44:19.692792] iteration     1169/    2293 | consumed samples:       299264 | elapsed time per iteration (ms): 1757.9 | throughput per GPU (TFLOP/s/GPU): 189.3 | tokens/sec/GPU: 18640 | learning rate: 1.144748E-04 | global batch size:   256 | lm loss: 2.424846E+00 | loss scale: 1.0 | grad norm: 0.206 | number of skipped iterations:   0 | number of nan iterations:   0 |
7: [default3]: [2026-05-24 06:44:21.108821] iteration     1170/    2293 | consumed samples:       299520 | elapsed time per iteration (ms): 1415.9 | throughput per GPU (TFLOP/s/GPU): 235.1 | tokens/sec/GPU: 23144 | learning rate: 1.143452E-04 | global batch size:   256 | lm loss: 2.363590E+00 | loss scale: 1.0 | grad norm: 0.204 | number of skipped iterations:   0 | number of nan iterations:   0 |
7: [default3]: [2026-05-24 06:44:22.525991] iteration     1171/    2293 | consumed samples:       299776 | elapsed time per iteration (ms): 1416.9 | throughput per GPU (TFLOP/s/GPU): 234.9 | tokens/sec/GPU: 23126 | learning rate: 1.142156E-04 | global batch size:   256 | lm loss: 2.318090E+00 | loss scale: 1.0 | grad norm: 0.211 | number of skipped iterations:   0 | number of nan iterations:   0 |
7: [default3]: [2026-05-24 06:44:23.950052] iteration     1172/    2293 | consumed samples:       300032 | elapsed time per iteration (ms): 1423.8 | throughput per GPU (TFLOP/s/GPU): 233.8 | tokens/sec/GPU: 23014 | learning rate: 1.140860E-04 | global batch size:   256 | lm loss: 2.435462E+00 | loss scale: 1.0 | grad norm: 0.226 | number of skipped iterations:   0 | number of nan iterations:   0 |
7: [default3]: [2026-05-24 06:44:28.429972] iteration     1173/    2293 | consumed samples:       300288 | elapsed time per iteration (ms): 4479.7 | throughput per GPU (TFLOP/s/GPU): 74.3 | tokens/sec/GPU: 7315 | learning rate: 1.139564E-04 | global batch size:   256 | lm loss: 2.409220E+00 | loss scale: 1.0 | grad norm: 0.203 | number of skipped iterations:   0 | number of nan iterations:   0 |
7: [default3]: [2026-05-24 06:44:29.835064] iteration     1174/    2293 | consumed samples:       300544 | elapsed time per iteration (ms): 1404.6 | throughput per GPU (TFLOP/s/GPU): 237.0 | tokens/sec/GPU: 23329 | learning rate: 1.138267E-04 | global batch size:   256 | lm loss: 2.362040E+00 | loss scale: 1.0 | grad norm: 0.208 | number of skipped iterations:   0 | number of nan iterations:   0 |
7: [default3]: [2026-05-24 06:44:31.253507] iteration     1175/    2293 | consumed samples:       300800 | elapsed time per iteration (ms): 1418.0 | throughput per GPU (TFLOP/s/GPU): 234.7 | tokens/sec/GPU: 23108 | learning rate: 1.136971E-04 | global batch size:   256 | lm loss: 2.397011E+00 | loss scale: 1.0 | grad norm: 0.212 | number of skipped iterations:   0 | number of nan iterations:   0 |
7: [default3]: [2026-05-24 06:44:32.691776] iteration     1176/    2293 | consumed samples:       301056 | elapsed time per iteration (ms): 1437.8 | throughput per GPU (TFLOP/s/GPU): 231.5 | tokens/sec/GPU: 22791 | learning rate: 1.135674E-04 | global batch size:   256 | lm loss: 2.382174E+00 | loss scale: 1.0 | grad norm: 0.208 | number of skipped iterations:   0 | number of nan iterations:   0 |
7: [default3]: [2026-05-24 06:44:35.754885] iteration     1177/    2293 | consumed samples:       301312 | elapsed time per iteration (ms): 3062.5 | throughput per GPU (TFLOP/s/GPU): 108.7 | tokens/sec/GPU: 10700 | learning rate: 1.134378E-04 | global batch size:   256 | lm loss: 2.374620E+00 | loss scale: 1.0 | grad norm: 0.206 | number of skipped iterations:   0 | number of nan iterations:   0 |
7: [default3]: [2026-05-24 06:44:37.160672] iteration     1178/    2293 | consumed samples:       301568 | elapsed time per iteration (ms): 1405.5 | throughput per GPU (TFLOP/s/GPU): 236.8 | tokens/sec/GPU: 23315 | learning rate: 1.133081E-04 | global batch size:   256 | lm loss: 2.407095E+00 | loss scale: 1.0 | grad norm: 0.209 | number of skipped iterations:   0 | number of nan iterations:   0 |
7: [default3]: [2026-05-24 06:44:38.570484] iteration     1179/    2293 | consumed samples:       301824 | elapsed time per iteration (ms): 1409.6 | throughput per GPU (TFLOP/s/GPU): 236.1 | tokens/sec/GPU: 23246 | learning rate: 1.131784E-04 | global batch size:   256 | lm loss: 2.363595E+00 | loss scale: 1.0 | grad norm: 0.211 | number of skipped iterations:   0 | number of nan iterations:   0 |
7: [default3]: [2026-05-24 06:44:39.981340] iteration     1180/    2293 | consumed samples:       302080 | elapsed time per iteration (ms): 1410.6 | throughput per GPU (TFLOP/s/GPU): 235.9 | tokens/sec/GPU: 23229 | learning rate: 1.130487E-04 | global batch size:   256 | lm loss: 2.376687E+00 | loss scale: 1.0 | grad norm: 0.208 | number of skipped iterations:   0 | number of nan iterations:   0 |
7: [default3]: [2026-05-24 06:44:43.869673] iteration     1181/    2293 | consumed samples:       302336 | elapsed time per iteration (ms): 3888.1 | throughput per GPU (TFLOP/s/GPU): 85.6 | tokens/sec/GPU: 8428 | learning rate: 1.129190E-04 | global batch size:   256 | lm loss: 2.352181E+00 | loss scale: 1.0 | grad norm: 0.218 | number of skipped iterations:   0 | number of nan iterations:   0 |
7: [default3]: [2026-05-24 06:44:45.278958] iteration     1182/    2293 | consumed samples:       302592 | elapsed time per iteration (ms): 1408.9 | throughput per GPU (TFLOP/s/GPU): 236.2 | tokens/sec/GPU: 23258 | learning rate: 1.127894E-04 | global batch size:   256 | lm loss: 2.408476E+00 | loss scale: 1.0 | grad norm: 0.212 | number of skipped iterations:   0 | number of nan iterations:   0 |
7: [default3]: [2026-05-24 06:44:46.707043] iteration     1183/    2293 | consumed samples:       302848 | elapsed time per iteration (ms): 1427.9 | throughput per GPU (TFLOP/s/GPU): 233.1 | tokens/sec/GPU: 22949 | learning rate: 1.126597E-04 | global batch size:   256 | lm loss: 2.361868E+00 | loss scale: 1.0 | grad norm: 0.217 | number of skipped iterations:   0 | number of nan iterations:   0 |
7: [default3]: [2026-05-24 06:44:48.115422] iteration     1184/    2293 | consumed samples:       303104 | elapsed time per iteration (ms): 1408.2 | throughput per GPU (TFLOP/s/GPU): 236.4 | tokens/sec/GPU: 23270 | learning rate: 1.125300E-04 | global batch size:   256 | lm loss: 2.380572E+00 | loss scale: 1.0 | grad norm: 0.207 | number of skipped iterations:   0 | number of nan iterations:   0 |
7: [default3]: [2026-05-24 06:44:49.587236] iteration     1185/    2293 | consumed samples:       303360 | elapsed time per iteration (ms): 1471.5 | throughput per GPU (TFLOP/s/GPU): 226.2 | tokens/sec/GPU: 22268 | learning rate: 1.124002E-04 | global batch size:   256 | lm loss: 2.431128E+00 | loss scale: 1.0 | grad norm: 0.206 | number of skipped iterations:   0 | number of nan iterations:   0 |
7: [default3]: [2026-05-24 06:44:50.999615] iteration     1186/    2293 | consumed samples:       303616 | elapsed time per iteration (ms): 1412.2 | throughput per GPU (TFLOP/s/GPU): 235.7 | tokens/sec/GPU: 23204 | learning rate: 1.122705E-04 | global batch size:   256 | lm loss: 2.283942E+00 | loss scale: 1.0 | grad norm: 0.230 | number of skipped iterations:   0 | number of nan iterations:   0 |
7: [default3]: [2026-05-24 06:44:52.725295] iteration     1187/    2293 | consumed samples:       303872 | elapsed time per iteration (ms): 1725.5 | throughput per GPU (TFLOP/s/GPU): 192.9 | tokens/sec/GPU: 18991 | learning rate: 1.121408E-04 | global batch size:   256 | lm loss: 2.307013E+00 | loss scale: 1.0 | grad norm: 0.200 | number of skipped iterations:   0 | number of nan iterations:   0 |
7: [default3]: [2026-05-24 06:44:56.406143] iteration     1188/    2293 | consumed samples:       304128 | elapsed time per iteration (ms): 3680.6 | throughput per GPU (TFLOP/s/GPU): 90.4 | tokens/sec/GPU: 8903 | learning rate: 1.120111E-04 | global batch size:   256 | lm loss: 2.314372E+00 | loss scale: 1.0 | grad norm: 0.242 | number of skipped iterations:   0 | number of nan iterations:   0 |
7: [default3]: [2026-05-24 06:44:57.815431] iteration     1189/    2293 | consumed samples:       304384 | elapsed time per iteration (ms): 1409.1 | throughput per GPU (TFLOP/s/GPU): 236.2 | tokens/sec/GPU: 23255 | learning rate: 1.118814E-04 | global batch size:   256 | lm loss: 2.397641E+00 | loss scale: 1.0 | grad norm: 0.210 | number of skipped iterations:   0 | number of nan iterations:   0 |
7: [default3]: [2026-05-24 06:45:00.087661] iteration     1190/    2293 | consumed samples:       304640 | elapsed time per iteration (ms): 2272.0 | throughput per GPU (TFLOP/s/GPU): 146.5 | tokens/sec/GPU: 14423 | learning rate: 1.117516E-04 | global batch size:   256 | lm loss: 2.433089E+00 | loss scale: 1.0 | grad norm: 0.204 | number of skipped iterations:   0 | number of nan iterations:   0 |
7: [default3]: [2026-05-24 06:45:02.542546] iteration     1191/    2293 | consumed samples:       304896 | elapsed time per iteration (ms): 2454.4 | throughput per GPU (TFLOP/s/GPU): 135.6 | tokens/sec/GPU: 13351 | learning rate: 1.116219E-04 | global batch size:   256 | lm loss: 2.412488E+00 | loss scale: 1.0 | grad norm: 0.285 | number of skipped iterations:   0 | number of nan iterations:   0 |
7: [default3]: [2026-05-24 06:45:07.341800] iteration     1192/    2293 | consumed samples:       305152 | elapsed time per iteration (ms): 4798.7 | throughput per GPU (TFLOP/s/GPU): 69.4 | tokens/sec/GPU: 6828 | learning rate: 1.114922E-04 | global batch size:   256 | lm loss: 2.380913E+00 | loss scale: 1.0 | grad norm: 0.218 | number of skipped iterations:   0 | number of nan iterations:   0 |
7: [default3]: [2026-05-24 06:45:08.770451] iteration     1193/    2293 | consumed samples:       305408 | elapsed time per iteration (ms): 1428.2 | throughput per GPU (TFLOP/s/GPU): 233.0 | tokens/sec/GPU: 22943 | learning rate: 1.113624E-04 | global batch size:   256 | lm loss: 2.396353E+00 | loss scale: 1.0 | grad norm: 0.217 | number of skipped iterations:   0 | number of nan iterations:   0 |
7: [default3]: [2026-05-24 06:45:10.193566] iteration     1194/    2293 | consumed samples:       305664 | elapsed time per iteration (ms): 1422.9 | throughput per GPU (TFLOP/s/GPU): 233.9 | tokens/sec/GPU: 23029 | learning rate: 1.112327E-04 | global batch size:   256 | lm loss: 2.359977E+00 | loss scale: 1.0 | grad norm: 0.211 | number of skipped iterations:   0 | number of nan iterations:   0 |
7: [default3]: [2026-05-24 06:45:13.727239] iteration     1195/    2293 | consumed samples:       305920 | elapsed time per iteration (ms): 3533.4 | throughput per GPU (TFLOP/s/GPU): 94.2 | tokens/sec/GPU: 9274 | learning rate: 1.111029E-04 | global batch size:   256 | lm loss: 2.374484E+00 | loss scale: 1.0 | grad norm: 0.198 | number of skipped iterations:   0 | number of nan iterations:   0 |
7: [default3]: [2026-05-24 06:45:15.139100] iteration     1196/    2293 | consumed samples:       306176 | elapsed time per iteration (ms): 1411.6 | throughput per GPU (TFLOP/s/GPU): 235.8 | tokens/sec/GPU: 23213 | learning rate: 1.109732E-04 | global batch size:   256 | lm loss: 2.357061E+00 | loss scale: 1.0 | grad norm: 0.203 | number of skipped iterations:   0 | number of nan iterations:   0 |
7: [default3]: [2026-05-24 06:45:16.560648] iteration     1197/    2293 | consumed samples:       306432 | elapsed time per iteration (ms): 1421.3 | throughput per GPU (TFLOP/s/GPU): 234.2 | tokens/sec/GPU: 23054 | learning rate: 1.108434E-04 | global batch size:   256 | lm loss: 2.395036E+00 | loss scale: 1.0 | grad norm: 0.204 | number of skipped iterations:   0 | number of nan iterations:   0 |
7: [default3]: [2026-05-24 06:45:17.987885] iteration     1198/    2293 | consumed samples:       306688 | elapsed time per iteration (ms): 1426.9 | throughput per GPU (TFLOP/s/GPU): 233.3 | tokens/sec/GPU: 22964 | learning rate: 1.107137E-04 | global batch size:   256 | lm loss: 2.406183E+00 | loss scale: 1.0 | grad norm: 0.211 | number of skipped iterations:   0 | number of nan iterations:   0 |
7: [default3]: [2026-05-24 06:45:24.072983] iteration     1199/    2293 | consumed samples:       306944 | elapsed time per iteration (ms): 6084.9 | throughput per GPU (TFLOP/s/GPU): 54.7 | tokens/sec/GPU: 5385 | learning rate: 1.105839E-04 | global batch size:   256 | lm loss: 2.317810E+00 | loss scale: 1.0 | grad norm: 0.227 | number of skipped iterations:   0 | number of nan iterations:   0 |
7: [default3]: [2026-05-24 06:45:25.490180] iteration     1200/    2293 | consumed samples:       307200 | elapsed time per iteration (ms): 1417.0 | throughput per GPU (TFLOP/s/GPU): 234.9 | tokens/sec/GPU: 23125 | learning rate: 1.104542E-04 | global batch size:   256 | lm loss: 2.458460E+00 | loss scale: 1.0 | grad norm: 0.204 | number of skipped iterations:   0 | number of nan iterations:   0 |
7: [default3]: [2026-05-24 06:45:27.750845] iteration     1201/    2293 | consumed samples:       307456 | elapsed time per iteration (ms): 2260.5 | throughput per GPU (TFLOP/s/GPU): 147.2 | tokens/sec/GPU: 14496 | learning rate: 1.103244E-04 | global batch size:   256 | lm loss: 2.371789E+00 | loss scale: 1.0 | grad norm: 0.207 | number of skipped iterations:   0 | number of nan iterations:   0 |
7: [default3]: [2026-05-24 06:45:29.179026] iteration     1202/    2293 | consumed samples:       307712 | elapsed time per iteration (ms): 1427.9 | throughput per GPU (TFLOP/s/GPU): 233.1 | tokens/sec/GPU: 22948 | learning rate: 1.101946E-04 | global batch size:   256 | lm loss: 2.323378E+00 | loss scale: 1.0 | grad norm: 0.225 | number of skipped iterations:   0 | number of nan iterations:   0 |
7: [default3]: [2026-05-24 06:45:32.580176] iteration     1203/    2293 | consumed samples:       307968 | elapsed time per iteration (ms): 3400.6 | throughput per GPU (TFLOP/s/GPU): 97.9 | tokens/sec/GPU: 9636 | learning rate: 1.100649E-04 | global batch size:   256 | lm loss: 2.385933E+00 | loss scale: 1.0 | grad norm: 0.207 | number of skipped iterations:   0 | number of nan iterations:   0 |
7: [default3]: [2026-05-24 06:45:34.000133] iteration     1204/    2293 | consumed samples:       308224 | elapsed time per iteration (ms): 1419.7 | throughput per GPU (TFLOP/s/GPU): 234.4 | tokens/sec/GPU: 23081 | learning rate: 1.099351E-04 | global batch size:   256 | lm loss: 2.413263E+00 | loss scale: 1.0 | grad norm: 0.207 | number of skipped iterations:   0 | number of nan iterations:   0 |
7: [default3]: [2026-05-24 06:45:35.415621] iteration     1205/    2293 | consumed samples:       308480 | elapsed time per iteration (ms): 1415.3 | throughput per GPU (TFLOP/s/GPU): 235.2 | tokens/sec/GPU: 23153 | learning rate: 1.098054E-04 | global batch size:   256 | lm loss: 2.369962E+00 | loss scale: 1.0 | grad norm: 0.208 | number of skipped iterations:   0 | number of nan iterations:   0 |
7: [default3]: [2026-05-24 06:45:36.840534] iteration     1206/    2293 | consumed samples:       308736 | elapsed time per iteration (ms): 1424.7 | throughput per GPU (TFLOP/s/GPU): 233.6 | tokens/sec/GPU: 23000 | learning rate: 1.096756E-04 | global batch size:   256 | lm loss: 2.418843E+00 | loss scale: 1.0 | grad norm: 0.213 | number of skipped iterations:   0 | number of nan iterations:   0 |
7: [default3]: [2026-05-24 06:45:42.974477] iteration     1207/    2293 | consumed samples:       308992 | elapsed time per iteration (ms): 6133.7 | throughput per GPU (TFLOP/s/GPU): 54.3 | tokens/sec/GPU: 5342 | learning rate: 1.095459E-04 | global batch size:   256 | lm loss: 2.351431E+00 | loss scale: 1.0 | grad norm: 0.209 | number of skipped iterations:   0 | number of nan iterations:   0 |
7: [default3]: [2026-05-24 06:45:44.372035] iteration     1208/    2293 | consumed samples:       309248 | elapsed time per iteration (ms): 1397.3 | throughput per GPU (TFLOP/s/GPU): 238.2 | tokens/sec/GPU: 23451 | learning rate: 1.094161E-04 | global batch size:   256 | lm loss: 2.326907E+00 | loss scale: 1.0 | grad norm: 0.202 | number of skipped iterations:   0 | number of nan iterations:   0 |
7: [default3]: [2026-05-24 06:45:45.794388] iteration     1209/    2293 | consumed samples:       309504 | elapsed time per iteration (ms): 1421.7 | throughput per GPU (TFLOP/s/GPU): 234.1 | tokens/sec/GPU: 23048 | learning rate: 1.092863E-04 | global batch size:   256 | lm loss: 2.272276E+00 | loss scale: 1.0 | grad norm: 0.204 | number of skipped iterations:   0 | number of nan iterations:   0 |
7: [default3]: [2026-05-24 06:45:47.227892] iteration     1210/    2293 | consumed samples:       309760 | elapsed time per iteration (ms): 1433.3 | throughput per GPU (TFLOP/s/GPU): 232.2 | tokens/sec/GPU: 22862 | learning rate: 1.091566E-04 | global batch size:   256 | lm loss: 2.407275E+00 | loss scale: 1.0 | grad norm: 0.219 | number of skipped iterations:   0 | number of nan iterations:   0 |
7: [default3]: [2026-05-24 06:45:52.674921] iteration     1211/    2293 | consumed samples:       310016 | elapsed time per iteration (ms): 5446.5 | throughput per GPU (TFLOP/s/GPU): 61.1 | tokens/sec/GPU: 6016 | learning rate: 1.090268E-04 | global batch size:   256 | lm loss: 2.404477E+00 | loss scale: 1.0 | grad norm: 1.260 | number of skipped iterations:   0 | number of nan iterations:   0 |
7: [default3]: [2026-05-24 06:45:54.079691] iteration     1212/    2293 | consumed samples:       310272 | elapsed time per iteration (ms): 1404.6 | throughput per GPU (TFLOP/s/GPU): 237.0 | tokens/sec/GPU: 23330 | learning rate: 1.088971E-04 | global batch size:   256 | lm loss: 2.466599E+00 | loss scale: 1.0 | grad norm: 0.352 | number of skipped iterations:   0 | number of nan iterations:   0 |
7: [default3]: [2026-05-24 06:45:55.512261] iteration     1213/    2293 | consumed samples:       310528 | elapsed time per iteration (ms): 1432.3 | throughput per GPU (TFLOP/s/GPU): 232.4 | tokens/sec/GPU: 22877 | learning rate: 1.087673E-04 | global batch size:   256 | lm loss: 2.361494E+00 | loss scale: 1.0 | grad norm: 0.211 | number of skipped iterations:   0 | number of nan iterations:   0 |
7: [default3]: [2026-05-24 06:45:56.947548] iteration     1214/    2293 | consumed samples:       310784 | elapsed time per iteration (ms): 1435.0 | throughput per GPU (TFLOP/s/GPU): 231.9 | tokens/sec/GPU: 22834 | learning rate: 1.086376E-04 | global batch size:   256 | lm loss: 2.455178E+00 | loss scale: 1.0 | grad norm: 0.212 | number of skipped iterations:   0 | number of nan iterations:   0 |
7: [default3]: [2026-05-24 06:46:00.362158] iteration     1215/    2293 | consumed samples:       311040 | elapsed time per iteration (ms): 3414.4 | throughput per GPU (TFLOP/s/GPU): 97.5 | tokens/sec/GPU: 9597 | learning rate: 1.085078E-04 | global batch size:   256 | lm loss: 2.372266E+00 | loss scale: 1.0 | grad norm: 0.207 | number of skipped iterations:   0 | number of nan iterations:   0 |
7: [default3]: [2026-05-24 06:46:01.778145] iteration     1216/    2293 | consumed samples:       311296 | elapsed time per iteration (ms): 1415.7 | throughput per GPU (TFLOP/s/GPU): 235.1 | tokens/sec/GPU: 23146 | learning rate: 1.083781E-04 | global batch size:   256 | lm loss: 2.421075E+00 | loss scale: 1.0 | grad norm: 0.218 | number of skipped iterations:   0 | number of nan iterations:   0 |
7: [default3]: [2026-05-24 06:46:03.195856] iteration     1217/    2293 | consumed samples:       311552 | elapsed time per iteration (ms): 1417.4 | throughput per GPU (TFLOP/s/GPU): 234.8 | tokens/sec/GPU: 23118 | learning rate: 1.082484E-04 | global batch size:   256 | lm loss: 2.292054E+00 | loss scale: 1.0 | grad norm: 0.209 | number of skipped iterations:   0 | number of nan iterations:   0 |
7: [default3]: [2026-05-24 06:46:04.623406] iteration     1218/    2293 | consumed samples:       311808 | elapsed time per iteration (ms): 1427.3 | throughput per GPU (TFLOP/s/GPU): 233.2 | tokens/sec/GPU: 22958 | learning rate: 1.081186E-04 | global batch size:   256 | lm loss: 2.336534E+00 | loss scale: 1.0 | grad norm: 0.206 | number of skipped iterations:   0 | number of nan iterations:   0 |
7: [default3]: [2026-05-24 06:46:08.637553] iteration     1219/    2293 | consumed samples:       312064 | elapsed time per iteration (ms): 4013.9 | throughput per GPU (TFLOP/s/GPU): 82.9 | tokens/sec/GPU: 8164 | learning rate: 1.079889E-04 | global batch size:   256 | lm loss: 2.353798E+00 | loss scale: 1.0 | grad norm: 0.200 | number of skipped iterations:   0 | number of nan iterations:   0 |
7: [default3]: [2026-05-24 06:46:10.049102] iteration     1220/    2293 | consumed samples:       312320 | elapsed time per iteration (ms): 1411.2 | throughput per GPU (TFLOP/s/GPU): 235.9 | tokens/sec/GPU: 23220 | learning rate: 1.078592E-04 | global batch size:   256 | lm loss: 2.375757E+00 | loss scale: 1.0 | grad norm: 0.209 | number of skipped iterations:   0 | number of nan iterations:   0 |
7: [default3]: [2026-05-24 06:46:15.294876] iteration     1221/    2293 | consumed samples:       312576 | elapsed time per iteration (ms): 5245.5 | throughput per GPU (TFLOP/s/GPU): 63.5 | tokens/sec/GPU: 6247 | learning rate: 1.077295E-04 | global batch size:   256 | lm loss: 2.404283E+00 | loss scale: 1.0 | grad norm: 0.201 | number of skipped iterations:   0 | number of nan iterations:   0 |
7: [default3]: [2026-05-24 06:46:16.715857] iteration     1222/    2293 | consumed samples:       312832 | elapsed time per iteration (ms): 1420.8 | throughput per GPU (TFLOP/s/GPU): 234.3 | tokens/sec/GPU: 23063 | learning rate: 1.075998E-04 | global batch size:   256 | lm loss: 2.431918E+00 | loss scale: 1.0 | grad norm: 0.206 | number of skipped iterations:   0 | number of nan iterations:   0 |
7: [default3]: [2026-05-24 06:46:18.257183] iteration     1223/    2293 | consumed samples:       313088 | elapsed time per iteration (ms): 1540.8 | throughput per GPU (TFLOP/s/GPU): 216.0 | tokens/sec/GPU: 21267 | learning rate: 1.074700E-04 | global batch size:   256 | lm loss: 2.413576E+00 | loss scale: 1.0 | grad norm: 0.215 | number of skipped iterations:   0 | number of nan iterations:   0 |
7: [default3]: [2026-05-24 06:46:19.669450] iteration     1224/    2293 | consumed samples:       313344 | elapsed time per iteration (ms): 1412.1 | throughput per GPU (TFLOP/s/GPU): 235.7 | tokens/sec/GPU: 23205 | learning rate: 1.073403E-04 | global batch size:   256 | lm loss: 2.349633E+00 | loss scale: 1.0 | grad norm: 0.203 | number of skipped iterations:   0 | number of nan iterations:   0 |
7: [default3]: [2026-05-24 06:46:25.494948] iteration     1225/    2293 | consumed samples:       313600 | elapsed time per iteration (ms): 5825.2 | throughput per GPU (TFLOP/s/GPU): 57.1 | tokens/sec/GPU: 5625 | learning rate: 1.072106E-04 | global batch size:   256 | lm loss: 2.355649E+00 | loss scale: 1.0 | grad norm: 0.197 | number of skipped iterations:   0 | number of nan iterations:   0 |
7: [default3]: [2026-05-24 06:46:26.916001] iteration     1226/    2293 | consumed samples:       313856 | elapsed time per iteration (ms): 1420.9 | throughput per GPU (TFLOP/s/GPU): 234.2 | tokens/sec/GPU: 23062 | learning rate: 1.070810E-04 | global batch size:   256 | lm loss: 2.403831E+00 | loss scale: 1.0 | grad norm: 0.211 | number of skipped iterations:   0 | number of nan iterations:   0 |
7: [default3]: [2026-05-24 06:46:28.748574] iteration     1227/    2293 | consumed samples:       314112 | elapsed time per iteration (ms): 1832.0 | throughput per GPU (TFLOP/s/GPU): 181.7 | tokens/sec/GPU: 17886 | learning rate: 1.069513E-04 | global batch size:   256 | lm loss: 2.394509E+00 | loss scale: 1.0 | grad norm: 0.201 | number of skipped iterations:   0 | number of nan iterations:   0 |
7: [default3]: [2026-05-24 06:46:30.177030] iteration     1228/    2293 | consumed samples:       314368 | elapsed time per iteration (ms): 1428.2 | throughput per GPU (TFLOP/s/GPU): 233.0 | tokens/sec/GPU: 22944 | learning rate: 1.068216E-04 | global batch size:   256 | lm loss: 2.344282E+00 | loss scale: 1.0 | grad norm: 0.204 | number of skipped iterations:   0 | number of nan iterations:   0 |
7: [default3]: [2026-05-24 06:46:31.597955] iteration     1229/    2293 | consumed samples:       314624 | elapsed time per iteration (ms): 1420.7 | throughput per GPU (TFLOP/s/GPU): 234.3 | tokens/sec/GPU: 23065 | learning rate: 1.066919E-04 | global batch size:   256 | lm loss: 2.423195E+00 | loss scale: 1.0 | grad norm: 0.202 | number of skipped iterations:   0 | number of nan iterations:   0 |
7: [default3]: [2026-05-24 06:46:33.032919] iteration     1230/    2293 | consumed samples:       314880 | elapsed time per iteration (ms): 1434.7 | throughput per GPU (TFLOP/s/GPU): 232.0 | tokens/sec/GPU: 22840 | learning rate: 1.065622E-04 | global batch size:   256 | lm loss: 2.400298E+00 | loss scale: 1.0 | grad norm: 0.201 | number of skipped iterations:   0 | number of nan iterations:   0 |
7: [default3]: [2026-05-24 06:46:39.109380] iteration     1231/    2293 | consumed samples:       315136 | elapsed time per iteration (ms): 6076.3 | throughput per GPU (TFLOP/s/GPU): 54.8 | tokens/sec/GPU: 5393 | learning rate: 1.064326E-04 | global batch size:   256 | lm loss: 2.332141E+00 | loss scale: 1.0 | grad norm: 0.201 | number of skipped iterations:   0 | number of nan iterations:   0 |
7: [default3]: [2026-05-24 06:46:40.518022] iteration     1232/    2293 | consumed samples:       315392 | elapsed time per iteration (ms): 1408.4 | throughput per GPU (TFLOP/s/GPU): 236.3 | tokens/sec/GPU: 23266 | learning rate: 1.063029E-04 | global batch size:   256 | lm loss: 2.393552E+00 | loss scale: 1.0 | grad norm: 0.202 | number of skipped iterations:   0 | number of nan iterations:   0 |
7: [default3]: [2026-05-24 06:46:44.042032] iteration     1233/    2293 | consumed samples:       315648 | elapsed time per iteration (ms): 3523.8 | throughput per GPU (TFLOP/s/GPU): 94.5 | tokens/sec/GPU: 9299 | learning rate: 1.061733E-04 | global batch size:   256 | lm loss: 2.325141E+00 | loss scale: 1.0 | grad norm: 0.202 | number of skipped iterations:   0 | number of nan iterations:   0 |
7: [default3]: [2026-05-24 06:46:45.464868] iteration     1234/    2293 | consumed samples:       315904 | elapsed time per iteration (ms): 1422.6 | throughput per GPU (TFLOP/s/GPU): 234.0 | tokens/sec/GPU: 23034 | learning rate: 1.060436E-04 | global batch size:   256 | lm loss: 2.355182E+00 | loss scale: 1.0 | grad norm: 1.697 | number of skipped iterations:   0 | number of nan iterations:   0 |
7: [default3]: [2026-05-24 06:46:48.618054] iteration     1235/    2293 | consumed samples:       316160 | elapsed time per iteration (ms): 3153.0 | throughput per GPU (TFLOP/s/GPU): 105.6 | tokens/sec/GPU: 10393 | learning rate: 1.059140E-04 | global batch size:   256 | lm loss: 2.329489E+00 | loss scale: 1.0 | grad norm: 0.269 | number of skipped iterations:   0 | number of nan iterations:   0 |
7: [default3]: [2026-05-24 06:46:50.035876] iteration     1236/    2293 | consumed samples:       316416 | elapsed time per iteration (ms): 1417.6 | throughput per GPU (TFLOP/s/GPU): 234.8 | tokens/sec/GPU: 23115 | learning rate: 1.057844E-04 | global batch size:   256 | lm loss: 2.411377E+00 | loss scale: 1.0 | grad norm: 0.229 | number of skipped iterations:   0 | number of nan iterations:   0 |
7: [default3]: [2026-05-24 06:46:51.659391] iteration     1237/    2293 | consumed samples:       316672 | elapsed time per iteration (ms): 1623.3 | throughput per GPU (TFLOP/s/GPU): 205.0 | tokens/sec/GPU: 20186 | learning rate: 1.056548E-04 | global batch size:   256 | lm loss: 2.267893E+00 | loss scale: 1.0 | grad norm: 0.232 | number of skipped iterations:   0 | number of nan iterations:   0 |
7: [default3]: [2026-05-24 06:46:53.083357] iteration     1238/    2293 | consumed samples:       316928 | elapsed time per iteration (ms): 1423.7 | throughput per GPU (TFLOP/s/GPU): 233.8 | tokens/sec/GPU: 23016 | learning rate: 1.055252E-04 | global batch size:   256 | lm loss: 2.310478E+00 | loss scale: 1.0 | grad norm: 0.211 | number of skipped iterations:   0 | number of nan iterations:   0 |
7: [default3]: [2026-05-24 06:46:56.725976] iteration     1239/    2293 | consumed samples:       317184 | elapsed time per iteration (ms): 3642.5 | throughput per GPU (TFLOP/s/GPU): 91.4 | tokens/sec/GPU: 8996 | learning rate: 1.053956E-04 | global batch size:   256 | lm loss: 2.424808E+00 | loss scale: 1.0 | grad norm: 0.214 | number of skipped iterations:   0 | number of nan iterations:   0 |
7: [default3]: [2026-05-24 06:46:58.144146] iteration     1240/    2293 | consumed samples:       317440 | elapsed time per iteration (ms): 1418.0 | throughput per GPU (TFLOP/s/GPU): 234.7 | tokens/sec/GPU: 23109 | learning rate: 1.052660E-04 | global batch size:   256 | lm loss: 2.332079E+00 | loss scale: 1.0 | grad norm: 0.208 | number of skipped iterations:   0 | number of nan iterations:   0 |
7: [default3]: [2026-05-24 06:46:59.568927] iteration     1241/    2293 | consumed samples:       317696 | elapsed time per iteration (ms): 1424.5 | throughput per GPU (TFLOP/s/GPU): 233.7 | tokens/sec/GPU: 23003 | learning rate: 1.051364E-04 | global batch size:   256 | lm loss: 2.325471E+00 | loss scale: 1.0 | grad norm: 0.226 | number of skipped iterations:   0 | number of nan iterations:   0 |
7: [default3]: [2026-05-24 06:47:00.993988] iteration     1242/    2293 | consumed samples:       317952 | elapsed time per iteration (ms): 1424.3 | throughput per GPU (TFLOP/s/GPU): 233.7 | tokens/sec/GPU: 23006 | learning rate: 1.050069E-04 | global batch size:   256 | lm loss: 2.465386E+00 | loss scale: 1.0 | grad norm: 0.226 | number of skipped iterations:   0 | number of nan iterations:   0 |
7: [default3]: [2026-05-24 06:47:05.378072] iteration     1243/    2293 | consumed samples:       318208 | elapsed time per iteration (ms): 4383.8 | throughput per GPU (TFLOP/s/GPU): 75.9 | tokens/sec/GPU: 7475 | learning rate: 1.048773E-04 | global batch size:   256 | lm loss: 2.259847E+00 | loss scale: 1.0 | grad norm: 0.246 | number of skipped iterations:   0 | number of nan iterations:   0 |
7: [default3]: [2026-05-24 06:47:08.626220] iteration     1244/    2293 | consumed samples:       318464 | elapsed time per iteration (ms): 3247.9 | throughput per GPU (TFLOP/s/GPU): 102.5 | tokens/sec/GPU: 10089 | learning rate: 1.047478E-04 | global batch size:   256 | lm loss: 2.408570E+00 | loss scale: 1.0 | grad norm: 0.258 | number of skipped iterations:   0 | number of nan iterations:   0 |
7: [default3]: [2026-05-24 06:47:10.029802] iteration     1245/    2293 | consumed samples:       318720 | elapsed time per iteration (ms): 1403.4 | throughput per GPU (TFLOP/s/GPU): 237.2 | tokens/sec/GPU: 23349 | learning rate: 1.046182E-04 | global batch size:   256 | lm loss: 2.411553E+00 | loss scale: 1.0 | grad norm: 0.234 | number of skipped iterations:   0 | number of nan iterations:   0 |
7: [default3]: [2026-05-24 06:47:11.451508] iteration     1246/    2293 | consumed samples:       318976 | elapsed time per iteration (ms): 1421.5 | throughput per GPU (TFLOP/s/GPU): 234.1 | tokens/sec/GPU: 23052 | learning rate: 1.044887E-04 | global batch size:   256 | lm loss: 2.337863E+00 | loss scale: 1.0 | grad norm: 0.223 | number of skipped iterations:   0 | number of nan iterations:   0 |
7: [default3]: [2026-05-24 06:47:15.213514] iteration     1247/    2293 | consumed samples:       319232 | elapsed time per iteration (ms): 3761.8 | throughput per GPU (TFLOP/s/GPU): 88.5 | tokens/sec/GPU: 8711 | learning rate: 1.043592E-04 | global batch size:   256 | lm loss: 2.321592E+00 | loss scale: 1.0 | grad norm: 0.218 | number of skipped iterations:   0 | number of nan iterations:   0 |
7: [default3]: [2026-05-24 06:47:17.302137] iteration     1248/    2293 | consumed samples:       319488 | elapsed time per iteration (ms): 2088.4 | throughput per GPU (TFLOP/s/GPU): 159.4 | tokens/sec/GPU: 15690 | learning rate: 1.042297E-04 | global batch size:   256 | lm loss: 2.363218E+00 | loss scale: 1.0 | grad norm: 0.218 | number of skipped iterations:   0 | number of nan iterations:   0 |
7: [default3]: [2026-05-24 06:47:18.731129] iteration     1249/    2293 | consumed samples:       319744 | elapsed time per iteration (ms): 1428.8 | throughput per GPU (TFLOP/s/GPU): 233.0 | tokens/sec/GPU: 22934 | learning rate: 1.041002E-04 | global batch size:   256 | lm loss: 2.328555E+00 | loss scale: 1.0 | grad norm: 0.213 | number of skipped iterations:   0 | number of nan iterations:   0 |
7: [default3]: [2026-05-24 06:47:20.165883] iteration     1250/    2293 | consumed samples:       320000 | elapsed time per iteration (ms): 1434.5 | throughput per GPU (TFLOP/s/GPU): 232.0 | tokens/sec/GPU: 22843 | learning rate: 1.039708E-04 | global batch size:   256 | lm loss: 2.303180E+00 | loss scale: 1.0 | grad norm: 0.238 | number of skipped iterations:   0 | number of nan iterations:   0 |
7: [default3]: [2026-05-24 06:47:26.928848] iteration     1251/    2293 | consumed samples:       320256 | elapsed time per iteration (ms): 6762.7 | throughput per GPU (TFLOP/s/GPU): 49.2 | tokens/sec/GPU: 4845 | learning rate: 1.038413E-04 | global batch size:   256 | lm loss: 2.383485E+00 | loss scale: 1.0 | grad norm: 0.231 | number of skipped iterations:   0 | number of nan iterations:   0 |
7: [default3]: [2026-05-24 06:47:28.344102] iteration     1252/    2293 | consumed samples:       320512 | elapsed time per iteration (ms): 1415.1 | throughput per GPU (TFLOP/s/GPU): 235.2 | tokens/sec/GPU: 23157 | learning rate: 1.037118E-04 | global batch size:   256 | lm loss: 2.349384E+00 | loss scale: 1.0 | grad norm: 1.657 | number of skipped iterations:   0 | number of nan iterations:   0 |
7: [default3]: [2026-05-24 06:47:29.762561] iteration     1253/    2293 | consumed samples:       320768 | elapsed time per iteration (ms): 1418.2 | throughput per GPU (TFLOP/s/GPU): 234.7 | tokens/sec/GPU: 23105 | learning rate: 1.035824E-04 | global batch size:   256 | lm loss: 2.379026E+00 | loss scale: 1.0 | grad norm: 0.221 | number of skipped iterations:   0 | number of nan iterations:   0 |
7: [default3]: [2026-05-24 06:47:31.186231] iteration     1254/    2293 | consumed samples:       321024 | elapsed time per iteration (ms): 1423.5 | throughput per GPU (TFLOP/s/GPU): 233.8 | tokens/sec/GPU: 23020 | learning rate: 1.034530E-04 | global batch size:   256 | lm loss: 2.415307E+00 | loss scale: 1.0 | grad norm: 0.227 | number of skipped iterations:   0 | number of nan iterations:   0 |
7: [default3]: [2026-05-24 06:47:35.737403] iteration     1255/    2293 | consumed samples:       321280 | elapsed time per iteration (ms): 4551.0 | throughput per GPU (TFLOP/s/GPU): 73.1 | tokens/sec/GPU: 7200 | learning rate: 1.033236E-04 | global batch size:   256 | lm loss: 2.320354E+00 | loss scale: 1.0 | grad norm: 0.211 | number of skipped iterations:   0 | number of nan iterations:   0 |
7: [default3]: [2026-05-24 06:47:37.156869] iteration     1256/    2293 | consumed samples:       321536 | elapsed time per iteration (ms): 1419.3 | throughput per GPU (TFLOP/s/GPU): 234.5 | tokens/sec/GPU: 23088 | learning rate: 1.031942E-04 | global batch size:   256 | lm loss: 2.383846E+00 | loss scale: 1.0 | grad norm: 0.211 | number of skipped iterations:   0 | number of nan iterations:   0 |
7: [default3]: [2026-05-24 06:47:38.575650] iteration     1257/    2293 | consumed samples:       321792 | elapsed time per iteration (ms): 1418.5 | throughput per GPU (TFLOP/s/GPU): 234.6 | tokens/sec/GPU: 23101 | learning rate: 1.030648E-04 | global batch size:   256 | lm loss: 2.323606E+00 | loss scale: 1.0 | grad norm: 0.561 | number of skipped iterations:   0 | number of nan iterations:   0 |
7: [default3]: [2026-05-24 06:47:39.998592] iteration     1258/    2293 | consumed samples:       322048 | elapsed time per iteration (ms): 1422.7 | throughput per GPU (TFLOP/s/GPU): 233.9 | tokens/sec/GPU: 23032 | learning rate: 1.029354E-04 | global batch size:   256 | lm loss: 2.357913E+00 | loss scale: 1.0 | grad norm: 0.569 | number of skipped iterations:   0 | number of nan iterations:   0 |
7: [default3]: [2026-05-24 06:47:45.385579] iteration     1259/    2293 | consumed samples:       322304 | elapsed time per iteration (ms): 5386.8 | throughput per GPU (TFLOP/s/GPU): 61.8 | tokens/sec/GPU: 6083 | learning rate: 1.028061E-04 | global batch size:   256 | lm loss: 2.393537E+00 | loss scale: 1.0 | grad norm: 0.205 | number of skipped iterations:   0 | number of nan iterations:   0 |
7: [default3]: [2026-05-24 06:47:46.803588] iteration     1260/    2293 | consumed samples:       322560 | elapsed time per iteration (ms): 1417.8 | throughput per GPU (TFLOP/s/GPU): 234.8 | tokens/sec/GPU: 23113 | learning rate: 1.026768E-04 | global batch size:   256 | lm loss: 2.389209E+00 | loss scale: 1.0 | grad norm: 0.211 | number of skipped iterations:   0 | number of nan iterations:   0 |
7: [default3]: [2026-05-24 06:47:48.229336] iteration     1261/    2293 | consumed samples:       322816 | elapsed time per iteration (ms): 1425.5 | throughput per GPU (TFLOP/s/GPU): 233.5 | tokens/sec/GPU: 22987 | learning rate: 1.025474E-04 | global batch size:   256 | lm loss: 2.388690E+00 | loss scale: 1.0 | grad norm: 0.207 | number of skipped iterations:   0 | number of nan iterations:   0 |
7: [default3]: [2026-05-24 06:47:49.640282] iteration     1262/    2293 | consumed samples:       323072 | elapsed time per iteration (ms): 1410.7 | throughput per GPU (TFLOP/s/GPU): 235.9 | tokens/sec/GPU: 23228 | learning rate: 1.024181E-04 | global batch size:   256 | lm loss: 2.391391E+00 | loss scale: 1.0 | grad norm: 0.215 | number of skipped iterations:   0 | number of nan iterations:   0 |
7: [default3]: [2026-05-24 06:47:51.049469] iteration     1263/    2293 | consumed samples:       323328 | elapsed time per iteration (ms): 1409.0 | throughput per GPU (TFLOP/s/GPU): 236.2 | tokens/sec/GPU: 23256 | learning rate: 1.022888E-04 | global batch size:   256 | lm loss: 2.361410E+00 | loss scale: 1.0 | grad norm: 0.212 | number of skipped iterations:   0 | number of nan iterations:   0 |
7: [default3]: [2026-05-24 06:47:53.465940] iteration     1264/    2293 | consumed samples:       323584 | elapsed time per iteration (ms): 2416.2 | throughput per GPU (TFLOP/s/GPU): 137.8 | tokens/sec/GPU: 13562 | learning rate: 1.021596E-04 | global batch size:   256 | lm loss: 2.385646E+00 | loss scale: 1.0 | grad norm: 0.203 | number of skipped iterations:   0 | number of nan iterations:   0 |
7: [default3]: [2026-05-24 06:47:54.891123] iteration     1265/    2293 | consumed samples:       323840 | elapsed time per iteration (ms): 1425.0 | throughput per GPU (TFLOP/s/GPU): 233.6 | tokens/sec/GPU: 22995 | learning rate: 1.020303E-04 | global batch size:   256 | lm loss: 2.313462E+00 | loss scale: 1.0 | grad norm: 0.308 | number of skipped iterations:   0 | number of nan iterations:   0 |
7: [default3]: [2026-05-24 06:47:56.298123] iteration     1266/    2293 | consumed samples:       324096 | elapsed time per iteration (ms): 1406.8 | throughput per GPU (TFLOP/s/GPU): 236.6 | tokens/sec/GPU: 23293 | learning rate: 1.019011E-04 | global batch size:   256 | lm loss: 2.359397E+00 | loss scale: 1.0 | grad norm: 0.214 | number of skipped iterations:   0 | number of nan iterations:   0 |
7: [default3]: [2026-05-24 06:47:57.715910] iteration     1267/    2293 | consumed samples:       324352 | elapsed time per iteration (ms): 1417.3 | throughput per GPU (TFLOP/s/GPU): 234.8 | tokens/sec/GPU: 23120 | learning rate: 1.017719E-04 | global batch size:   256 | lm loss: 2.389266E+00 | loss scale: 1.0 | grad norm: 0.206 | number of skipped iterations:   0 | number of nan iterations:   0 |
7: [default3]: [2026-05-24 06:48:06.369226] iteration     1268/    2293 | consumed samples:       324608 | elapsed time per iteration (ms): 8653.1 | throughput per GPU (TFLOP/s/GPU): 38.5 | tokens/sec/GPU: 3787 | learning rate: 1.016426E-04 | global batch size:   256 | lm loss: 2.415173E+00 | loss scale: 1.0 | grad norm: 0.214 | number of skipped iterations:   0 | number of nan iterations:   0 |
7: [default3]: [2026-05-24 06:48:07.775840] iteration     1269/    2293 | consumed samples:       324864 | elapsed time per iteration (ms): 1406.4 | throughput per GPU (TFLOP/s/GPU): 236.7 | tokens/sec/GPU: 23299 | learning rate: 1.015135E-04 | global batch size:   256 | lm loss: 2.286002E+00 | loss scale: 1.0 | grad norm: 0.209 | number of skipped iterations:   0 | number of nan iterations:   0 |
7: [default3]: [2026-05-24 06:48:09.200158] iteration     1270/    2293 | consumed samples:       325120 | elapsed time per iteration (ms): 1424.1 | throughput per GPU (TFLOP/s/GPU): 233.7 | tokens/sec/GPU: 23010 | learning rate: 1.013843E-04 | global batch size:   256 | lm loss: 2.310339E+00 | loss scale: 1.0 | grad norm: 0.203 | number of skipped iterations:   0 | number of nan iterations:   0 |
7: [default3]: [2026-05-24 06:48:10.627938] iteration     1271/    2293 | consumed samples:       325376 | elapsed time per iteration (ms): 1427.6 | throughput per GPU (TFLOP/s/GPU): 233.1 | tokens/sec/GPU: 22954 | learning rate: 1.012551E-04 | global batch size:   256 | lm loss: 2.324756E+00 | loss scale: 1.0 | grad norm: 0.212 | number of skipped iterations:   0 | number of nan iterations:   0 |
7: [default3]: [2026-05-24 06:48:18.706183] iteration     1272/    2293 | consumed samples:       325632 | elapsed time per iteration (ms): 8078.0 | throughput per GPU (TFLOP/s/GPU): 41.2 | tokens/sec/GPU: 4056 | learning rate: 1.011260E-04 | global batch size:   256 | lm loss: 2.345381E+00 | loss scale: 1.0 | grad norm: 0.211 | number of skipped iterations:   0 | number of nan iterations:   0 |
7: [default3]: [2026-05-24 06:48:20.116551] iteration     1273/    2293 | consumed samples:       325888 | elapsed time per iteration (ms): 1410.1 | throughput per GPU (TFLOP/s/GPU): 236.0 | tokens/sec/GPU: 23237 | learning rate: 1.009969E-04 | global batch size:   256 | lm loss: 2.318954E+00 | loss scale: 1.0 | grad norm: 0.205 | number of skipped iterations:   0 | number of nan iterations:   0 |
7: [default3]: [2026-05-24 06:48:21.528064] iteration     1274/    2293 | consumed samples:       326144 | elapsed time per iteration (ms): 1411.3 | throughput per GPU (TFLOP/s/GPU): 235.8 | tokens/sec/GPU: 23218 | learning rate: 1.008678E-04 | global batch size:   256 | lm loss: 2.369903E+00 | loss scale: 1.0 | grad norm: 0.199 | number of skipped iterations:   0 | number of nan iterations:   0 |
7: [default3]: [2026-05-24 06:48:22.932435] iteration     1275/    2293 | consumed samples:       326400 | elapsed time per iteration (ms): 1404.1 | throughput per GPU (TFLOP/s/GPU): 237.0 | tokens/sec/GPU: 23337 | learning rate: 1.007387E-04 | global batch size:   256 | lm loss: 2.300703E+00 | loss scale: 1.0 | grad norm: 0.223 | number of skipped iterations:   0 | number of nan iterations:   0 |
7: [default3]: [2026-05-24 06:48:27.783393] iteration     1276/    2293 | consumed samples:       326656 | elapsed time per iteration (ms): 4850.8 | throughput per GPU (TFLOP/s/GPU): 68.6 | tokens/sec/GPU: 6755 | learning rate: 1.006096E-04 | global batch size:   256 | lm loss: 2.328518E+00 | loss scale: 1.0 | grad norm: 0.200 | number of skipped iterations:   0 | number of nan iterations:   0 |
7: [default3]: [2026-05-24 06:48:29.189282] iteration     1277/    2293 | consumed samples:       326912 | elapsed time per iteration (ms): 1405.7 | throughput per GPU (TFLOP/s/GPU): 236.8 | tokens/sec/GPU: 23311 | learning rate: 1.004806E-04 | global batch size:   256 | lm loss: 2.326327E+00 | loss scale: 1.0 | grad norm: 0.209 | number of skipped iterations:   0 | number of nan iterations:   0 |
7: [default3]: [2026-05-24 06:48:30.598110] iteration     1278/    2293 | consumed samples:       327168 | elapsed time per iteration (ms): 1408.6 | throughput per GPU (TFLOP/s/GPU): 236.3 | tokens/sec/GPU: 23263 | learning rate: 1.003516E-04 | global batch size:   256 | lm loss: 2.303329E+00 | loss scale: 1.0 | grad norm: 0.207 | number of skipped iterations:   0 | number of nan iterations:   0 |
7: [default3]: [2026-05-24 06:48:32.024621] iteration     1279/    2293 | consumed samples:       327424 | elapsed time per iteration (ms): 1426.3 | throughput per GPU (TFLOP/s/GPU): 233.4 | tokens/sec/GPU: 22974 | learning rate: 1.002226E-04 | global batch size:   256 | lm loss: 2.296782E+00 | loss scale: 1.0 | grad norm: 0.198 | number of skipped iterations:   0 | number of nan iterations:   0 |
7: [default3]: [2026-05-24 06:48:35.737617] iteration     1280/    2293 | consumed samples:       327680 | elapsed time per iteration (ms): 3712.8 | throughput per GPU (TFLOP/s/GPU): 89.6 | tokens/sec/GPU: 8826 | learning rate: 1.000936E-04 | global batch size:   256 | lm loss: 2.424889E+00 | loss scale: 1.0 | grad norm: 0.211 | number of skipped iterations:   0 | number of nan iterations:   0 |
7: [default3]: [2026-05-24 06:48:37.142760] iteration     1281/    2293 | consumed samples:       327936 | elapsed time per iteration (ms): 1404.9 | throughput per GPU (TFLOP/s/GPU): 236.9 | tokens/sec/GPU: 23323 | learning rate: 9.996464E-05 | global batch size:   256 | lm loss: 2.399766E+00 | loss scale: 1.0 | grad norm: 0.216 | number of skipped iterations:   0 | number of nan iterations:   0 |
7: [default3]: [2026-05-24 06:48:38.565492] iteration     1282/    2293 | consumed samples:       328192 | elapsed time per iteration (ms): 1422.5 | throughput per GPU (TFLOP/s/GPU): 234.0 | tokens/sec/GPU: 23036 | learning rate: 9.983571E-05 | global batch size:   256 | lm loss: 2.336126E+00 | loss scale: 1.0 | grad norm: 3.151 | number of skipped iterations:   0 | number of nan iterations:   0 |
7: [default3]: [2026-05-24 06:48:40.000163] iteration     1283/    2293 | consumed samples:       328448 | elapsed time per iteration (ms): 1434.4 | throughput per GPU (TFLOP/s/GPU): 232.0 | tokens/sec/GPU: 22845 | learning rate: 9.970679E-05 | global batch size:   256 | lm loss: 2.335136E+00 | loss scale: 1.0 | grad norm: 0.242 | number of skipped iterations:   0 | number of nan iterations:   0 |
7: [default3]: [2026-05-24 06:48:44.117859] iteration     1284/    2293 | consumed samples:       328704 | elapsed time per iteration (ms): 4117.4 | throughput per GPU (TFLOP/s/GPU): 80.8 | tokens/sec/GPU: 7958 | learning rate: 9.957789E-05 | global batch size:   256 | lm loss: 2.427660E+00 | loss scale: 1.0 | grad norm: 0.258 | number of skipped iterations:   0 | number of nan iterations:   0 |
7: [default3]: [2026-05-24 06:48:45.516994] iteration     1285/    2293 | consumed samples:       328960 | elapsed time per iteration (ms): 1398.9 | throughput per GPU (TFLOP/s/GPU): 237.9 | tokens/sec/GPU: 23424 | learning rate: 9.944902E-05 | global batch size:   256 | lm loss: 2.360889E+00 | loss scale: 1.0 | grad norm: 0.222 | number of skipped iterations:   0 | number of nan iterations:   0 |
7: [default3]: [2026-05-24 06:48:46.932723] iteration     1286/    2293 | consumed samples:       329216 | elapsed time per iteration (ms): 1415.5 | throughput per GPU (TFLOP/s/GPU): 235.1 | tokens/sec/GPU: 23150 | learning rate: 9.932016E-05 | global batch size:   256 | lm loss: 2.346167E+00 | loss scale: 1.0 | grad norm: 0.212 | number of skipped iterations:   0 | number of nan iterations:   0 |
7: [default3]: [2026-05-24 06:48:48.350865] iteration     1287/    2293 | consumed samples:       329472 | elapsed time per iteration (ms): 1417.9 | throughput per GPU (TFLOP/s/GPU): 234.7 | tokens/sec/GPU: 23110 | learning rate: 9.919133E-05 | global batch size:   256 | lm loss: 2.323066E+00 | loss scale: 1.0 | grad norm: 0.227 | number of skipped iterations:   0 | number of nan iterations:   0 |
7: [default3]: [2026-05-24 06:48:55.108365] iteration     1288/    2293 | consumed samples:       329728 | elapsed time per iteration (ms): 6757.3 | throughput per GPU (TFLOP/s/GPU): 49.3 | tokens/sec/GPU: 4849 | learning rate: 9.906253E-05 | global batch size:   256 | lm loss: 2.310349E+00 | loss scale: 1.0 | grad norm: 0.201 | number of skipped iterations:   0 | number of nan iterations:   0 |
7: [default3]: [2026-05-24 06:48:56.509317] iteration     1289/    2293 | consumed samples:       329984 | elapsed time per iteration (ms): 1400.8 | throughput per GPU (TFLOP/s/GPU): 237.6 | tokens/sec/GPU: 23393 | learning rate: 9.893374E-05 | global batch size:   256 | lm loss: 2.299083E+00 | loss scale: 1.0 | grad norm: 0.219 | number of skipped iterations:   0 | number of nan iterations:   0 |
7: [default3]: [2026-05-24 06:48:57.958443] iteration     1290/    2293 | consumed samples:       330240 | elapsed time per iteration (ms): 1448.9 | throughput per GPU (TFLOP/s/GPU): 229.7 | tokens/sec/GPU: 22616 | learning rate: 9.880498E-05 | global batch size:   256 | lm loss: 2.291651E+00 | loss scale: 1.0 | grad norm: 0.212 | number of skipped iterations:   0 | number of nan iterations:   0 |
7: [default3]: [2026-05-24 06:48:59.377890] iteration     1291/    2293 | consumed samples:       330496 | elapsed time per iteration (ms): 1419.2 | throughput per GPU (TFLOP/s/GPU): 234.5 | tokens/sec/GPU: 23089 | learning rate: 9.867624E-05 | global batch size:   256 | lm loss: 2.385448E+00 | loss scale: 1.0 | grad norm: 0.205 | number of skipped iterations:   0 | number of nan iterations:   0 |
7: [default3]: [2026-05-24 06:49:07.350676] iteration     1292/    2293 | consumed samples:       330752 | elapsed time per iteration (ms): 7972.6 | throughput per GPU (TFLOP/s/GPU): 41.7 | tokens/sec/GPU: 4110 | learning rate: 9.854753E-05 | global batch size:   256 | lm loss: 2.316523E+00 | loss scale: 1.0 | grad norm: 0.205 | number of skipped iterations:   0 | number of nan iterations:   0 |
7: [default3]: [2026-05-24 06:49:08.766659] iteration     1293/    2293 | consumed samples:       331008 | elapsed time per iteration (ms): 1415.8 | throughput per GPU (TFLOP/s/GPU): 235.1 | tokens/sec/GPU: 23145 | learning rate: 9.841883E-05 | global batch size:   256 | lm loss: 2.269169E+00 | loss scale: 1.0 | grad norm: 0.208 | number of skipped iterations:   0 | number of nan iterations:   0 |
7: [default3]: [2026-05-24 06:49:10.196264] iteration     1294/    2293 | consumed samples:       331264 | elapsed time per iteration (ms): 1429.4 | throughput per GPU (TFLOP/s/GPU): 232.8 | tokens/sec/GPU: 22924 | learning rate: 9.829017E-05 | global batch size:   256 | lm loss: 2.309727E+00 | loss scale: 1.0 | grad norm: 0.207 | number of skipped iterations:   0 | number of nan iterations:   0 |
7: [default3]: [2026-05-24 06:49:11.615990] iteration     1295/    2293 | consumed samples:       331520 | elapsed time per iteration (ms): 1419.5 | throughput per GPU (TFLOP/s/GPU): 234.5 | tokens/sec/GPU: 23084 | learning rate: 9.816152E-05 | global batch size:   256 | lm loss: 2.356303E+00 | loss scale: 1.0 | grad norm: 0.199 | number of skipped iterations:   0 | number of nan iterations:   0 |
7: [default3]: [2026-05-24 06:49:15.772754] iteration     1296/    2293 | consumed samples:       331776 | elapsed time per iteration (ms): 4156.5 | throughput per GPU (TFLOP/s/GPU): 80.1 | tokens/sec/GPU: 7884 | learning rate: 9.803291E-05 | global batch size:   256 | lm loss: 2.300446E+00 | loss scale: 1.0 | grad norm: 0.210 | number of skipped iterations:   0 | number of nan iterations:   0 |
7: [default3]: [2026-05-24 06:49:17.171059] iteration     1297/    2293 | consumed samples:       332032 | elapsed time per iteration (ms): 1398.2 | throughput per GPU (TFLOP/s/GPU): 238.1 | tokens/sec/GPU: 23437 | learning rate: 9.790431E-05 | global batch size:   256 | lm loss: 2.385621E+00 | loss scale: 1.0 | grad norm: 0.200 | number of skipped iterations:   0 | number of nan iterations:   0 |
7: [default3]: [2026-05-24 06:49:18.589790] iteration     1298/    2293 | consumed samples:       332288 | elapsed time per iteration (ms): 1418.5 | throughput per GPU (TFLOP/s/GPU): 234.6 | tokens/sec/GPU: 23101 | learning rate: 9.777574E-05 | global batch size:   256 | lm loss: 2.395509E+00 | loss scale: 1.0 | grad norm: 0.227 | number of skipped iterations:   0 | number of nan iterations:   0 |
7: [default3]: [2026-05-24 06:49:20.014513] iteration     1299/    2293 | consumed samples:       332544 | elapsed time per iteration (ms): 1424.5 | throughput per GPU (TFLOP/s/GPU): 233.6 | tokens/sec/GPU: 23003 | learning rate: 9.764720E-05 | global batch size:   256 | lm loss: 2.320017E+00 | loss scale: 1.0 | grad norm: 0.203 | number of skipped iterations:   0 | number of nan iterations:   0 |
7: [default3]: [2026-05-24 06:49:27.317001] iteration     1300/    2293 | consumed samples:       332800 | elapsed time per iteration (ms): 7302.3 | throughput per GPU (TFLOP/s/GPU): 45.6 | tokens/sec/GPU: 4487 | learning rate: 9.751868E-05 | global batch size:   256 | lm loss: 2.288487E+00 | loss scale: 1.0 | grad norm: 0.207 | number of skipped iterations:   0 | number of nan iterations:   0 |
7: [default3]: [2026-05-24 06:49:29.584866] iteration     1301/    2293 | consumed samples:       333056 | elapsed time per iteration (ms): 2267.2 | throughput per GPU (TFLOP/s/GPU): 146.8 | tokens/sec/GPU: 14453 | learning rate: 9.739019E-05 | global batch size:   256 | lm loss: 2.341591E+00 | loss scale: 1.0 | grad norm: 0.206 | number of skipped iterations:   0 | number of nan iterations:   0 |
7: [default3]: [2026-05-24 06:49:31.012576] iteration     1302/    2293 | consumed samples:       333312 | elapsed time per iteration (ms): 1427.5 | throughput per GPU (TFLOP/s/GPU): 233.2 | tokens/sec/GPU: 22955 | learning rate: 9.726173E-05 | global batch size:   256 | lm loss: 2.313164E+00 | loss scale: 1.0 | grad norm: 0.197 | number of skipped iterations:   0 | number of nan iterations:   0 |
7: [default3]: [2026-05-24 06:49:32.423594] iteration     1303/    2293 | consumed samples:       333568 | elapsed time per iteration (ms): 1410.8 | throughput per GPU (TFLOP/s/GPU): 235.9 | tokens/sec/GPU: 23226 | learning rate: 9.713328E-05 | global batch size:   256 | lm loss: 2.322076E+00 | loss scale: 1.0 | grad norm: 0.197 | number of skipped iterations:   0 | number of nan iterations:   0 |
7: [default3]: [2026-05-24 06:49:34.526356] iteration     1304/    2293 | consumed samples:       333824 | elapsed time per iteration (ms): 2102.5 | throughput per GPU (TFLOP/s/GPU): 158.3 | tokens/sec/GPU: 15585 | learning rate: 9.700487E-05 | global batch size:   256 | lm loss: 2.290742E+00 | loss scale: 1.0 | grad norm: 0.201 | number of skipped iterations:   0 | number of nan iterations:   0 |
7: [default3]: [2026-05-24 06:49:35.943104] iteration     1305/    2293 | consumed samples:       334080 | elapsed time per iteration (ms): 1416.5 | throughput per GPU (TFLOP/s/GPU): 235.0 | tokens/sec/GPU: 23133 | learning rate: 9.687649E-05 | global batch size:   256 | lm loss: 2.365090E+00 | loss scale: 1.0 | grad norm: 0.199 | number of skipped iterations:   0 | number of nan iterations:   0 |
7: [default3]: [2026-05-24 06:49:37.367297] iteration     1306/    2293 | consumed samples:       334336 | elapsed time per iteration (ms): 1423.9 | throughput per GPU (TFLOP/s/GPU): 233.7 | tokens/sec/GPU: 23012 | learning rate: 9.674813E-05 | global batch size:   256 | lm loss: 2.323944E+00 | loss scale: 1.0 | grad norm: 0.192 | number of skipped iterations:   0 | number of nan iterations:   0 |
7: [default3]: [2026-05-24 06:49:38.794295] iteration     1307/    2293 | consumed samples:       334592 | elapsed time per iteration (ms): 1426.8 | throughput per GPU (TFLOP/s/GPU): 233.3 | tokens/sec/GPU: 22967 | learning rate: 9.661980E-05 | global batch size:   256 | lm loss: 2.327760E+00 | loss scale: 1.0 | grad norm: 0.205 | number of skipped iterations:   0 | number of nan iterations:   0 |
7: [default3]: [2026-05-24 06:49:43.181033] iteration     1308/    2293 | consumed samples:       334848 | elapsed time per iteration (ms): 4386.4 | throughput per GPU (TFLOP/s/GPU): 75.9 | tokens/sec/GPU: 7470 | learning rate: 9.649150E-05 | global batch size:   256 | lm loss: 2.314852E+00 | loss scale: 1.0 | grad norm: 0.202 | number of skipped iterations:   0 | number of nan iterations:   0 |
7: [default3]: [2026-05-24 06:49:44.602881] iteration     1309/    2293 | consumed samples:       335104 | elapsed time per iteration (ms): 1421.2 | throughput per GPU (TFLOP/s/GPU): 234.2 | tokens/sec/GPU: 23057 | learning rate: 9.636323E-05 | global batch size:   256 | lm loss: 2.247637E+00 | loss scale: 1.0 | grad norm: 0.202 | number of skipped iterations:   0 | number of nan iterations:   0 |
7: [default3]: [2026-05-24 06:49:47.124294] iteration     1310/    2293 | consumed samples:       335360 | elapsed time per iteration (ms): 2521.2 | throughput per GPU (TFLOP/s/GPU): 132.0 | tokens/sec/GPU: 12997 | learning rate: 9.623498E-05 | global batch size:   256 | lm loss: 2.256406E+00 | loss scale: 1.0 | grad norm: 0.205 | number of skipped iterations:   0 | number of nan iterations:   0 |
7: [default3]: [2026-05-24 06:49:48.527353] iteration     1311/    2293 | consumed samples:       335616 | elapsed time per iteration (ms): 1402.9 | throughput per GPU (TFLOP/s/GPU): 237.3 | tokens/sec/GPU: 23358 | learning rate: 9.610676E-05 | global batch size:   256 | lm loss: 2.319832E+00 | loss scale: 1.0 | grad norm: 0.199 | number of skipped iterations:   0 | number of nan iterations:   0 |
7: [default3]: [2026-05-24 06:49:55.815721] iteration     1312/    2293 | consumed samples:       335872 | elapsed time per iteration (ms): 7288.1 | throughput per GPU (TFLOP/s/GPU): 45.7 | tokens/sec/GPU: 4496 | learning rate: 9.597858E-05 | global batch size:   256 | lm loss: 2.300149E+00 | loss scale: 1.0 | grad norm: 0.200 | number of skipped iterations:   0 | number of nan iterations:   0 |
7: [default3]: [2026-05-24 06:49:57.215899] iteration     1313/    2293 | consumed samples:       336128 | elapsed time per iteration (ms): 1399.9 | throughput per GPU (TFLOP/s/GPU): 237.8 | tokens/sec/GPU: 23407 | learning rate: 9.585042E-05 | global batch size:   256 | lm loss: 2.319344E+00 | loss scale: 1.0 | grad norm: 0.199 | number of skipped iterations:   0 | number of nan iterations:   0 |
7: [default3]: [2026-05-24 06:49:58.630886] iteration     1314/    2293 | consumed samples:       336384 | elapsed time per iteration (ms): 1414.8 | throughput per GPU (TFLOP/s/GPU): 235.3 | tokens/sec/GPU: 23161 | learning rate: 9.572229E-05 | global batch size:   256 | lm loss: 2.273705E+00 | loss scale: 1.0 | grad norm: 0.203 | number of skipped iterations:   0 | number of nan iterations:   0 |
7: [default3]: [2026-05-24 06:50:00.044219] iteration     1315/    2293 | consumed samples:       336640 | elapsed time per iteration (ms): 1413.1 | throughput per GPU (TFLOP/s/GPU): 235.5 | tokens/sec/GPU: 23188 | learning rate: 9.559419E-05 | global batch size:   256 | lm loss: 2.335299E+00 | loss scale: 1.0 | grad norm: 0.201 | number of skipped iterations:   0 | number of nan iterations:   0 |
7: [default3]: [2026-05-24 06:50:03.063956] iteration     1316/    2293 | consumed samples:       336896 | elapsed time per iteration (ms): 3019.5 | throughput per GPU (TFLOP/s/GPU): 110.2 | tokens/sec/GPU: 10852 | learning rate: 9.546612E-05 | global batch size:   256 | lm loss: 2.348083E+00 | loss scale: 1.0 | grad norm: 0.197 | number of skipped iterations:   0 | number of nan iterations:   0 |
7: [default3]: [2026-05-24 06:50:04.469426] iteration     1317/    2293 | consumed samples:       337152 | elapsed time per iteration (ms): 1405.2 | throughput per GPU (TFLOP/s/GPU): 236.9 | tokens/sec/GPU: 23318 | learning rate: 9.533807E-05 | global batch size:   256 | lm loss: 2.350853E+00 | loss scale: 1.0 | grad norm: 0.203 | number of skipped iterations:   0 | number of nan iterations:   0 |
7: [default3]: [2026-05-24 06:50:05.976003] iteration     1318/    2293 | consumed samples:       337408 | elapsed time per iteration (ms): 1506.4 | throughput per GPU (TFLOP/s/GPU): 220.9 | tokens/sec/GPU: 21753 | learning rate: 9.521007E-05 | global batch size:   256 | lm loss: 2.283086E+00 | loss scale: 1.0 | grad norm: 0.197 | number of skipped iterations:   0 | number of nan iterations:   0 |
7: [default3]: [2026-05-24 06:50:07.386518] iteration     1319/    2293 | consumed samples:       337664 | elapsed time per iteration (ms): 1410.3 | throughput per GPU (TFLOP/s/GPU): 236.0 | tokens/sec/GPU: 23236 | learning rate: 9.508208E-05 | global batch size:   256 | lm loss: 2.362936E+00 | loss scale: 1.0 | grad norm: 0.199 | number of skipped iterations:   0 | number of nan iterations:   0 |
7: [default3]: [2026-05-24 06:50:14.666647] iteration     1320/    2293 | consumed samples:       337920 | elapsed time per iteration (ms): 7279.9 | throughput per GPU (TFLOP/s/GPU): 45.7 | tokens/sec/GPU: 4501 | learning rate: 9.495414E-05 | global batch size:   256 | lm loss: 2.339467E+00 | loss scale: 1.0 | grad norm: 0.197 | number of skipped iterations:   0 | number of nan iterations:   0 |
7: [default3]: [2026-05-24 06:50:16.075394] iteration     1321/    2293 | consumed samples:       338176 | elapsed time per iteration (ms): 1408.6 | throughput per GPU (TFLOP/s/GPU): 236.3 | tokens/sec/GPU: 23264 | learning rate: 9.482622E-05 | global batch size:   256 | lm loss: 2.252463E+00 | loss scale: 1.0 | grad norm: 0.201 | number of skipped iterations:   0 | number of nan iterations:   0 |
7: [default3]: [2026-05-24 06:50:17.495337] iteration     1322/    2293 | consumed samples:       338432 | elapsed time per iteration (ms): 1419.7 | throughput per GPU (TFLOP/s/GPU): 234.4 | tokens/sec/GPU: 23081 | learning rate: 9.469833E-05 | global batch size:   256 | lm loss: 2.389326E+00 | loss scale: 1.0 | grad norm: 0.209 | number of skipped iterations:   0 | number of nan iterations:   0 |
7: [default3]: [2026-05-24 06:50:20.722255] iteration     1323/    2293 | consumed samples:       338688 | elapsed time per iteration (ms): 3226.7 | throughput per GPU (TFLOP/s/GPU): 103.1 | tokens/sec/GPU: 10155 | learning rate: 9.457048E-05 | global batch size:   256 | lm loss: 2.352896E+00 | loss scale: 1.0 | grad norm: 0.212 | number of skipped iterations:   0 | number of nan iterations:   0 |
7: [default3]: [2026-05-24 06:50:23.137491] iteration     1324/    2293 | consumed samples:       338944 | elapsed time per iteration (ms): 2415.0 | throughput per GPU (TFLOP/s/GPU): 137.8 | tokens/sec/GPU: 13568 | learning rate: 9.444266E-05 | global batch size:   256 | lm loss: 2.303590E+00 | loss scale: 1.0 | grad norm: 0.197 | number of skipped iterations:   0 | number of nan iterations:   0 |
7: [default3]: [2026-05-24 06:50:24.563633] iteration     1325/    2293 | consumed samples:       339200 | elapsed time per iteration (ms): 1425.9 | throughput per GPU (TFLOP/s/GPU): 233.4 | tokens/sec/GPU: 22981 | learning rate: 9.431487E-05 | global batch size:   256 | lm loss: 2.364983E+00 | loss scale: 1.0 | grad norm: 0.197 | number of skipped iterations:   0 | number of nan iterations:   0 |
7: [default3]: [2026-05-24 06:50:25.982865] iteration     1326/    2293 | consumed samples:       339456 | elapsed time per iteration (ms): 1419.0 | throughput per GPU (TFLOP/s/GPU): 234.6 | tokens/sec/GPU: 23093 | learning rate: 9.418712E-05 | global batch size:   256 | lm loss: 2.327453E+00 | loss scale: 1.0 | grad norm: 0.200 | number of skipped iterations:   0 | number of nan iterations:   0 |
7: [default3]: [2026-05-24 06:50:32.939175] iteration     1327/    2293 | consumed samples:       339712 | elapsed time per iteration (ms): 6956.1 | throughput per GPU (TFLOP/s/GPU): 47.8 | tokens/sec/GPU: 4711 | learning rate: 9.405940E-05 | global batch size:   256 | lm loss: 2.354176E+00 | loss scale: 1.0 | grad norm: 0.197 | number of skipped iterations:   0 | number of nan iterations:   0 |
7: [default3]: [2026-05-24 06:50:34.359111] iteration     1328/    2293 | consumed samples:       339968 | elapsed time per iteration (ms): 1419.7 | throughput per GPU (TFLOP/s/GPU): 234.4 | tokens/sec/GPU: 23081 | learning rate: 9.393170E-05 | global batch size:   256 | lm loss: 2.329339E+00 | loss scale: 1.0 | grad norm: 0.202 | number of skipped iterations:   0 | number of nan iterations:   0 |
7: [default3]: [2026-05-24 06:50:35.779995] iteration     1329/    2293 | consumed samples:       340224 | elapsed time per iteration (ms): 1420.7 | throughput per GPU (TFLOP/s/GPU): 234.3 | tokens/sec/GPU: 23065 | learning rate: 9.380405E-05 | global batch size:   256 | lm loss: 2.390299E+00 | loss scale: 1.0 | grad norm: 0.210 | number of skipped iterations:   0 | number of nan iterations:   0 |
7: [default3]: [2026-05-24 06:50:37.199630] iteration     1330/    2293 | consumed samples:       340480 | elapsed time per iteration (ms): 1419.4 | throughput per GPU (TFLOP/s/GPU): 234.5 | tokens/sec/GPU: 23086 | learning rate: 9.367643E-05 | global batch size:   256 | lm loss: 2.308770E+00 | loss scale: 1.0 | grad norm: 0.206 | number of skipped iterations:   0 | number of nan iterations:   0 |
7: [default3]: [2026-05-24 06:50:39.133239] iteration     1331/    2293 | consumed samples:       340736 | elapsed time per iteration (ms): 1933.3 | throughput per GPU (TFLOP/s/GPU): 172.2 | tokens/sec/GPU: 16949 | learning rate: 9.354884E-05 | global batch size:   256 | lm loss: 2.350577E+00 | loss scale: 1.0 | grad norm: 1.157 | number of skipped iterations:   0 | number of nan iterations:   0 |
7: [default3]: [2026-05-24 06:50:40.553234] iteration     1332/    2293 | consumed samples:       340992 | elapsed time per iteration (ms): 1419.8 | throughput per GPU (TFLOP/s/GPU): 234.4 | tokens/sec/GPU: 23079 | learning rate: 9.342128E-05 | global batch size:   256 | lm loss: 2.385192E+00 | loss scale: 1.0 | grad norm: 0.204 | number of skipped iterations:   0 | number of nan iterations:   0 |
7: [default3]: [2026-05-24 06:50:41.971706] iteration     1333/    2293 | consumed samples:       341248 | elapsed time per iteration (ms): 1418.3 | throughput per GPU (TFLOP/s/GPU): 234.7 | tokens/sec/GPU: 23104 | learning rate: 9.329376E-05 | global batch size:   256 | lm loss: 2.294164E+00 | loss scale: 1.0 | grad norm: 0.200 | number of skipped iterations:   0 | number of nan iterations:   0 |
7: [default3]: [2026-05-24 06:50:43.393875] iteration     1334/    2293 | consumed samples:       341504 | elapsed time per iteration (ms): 1422.0 | throughput per GPU (TFLOP/s/GPU): 234.1 | tokens/sec/GPU: 23044 | learning rate: 9.316627E-05 | global batch size:   256 | lm loss: 2.340893E+00 | loss scale: 1.0 | grad norm: 0.204 | number of skipped iterations:   0 | number of nan iterations:   0 |
7: [default3]: [2026-05-24 06:50:48.112330] iteration     1335/    2293 | consumed samples:       341760 | elapsed time per iteration (ms): 4717.9 | throughput per GPU (TFLOP/s/GPU): 70.5 | tokens/sec/GPU: 6945 | learning rate: 9.303882E-05 | global batch size:   256 | lm loss: 2.331671E+00 | loss scale: 1.0 | grad norm: 0.198 | number of skipped iterations:   0 | number of nan iterations:   0 |
7: [default3]: [2026-05-24 06:50:49.524943] iteration     1336/    2293 | consumed samples:       342016 | elapsed time per iteration (ms): 1412.4 | throughput per GPU (TFLOP/s/GPU): 235.7 | tokens/sec/GPU: 23200 | learning rate: 9.291141E-05 | global batch size:   256 | lm loss: 2.355689E+00 | loss scale: 1.0 | grad norm: 0.212 | number of skipped iterations:   0 | number of nan iterations:   0 |
7: [default3]: [2026-05-24 06:50:50.940670] iteration     1337/    2293 | consumed samples:       342272 | elapsed time per iteration (ms): 1415.5 | throughput per GPU (TFLOP/s/GPU): 235.1 | tokens/sec/GPU: 23150 | learning rate: 9.278403E-05 | global batch size:   256 | lm loss: 2.238116E+00 | loss scale: 1.0 | grad norm: 0.203 | number of skipped iterations:   0 | number of nan iterations:   0 |
7: [default3]: [2026-05-24 06:50:52.367947] iteration     1338/    2293 | consumed samples:       342528 | elapsed time per iteration (ms): 1427.0 | throughput per GPU (TFLOP/s/GPU): 233.2 | tokens/sec/GPU: 22963 | learning rate: 9.265668E-05 | global batch size:   256 | lm loss: 2.309367E+00 | loss scale: 1.0 | grad norm: 0.197 | number of skipped iterations:   0 | number of nan iterations:   0 |
7: [default3]: [2026-05-24 06:50:58.435481] iteration     1339/    2293 | consumed samples:       342784 | elapsed time per iteration (ms): 6067.3 | throughput per GPU (TFLOP/s/GPU): 54.9 | tokens/sec/GPU: 5401 | learning rate: 9.252937E-05 | global batch size:   256 | lm loss: 2.334168E+00 | loss scale: 1.0 | grad norm: 0.201 | number of skipped iterations:   0 | number of nan iterations:   0 |
7: [default3]: [2026-05-24 06:50:59.847935] iteration     1340/    2293 | consumed samples:       343040 | elapsed time per iteration (ms): 1412.2 | throughput per GPU (TFLOP/s/GPU): 235.7 | tokens/sec/GPU: 23203 | learning rate: 9.240210E-05 | global batch size:   256 | lm loss: 2.295424E+00 | loss scale: 1.0 | grad norm: 0.201 | number of skipped iterations:   0 | number of nan iterations:   0 |
7: [default3]: [2026-05-24 06:51:01.270933] iteration     1341/    2293 | consumed samples:       343296 | elapsed time per iteration (ms): 1422.8 | throughput per GPU (TFLOP/s/GPU): 233.9 | tokens/sec/GPU: 23031 | learning rate: 9.227487E-05 | global batch size:   256 | lm loss: 2.383683E+00 | loss scale: 1.0 | grad norm: 0.198 | number of skipped iterations:   0 | number of nan iterations:   0 |
7: [default3]: [2026-05-24 06:51:02.697908] iteration     1342/    2293 | consumed samples:       343552 | elapsed time per iteration (ms): 1426.8 | throughput per GPU (TFLOP/s/GPU): 233.3 | tokens/sec/GPU: 22967 | learning rate: 9.214767E-05 | global batch size:   256 | lm loss: 2.342076E+00 | loss scale: 1.0 | grad norm: 0.204 | number of skipped iterations:   0 | number of nan iterations:   0 |
7: [default3]: [2026-05-24 06:51:09.648090] iteration     1343/    2293 | consumed samples:       343808 | elapsed time per iteration (ms): 6950.0 | throughput per GPU (TFLOP/s/GPU): 47.9 | tokens/sec/GPU: 4715 | learning rate: 9.202051E-05 | global batch size:   256 | lm loss: 2.303410E+00 | loss scale: 1.0 | grad norm: 0.214 | number of skipped iterations:   0 | number of nan iterations:   0 |
7: [default3]: [2026-05-24 06:51:11.056397] iteration     1344/    2293 | consumed samples:       344064 | elapsed time per iteration (ms): 1408.1 | throughput per GPU (TFLOP/s/GPU): 236.4 | tokens/sec/GPU: 23271 | learning rate: 9.189338E-05 | global batch size:   256 | lm loss: 2.342624E+00 | loss scale: 1.0 | grad norm: 0.249 | number of skipped iterations:   0 | number of nan iterations:   0 |
7: [default3]: [2026-05-24 06:51:12.472826] iteration     1345/    2293 | consumed samples:       344320 | elapsed time per iteration (ms): 1416.2 | throughput per GPU (TFLOP/s/GPU): 235.0 | tokens/sec/GPU: 23138 | learning rate: 9.176630E-05 | global batch size:   256 | lm loss: 2.364739E+00 | loss scale: 1.0 | grad norm: 0.216 | number of skipped iterations:   0 | number of nan iterations:   0 |
7: [default3]: [2026-05-24 06:51:13.906517] iteration     1346/    2293 | consumed samples:       344576 | elapsed time per iteration (ms): 1433.4 | throughput per GPU (TFLOP/s/GPU): 232.2 | tokens/sec/GPU: 22860 | learning rate: 9.163925E-05 | global batch size:   256 | lm loss: 2.336032E+00 | loss scale: 1.0 | grad norm: 0.212 | number of skipped iterations:   0 | number of nan iterations:   0 |
7: [default3]: [2026-05-24 06:51:20.258735] iteration     1347/    2293 | consumed samples:       344832 | elapsed time per iteration (ms): 6351.8 | throughput per GPU (TFLOP/s/GPU): 52.4 | tokens/sec/GPU: 5159 | learning rate: 9.151224E-05 | global batch size:   256 | lm loss: 2.256909E+00 | loss scale: 1.0 | grad norm: 0.203 | number of skipped iterations:   0 | number of nan iterations:   0 |
7: [default3]: [2026-05-24 06:51:21.673410] iteration     1348/    2293 | consumed samples:       345088 | elapsed time per iteration (ms): 1414.5 | throughput per GPU (TFLOP/s/GPU): 235.3 | tokens/sec/GPU: 23166 | learning rate: 9.138526E-05 | global batch size:   256 | lm loss: 2.405568E+00 | loss scale: 1.0 | grad norm: 0.206 | number of skipped iterations:   0 | number of nan iterations:   0 |
7: [default3]: [2026-05-24 06:51:23.094978] iteration     1349/    2293 | consumed samples:       345344 | elapsed time per iteration (ms): 1421.3 | throughput per GPU (TFLOP/s/GPU): 234.2 | tokens/sec/GPU: 23055 | learning rate: 9.125833E-05 | global batch size:   256 | lm loss: 2.264549E+00 | loss scale: 1.0 | grad norm: 0.208 | number of skipped iterations:   0 | number of nan iterations:   0 |
7: [default3]: [2026-05-24 06:51:24.516797] iteration     1350/    2293 | consumed samples:       345600 | elapsed time per iteration (ms): 1421.6 | throughput per GPU (TFLOP/s/GPU): 234.1 | tokens/sec/GPU: 23050 | learning rate: 9.113144E-05 | global batch size:   256 | lm loss: 2.293379E+00 | loss scale: 1.0 | grad norm: 0.213 | number of skipped iterations:   0 | number of nan iterations:   0 |
7: [default3]: [2026-05-24 06:51:30.541135] iteration     1351/    2293 | consumed samples:       345856 | elapsed time per iteration (ms): 6024.1 | throughput per GPU (TFLOP/s/GPU): 55.2 | tokens/sec/GPU: 5439 | learning rate: 9.100459E-05 | global batch size:   256 | lm loss: 2.352718E+00 | loss scale: 1.0 | grad norm: 0.204 | number of skipped iterations:   0 | number of nan iterations:   0 |
7: [default3]: [2026-05-24 06:51:31.956118] iteration     1352/    2293 | consumed samples:       346112 | elapsed time per iteration (ms): 1414.8 | throughput per GPU (TFLOP/s/GPU): 235.3 | tokens/sec/GPU: 23161 | learning rate: 9.087777E-05 | global batch size:   256 | lm loss: 2.296778E+00 | loss scale: 1.0 | grad norm: 0.199 | number of skipped iterations:   0 | number of nan iterations:   0 |
7: [default3]: [2026-05-24 06:51:33.374628] iteration     1353/    2293 | consumed samples:       346368 | elapsed time per iteration (ms): 1418.3 | throughput per GPU (TFLOP/s/GPU): 234.7 | tokens/sec/GPU: 23104 | learning rate: 9.075100E-05 | global batch size:   256 | lm loss: 2.339722E+00 | loss scale: 1.0 | grad norm: 0.205 | number of skipped iterations:   0 | number of nan iterations:   0 |
7: [default3]: [2026-05-24 06:51:34.792849] iteration     1354/    2293 | consumed samples:       346624 | elapsed time per iteration (ms): 1417.4 | throughput per GPU (TFLOP/s/GPU): 234.8 | tokens/sec/GPU: 23118 | learning rate: 9.062426E-05 | global batch size:   256 | lm loss: 2.360386E+00 | loss scale: 1.0 | grad norm: 0.206 | number of skipped iterations:   0 | number of nan iterations:   0 |
7: [default3]: [2026-05-24 06:51:39.831285] iteration     1355/    2293 | consumed samples:       346880 | elapsed time per iteration (ms): 5038.2 | throughput per GPU (TFLOP/s/GPU): 66.1 | tokens/sec/GPU: 6504 | learning rate: 9.049756E-05 | global batch size:   256 | lm loss: 2.294557E+00 | loss scale: 1.0 | grad norm: 0.427 | number of skipped iterations:   0 | number of nan iterations:   0 |
7: [default3]: [2026-05-24 06:51:41.246669] iteration     1356/    2293 | consumed samples:       347136 | elapsed time per iteration (ms): 1415.1 | throughput per GPU (TFLOP/s/GPU): 235.2 | tokens/sec/GPU: 23155 | learning rate: 9.037091E-05 | global batch size:   256 | lm loss: 2.343958E+00 | loss scale: 1.0 | grad norm: 0.208 | number of skipped iterations:   0 | number of nan iterations:   0 |
7: [default3]: [2026-05-24 06:51:42.663921] iteration     1357/    2293 | consumed samples:       347392 | elapsed time per iteration (ms): 1417.1 | throughput per GPU (TFLOP/s/GPU): 234.9 | tokens/sec/GPU: 23124 | learning rate: 9.024429E-05 | global batch size:   256 | lm loss: 2.306026E+00 | loss scale: 1.0 | grad norm: 0.266 | number of skipped iterations:   0 | number of nan iterations:   0 |
7: [default3]: [2026-05-24 06:51:44.101669] iteration     1358/    2293 | consumed samples:       347648 | elapsed time per iteration (ms): 1437.5 | throughput per GPU (TFLOP/s/GPU): 231.5 | tokens/sec/GPU: 22795 | learning rate: 9.011772E-05 | global batch size:   256 | lm loss: 2.337991E+00 | loss scale: 1.0 | grad norm: 0.197 | number of skipped iterations:   0 | number of nan iterations:   0 |
7: [default3]: [2026-05-24 06:51:49.656441] iteration     1359/    2293 | consumed samples:       347904 | elapsed time per iteration (ms): 5554.5 | throughput per GPU (TFLOP/s/GPU): 59.9 | tokens/sec/GPU: 5899 | learning rate: 8.999119E-05 | global batch size:   256 | lm loss: 2.326379E+00 | loss scale: 1.0 | grad norm: 0.202 | number of skipped iterations:   0 | number of nan iterations:   0 |
7: [default3]: [2026-05-24 06:51:54.691630] iteration     1360/    2293 | consumed samples:       348160 | elapsed time per iteration (ms): 5034.9 | throughput per GPU (TFLOP/s/GPU): 66.1 | tokens/sec/GPU: 6508 | learning rate: 8.986470E-05 | global batch size:   256 | lm loss: 2.342672E+00 | loss scale: 1.0 | grad norm: 0.202 | number of skipped iterations:   0 | number of nan iterations:   0 |
7: [default3]: [2026-05-24 06:51:58.039783] iteration     1361/    2293 | consumed samples:       348416 | elapsed time per iteration (ms): 3347.9 | throughput per GPU (TFLOP/s/GPU): 99.4 | tokens/sec/GPU: 9788 | learning rate: 8.973825E-05 | global batch size:   256 | lm loss: 2.316932E+00 | loss scale: 1.0 | grad norm: 0.200 | number of skipped iterations:   0 | number of nan iterations:   0 |
7: [default3]: [2026-05-24 06:51:59.453689] iteration     1362/    2293 | consumed samples:       348672 | elapsed time per iteration (ms): 1413.7 | throughput per GPU (TFLOP/s/GPU): 235.4 | tokens/sec/GPU: 23179 | learning rate: 8.961184E-05 | global batch size:   256 | lm loss: 2.388481E+00 | loss scale: 1.0 | grad norm: 0.199 | number of skipped iterations:   0 | number of nan iterations:   0 |
7: [default3]: [2026-05-24 06:52:00.876870] iteration     1363/    2293 | consumed samples:       348928 | elapsed time per iteration (ms): 1422.6 | throughput per GPU (TFLOP/s/GPU): 234.0 | tokens/sec/GPU: 23034 | learning rate: 8.948548E-05 | global batch size:   256 | lm loss: 2.285203E+00 | loss scale: 1.0 | grad norm: 0.199 | number of skipped iterations:   0 | number of nan iterations:   0 |
7: [default3]: [2026-05-24 06:52:04.486612] iteration     1364/    2293 | consumed samples:       349184 | elapsed time per iteration (ms): 3609.5 | throughput per GPU (TFLOP/s/GPU): 92.2 | tokens/sec/GPU: 9078 | learning rate: 8.935916E-05 | global batch size:   256 | lm loss: 2.322311E+00 | loss scale: 1.0 | grad norm: 0.202 | number of skipped iterations:   0 | number of nan iterations:   0 |
7: [default3]: [2026-05-24 06:52:06.531412] iteration     1365/    2293 | consumed samples:       349440 | elapsed time per iteration (ms): 2044.4 | throughput per GPU (TFLOP/s/GPU): 162.8 | tokens/sec/GPU: 16029 | learning rate: 8.923288E-05 | global batch size:   256 | lm loss: 2.320750E+00 | loss scale: 1.0 | grad norm: 0.204 | number of skipped iterations:   0 | number of nan iterations:   0 |
7: [default3]: [2026-05-24 06:52:07.952572] iteration     1366/    2293 | consumed samples:       349696 | elapsed time per iteration (ms): 1420.9 | throughput per GPU (TFLOP/s/GPU): 234.2 | tokens/sec/GPU: 23061 | learning rate: 8.910664E-05 | global batch size:   256 | lm loss: 2.351980E+00 | loss scale: 1.0 | grad norm: 0.195 | number of skipped iterations:   0 | number of nan iterations:   0 |
7: [default3]: [2026-05-24 06:52:09.774379] iteration     1367/    2293 | consumed samples:       349952 | elapsed time per iteration (ms): 1821.5 | throughput per GPU (TFLOP/s/GPU): 182.7 | tokens/sec/GPU: 17989 | learning rate: 8.898046E-05 | global batch size:   256 | lm loss: 2.294387E+00 | loss scale: 1.0 | grad norm: 0.195 | number of skipped iterations:   0 | number of nan iterations:   0 |
7: [default3]: [2026-05-24 06:52:15.545795] iteration     1368/    2293 | consumed samples:       350208 | elapsed time per iteration (ms): 5770.9 | throughput per GPU (TFLOP/s/GPU): 57.7 | tokens/sec/GPU: 5678 | learning rate: 8.885431E-05 | global batch size:   256 | lm loss: 2.348757E+00 | loss scale: 1.0 | grad norm: 0.202 | number of skipped iterations:   0 | number of nan iterations:   0 |
7: [default3]: [2026-05-24 06:52:16.969388] iteration     1369/    2293 | consumed samples:       350464 | elapsed time per iteration (ms): 1423.1 | throughput per GPU (TFLOP/s/GPU): 233.9 | tokens/sec/GPU: 23026 | learning rate: 8.872820E-05 | global batch size:   256 | lm loss: 2.412327E+00 | loss scale: 1.0 | grad norm: 0.199 | number of skipped iterations:   0 | number of nan iterations:   0 |
7: [default3]: [2026-05-24 06:52:18.392597] iteration     1370/    2293 | consumed samples:       350720 | elapsed time per iteration (ms): 1423.0 | throughput per GPU (TFLOP/s/GPU): 233.9 | tokens/sec/GPU: 23027 | learning rate: 8.860214E-05 | global batch size:   256 | lm loss: 2.318630E+00 | loss scale: 1.0 | grad norm: 0.198 | number of skipped iterations:   0 | number of nan iterations:   0 |
7: [default3]: [2026-05-24 06:52:22.559471] iteration     1371/    2293 | consumed samples:       350976 | elapsed time per iteration (ms): 4166.7 | throughput per GPU (TFLOP/s/GPU): 79.9 | tokens/sec/GPU: 7864 | learning rate: 8.847612E-05 | global batch size:   256 | lm loss: 2.289208E+00 | loss scale: 1.0 | grad norm: 0.199 | number of skipped iterations:   0 | number of nan iterations:   0 |
7: [default3]: [2026-05-24 06:52:26.354222] iteration     1372/    2293 | consumed samples:       351232 | elapsed time per iteration (ms): 3794.6 | throughput per GPU (TFLOP/s/GPU): 87.7 | tokens/sec/GPU: 8636 | learning rate: 8.835016E-05 | global batch size:   256 | lm loss: 2.241667E+00 | loss scale: 1.0 | grad norm: 0.196 | number of skipped iterations:   0 | number of nan iterations:   0 |
7: [default3]: [2026-05-24 06:52:27.771395] iteration     1373/    2293 | consumed samples:       351488 | elapsed time per iteration (ms): 1416.9 | throughput per GPU (TFLOP/s/GPU): 234.9 | tokens/sec/GPU: 23127 | learning rate: 8.822423E-05 | global batch size:   256 | lm loss: 2.361633E+00 | loss scale: 1.0 | grad norm: 0.200 | number of skipped iterations:   0 | number of nan iterations:   0 |
7: [default3]: [2026-05-24 06:52:29.193662] iteration     1374/    2293 | consumed samples:       351744 | elapsed time per iteration (ms): 1422.0 | throughput per GPU (TFLOP/s/GPU): 234.1 | tokens/sec/GPU: 23043 | learning rate: 8.809835E-05 | global batch size:   256 | lm loss: 2.260826E+00 | loss scale: 1.0 | grad norm: 0.194 | number of skipped iterations:   0 | number of nan iterations:   0 |
7: [default3]: [2026-05-24 06:52:34.027240] iteration     1375/    2293 | consumed samples:       352000 | elapsed time per iteration (ms): 4833.4 | throughput per GPU (TFLOP/s/GPU): 68.9 | tokens/sec/GPU: 6780 | learning rate: 8.797252E-05 | global batch size:   256 | lm loss: 2.339182E+00 | loss scale: 1.0 | grad norm: 0.199 | number of skipped iterations:   0 | number of nan iterations:   0 |
7: [default3]: [2026-05-24 06:52:35.561519] iteration     1376/    2293 | consumed samples:       352256 | elapsed time per iteration (ms): 1533.7 | throughput per GPU (TFLOP/s/GPU): 217.0 | tokens/sec/GPU: 21365 | learning rate: 8.784673E-05 | global batch size:   256 | lm loss: 2.324673E+00 | loss scale: 1.0 | grad norm: 0.206 | number of skipped iterations:   0 | number of nan iterations:   0 |
7: [default3]: [2026-05-24 06:52:36.982730] iteration     1377/    2293 | consumed samples:       352512 | elapsed time per iteration (ms): 1421.0 | throughput per GPU (TFLOP/s/GPU): 234.2 | tokens/sec/GPU: 23060 | learning rate: 8.772098E-05 | global batch size:   256 | lm loss: 2.313288E+00 | loss scale: 1.0 | grad norm: 0.197 | number of skipped iterations:   0 | number of nan iterations:   0 |
7: [default3]: [2026-05-24 06:52:38.402766] iteration     1378/    2293 | consumed samples:       352768 | elapsed time per iteration (ms): 1419.8 | throughput per GPU (TFLOP/s/GPU): 234.4 | tokens/sec/GPU: 23079 | learning rate: 8.759529E-05 | global batch size:   256 | lm loss: 2.372571E+00 | loss scale: 1.0 | grad norm: 0.203 | number of skipped iterations:   0 | number of nan iterations:   0 |
7: [default3]: [2026-05-24 06:52:41.155013] iteration     1379/    2293 | consumed samples:       353024 | elapsed time per iteration (ms): 2752.0 | throughput per GPU (TFLOP/s/GPU): 120.9 | tokens/sec/GPU: 11907 | learning rate: 8.746964E-05 | global batch size:   256 | lm loss: 2.338936E+00 | loss scale: 1.0 | grad norm: 0.197 | number of skipped iterations:   0 | number of nan iterations:   0 |
7: [default3]: [2026-05-24 06:52:44.290856] iteration     1380/    2293 | consumed samples:       353280 | elapsed time per iteration (ms): 3135.6 | throughput per GPU (TFLOP/s/GPU): 106.1 | tokens/sec/GPU: 10450 | learning rate: 8.734404E-05 | global batch size:   256 | lm loss: 2.355476E+00 | loss scale: 1.0 | grad norm: 0.194 | number of skipped iterations:   0 | number of nan iterations:   0 |
7: [default3]: [2026-05-24 06:52:45.717478] iteration     1381/    2293 | consumed samples:       353536 | elapsed time per iteration (ms): 1426.4 | throughput per GPU (TFLOP/s/GPU): 233.3 | tokens/sec/GPU: 22973 | learning rate: 8.721848E-05 | global batch size:   256 | lm loss: 2.323809E+00 | loss scale: 1.0 | grad norm: 0.198 | number of skipped iterations:   0 | number of nan iterations:   0 |
7: [default3]: [2026-05-24 06:52:47.135246] iteration     1382/    2293 | consumed samples:       353792 | elapsed time per iteration (ms): 1417.5 | throughput per GPU (TFLOP/s/GPU): 234.8 | tokens/sec/GPU: 23116 | learning rate: 8.709297E-05 | global batch size:   256 | lm loss: 2.265765E+00 | loss scale: 1.0 | grad norm: 0.194 | number of skipped iterations:   0 | number of nan iterations:   0 |
7: [default3]: [2026-05-24 06:52:50.304875] iteration     1383/    2293 | consumed samples:       354048 | elapsed time per iteration (ms): 3169.4 | throughput per GPU (TFLOP/s/GPU): 105.0 | tokens/sec/GPU: 10339 | learning rate: 8.696751E-05 | global batch size:   256 | lm loss: 2.253135E+00 | loss scale: 1.0 | grad norm: 0.195 | number of skipped iterations:   0 | number of nan iterations:   0 |
7: [default3]: [2026-05-24 06:52:52.182194] iteration     1384/    2293 | consumed samples:       354304 | elapsed time per iteration (ms): 1877.1 | throughput per GPU (TFLOP/s/GPU): 177.3 | tokens/sec/GPU: 17457 | learning rate: 8.684210E-05 | global batch size:   256 | lm loss: 2.289867E+00 | loss scale: 1.0 | grad norm: 0.201 | number of skipped iterations:   0 | number of nan iterations:   0 |
7: [default3]: [2026-05-24 06:52:57.462051] iteration     1385/    2293 | consumed samples:       354560 | elapsed time per iteration (ms): 5279.7 | throughput per GPU (TFLOP/s/GPU): 63.0 | tokens/sec/GPU: 6206 | learning rate: 8.671673E-05 | global batch size:   256 | lm loss: 2.348565E+00 | loss scale: 1.0 | grad norm: 0.235 | number of skipped iterations:   0 | number of nan iterations:   0 |
7: [default3]: [2026-05-24 06:52:58.874241] iteration     1386/    2293 | consumed samples:       354816 | elapsed time per iteration (ms): 1411.9 | throughput per GPU (TFLOP/s/GPU): 235.7 | tokens/sec/GPU: 23208 | learning rate: 8.659141E-05 | global batch size:   256 | lm loss: 2.371258E+00 | loss scale: 1.0 | grad norm: 0.208 | number of skipped iterations:   0 | number of nan iterations:   0 |
7: [default3]: [2026-05-24 06:53:00.305089] iteration     1387/    2293 | consumed samples:       355072 | elapsed time per iteration (ms): 1430.6 | throughput per GPU (TFLOP/s/GPU): 232.7 | tokens/sec/GPU: 22905 | learning rate: 8.646615E-05 | global batch size:   256 | lm loss: 2.284090E+00 | loss scale: 1.0 | grad norm: 0.197 | number of skipped iterations:   0 | number of nan iterations:   0 |
7: [default3]: [2026-05-24 06:53:01.726398] iteration     1388/    2293 | consumed samples:       355328 | elapsed time per iteration (ms): 1421.1 | throughput per GPU (TFLOP/s/GPU): 234.2 | tokens/sec/GPU: 23058 | learning rate: 8.634093E-05 | global batch size:   256 | lm loss: 2.385558E+00 | loss scale: 1.0 | grad norm: 0.200 | number of skipped iterations:   0 | number of nan iterations:   0 |
7: [default3]: [2026-05-24 06:53:05.660522] iteration     1389/    2293 | consumed samples:       355584 | elapsed time per iteration (ms): 3933.7 | throughput per GPU (TFLOP/s/GPU): 84.6 | tokens/sec/GPU: 8330 | learning rate: 8.621575E-05 | global batch size:   256 | lm loss: 2.350336E+00 | loss scale: 1.0 | grad norm: 0.202 | number of skipped iterations:   0 | number of nan iterations:   0 |
7: [default3]: [2026-05-24 06:53:07.074499] iteration     1390/    2293 | consumed samples:       355840 | elapsed time per iteration (ms): 1413.7 | throughput per GPU (TFLOP/s/GPU): 235.4 | tokens/sec/GPU: 23178 | learning rate: 8.609064E-05 | global batch size:   256 | lm loss: 2.221302E+00 | loss scale: 1.0 | grad norm: 0.661 | number of skipped iterations:   0 | number of nan iterations:   0 |
7: [default3]: [2026-05-24 06:53:08.486208] iteration     1391/    2293 | consumed samples:       356096 | elapsed time per iteration (ms): 1411.5 | throughput per GPU (TFLOP/s/GPU): 235.8 | tokens/sec/GPU: 23215 | learning rate: 8.596556E-05 | global batch size:   256 | lm loss: 2.327524E+00 | loss scale: 1.0 | grad norm: 0.202 | number of skipped iterations:   0 | number of nan iterations:   0 |
7: [default3]: [2026-05-24 06:53:09.903020] iteration     1392/    2293 | consumed samples:       356352 | elapsed time per iteration (ms): 1416.6 | throughput per GPU (TFLOP/s/GPU): 235.0 | tokens/sec/GPU: 23132 | learning rate: 8.584055E-05 | global batch size:   256 | lm loss: 2.339071E+00 | loss scale: 1.0 | grad norm: 0.200 | number of skipped iterations:   0 | number of nan iterations:   0 |
7: [default3]: [2026-05-24 06:53:13.502098] iteration     1393/    2293 | consumed samples:       356608 | elapsed time per iteration (ms): 3598.9 | throughput per GPU (TFLOP/s/GPU): 92.5 | tokens/sec/GPU: 9105 | learning rate: 8.571558E-05 | global batch size:   256 | lm loss: 2.300901E+00 | loss scale: 1.0 | grad norm: 0.206 | number of skipped iterations:   0 | number of nan iterations:   0 |
7: [default3]: [2026-05-24 06:53:14.926377] iteration     1394/    2293 | consumed samples:       356864 | elapsed time per iteration (ms): 1424.0 | throughput per GPU (TFLOP/s/GPU): 233.7 | tokens/sec/GPU: 23011 | learning rate: 8.559065E-05 | global batch size:   256 | lm loss: 2.288787E+00 | loss scale: 1.0 | grad norm: 0.202 | number of skipped iterations:   0 | number of nan iterations:   0 |
7: [default3]: [2026-05-24 06:53:16.351527] iteration     1395/    2293 | consumed samples:       357120 | elapsed time per iteration (ms): 1424.9 | throughput per GPU (TFLOP/s/GPU): 233.6 | tokens/sec/GPU: 22996 | learning rate: 8.546578E-05 | global batch size:   256 | lm loss: 2.276577E+00 | loss scale: 1.0 | grad norm: 0.197 | number of skipped iterations:   0 | number of nan iterations:   0 |
7: [default3]: [2026-05-24 06:53:17.770830] iteration     1396/    2293 | consumed samples:       357376 | elapsed time per iteration (ms): 1419.0 | throughput per GPU (TFLOP/s/GPU): 234.5 | tokens/sec/GPU: 23092 | learning rate: 8.534097E-05 | global batch size:   256 | lm loss: 2.284873E+00 | loss scale: 1.0 | grad norm: 0.201 | number of skipped iterations:   0 | number of nan iterations:   0 |
7: [default3]: [2026-05-24 06:53:23.355160] iteration     1397/    2293 | consumed samples:       357632 | elapsed time per iteration (ms): 5584.0 | throughput per GPU (TFLOP/s/GPU): 59.6 | tokens/sec/GPU: 5868 | learning rate: 8.521620E-05 | global batch size:   256 | lm loss: 2.266521E+00 | loss scale: 1.0 | grad norm: 0.197 | number of skipped iterations:   0 | number of nan iterations:   0 |
7: [default3]: [2026-05-24 06:53:24.786445] iteration     1398/    2293 | consumed samples:       357888 | elapsed time per iteration (ms): 1431.1 | throughput per GPU (TFLOP/s/GPU): 232.6 | tokens/sec/GPU: 22897 | learning rate: 8.509148E-05 | global batch size:   256 | lm loss: 2.347433E+00 | loss scale: 1.0 | grad norm: 0.198 | number of skipped iterations:   0 | number of nan iterations:   0 |
7: [default3]: [2026-05-24 06:53:26.214585] iteration     1399/    2293 | consumed samples:       358144 | elapsed time per iteration (ms): 1427.7 | throughput per GPU (TFLOP/s/GPU): 233.1 | tokens/sec/GPU: 22952 | learning rate: 8.496682E-05 | global batch size:   256 | lm loss: 2.263871E+00 | loss scale: 1.0 | grad norm: 0.197 | number of skipped iterations:   0 | number of nan iterations:   0 |
7: [default3]: [2026-05-24 06:53:27.638116] iteration     1400/    2293 | consumed samples:       358400 | elapsed time per iteration (ms): 1423.3 | throughput per GPU (TFLOP/s/GPU): 233.8 | tokens/sec/GPU: 23022 | learning rate: 8.484221E-05 | global batch size:   256 | lm loss: 2.319899E+00 | loss scale: 1.0 | grad norm: 0.196 | number of skipped iterations:   0 | number of nan iterations:   0 |
7: [default3]: [2026-05-24 06:53:33.263188] iteration     1401/    2293 | consumed samples:       358656 | elapsed time per iteration (ms): 5624.7 | throughput per GPU (TFLOP/s/GPU): 59.2 | tokens/sec/GPU: 5826 | learning rate: 8.471765E-05 | global batch size:   256 | lm loss: 2.318112E+00 | loss scale: 1.0 | grad norm: 0.196 | number of skipped iterations:   0 | number of nan iterations:   0 |
7: [default3]: [2026-05-24 06:53:34.667950] iteration     1402/    2293 | consumed samples:       358912 | elapsed time per iteration (ms): 1404.5 | throughput per GPU (TFLOP/s/GPU): 237.0 | tokens/sec/GPU: 23331 | learning rate: 8.459314E-05 | global batch size:   256 | lm loss: 2.296112E+00 | loss scale: 1.0 | grad norm: 0.198 | number of skipped iterations:   0 | number of nan iterations:   0 |
7: [default3]: [2026-05-24 06:53:36.089880] iteration     1403/    2293 | consumed samples:       359168 | elapsed time per iteration (ms): 1421.7 | throughput per GPU (TFLOP/s/GPU): 234.1 | tokens/sec/GPU: 23048 | learning rate: 8.446869E-05 | global batch size:   256 | lm loss: 2.353235E+00 | loss scale: 1.0 | grad norm: 0.198 | number of skipped iterations:   0 | number of nan iterations:   0 |
7: [default3]: [2026-05-24 06:53:41.165564] iteration     1404/    2293 | consumed samples:       359424 | elapsed time per iteration (ms): 5075.4 | throughput per GPU (TFLOP/s/GPU): 65.6 | tokens/sec/GPU: 6456 | learning rate: 8.434428E-05 | global batch size:   256 | lm loss: 2.311987E+00 | loss scale: 1.0 | grad norm: 0.205 | number of skipped iterations:   0 | number of nan iterations:   0 |
7: [default3]: [2026-05-24 06:53:43.367444] iteration     1405/    2293 | consumed samples:       359680 | elapsed time per iteration (ms): 2201.7 | throughput per GPU (TFLOP/s/GPU): 151.2 | tokens/sec/GPU: 14883 | learning rate: 8.421994E-05 | global batch size:   256 | lm loss: 2.292898E+00 | loss scale: 1.0 | grad norm: 0.197 | number of skipped iterations:   0 | number of nan iterations:   0 |
7: [default3]: [2026-05-24 06:53:44.783324] iteration     1406/    2293 | consumed samples:       359936 | elapsed time per iteration (ms): 1415.6 | throughput per GPU (TFLOP/s/GPU): 235.1 | tokens/sec/GPU: 23147 | learning rate: 8.409564E-05 | global batch size:   256 | lm loss: 2.284240E+00 | loss scale: 1.0 | grad norm: 0.196 | number of skipped iterations:   0 | number of nan iterations:   0 |
7: [default3]: [2026-05-24 06:53:46.199896] iteration     1407/    2293 | consumed samples:       360192 | elapsed time per iteration (ms): 1416.4 | throughput per GPU (TFLOP/s/GPU): 235.0 | tokens/sec/GPU: 23135 | learning rate: 8.397140E-05 | global batch size:   256 | lm loss: 2.312284E+00 | loss scale: 1.0 | grad norm: 0.200 | number of skipped iterations:   0 | number of nan iterations:   0 |
7: [default3]: [2026-05-24 06:53:48.515208] iteration     1408/    2293 | consumed samples:       360448 | elapsed time per iteration (ms): 2314.7 | throughput per GPU (TFLOP/s/GPU): 143.8 | tokens/sec/GPU: 14156 | learning rate: 8.384722E-05 | global batch size:   256 | lm loss: 2.292686E+00 | loss scale: 1.0 | grad norm: 0.198 | number of skipped iterations:   0 | number of nan iterations:   0 |
7: [default3]: [2026-05-24 06:53:50.119528] iteration     1409/    2293 | consumed samples:       360704 | elapsed time per iteration (ms): 1604.1 | throughput per GPU (TFLOP/s/GPU): 207.5 | tokens/sec/GPU: 20428 | learning rate: 8.372308E-05 | global batch size:   256 | lm loss: 2.323703E+00 | loss scale: 1.0 | grad norm: 0.205 | number of skipped iterations:   0 | number of nan iterations:   0 |
7: [default3]: [2026-05-24 06:53:51.540235] iteration     1410/    2293 | consumed samples:       360960 | elapsed time per iteration (ms): 1420.5 | throughput per GPU (TFLOP/s/GPU): 234.3 | tokens/sec/GPU: 23068 | learning rate: 8.359901E-05 | global batch size:   256 | lm loss: 2.324312E+00 | loss scale: 1.0 | grad norm: 0.206 | number of skipped iterations:   0 | number of nan iterations:   0 |
7: [default3]: [2026-05-24 06:53:52.963292] iteration     1411/    2293 | consumed samples:       361216 | elapsed time per iteration (ms): 1422.8 | throughput per GPU (TFLOP/s/GPU): 233.9 | tokens/sec/GPU: 23030 | learning rate: 8.347499E-05 | global batch size:   256 | lm loss: 2.335224E+00 | loss scale: 1.0 | grad norm: 0.206 | number of skipped iterations:   0 | number of nan iterations:   0 |
7: [default3]: [2026-05-24 06:54:01.691835] iteration     1412/    2293 | consumed samples:       361472 | elapsed time per iteration (ms): 8728.3 | throughput per GPU (TFLOP/s/GPU): 38.1 | tokens/sec/GPU: 3754 | learning rate: 8.335102E-05 | global batch size:   256 | lm loss: 2.289395E+00 | loss scale: 1.0 | grad norm: 0.201 | number of skipped iterations:   0 | number of nan iterations:   0 |
7: [default3]: [2026-05-24 06:54:03.095858] iteration     1413/    2293 | consumed samples:       361728 | elapsed time per iteration (ms): 1403.8 | throughput per GPU (TFLOP/s/GPU): 237.1 | tokens/sec/GPU: 23342 | learning rate: 8.322711E-05 | global batch size:   256 | lm loss: 2.297353E+00 | loss scale: 1.0 | grad norm: 0.210 | number of skipped iterations:   0 | number of nan iterations:   0 |
7: [default3]: [2026-05-24 06:54:04.510882] iteration     1414/    2293 | consumed samples:       361984 | elapsed time per iteration (ms): 1414.8 | throughput per GPU (TFLOP/s/GPU): 235.3 | tokens/sec/GPU: 23161 | learning rate: 8.310325E-05 | global batch size:   256 | lm loss: 2.278811E+00 | loss scale: 1.0 | grad norm: 0.199 | number of skipped iterations:   0 | number of nan iterations:   0 |
7: [default3]: [2026-05-24 06:54:05.927488] iteration     1415/    2293 | consumed samples:       362240 | elapsed time per iteration (ms): 1416.0 | throughput per GPU (TFLOP/s/GPU): 235.0 | tokens/sec/GPU: 23141 | learning rate: 8.297945E-05 | global batch size:   256 | lm loss: 2.228120E+00 | loss scale: 1.0 | grad norm: 0.201 | number of skipped iterations:   0 | number of nan iterations:   0 |
7: [default3]: [2026-05-24 06:54:13.021589] iteration     1416/    2293 | consumed samples:       362496 | elapsed time per iteration (ms): 7093.5 | throughput per GPU (TFLOP/s/GPU): 46.9 | tokens/sec/GPU: 4619 | learning rate: 8.285571E-05 | global batch size:   256 | lm loss: 2.284142E+00 | loss scale: 1.0 | grad norm: 0.197 | number of skipped iterations:   0 | number of nan iterations:   0 |
7: [default3]: [2026-05-24 06:54:14.561245] iteration     1417/    2293 | consumed samples:       362752 | elapsed time per iteration (ms): 1539.2 | throughput per GPU (TFLOP/s/GPU): 216.2 | tokens/sec/GPU: 21289 | learning rate: 8.273202E-05 | global batch size:   256 | lm loss: 2.300709E+00 | loss scale: 1.0 | grad norm: 0.201 | number of skipped iterations:   0 | number of nan iterations:   0 |
7: [default3]: [2026-05-24 06:54:15.985371] iteration     1418/    2293 | consumed samples:       363008 | elapsed time per iteration (ms): 1423.9 | throughput per GPU (TFLOP/s/GPU): 233.7 | tokens/sec/GPU: 23013 | learning rate: 8.260839E-05 | global batch size:   256 | lm loss: 2.310643E+00 | loss scale: 1.0 | grad norm: 0.196 | number of skipped iterations:   0 | number of nan iterations:   0 |
7: [default3]: [2026-05-24 06:54:17.400616] iteration     1419/    2293 | consumed samples:       363264 | elapsed time per iteration (ms): 1415.0 | throughput per GPU (TFLOP/s/GPU): 235.2 | tokens/sec/GPU: 23157 | learning rate: 8.248482E-05 | global batch size:   256 | lm loss: 2.302102E+00 | loss scale: 1.0 | grad norm: 0.201 | number of skipped iterations:   0 | number of nan iterations:   0 |
7: [default3]: [2026-05-24 06:54:21.175838] iteration     1420/    2293 | consumed samples:       363520 | elapsed time per iteration (ms): 3775.0 | throughput per GPU (TFLOP/s/GPU): 88.2 | tokens/sec/GPU: 8680 | learning rate: 8.236130E-05 | global batch size:   256 | lm loss: 2.274986E+00 | loss scale: 1.0 | grad norm: 0.205 | number of skipped iterations:   0 | number of nan iterations:   0 |
7: [default3]: [2026-05-24 06:54:22.669604] iteration     1421/    2293 | consumed samples:       363776 | elapsed time per iteration (ms): 1493.5 | throughput per GPU (TFLOP/s/GPU): 222.9 | tokens/sec/GPU: 21941 | learning rate: 8.223784E-05 | global batch size:   256 | lm loss: 2.324889E+00 | loss scale: 1.0 | grad norm: 0.197 | number of skipped iterations:   0 | number of nan iterations:   0 |
7: [default3]: [2026-05-24 06:54:24.085612] iteration     1422/    2293 | consumed samples:       364032 | elapsed time per iteration (ms): 1415.7 | throughput per GPU (TFLOP/s/GPU): 235.1 | tokens/sec/GPU: 23146 | learning rate: 8.211443E-05 | global batch size:   256 | lm loss: 2.332122E+00 | loss scale: 1.0 | grad norm: 0.224 | number of skipped iterations:   0 | number of nan iterations:   0 |
7: [default3]: [2026-05-24 06:54:25.506495] iteration     1423/    2293 | consumed samples:       364288 | elapsed time per iteration (ms): 1420.7 | throughput per GPU (TFLOP/s/GPU): 234.3 | tokens/sec/GPU: 23065 | learning rate: 8.199109E-05 | global batch size:   256 | lm loss: 2.319763E+00 | loss scale: 1.0 | grad norm: 0.209 | number of skipped iterations:   0 | number of nan iterations:   0 |
7: [default3]: [2026-05-24 06:54:31.431915] iteration     1424/    2293 | consumed samples:       364544 | elapsed time per iteration (ms): 5925.0 | throughput per GPU (TFLOP/s/GPU): 56.2 | tokens/sec/GPU: 5530 | learning rate: 8.186781E-05 | global batch size:   256 | lm loss: 2.284280E+00 | loss scale: 1.0 | grad norm: 0.201 | number of skipped iterations:   0 | number of nan iterations:   0 |
7: [default3]: [2026-05-24 06:54:32.857456] iteration     1425/    2293 | consumed samples:       364800 | elapsed time per iteration (ms): 1425.1 | throughput per GPU (TFLOP/s/GPU): 233.5 | tokens/sec/GPU: 22993 | learning rate: 8.174458E-05 | global batch size:   256 | lm loss: 2.348981E+00 | loss scale: 1.0 | grad norm: 0.199 | number of skipped iterations:   0 | number of nan iterations:   0 |
7: [default3]: [2026-05-24 06:54:34.271590] iteration     1426/    2293 | consumed samples:       365056 | elapsed time per iteration (ms): 1413.9 | throughput per GPU (TFLOP/s/GPU): 235.4 | tokens/sec/GPU: 23175 | learning rate: 8.162141E-05 | global batch size:   256 | lm loss: 2.288487E+00 | loss scale: 1.0 | grad norm: 0.212 | number of skipped iterations:   0 | number of nan iterations:   0 |
7: [default3]: [2026-05-24 06:54:35.686922] iteration     1427/    2293 | consumed samples:       365312 | elapsed time per iteration (ms): 1415.1 | throughput per GPU (TFLOP/s/GPU): 235.2 | tokens/sec/GPU: 23156 | learning rate: 8.149830E-05 | global batch size:   256 | lm loss: 2.355073E+00 | loss scale: 1.0 | grad norm: 0.203 | number of skipped iterations:   0 | number of nan iterations:   0 |
7: [default3]: [2026-05-24 06:54:44.675867] iteration     1428/    2293 | consumed samples:       365568 | elapsed time per iteration (ms): 8988.7 | throughput per GPU (TFLOP/s/GPU): 37.0 | tokens/sec/GPU: 3645 | learning rate: 8.137526E-05 | global batch size:   256 | lm loss: 2.321399E+00 | loss scale: 1.0 | grad norm: 0.200 | number of skipped iterations:   0 | number of nan iterations:   0 |
7: [default3]: [2026-05-24 06:54:46.095966] iteration     1429/    2293 | consumed samples:       365824 | elapsed time per iteration (ms): 1419.9 | throughput per GPU (TFLOP/s/GPU): 234.4 | tokens/sec/GPU: 23078 | learning rate: 8.125226E-05 | global batch size:   256 | lm loss: 2.308641E+00 | loss scale: 1.0 | grad norm: 0.198 | number of skipped iterations:   0 | number of nan iterations:   0 |
7: [default3]: [2026-05-24 06:54:47.514745] iteration     1430/    2293 | consumed samples:       366080 | elapsed time per iteration (ms): 1418.5 | throughput per GPU (TFLOP/s/GPU): 234.6 | tokens/sec/GPU: 23101 | learning rate: 8.112933E-05 | global batch size:   256 | lm loss: 2.288488E+00 | loss scale: 1.0 | grad norm: 0.201 | number of skipped iterations:   0 | number of nan iterations:   0 |
7: [default3]: [2026-05-24 06:54:48.927915] iteration     1431/    2293 | consumed samples:       366336 | elapsed time per iteration (ms): 1412.9 | throughput per GPU (TFLOP/s/GPU): 235.6 | tokens/sec/GPU: 23192 | learning rate: 8.100646E-05 | global batch size:   256 | lm loss: 2.318185E+00 | loss scale: 1.0 | grad norm: 0.200 | number of skipped iterations:   0 | number of nan iterations:   0 |
7: [default3]: [2026-05-24 06:54:50.356023] iteration     1432/    2293 | consumed samples:       366592 | elapsed time per iteration (ms): 1427.9 | throughput per GPU (TFLOP/s/GPU): 233.1 | tokens/sec/GPU: 22949 | learning rate: 8.088365E-05 | global batch size:   256 | lm loss: 2.333211E+00 | loss scale: 1.0 | grad norm: 0.203 | number of skipped iterations:   0 | number of nan iterations:   0 |
7: [default3]: [2026-05-24 06:54:51.777605] iteration     1433/    2293 | consumed samples:       366848 | elapsed time per iteration (ms): 1421.4 | throughput per GPU (TFLOP/s/GPU): 234.2 | tokens/sec/GPU: 23053 | learning rate: 8.076090E-05 | global batch size:   256 | lm loss: 2.345113E+00 | loss scale: 1.0 | grad norm: 0.200 | number of skipped iterations:   0 | number of nan iterations:   0 |
7: [default3]: [2026-05-24 06:54:53.192877] iteration     1434/    2293 | consumed samples:       367104 | elapsed time per iteration (ms): 1415.0 | throughput per GPU (TFLOP/s/GPU): 235.2 | tokens/sec/GPU: 23158 | learning rate: 8.063821E-05 | global batch size:   256 | lm loss: 2.318833E+00 | loss scale: 1.0 | grad norm: 0.201 | number of skipped iterations:   0 | number of nan iterations:   0 |
7: [default3]: [2026-05-24 06:54:54.633292] iteration     1435/    2293 | consumed samples:       367360 | elapsed time per iteration (ms): 1440.2 | throughput per GPU (TFLOP/s/GPU): 231.1 | tokens/sec/GPU: 22753 | learning rate: 8.051558E-05 | global batch size:   256 | lm loss: 2.262848E+00 | loss scale: 1.0 | grad norm: 0.201 | number of skipped iterations:   0 | number of nan iterations:   0 |
7: [default3]: [2026-05-24 06:54:56.068439] iteration     1436/    2293 | consumed samples:       367616 | elapsed time per iteration (ms): 1434.9 | throughput per GPU (TFLOP/s/GPU): 232.0 | tokens/sec/GPU: 22836 | learning rate: 8.039302E-05 | global batch size:   256 | lm loss: 2.275919E+00 | loss scale: 1.0 | grad norm: 0.210 | number of skipped iterations:   0 | number of nan iterations:   0 |
7: [default3]: [2026-05-24 06:54:59.145882] iteration     1437/    2293 | consumed samples:       367872 | elapsed time per iteration (ms): 3077.2 | throughput per GPU (TFLOP/s/GPU): 108.2 | tokens/sec/GPU: 10649 | learning rate: 8.027051E-05 | global batch size:   256 | lm loss: 2.297656E+00 | loss scale: 1.0 | grad norm: 0.200 | number of skipped iterations:   0 | number of nan iterations:   0 |
7: [default3]: [2026-05-24 06:55:00.550249] iteration     1438/    2293 | consumed samples:       368128 | elapsed time per iteration (ms): 1404.1 | throughput per GPU (TFLOP/s/GPU): 237.1 | tokens/sec/GPU: 23338 | learning rate: 8.014806E-05 | global batch size:   256 | lm loss: 2.336035E+00 | loss scale: 1.0 | grad norm: 0.201 | number of skipped iterations:   0 | number of nan iterations:   0 |
7: [default3]: [2026-05-24 06:55:01.954437] iteration     1439/    2293 | consumed samples:       368384 | elapsed time per iteration (ms): 1404.0 | throughput per GPU (TFLOP/s/GPU): 237.1 | tokens/sec/GPU: 23340 | learning rate: 8.002568E-05 | global batch size:   256 | lm loss: 2.252114E+00 | loss scale: 1.0 | grad norm: 0.197 | number of skipped iterations:   0 | number of nan iterations:   0 |
7: [default3]: [2026-05-24 06:55:03.378176] iteration     1440/    2293 | consumed samples:       368640 | elapsed time per iteration (ms): 1423.2 | throughput per GPU (TFLOP/s/GPU): 233.9 | tokens/sec/GPU: 23024 | learning rate: 7.990337E-05 | global batch size:   256 | lm loss: 2.291556E+00 | loss scale: 1.0 | grad norm: 0.199 | number of skipped iterations:   0 | number of nan iterations:   0 |
7: [default3]: [2026-05-24 06:55:08.693712] iteration     1441/    2293 | consumed samples:       368896 | elapsed time per iteration (ms): 5315.1 | throughput per GPU (TFLOP/s/GPU): 62.6 | tokens/sec/GPU: 6165 | learning rate: 7.978111E-05 | global batch size:   256 | lm loss: 2.300576E+00 | loss scale: 1.0 | grad norm: 0.195 | number of skipped iterations:   0 | number of nan iterations:   0 |
7: [default3]: [2026-05-24 06:55:10.107797] iteration     1442/    2293 | consumed samples:       369152 | elapsed time per iteration (ms): 1413.8 | throughput per GPU (TFLOP/s/GPU): 235.4 | tokens/sec/GPU: 23177 | learning rate: 7.965892E-05 | global batch size:   256 | lm loss: 2.248066E+00 | loss scale: 1.0 | grad norm: 0.202 | number of skipped iterations:   0 | number of nan iterations:   0 |
7: [default3]: [2026-05-24 06:55:11.537173] iteration     1443/    2293 | consumed samples:       369408 | elapsed time per iteration (ms): 1429.2 | throughput per GPU (TFLOP/s/GPU): 232.9 | tokens/sec/GPU: 22928 | learning rate: 7.953678E-05 | global batch size:   256 | lm loss: 2.252455E+00 | loss scale: 1.0 | grad norm: 0.210 | number of skipped iterations:   0 | number of nan iterations:   0 |
7: [default3]: [2026-05-24 06:55:12.966443] iteration     1444/    2293 | consumed samples:       369664 | elapsed time per iteration (ms): 1429.1 | throughput per GPU (TFLOP/s/GPU): 232.9 | tokens/sec/GPU: 22929 | learning rate: 7.941472E-05 | global batch size:   256 | lm loss: 2.297850E+00 | loss scale: 1.0 | grad norm: 0.195 | number of skipped iterations:   0 | number of nan iterations:   0 |
7: [default3]: [2026-05-24 06:55:15.133921] iteration     1445/    2293 | consumed samples:       369920 | elapsed time per iteration (ms): 2167.2 | throughput per GPU (TFLOP/s/GPU): 153.6 | tokens/sec/GPU: 15120 | learning rate: 7.929272E-05 | global batch size:   256 | lm loss: 2.292783E+00 | loss scale: 1.0 | grad norm: 0.191 | number of skipped iterations:   0 | number of nan iterations:   0 |
7: [default3]: [2026-05-24 06:55:19.037864] iteration     1446/    2293 | consumed samples:       370176 | elapsed time per iteration (ms): 3903.7 | throughput per GPU (TFLOP/s/GPU): 85.3 | tokens/sec/GPU: 8394 | learning rate: 7.917077E-05 | global batch size:   256 | lm loss: 2.245737E+00 | loss scale: 1.0 | grad norm: 0.196 | number of skipped iterations:   0 | number of nan iterations:   0 |
7: [default3]: [2026-05-24 06:55:20.454327] iteration     1447/    2293 | consumed samples:       370432 | elapsed time per iteration (ms): 1416.2 | throughput per GPU (TFLOP/s/GPU): 235.0 | tokens/sec/GPU: 23137 | learning rate: 7.904890E-05 | global batch size:   256 | lm loss: 2.258611E+00 | loss scale: 1.0 | grad norm: 0.195 | number of skipped iterations:   0 | number of nan iterations:   0 |
7: [default3]: [2026-05-24 06:55:21.865821] iteration     1448/    2293 | consumed samples:       370688 | elapsed time per iteration (ms): 1411.3 | throughput per GPU (TFLOP/s/GPU): 235.8 | tokens/sec/GPU: 23218 | learning rate: 7.892709E-05 | global batch size:   256 | lm loss: 2.249183E+00 | loss scale: 1.0 | grad norm: 0.196 | number of skipped iterations:   0 | number of nan iterations:   0 |
7: [default3]: [2026-05-24 06:55:23.293772] iteration     1449/    2293 | consumed samples:       370944 | elapsed time per iteration (ms): 1427.5 | throughput per GPU (TFLOP/s/GPU): 233.2 | tokens/sec/GPU: 22955 | learning rate: 7.880534E-05 | global batch size:   256 | lm loss: 2.353117E+00 | loss scale: 1.0 | grad norm: 0.202 | number of skipped iterations:   0 | number of nan iterations:   0 |
7: [default3]: [2026-05-24 06:55:29.676041] iteration     1450/    2293 | consumed samples:       371200 | elapsed time per iteration (ms): 6382.0 | throughput per GPU (TFLOP/s/GPU): 52.2 | tokens/sec/GPU: 5134 | learning rate: 7.868365E-05 | global batch size:   256 | lm loss: 2.301929E+00 | loss scale: 1.0 | grad norm: 0.245 | number of skipped iterations:   0 | number of nan iterations:   0 |
7: [default3]: [2026-05-24 06:55:31.948171] iteration     1451/    2293 | consumed samples:       371456 | elapsed time per iteration (ms): 2271.9 | throughput per GPU (TFLOP/s/GPU): 146.5 | tokens/sec/GPU: 14423 | learning rate: 7.856204E-05 | global batch size:   256 | lm loss: 2.348644E+00 | loss scale: 1.0 | grad norm: 0.214 | number of skipped iterations:   0 | number of nan iterations:   0 |
7: [default3]: [2026-05-24 06:55:33.367069] iteration     1452/    2293 | consumed samples:       371712 | elapsed time per iteration (ms): 1418.6 | throughput per GPU (TFLOP/s/GPU): 234.6 | tokens/sec/GPU: 23098 | learning rate: 7.844049E-05 | global batch size:   256 | lm loss: 2.236275E+00 | loss scale: 1.0 | grad norm: 0.195 | number of skipped iterations:   0 | number of nan iterations:   0 |
7: [default3]: [2026-05-24 06:55:34.785997] iteration     1453/    2293 | consumed samples:       371968 | elapsed time per iteration (ms): 1418.6 | throughput per GPU (TFLOP/s/GPU): 234.6 | tokens/sec/GPU: 23099 | learning rate: 7.831900E-05 | global batch size:   256 | lm loss: 2.258447E+00 | loss scale: 1.0 | grad norm: 0.203 | number of skipped iterations:   0 | number of nan iterations:   0 |
7: [default3]: [2026-05-24 06:55:37.382218] iteration     1454/    2293 | consumed samples:       372224 | elapsed time per iteration (ms): 2596.0 | throughput per GPU (TFLOP/s/GPU): 128.2 | tokens/sec/GPU: 12623 | learning rate: 7.819758E-05 | global batch size:   256 | lm loss: 2.298993E+00 | loss scale: 1.0 | grad norm: 0.195 | number of skipped iterations:   0 | number of nan iterations:   0 |
7: [default3]: [2026-05-24 06:55:39.080546] iteration     1455/    2293 | consumed samples:       372480 | elapsed time per iteration (ms): 1698.1 | throughput per GPU (TFLOP/s/GPU): 196.0 | tokens/sec/GPU: 19297 | learning rate: 7.807623E-05 | global batch size:   256 | lm loss: 2.225436E+00 | loss scale: 1.0 | grad norm: 0.194 | number of skipped iterations:   0 | number of nan iterations:   0 |
7: [default3]: [2026-05-24 06:55:40.511908] iteration     1456/    2293 | consumed samples:       372736 | elapsed time per iteration (ms): 1431.1 | throughput per GPU (TFLOP/s/GPU): 232.6 | tokens/sec/GPU: 22897 | learning rate: 7.795494E-05 | global batch size:   256 | lm loss: 2.333993E+00 | loss scale: 1.0 | grad norm: 0.193 | number of skipped iterations:   0 | number of nan iterations:   0 |
7: [default3]: [2026-05-24 06:55:41.990678] iteration     1457/    2293 | consumed samples:       372992 | elapsed time per iteration (ms): 1478.6 | throughput per GPU (TFLOP/s/GPU): 225.1 | tokens/sec/GPU: 22162 | learning rate: 7.783372E-05 | global batch size:   256 | lm loss: 2.285276E+00 | loss scale: 1.0 | grad norm: 0.206 | number of skipped iterations:   0 | number of nan iterations:   0 |
7: [default3]: [2026-05-24 06:55:47.024062] iteration     1458/    2293 | consumed samples:       373248 | elapsed time per iteration (ms): 5033.2 | throughput per GPU (TFLOP/s/GPU): 66.1 | tokens/sec/GPU: 6510 | learning rate: 7.771257E-05 | global batch size:   256 | lm loss: 2.305683E+00 | loss scale: 1.0 | grad norm: 0.191 | number of skipped iterations:   0 | number of nan iterations:   0 |
7: [default3]: [2026-05-24 06:55:49.635404] iteration     1459/    2293 | consumed samples:       373504 | elapsed time per iteration (ms): 2611.1 | throughput per GPU (TFLOP/s/GPU): 127.5 | tokens/sec/GPU: 12550 | learning rate: 7.759147E-05 | global batch size:   256 | lm loss: 2.279655E+00 | loss scale: 1.0 | grad norm: 0.199 | number of skipped iterations:   0 | number of nan iterations:   0 |
7: [default3]: [2026-05-24 06:55:51.038612] iteration     1460/    2293 | consumed samples:       373760 | elapsed time per iteration (ms): 1403.0 | throughput per GPU (TFLOP/s/GPU): 237.2 | tokens/sec/GPU: 23356 | learning rate: 7.747046E-05 | global batch size:   256 | lm loss: 2.321786E+00 | loss scale: 1.0 | grad norm: 0.209 | number of skipped iterations:   0 | number of nan iterations:   0 |
7: [default3]: [2026-05-24 06:55:53.947748] iteration     1461/    2293 | consumed samples:       374016 | elapsed time per iteration (ms): 2908.9 | throughput per GPU (TFLOP/s/GPU): 114.4 | tokens/sec/GPU: 11265 | learning rate: 7.734950E-05 | global batch size:   256 | lm loss: 2.265030E+00 | loss scale: 1.0 | grad norm: 0.193 | number of skipped iterations:   0 | number of nan iterations:   0 |
7: [default3]: [2026-05-24 06:55:57.524025] iteration     1462/    2293 | consumed samples:       374272 | elapsed time per iteration (ms): 3576.0 | throughput per GPU (TFLOP/s/GPU): 93.1 | tokens/sec/GPU: 9163 | learning rate: 7.722862E-05 | global batch size:   256 | lm loss: 2.319181E+00 | loss scale: 1.0 | grad norm: 0.195 | number of skipped iterations:   0 | number of nan iterations:   0 |
7: [default3]: [2026-05-24 06:56:00.725814] iteration     1463/    2293 | consumed samples:       374528 | elapsed time per iteration (ms): 3201.6 | throughput per GPU (TFLOP/s/GPU): 104.0 | tokens/sec/GPU: 10235 | learning rate: 7.710780E-05 | global batch size:   256 | lm loss: 2.290509E+00 | loss scale: 1.0 | grad norm: 0.196 | number of skipped iterations:   0 | number of nan iterations:   0 |
7: [default3]: [2026-05-24 06:56:02.138801] iteration     1464/    2293 | consumed samples:       374784 | elapsed time per iteration (ms): 1412.7 | throughput per GPU (TFLOP/s/GPU): 235.6 | tokens/sec/GPU: 23194 | learning rate: 7.698705E-05 | global batch size:   256 | lm loss: 2.284152E+00 | loss scale: 1.0 | grad norm: 0.195 | number of skipped iterations:   0 | number of nan iterations:   0 |
7: [default3]: [2026-05-24 06:56:03.962493] iteration     1465/    2293 | consumed samples:       375040 | elapsed time per iteration (ms): 1823.5 | throughput per GPU (TFLOP/s/GPU): 182.5 | tokens/sec/GPU: 17970 | learning rate: 7.686637E-05 | global batch size:   256 | lm loss: 2.362312E+00 | loss scale: 1.0 | grad norm: 0.204 | number of skipped iterations:   0 | number of nan iterations:   0 |
7: [default3]: [2026-05-24 06:56:10.787100] iteration     1466/    2293 | consumed samples:       375296 | elapsed time per iteration (ms): 6824.4 | throughput per GPU (TFLOP/s/GPU): 48.8 | tokens/sec/GPU: 4802 | learning rate: 7.674577E-05 | global batch size:   256 | lm loss: 2.318837E+00 | loss scale: 1.0 | grad norm: 0.203 | number of skipped iterations:   0 | number of nan iterations:   0 |
7: [default3]: [2026-05-24 06:56:12.876033] iteration     1467/    2293 | consumed samples:       375552 | elapsed time per iteration (ms): 2088.7 | throughput per GPU (TFLOP/s/GPU): 159.3 | tokens/sec/GPU: 15688 | learning rate: 7.662523E-05 | global batch size:   256 | lm loss: 2.286510E+00 | loss scale: 1.0 | grad norm: 0.195 | number of skipped iterations:   0 | number of nan iterations:   0 |
7: [default3]: [2026-05-24 06:56:14.296169] iteration     1468/    2293 | consumed samples:       375808 | elapsed time per iteration (ms): 1419.9 | throughput per GPU (TFLOP/s/GPU): 234.4 | tokens/sec/GPU: 23078 | learning rate: 7.650475E-05 | global batch size:   256 | lm loss: 2.274611E+00 | loss scale: 1.0 | grad norm: 0.192 | number of skipped iterations:   0 | number of nan iterations:   0 |
7: [default3]: [2026-05-24 06:56:15.716168] iteration     1469/    2293 | consumed samples:       376064 | elapsed time per iteration (ms): 1419.7 | throughput per GPU (TFLOP/s/GPU): 234.4 | tokens/sec/GPU: 23081 | learning rate: 7.638435E-05 | global batch size:   256 | lm loss: 2.273195E+00 | loss scale: 1.0 | grad norm: 0.193 | number of skipped iterations:   0 | number of nan iterations:   0 |
7: [default3]: [2026-05-24 06:56:23.127826] iteration     1470/    2293 | consumed samples:       376320 | elapsed time per iteration (ms): 7411.3 | throughput per GPU (TFLOP/s/GPU): 44.9 | tokens/sec/GPU: 4421 | learning rate: 7.626402E-05 | global batch size:   256 | lm loss: 2.291662E+00 | loss scale: 1.0 | grad norm: 0.196 | number of skipped iterations:   0 | number of nan iterations:   0 |
7: [default3]: [2026-05-24 06:56:24.542887] iteration     1471/    2293 | consumed samples:       376576 | elapsed time per iteration (ms): 1414.8 | throughput per GPU (TFLOP/s/GPU): 235.2 | tokens/sec/GPU: 23160 | learning rate: 7.614375E-05 | global batch size:   256 | lm loss: 2.199134E+00 | loss scale: 1.0 | grad norm: 0.202 | number of skipped iterations:   0 | number of nan iterations:   0 |
7: [default3]: [2026-05-24 06:56:25.966008] iteration     1472/    2293 | consumed samples:       376832 | elapsed time per iteration (ms): 1422.9 | throughput per GPU (TFLOP/s/GPU): 233.9 | tokens/sec/GPU: 23029 | learning rate: 7.602356E-05 | global batch size:   256 | lm loss: 2.246066E+00 | loss scale: 1.0 | grad norm: 0.198 | number of skipped iterations:   0 | number of nan iterations:   0 |
7: [default3]: [2026-05-24 06:56:27.392186] iteration     1473/    2293 | consumed samples:       377088 | elapsed time per iteration (ms): 1425.9 | throughput per GPU (TFLOP/s/GPU): 233.4 | tokens/sec/GPU: 22980 | learning rate: 7.590344E-05 | global batch size:   256 | lm loss: 2.281520E+00 | loss scale: 1.0 | grad norm: 0.721 | number of skipped iterations:   0 | number of nan iterations:   0 |
7: [default3]: [2026-05-24 06:56:33.479131] iteration     1474/    2293 | consumed samples:       377344 | elapsed time per iteration (ms): 6086.7 | throughput per GPU (TFLOP/s/GPU): 54.7 | tokens/sec/GPU: 5384 | learning rate: 7.578339E-05 | global batch size:   256 | lm loss: 2.179442E+00 | loss scale: 1.0 | grad norm: 0.193 | number of skipped iterations:   0 | number of nan iterations:   0 |
7: [default3]: [2026-05-24 06:56:34.884147] iteration     1475/    2293 | consumed samples:       377600 | elapsed time per iteration (ms): 1404.8 | throughput per GPU (TFLOP/s/GPU): 236.9 | tokens/sec/GPU: 23325 | learning rate: 7.566341E-05 | global batch size:   256 | lm loss: 2.286330E+00 | loss scale: 1.0 | grad norm: 0.194 | number of skipped iterations:   0 | number of nan iterations:   0 |
7: [default3]: [2026-05-24 06:56:36.299502] iteration     1476/    2293 | consumed samples:       377856 | elapsed time per iteration (ms): 1415.1 | throughput per GPU (TFLOP/s/GPU): 235.2 | tokens/sec/GPU: 23155 | learning rate: 7.554350E-05 | global batch size:   256 | lm loss: 2.256389E+00 | loss scale: 1.0 | grad norm: 0.193 | number of skipped iterations:   0 | number of nan iterations:   0 |
7: [default3]: [2026-05-24 06:56:37.713258] iteration     1477/    2293 | consumed samples:       378112 | elapsed time per iteration (ms): 1413.5 | throughput per GPU (TFLOP/s/GPU): 235.5 | tokens/sec/GPU: 23182 | learning rate: 7.542367E-05 | global batch size:   256 | lm loss: 2.293297E+00 | loss scale: 1.0 | grad norm: 0.196 | number of skipped iterations:   0 | number of nan iterations:   0 |
7: [default3]: [2026-05-24 06:56:42.193504] iteration     1478/    2293 | consumed samples:       378368 | elapsed time per iteration (ms): 4480.1 | throughput per GPU (TFLOP/s/GPU): 74.3 | tokens/sec/GPU: 7314 | learning rate: 7.530391E-05 | global batch size:   256 | lm loss: 2.265748E+00 | loss scale: 1.0 | grad norm: 0.194 | number of skipped iterations:   0 | number of nan iterations:   0 |
7: [default3]: [2026-05-24 06:56:43.602881] iteration     1479/    2293 | consumed samples:       378624 | elapsed time per iteration (ms): 1409.1 | throughput per GPU (TFLOP/s/GPU): 236.2 | tokens/sec/GPU: 23254 | learning rate: 7.518422E-05 | global batch size:   256 | lm loss: 2.281589E+00 | loss scale: 1.0 | grad norm: 0.199 | number of skipped iterations:   0 | number of nan iterations:   0 |
7: [default3]: [2026-05-24 06:56:45.025782] iteration     1480/    2293 | consumed samples:       378880 | elapsed time per iteration (ms): 1422.7 | throughput per GPU (TFLOP/s/GPU): 233.9 | tokens/sec/GPU: 23033 | learning rate: 7.506459E-05 | global batch size:   256 | lm loss: 2.360154E+00 | loss scale: 1.0 | grad norm: 0.202 | number of skipped iterations:   0 | number of nan iterations:   0 |
7: [default3]: [2026-05-24 06:56:46.450632] iteration     1481/    2293 | consumed samples:       379136 | elapsed time per iteration (ms): 1424.6 | throughput per GPU (TFLOP/s/GPU): 233.6 | tokens/sec/GPU: 23002 | learning rate: 7.494505E-05 | global batch size:   256 | lm loss: 2.316642E+00 | loss scale: 1.0 | grad norm: 0.200 | number of skipped iterations:   0 | number of nan iterations:   0 |
7: [default3]: [2026-05-24 06:56:51.383514] iteration     1482/    2293 | consumed samples:       379392 | elapsed time per iteration (ms): 4932.7 | throughput per GPU (TFLOP/s/GPU): 67.5 | tokens/sec/GPU: 6643 | learning rate: 7.482557E-05 | global batch size:   256 | lm loss: 2.279602E+00 | loss scale: 1.0 | grad norm: 0.190 | number of skipped iterations:   0 | number of nan iterations:   0 |
7: [default3]: [2026-05-24 06:56:52.785978] iteration     1483/    2293 | consumed samples:       379648 | elapsed time per iteration (ms): 1402.3 | throughput per GPU (TFLOP/s/GPU): 237.4 | tokens/sec/GPU: 23368 | learning rate: 7.470617E-05 | global batch size:   256 | lm loss: 2.333510E+00 | loss scale: 1.0 | grad norm: 0.195 | number of skipped iterations:   0 | number of nan iterations:   0 |
7: [default3]: [2026-05-24 06:56:55.555094] iteration     1484/    2293 | consumed samples:       379904 | elapsed time per iteration (ms): 2768.9 | throughput per GPU (TFLOP/s/GPU): 120.2 | tokens/sec/GPU: 11834 | learning rate: 7.458685E-05 | global batch size:   256 | lm loss: 2.329140E+00 | loss scale: 1.0 | grad norm: 0.192 | number of skipped iterations:   0 | number of nan iterations:   0 |
7: [default3]: [2026-05-24 06:56:56.970219] iteration     1485/    2293 | consumed samples:       380160 | elapsed time per iteration (ms): 1414.9 | throughput per GPU (TFLOP/s/GPU): 235.2 | tokens/sec/GPU: 23160 | learning rate: 7.446759E-05 | global batch size:   256 | lm loss: 2.236305E+00 | loss scale: 1.0 | grad norm: 0.189 | number of skipped iterations:   0 | number of nan iterations:   0 |
7: [default3]: [2026-05-24 06:57:01.106598] iteration     1486/    2293 | consumed samples:       380416 | elapsed time per iteration (ms): 4136.2 | throughput per GPU (TFLOP/s/GPU): 80.5 | tokens/sec/GPU: 7922 | learning rate: 7.434841E-05 | global batch size:   256 | lm loss: 2.264028E+00 | loss scale: 1.0 | grad norm: 0.196 | number of skipped iterations:   0 | number of nan iterations:   0 |
7: [default3]: [2026-05-24 06:57:02.507941] iteration     1487/    2293 | consumed samples:       380672 | elapsed time per iteration (ms): 1401.2 | throughput per GPU (TFLOP/s/GPU): 237.5 | tokens/sec/GPU: 23386 | learning rate: 7.422931E-05 | global batch size:   256 | lm loss: 2.276398E+00 | loss scale: 1.0 | grad norm: 0.193 | number of skipped iterations:   0 | number of nan iterations:   0 |
7: [default3]: [2026-05-24 06:57:05.902830] iteration     1488/    2293 | consumed samples:       380928 | elapsed time per iteration (ms): 3394.7 | throughput per GPU (TFLOP/s/GPU): 98.0 | tokens/sec/GPU: 9653 | learning rate: 7.411027E-05 | global batch size:   256 | lm loss: 2.299562E+00 | loss scale: 1.0 | grad norm: 0.190 | number of skipped iterations:   0 | number of nan iterations:   0 |
7: [default3]: [2026-05-24 06:57:07.313401] iteration     1489/    2293 | consumed samples:       381184 | elapsed time per iteration (ms): 1410.3 | throughput per GPU (TFLOP/s/GPU): 236.0 | tokens/sec/GPU: 23234 | learning rate: 7.399132E-05 | global batch size:   256 | lm loss: 2.247007E+00 | loss scale: 1.0 | grad norm: 0.193 | number of skipped iterations:   0 | number of nan iterations:   0 |
7: [default3]: [2026-05-24 06:57:13.571618] iteration     1490/    2293 | consumed samples:       381440 | elapsed time per iteration (ms): 6258.0 | throughput per GPU (TFLOP/s/GPU): 53.2 | tokens/sec/GPU: 5236 | learning rate: 7.387243E-05 | global batch size:   256 | lm loss: 2.286245E+00 | loss scale: 1.0 | grad norm: 0.192 | number of skipped iterations:   0 | number of nan iterations:   0 |
7: [default3]: [2026-05-24 06:57:14.972995] iteration     1491/    2293 | consumed samples:       381696 | elapsed time per iteration (ms): 1401.2 | throughput per GPU (TFLOP/s/GPU): 237.5 | tokens/sec/GPU: 23386 | learning rate: 7.375362E-05 | global batch size:   256 | lm loss: 2.330725E+00 | loss scale: 1.0 | grad norm: 0.194 | number of skipped iterations:   0 | number of nan iterations:   0 |
7: [default3]: [2026-05-24 06:57:18.171258] iteration     1492/    2293 | consumed samples:       381952 | elapsed time per iteration (ms): 3197.3 | throughput per GPU (TFLOP/s/GPU): 104.1 | tokens/sec/GPU: 10249 | learning rate: 7.363489E-05 | global batch size:   256 | lm loss: 2.223629E+00 | loss scale: 1.0 | grad norm: 0.194 | number of skipped iterations:   0 | number of nan iterations:   0 |
7: [default3]: [2026-05-24 06:57:19.575190] iteration     1493/    2293 | consumed samples:       382208 | elapsed time per iteration (ms): 1403.7 | throughput per GPU (TFLOP/s/GPU): 237.1 | tokens/sec/GPU: 23344 | learning rate: 7.351623E-05 | global batch size:   256 | lm loss: 2.298367E+00 | loss scale: 1.0 | grad norm: 0.196 | number of skipped iterations:   0 | number of nan iterations:   0 |
7: [default3]: [2026-05-24 06:57:21.599253] iteration     1494/    2293 | consumed samples:       382464 | elapsed time per iteration (ms): 2023.8 | throughput per GPU (TFLOP/s/GPU): 164.5 | tokens/sec/GPU: 16192 | learning rate: 7.339766E-05 | global batch size:   256 | lm loss: 2.278892E+00 | loss scale: 1.0 | grad norm: 0.202 | number of skipped iterations:   0 | number of nan iterations:   0 |
7: [default3]: [2026-05-24 06:57:23.023871] iteration     1495/    2293 | consumed samples:       382720 | elapsed time per iteration (ms): 1424.4 | throughput per GPU (TFLOP/s/GPU): 233.7 | tokens/sec/GPU: 23004 | learning rate: 7.327915E-05 | global batch size:   256 | lm loss: 2.250200E+00 | loss scale: 1.0 | grad norm: 0.192 | number of skipped iterations:   0 | number of nan iterations:   0 |
7: [default3]: [2026-05-24 06:57:27.112635] iteration     1496/    2293 | consumed samples:       382976 | elapsed time per iteration (ms): 4088.6 | throughput per GPU (TFLOP/s/GPU): 81.4 | tokens/sec/GPU: 8015 | learning rate: 7.316072E-05 | global batch size:   256 | lm loss: 2.264606E+00 | loss scale: 1.0 | grad norm: 0.195 | number of skipped iterations:   0 | number of nan iterations:   0 |
7: [default3]: [2026-05-24 06:57:28.524781] iteration     1497/    2293 | consumed samples:       383232 | elapsed time per iteration (ms): 1411.9 | throughput per GPU (TFLOP/s/GPU): 235.7 | tokens/sec/GPU: 23208 | learning rate: 7.304237E-05 | global batch size:   256 | lm loss: 2.329525E+00 | loss scale: 1.0 | grad norm: 0.197 | number of skipped iterations:   0 | number of nan iterations:   0 |
7: [default3]: [2026-05-24 06:57:32.570094] iteration     1498/    2293 | consumed samples:       383488 | elapsed time per iteration (ms): 4044.8 | throughput per GPU (TFLOP/s/GPU): 82.3 | tokens/sec/GPU: 8101 | learning rate: 7.292409E-05 | global batch size:   256 | lm loss: 2.264207E+00 | loss scale: 1.0 | grad norm: 0.197 | number of skipped iterations:   0 | number of nan iterations:   0 |
7: [default3]: [2026-05-24 06:57:33.977009] iteration     1499/    2293 | consumed samples:       383744 | elapsed time per iteration (ms): 1406.7 | throughput per GPU (TFLOP/s/GPU): 236.6 | tokens/sec/GPU: 23295 | learning rate: 7.280589E-05 | global batch size:   256 | lm loss: 2.234508E+00 | loss scale: 1.0 | grad norm: 0.203 | number of skipped iterations:   0 | number of nan iterations:   0 |
7: [default3]: [2026-05-24 06:57:35.611714] iteration     1500/    2293 | consumed samples:       384000 | elapsed time per iteration (ms): 1634.5 | throughput per GPU (TFLOP/s/GPU): 203.6 | tokens/sec/GPU: 20048 | learning rate: 7.268778E-05 | global batch size:   256 | lm loss: 2.218497E+00 | loss scale: 1.0 | grad norm: 0.198 | number of skipped iterations:   0 | number of nan iterations:   0 |
0: [default0]:[Rank 0] (before save_checkpoint for iteration 1500) memory (MB) | allocated: 4714.10 | max allocated: 27950.14 | reserved: 29274.00 | max reserved: 29274.00
0: [default0]:[2026-05-24 06:57:36.467137] saving checkpoint at iteration    1500 to /iopsstor/scratch/cscs/course_00179/gipfelsturm/gipfelsturm/train-1.5b-8n/checkpoints in torch_dist format
0: [default0]:Storing distributed optimizer sharded state of type dp_reshardable
0: [default1]:[Rank 1] (before save_checkpoint for iteration 1500) memory (MB) | allocated: 4714.10 | max allocated: 27950.14 | reserved: 29274.00 | max reserved: 29274.00
0: [default1]:[Rank 1] (after save_checkpoint for iteration 1500) memory (MB) | allocated: 4714.10 | max allocated: 27950.14 | reserved: 29274.00 | max reserved: 29274.00
0: [default0]:  [2026-05-24 06:57:37.199019] successfully saved checkpoint from iteration    1500 to /iopsstor/scratch/cscs/course_00179/gipfelsturm/gipfelsturm/train-1.5b-8n/checkpoints [ t 1/2, p 1/1 ]
0: [default0]:[Rank 0] (after save_checkpoint for iteration 1500) memory (MB) | allocated: 4714.10 | max allocated: 27950.14 | reserved: 29274.00 | max reserved: 29274.00
7: [default3]:INFO:megatron.core.timers:(min, max) time across ranks (ms):
7: [default3]:    save-checkpoint ................................: (1284.14, 1284.41)
7: [default3]: [2026-05-24 06:57:39.182422] iteration     1501/    2293 | consumed samples:       384256 | elapsed time per iteration (ms): 2278.7 | throughput per GPU (TFLOP/s/GPU): 146.1 | tokens/sec/GPU: 14380 | learning rate: 7.256973E-05 | global batch size:   256 | lm loss: 2.224537E+00 | loss scale: 1.0 | grad norm: 0.190 | number of skipped iterations:   0 | number of nan iterations:   0 |
7: [default3]: [2026-05-24 06:57:42.944127] iteration     1502/    2293 | consumed samples:       384512 | elapsed time per iteration (ms): 3761.5 | throughput per GPU (TFLOP/s/GPU): 88.5 | tokens/sec/GPU: 8711 | learning rate: 7.245177E-05 | global batch size:   256 | lm loss: 2.358858E+00 | loss scale: 1.0 | grad norm: 0.195 | number of skipped iterations:   0 | number of nan iterations:   0 |
7: [default3]: [2026-05-24 06:57:44.351970] iteration     1503/    2293 | consumed samples:       384768 | elapsed time per iteration (ms): 1407.7 | throughput per GPU (TFLOP/s/GPU): 236.4 | tokens/sec/GPU: 23278 | learning rate: 7.233388E-05 | global batch size:   256 | lm loss: 2.250560E+00 | loss scale: 1.0 | grad norm: 0.247 | number of skipped iterations:   0 | number of nan iterations:   0 |
7: [default3]: [2026-05-24 06:57:46.161998] iteration     1504/    2293 | consumed samples:       385024 | elapsed time per iteration (ms): 1809.8 | throughput per GPU (TFLOP/s/GPU): 183.9 | tokens/sec/GPU: 18106 | learning rate: 7.221607E-05 | global batch size:   256 | lm loss: 2.332878E+00 | loss scale: 1.0 | grad norm: 0.194 | number of skipped iterations:   0 | number of nan iterations:   0 |
7: [default3]: [2026-05-24 06:57:47.587517] iteration     1505/    2293 | consumed samples:       385280 | elapsed time per iteration (ms): 1425.3 | throughput per GPU (TFLOP/s/GPU): 233.5 | tokens/sec/GPU: 22991 | learning rate: 7.209834E-05 | global batch size:   256 | lm loss: 2.268771E+00 | loss scale: 1.0 | grad norm: 0.196 | number of skipped iterations:   0 | number of nan iterations:   0 |
7: [default3]: [2026-05-24 06:57:53.816249] iteration     1506/    2293 | consumed samples:       385536 | elapsed time per iteration (ms): 6228.2 | throughput per GPU (TFLOP/s/GPU): 53.4 | tokens/sec/GPU: 5261 | learning rate: 7.198069E-05 | global batch size:   256 | lm loss: 2.228636E+00 | loss scale: 1.0 | grad norm: 0.190 | number of skipped iterations:   0 | number of nan iterations:   0 |
7: [default3]: [2026-05-24 06:57:55.219695] iteration     1507/    2293 | consumed samples:       385792 | elapsed time per iteration (ms): 1403.3 | throughput per GPU (TFLOP/s/GPU): 237.2 | tokens/sec/GPU: 23351 | learning rate: 7.186312E-05 | global batch size:   256 | lm loss: 2.315109E+00 | loss scale: 1.0 | grad norm: 0.263 | number of skipped iterations:   0 | number of nan iterations:   0 |
7: [default3]: [2026-05-24 06:57:57.514361] iteration     1508/    2293 | consumed samples:       386048 | elapsed time per iteration (ms): 2294.4 | throughput per GPU (TFLOP/s/GPU): 145.1 | tokens/sec/GPU: 14282 | learning rate: 7.174563E-05 | global batch size:   256 | lm loss: 2.197395E+00 | loss scale: 1.0 | grad norm: 0.193 | number of skipped iterations:   0 | number of nan iterations:   0 |
7: [default3]: [2026-05-24 06:57:58.936135] iteration     1509/    2293 | consumed samples:       386304 | elapsed time per iteration (ms): 1421.6 | throughput per GPU (TFLOP/s/GPU): 234.1 | tokens/sec/GPU: 23050 | learning rate: 7.162821E-05 | global batch size:   256 | lm loss: 2.327492E+00 | loss scale: 1.0 | grad norm: 0.234 | number of skipped iterations:   0 | number of nan iterations:   0 |
7: [default3]: [2026-05-24 06:58:02.088121] iteration     1510/    2293 | consumed samples:       386560 | elapsed time per iteration (ms): 3151.4 | throughput per GPU (TFLOP/s/GPU): 105.6 | tokens/sec/GPU: 10398 | learning rate: 7.151088E-05 | global batch size:   256 | lm loss: 2.263774E+00 | loss scale: 1.0 | grad norm: 0.195 | number of skipped iterations:   0 | number of nan iterations:   0 |
7: [default3]: [2026-05-24 06:58:03.499763] iteration     1511/    2293 | consumed samples:       386816 | elapsed time per iteration (ms): 1411.4 | throughput per GPU (TFLOP/s/GPU): 235.8 | tokens/sec/GPU: 23216 | learning rate: 7.139362E-05 | global batch size:   256 | lm loss: 2.297207E+00 | loss scale: 1.0 | grad norm: 0.192 | number of skipped iterations:   0 | number of nan iterations:   0 |
7: [default3]: [2026-05-24 06:58:09.369211] iteration     1512/    2293 | consumed samples:       387072 | elapsed time per iteration (ms): 5869.2 | throughput per GPU (TFLOP/s/GPU): 56.7 | tokens/sec/GPU: 5583 | learning rate: 7.127645E-05 | global batch size:   256 | lm loss: 2.284528E+00 | loss scale: 1.0 | grad norm: 0.201 | number of skipped iterations:   0 | number of nan iterations:   0 |
7: [default3]: [2026-05-24 06:58:10.791976] iteration     1513/    2293 | consumed samples:       387328 | elapsed time per iteration (ms): 1422.6 | throughput per GPU (TFLOP/s/GPU): 234.0 | tokens/sec/GPU: 23034 | learning rate: 7.115936E-05 | global batch size:   256 | lm loss: 2.264302E+00 | loss scale: 1.0 | grad norm: 0.191 | number of skipped iterations:   0 | number of nan iterations:   0 |
7: [default3]: [2026-05-24 06:58:12.214374] iteration     1514/    2293 | consumed samples:       387584 | elapsed time per iteration (ms): 1422.2 | throughput per GPU (TFLOP/s/GPU): 234.0 | tokens/sec/GPU: 23041 | learning rate: 7.104235E-05 | global batch size:   256 | lm loss: 2.233748E+00 | loss scale: 1.0 | grad norm: 0.199 | number of skipped iterations:   0 | number of nan iterations:   0 |
7: [default3]: [2026-05-24 06:58:13.627922] iteration     1515/    2293 | consumed samples:       387840 | elapsed time per iteration (ms): 1413.3 | throughput per GPU (TFLOP/s/GPU): 235.5 | tokens/sec/GPU: 23186 | learning rate: 7.092542E-05 | global batch size:   256 | lm loss: 2.331499E+00 | loss scale: 1.0 | grad norm: 0.194 | number of skipped iterations:   0 | number of nan iterations:   0 |
7: [default3]: [2026-05-24 06:58:20.171140] iteration     1516/    2293 | consumed samples:       388096 | elapsed time per iteration (ms): 6543.0 | throughput per GPU (TFLOP/s/GPU): 50.9 | tokens/sec/GPU: 5008 | learning rate: 7.080856E-05 | global batch size:   256 | lm loss: 2.265821E+00 | loss scale: 1.0 | grad norm: 0.194 | number of skipped iterations:   0 | number of nan iterations:   0 |
7: [default3]: [2026-05-24 06:58:21.582028] iteration     1517/    2293 | consumed samples:       388352 | elapsed time per iteration (ms): 1410.7 | throughput per GPU (TFLOP/s/GPU): 235.9 | tokens/sec/GPU: 23229 | learning rate: 7.069179E-05 | global batch size:   256 | lm loss: 2.291014E+00 | loss scale: 1.0 | grad norm: 0.195 | number of skipped iterations:   0 | number of nan iterations:   0 |
7: [default3]: [2026-05-24 06:58:22.988022] iteration     1518/    2293 | consumed samples:       388608 | elapsed time per iteration (ms): 1405.8 | throughput per GPU (TFLOP/s/GPU): 236.8 | tokens/sec/GPU: 23310 | learning rate: 7.057511E-05 | global batch size:   256 | lm loss: 2.277282E+00 | loss scale: 1.0 | grad norm: 0.194 | number of skipped iterations:   0 | number of nan iterations:   0 |
7: [default3]: [2026-05-24 06:58:24.409632] iteration     1519/    2293 | consumed samples:       388864 | elapsed time per iteration (ms): 1421.4 | throughput per GPU (TFLOP/s/GPU): 234.2 | tokens/sec/GPU: 23053 | learning rate: 7.045850E-05 | global batch size:   256 | lm loss: 2.265478E+00 | loss scale: 1.0 | grad norm: 0.199 | number of skipped iterations:   0 | number of nan iterations:   0 |
7: [default3]: [2026-05-24 06:58:27.342571] iteration     1520/    2293 | consumed samples:       389120 | elapsed time per iteration (ms): 2932.7 | throughput per GPU (TFLOP/s/GPU): 113.5 | tokens/sec/GPU: 11173 | learning rate: 7.034198E-05 | global batch size:   256 | lm loss: 2.318118E+00 | loss scale: 1.0 | grad norm: 0.199 | number of skipped iterations:   0 | number of nan iterations:   0 |
7: [default3]: [2026-05-24 06:58:28.761174] iteration     1521/    2293 | consumed samples:       389376 | elapsed time per iteration (ms): 1418.3 | throughput per GPU (TFLOP/s/GPU): 234.7 | tokens/sec/GPU: 23103 | learning rate: 7.022554E-05 | global batch size:   256 | lm loss: 2.221603E+00 | loss scale: 1.0 | grad norm: 0.193 | number of skipped iterations:   0 | number of nan iterations:   0 |
7: [default3]: [2026-05-24 06:58:30.178417] iteration     1522/    2293 | consumed samples:       389632 | elapsed time per iteration (ms): 1417.0 | throughput per GPU (TFLOP/s/GPU): 234.9 | tokens/sec/GPU: 23125 | learning rate: 7.010918E-05 | global batch size:   256 | lm loss: 2.190190E+00 | loss scale: 1.0 | grad norm: 0.195 | number of skipped iterations:   0 | number of nan iterations:   0 |
7: [default3]: [2026-05-24 06:58:31.612310] iteration     1523/    2293 | consumed samples:       389888 | elapsed time per iteration (ms): 1433.7 | throughput per GPU (TFLOP/s/GPU): 232.2 | tokens/sec/GPU: 22856 | learning rate: 6.999291E-05 | global batch size:   256 | lm loss: 2.377776E+00 | loss scale: 1.0 | grad norm: 0.194 | number of skipped iterations:   0 | number of nan iterations:   0 |
7: [default3]: [2026-05-24 06:58:36.979426] iteration     1524/    2293 | consumed samples:       390144 | elapsed time per iteration (ms): 5366.9 | throughput per GPU (TFLOP/s/GPU): 62.0 | tokens/sec/GPU: 6106 | learning rate: 6.987672E-05 | global batch size:   256 | lm loss: 2.252151E+00 | loss scale: 1.0 | grad norm: 0.193 | number of skipped iterations:   0 | number of nan iterations:   0 |
7: [default3]: [2026-05-24 06:58:38.377789] iteration     1525/    2293 | consumed samples:       390400 | elapsed time per iteration (ms): 1398.1 | throughput per GPU (TFLOP/s/GPU): 238.1 | tokens/sec/GPU: 23438 | learning rate: 6.976061E-05 | global batch size:   256 | lm loss: 2.321675E+00 | loss scale: 1.0 | grad norm: 0.195 | number of skipped iterations:   0 | number of nan iterations:   0 |
7: [default3]: [2026-05-24 06:58:39.791990] iteration     1526/    2293 | consumed samples:       390656 | elapsed time per iteration (ms): 1414.0 | throughput per GPU (TFLOP/s/GPU): 235.4 | tokens/sec/GPU: 23174 | learning rate: 6.964459E-05 | global batch size:   256 | lm loss: 2.269551E+00 | loss scale: 1.0 | grad norm: 0.194 | number of skipped iterations:   0 | number of nan iterations:   0 |
7: [default3]: [2026-05-24 06:58:41.844640] iteration     1527/    2293 | consumed samples:       390912 | elapsed time per iteration (ms): 2052.4 | throughput per GPU (TFLOP/s/GPU): 162.2 | tokens/sec/GPU: 15965 | learning rate: 6.952864E-05 | global batch size:   256 | lm loss: 2.275282E+00 | loss scale: 1.0 | grad norm: 0.193 | number of skipped iterations:   0 | number of nan iterations:   0 |
7: [default3]: [2026-05-24 06:58:48.793573] iteration     1528/    2293 | consumed samples:       391168 | elapsed time per iteration (ms): 6948.7 | throughput per GPU (TFLOP/s/GPU): 47.9 | tokens/sec/GPU: 4716 | learning rate: 6.941279E-05 | global batch size:   256 | lm loss: 2.213840E+00 | loss scale: 1.0 | grad norm: 0.190 | number of skipped iterations:   0 | number of nan iterations:   0 |
7: [default3]: [2026-05-24 06:58:50.199155] iteration     1529/    2293 | consumed samples:       391424 | elapsed time per iteration (ms): 1405.4 | throughput per GPU (TFLOP/s/GPU): 236.8 | tokens/sec/GPU: 23316 | learning rate: 6.929701E-05 | global batch size:   256 | lm loss: 2.228161E+00 | loss scale: 1.0 | grad norm: 0.191 | number of skipped iterations:   0 | number of nan iterations:   0 |
7: [default3]: [2026-05-24 06:58:51.623353] iteration     1530/    2293 | consumed samples:       391680 | elapsed time per iteration (ms): 1424.0 | throughput per GPU (TFLOP/s/GPU): 233.7 | tokens/sec/GPU: 23012 | learning rate: 6.918133E-05 | global batch size:   256 | lm loss: 2.279478E+00 | loss scale: 1.0 | grad norm: 0.196 | number of skipped iterations:   0 | number of nan iterations:   0 |
7: [default3]: [2026-05-24 06:58:53.034661] iteration     1531/    2293 | consumed samples:       391936 | elapsed time per iteration (ms): 1411.1 | throughput per GPU (TFLOP/s/GPU): 235.9 | tokens/sec/GPU: 23222 | learning rate: 6.906573E-05 | global batch size:   256 | lm loss: 2.245010E+00 | loss scale: 1.0 | grad norm: 0.195 | number of skipped iterations:   0 | number of nan iterations:   0 |
7: [default3]: [2026-05-24 06:58:54.457413] iteration     1532/    2293 | consumed samples:       392192 | elapsed time per iteration (ms): 1422.5 | throughput per GPU (TFLOP/s/GPU): 234.0 | tokens/sec/GPU: 23035 | learning rate: 6.895020E-05 | global batch size:   256 | lm loss: 2.243368E+00 | loss scale: 1.0 | grad norm: 0.192 | number of skipped iterations:   0 | number of nan iterations:   0 |
7: [default3]: [2026-05-24 06:58:55.874745] iteration     1533/    2293 | consumed samples:       392448 | elapsed time per iteration (ms): 1417.1 | throughput per GPU (TFLOP/s/GPU): 234.9 | tokens/sec/GPU: 23123 | learning rate: 6.883477E-05 | global batch size:   256 | lm loss: 2.352280E+00 | loss scale: 1.0 | grad norm: 0.195 | number of skipped iterations:   0 | number of nan iterations:   0 |
7: [default3]: [2026-05-24 06:58:57.296158] iteration     1534/    2293 | consumed samples:       392704 | elapsed time per iteration (ms): 1421.2 | throughput per GPU (TFLOP/s/GPU): 234.2 | tokens/sec/GPU: 23057 | learning rate: 6.871943E-05 | global batch size:   256 | lm loss: 2.285728E+00 | loss scale: 1.0 | grad norm: 0.196 | number of skipped iterations:   0 | number of nan iterations:   0 |
7: [default3]: [2026-05-24 06:59:00.324439] iteration     1535/    2293 | consumed samples:       392960 | elapsed time per iteration (ms): 3028.0 | throughput per GPU (TFLOP/s/GPU): 109.9 | tokens/sec/GPU: 10821 | learning rate: 6.860417E-05 | global batch size:   256 | lm loss: 2.268062E+00 | loss scale: 1.0 | grad norm: 0.191 | number of skipped iterations:   0 | number of nan iterations:   0 |
7: [default3]: [2026-05-24 06:59:02.543812] iteration     1536/    2293 | consumed samples:       393216 | elapsed time per iteration (ms): 2219.1 | throughput per GPU (TFLOP/s/GPU): 150.0 | tokens/sec/GPU: 14766 | learning rate: 6.848899E-05 | global batch size:   256 | lm loss: 2.206351E+00 | loss scale: 1.0 | grad norm: 0.191 | number of skipped iterations:   0 | number of nan iterations:   0 |
7: [default3]: [2026-05-24 06:59:06.088044] iteration     1537/    2293 | consumed samples:       393472 | elapsed time per iteration (ms): 3544.0 | throughput per GPU (TFLOP/s/GPU): 93.9 | tokens/sec/GPU: 9246 | learning rate: 6.837390E-05 | global batch size:   256 | lm loss: 2.280611E+00 | loss scale: 1.0 | grad norm: 0.191 | number of skipped iterations:   0 | number of nan iterations:   0 |
7: [default3]: [2026-05-24 06:59:07.514046] iteration     1538/    2293 | consumed samples:       393728 | elapsed time per iteration (ms): 1425.8 | throughput per GPU (TFLOP/s/GPU): 233.4 | tokens/sec/GPU: 22982 | learning rate: 6.825890E-05 | global batch size:   256 | lm loss: 2.275264E+00 | loss scale: 1.0 | grad norm: 0.194 | number of skipped iterations:   0 | number of nan iterations:   0 |
7: [default3]: [2026-05-24 06:59:09.799278] iteration     1539/    2293 | consumed samples:       393984 | elapsed time per iteration (ms): 2285.0 | throughput per GPU (TFLOP/s/GPU): 145.7 | tokens/sec/GPU: 14340 | learning rate: 6.814399E-05 | global batch size:   256 | lm loss: 2.276935E+00 | loss scale: 1.0 | grad norm: 0.195 | number of skipped iterations:   0 | number of nan iterations:   0 |
7: [default3]: [2026-05-24 06:59:11.210610] iteration     1540/    2293 | consumed samples:       394240 | elapsed time per iteration (ms): 1411.1 | throughput per GPU (TFLOP/s/GPU): 235.9 | tokens/sec/GPU: 23221 | learning rate: 6.802916E-05 | global batch size:   256 | lm loss: 2.276345E+00 | loss scale: 1.0 | grad norm: 0.196 | number of skipped iterations:   0 | number of nan iterations:   0 |
7: [default3]: [2026-05-24 06:59:14.386861] iteration     1541/    2293 | consumed samples:       394496 | elapsed time per iteration (ms): 3176.0 | throughput per GPU (TFLOP/s/GPU): 104.8 | tokens/sec/GPU: 10317 | learning rate: 6.791441E-05 | global batch size:   256 | lm loss: 2.246989E+00 | loss scale: 1.0 | grad norm: 0.194 | number of skipped iterations:   0 | number of nan iterations:   0 |
7: [default3]: [2026-05-24 06:59:15.807970] iteration     1542/    2293 | consumed samples:       394752 | elapsed time per iteration (ms): 1420.9 | throughput per GPU (TFLOP/s/GPU): 234.2 | tokens/sec/GPU: 23061 | learning rate: 6.779976E-05 | global batch size:   256 | lm loss: 2.258204E+00 | loss scale: 1.0 | grad norm: 0.211 | number of skipped iterations:   0 | number of nan iterations:   0 |
7: [default3]: [2026-05-24 06:59:17.231862] iteration     1543/    2293 | consumed samples:       395008 | elapsed time per iteration (ms): 1423.6 | throughput per GPU (TFLOP/s/GPU): 233.8 | tokens/sec/GPU: 23018 | learning rate: 6.768519E-05 | global batch size:   256 | lm loss: 2.325576E+00 | loss scale: 1.0 | grad norm: 0.195 | number of skipped iterations:   0 | number of nan iterations:   0 |
7: [default3]: [2026-05-24 06:59:18.655681] iteration     1544/    2293 | consumed samples:       395264 | elapsed time per iteration (ms): 1423.6 | throughput per GPU (TFLOP/s/GPU): 233.8 | tokens/sec/GPU: 23017 | learning rate: 6.757072E-05 | global batch size:   256 | lm loss: 2.308083E+00 | loss scale: 1.0 | grad norm: 0.199 | number of skipped iterations:   0 | number of nan iterations:   0 |
7: [default3]: [2026-05-24 06:59:24.238468] iteration     1545/    2293 | consumed samples:       395520 | elapsed time per iteration (ms): 5582.5 | throughput per GPU (TFLOP/s/GPU): 59.6 | tokens/sec/GPU: 5870 | learning rate: 6.745633E-05 | global batch size:   256 | lm loss: 2.323736E+00 | loss scale: 1.0 | grad norm: 0.195 | number of skipped iterations:   0 | number of nan iterations:   0 |
7: [default3]: [2026-05-24 06:59:26.046603] iteration     1546/    2293 | consumed samples:       395776 | elapsed time per iteration (ms): 1808.0 | throughput per GPU (TFLOP/s/GPU): 184.1 | tokens/sec/GPU: 18124 | learning rate: 6.734203E-05 | global batch size:   256 | lm loss: 2.272911E+00 | loss scale: 1.0 | grad norm: 0.197 | number of skipped iterations:   0 | number of nan iterations:   0 |
7: [default3]: [2026-05-24 06:59:27.464875] iteration     1547/    2293 | consumed samples:       396032 | elapsed time per iteration (ms): 1418.1 | throughput per GPU (TFLOP/s/GPU): 234.7 | tokens/sec/GPU: 23107 | learning rate: 6.722781E-05 | global batch size:   256 | lm loss: 2.275913E+00 | loss scale: 1.0 | grad norm: 0.204 | number of skipped iterations:   0 | number of nan iterations:   0 |
7: [default3]: [2026-05-24 06:59:28.882224] iteration     1548/    2293 | consumed samples:       396288 | elapsed time per iteration (ms): 1416.2 | throughput per GPU (TFLOP/s/GPU): 235.0 | tokens/sec/GPU: 23138 | learning rate: 6.711369E-05 | global batch size:   256 | lm loss: 2.275373E+00 | loss scale: 1.0 | grad norm: 0.196 | number of skipped iterations:   0 | number of nan iterations:   0 |
7: [default3]: [2026-05-24 06:59:30.481872] iteration     1549/    2293 | consumed samples:       396544 | elapsed time per iteration (ms): 1599.4 | throughput per GPU (TFLOP/s/GPU): 208.1 | tokens/sec/GPU: 20487 | learning rate: 6.699966E-05 | global batch size:   256 | lm loss: 2.280740E+00 | loss scale: 1.0 | grad norm: 0.193 | number of skipped iterations:   0 | number of nan iterations:   0 |
7: [default3]: [2026-05-24 06:59:36.229028] iteration     1550/    2293 | consumed samples:       396800 | elapsed time per iteration (ms): 5746.9 | throughput per GPU (TFLOP/s/GPU): 57.9 | tokens/sec/GPU: 5702 | learning rate: 6.688571E-05 | global batch size:   256 | lm loss: 2.265095E+00 | loss scale: 1.0 | grad norm: 0.201 | number of skipped iterations:   0 | number of nan iterations:   0 |
7: [default3]: [2026-05-24 06:59:38.497744] iteration     1551/    2293 | consumed samples:       397056 | elapsed time per iteration (ms): 2268.5 | throughput per GPU (TFLOP/s/GPU): 146.7 | tokens/sec/GPU: 14445 | learning rate: 6.677186E-05 | global batch size:   256 | lm loss: 2.306512E+00 | loss scale: 1.0 | grad norm: 0.196 | number of skipped iterations:   0 | number of nan iterations:   0 |
7: [default3]: [2026-05-24 06:59:39.939196] iteration     1552/    2293 | consumed samples:       397312 | elapsed time per iteration (ms): 1441.3 | throughput per GPU (TFLOP/s/GPU): 230.9 | tokens/sec/GPU: 22736 | learning rate: 6.665809E-05 | global batch size:   256 | lm loss: 2.257699E+00 | loss scale: 1.0 | grad norm: 0.190 | number of skipped iterations:   0 | number of nan iterations:   0 |
7: [default3]: [2026-05-24 06:59:41.716859] iteration     1553/    2293 | consumed samples:       397568 | elapsed time per iteration (ms): 1777.5 | throughput per GPU (TFLOP/s/GPU): 187.3 | tokens/sec/GPU: 18435 | learning rate: 6.654442E-05 | global batch size:   256 | lm loss: 2.245965E+00 | loss scale: 1.0 | grad norm: 0.196 | number of skipped iterations:   0 | number of nan iterations:   0 |
7: [default3]: [2026-05-24 06:59:43.917255] iteration     1554/    2293 | consumed samples:       397824 | elapsed time per iteration (ms): 2200.2 | throughput per GPU (TFLOP/s/GPU): 151.3 | tokens/sec/GPU: 14893 | learning rate: 6.643083E-05 | global batch size:   256 | lm loss: 2.274354E+00 | loss scale: 1.0 | grad norm: 0.191 | number of skipped iterations:   0 | number of nan iterations:   0 |
7: [default3]: [2026-05-24 06:59:45.333533] iteration     1555/    2293 | consumed samples:       398080 | elapsed time per iteration (ms): 1416.1 | throughput per GPU (TFLOP/s/GPU): 235.0 | tokens/sec/GPU: 23140 | learning rate: 6.631733E-05 | global batch size:   256 | lm loss: 2.346651E+00 | loss scale: 1.0 | grad norm: 0.193 | number of skipped iterations:   0 | number of nan iterations:   0 |
7: [default3]: [2026-05-24 06:59:46.755259] iteration     1556/    2293 | consumed samples:       398336 | elapsed time per iteration (ms): 1421.5 | throughput per GPU (TFLOP/s/GPU): 234.1 | tokens/sec/GPU: 23052 | learning rate: 6.620393E-05 | global batch size:   256 | lm loss: 2.261276E+00 | loss scale: 1.0 | grad norm: 0.194 | number of skipped iterations:   0 | number of nan iterations:   0 |
7: [default3]: [2026-05-24 06:59:49.914336] iteration     1557/    2293 | consumed samples:       398592 | elapsed time per iteration (ms): 3158.9 | throughput per GPU (TFLOP/s/GPU): 105.4 | tokens/sec/GPU: 10373 | learning rate: 6.609062E-05 | global batch size:   256 | lm loss: 2.262029E+00 | loss scale: 1.0 | grad norm: 0.195 | number of skipped iterations:   0 | number of nan iterations:   0 |
7: [default3]: [2026-05-24 06:59:52.109318] iteration     1558/    2293 | consumed samples:       398848 | elapsed time per iteration (ms): 2194.8 | throughput per GPU (TFLOP/s/GPU): 151.6 | tokens/sec/GPU: 14930 | learning rate: 6.597739E-05 | global batch size:   256 | lm loss: 2.326756E+00 | loss scale: 1.0 | grad norm: 0.194 | number of skipped iterations:   0 | number of nan iterations:   0 |
7: [default3]: [2026-05-24 06:59:53.599289] iteration     1559/    2293 | consumed samples:       399104 | elapsed time per iteration (ms): 1489.8 | throughput per GPU (TFLOP/s/GPU): 223.4 | tokens/sec/GPU: 21995 | learning rate: 6.586427E-05 | global batch size:   256 | lm loss: 2.305150E+00 | loss scale: 1.0 | grad norm: 0.193 | number of skipped iterations:   0 | number of nan iterations:   0 |
7: [default3]: [2026-05-24 06:59:55.008302] iteration     1560/    2293 | consumed samples:       399360 | elapsed time per iteration (ms): 1408.8 | throughput per GPU (TFLOP/s/GPU): 236.3 | tokens/sec/GPU: 23260 | learning rate: 6.575123E-05 | global batch size:   256 | lm loss: 2.205600E+00 | loss scale: 1.0 | grad norm: 0.192 | number of skipped iterations:   0 | number of nan iterations:   0 |
7: [default3]: [2026-05-24 06:59:56.436179] iteration     1561/    2293 | consumed samples:       399616 | elapsed time per iteration (ms): 1427.7 | throughput per GPU (TFLOP/s/GPU): 233.1 | tokens/sec/GPU: 22952 | learning rate: 6.563828E-05 | global batch size:   256 | lm loss: 2.249973E+00 | loss scale: 1.0 | grad norm: 0.189 | number of skipped iterations:   0 | number of nan iterations:   0 |
7: [default3]: [2026-05-24 07:00:03.995380] iteration     1562/    2293 | consumed samples:       399872 | elapsed time per iteration (ms): 7558.8 | throughput per GPU (TFLOP/s/GPU): 44.0 | tokens/sec/GPU: 4335 | learning rate: 6.552543E-05 | global batch size:   256 | lm loss: 2.357824E+00 | loss scale: 1.0 | grad norm: 0.203 | number of skipped iterations:   0 | number of nan iterations:   0 |
7: [default3]: [2026-05-24 07:00:05.413521] iteration     1563/    2293 | consumed samples:       400128 | elapsed time per iteration (ms): 1417.9 | throughput per GPU (TFLOP/s/GPU): 234.7 | tokens/sec/GPU: 23110 | learning rate: 6.541266E-05 | global batch size:   256 | lm loss: 2.233005E+00 | loss scale: 1.0 | grad norm: 0.199 | number of skipped iterations:   0 | number of nan iterations:   0 |
7: [default3]: [2026-05-24 07:00:06.833345] iteration     1564/    2293 | consumed samples:       400384 | elapsed time per iteration (ms): 1419.6 | throughput per GPU (TFLOP/s/GPU): 234.5 | tokens/sec/GPU: 23082 | learning rate: 6.530000E-05 | global batch size:   256 | lm loss: 2.335267E+00 | loss scale: 1.0 | grad norm: 0.198 | number of skipped iterations:   0 | number of nan iterations:   0 |
7: [default3]: [2026-05-24 07:00:08.252143] iteration     1565/    2293 | consumed samples:       400640 | elapsed time per iteration (ms): 1418.5 | throughput per GPU (TFLOP/s/GPU): 234.6 | tokens/sec/GPU: 23100 | learning rate: 6.518742E-05 | global batch size:   256 | lm loss: 2.342631E+00 | loss scale: 1.0 | grad norm: 0.341 | number of skipped iterations:   0 | number of nan iterations:   0 |
7: [default3]: [2026-05-24 07:00:09.840067] iteration     1566/    2293 | consumed samples:       400896 | elapsed time per iteration (ms): 1587.7 | throughput per GPU (TFLOP/s/GPU): 209.6 | tokens/sec/GPU: 20639 | learning rate: 6.507494E-05 | global batch size:   256 | lm loss: 2.246093E+00 | loss scale: 1.0 | grad norm: 0.192 | number of skipped iterations:   0 | number of nan iterations:   0 |
7: [default3]: [2026-05-24 07:00:11.273922] iteration     1567/    2293 | consumed samples:       401152 | elapsed time per iteration (ms): 1433.6 | throughput per GPU (TFLOP/s/GPU): 232.2 | tokens/sec/GPU: 22857 | learning rate: 6.496255E-05 | global batch size:   256 | lm loss: 2.256784E+00 | loss scale: 1.0 | grad norm: 0.192 | number of skipped iterations:   0 | number of nan iterations:   0 |
7: [default3]: [2026-05-24 07:00:12.705304] iteration     1568/    2293 | consumed samples:       401408 | elapsed time per iteration (ms): 1431.2 | throughput per GPU (TFLOP/s/GPU): 232.6 | tokens/sec/GPU: 22896 | learning rate: 6.485025E-05 | global batch size:   256 | lm loss: 2.321503E+00 | loss scale: 1.0 | grad norm: 0.192 | number of skipped iterations:   0 | number of nan iterations:   0 |
7: [default3]: [2026-05-24 07:00:14.139169] iteration     1569/    2293 | consumed samples:       401664 | elapsed time per iteration (ms): 1433.6 | throughput per GPU (TFLOP/s/GPU): 232.2 | tokens/sec/GPU: 22857 | learning rate: 6.473805E-05 | global batch size:   256 | lm loss: 2.330740E+00 | loss scale: 1.0 | grad norm: 0.192 | number of skipped iterations:   0 | number of nan iterations:   0 |
7: [default3]: [2026-05-24 07:00:17.822839] iteration     1570/    2293 | consumed samples:       401920 | elapsed time per iteration (ms): 3683.1 | throughput per GPU (TFLOP/s/GPU): 90.4 | tokens/sec/GPU: 8897 | learning rate: 6.462594E-05 | global batch size:   256 | lm loss: 2.236848E+00 | loss scale: 1.0 | grad norm: 0.195 | number of skipped iterations:   0 | number of nan iterations:   0 |
7: [default3]: [2026-05-24 07:00:19.233989] iteration     1571/    2293 | consumed samples:       402176 | elapsed time per iteration (ms): 1410.9 | throughput per GPU (TFLOP/s/GPU): 235.9 | tokens/sec/GPU: 23225 | learning rate: 6.451393E-05 | global batch size:   256 | lm loss: 2.220483E+00 | loss scale: 1.0 | grad norm: 0.408 | number of skipped iterations:   0 | number of nan iterations:   0 |
7: [default3]: [2026-05-24 07:00:20.649416] iteration     1572/    2293 | consumed samples:       402432 | elapsed time per iteration (ms): 1415.0 | throughput per GPU (TFLOP/s/GPU): 235.2 | tokens/sec/GPU: 23157 | learning rate: 6.440201E-05 | global batch size:   256 | lm loss: 2.178444E+00 | loss scale: 1.0 | grad norm: 0.192 | number of skipped iterations:   0 | number of nan iterations:   0 |
7: [default3]: [2026-05-24 07:00:22.066158] iteration     1573/    2293 | consumed samples:       402688 | elapsed time per iteration (ms): 1416.5 | throughput per GPU (TFLOP/s/GPU): 235.0 | tokens/sec/GPU: 23134 | learning rate: 6.429019E-05 | global batch size:   256 | lm loss: 2.270847E+00 | loss scale: 1.0 | grad norm: 0.192 | number of skipped iterations:   0 | number of nan iterations:   0 |
7: [default3]: [2026-05-24 07:00:23.878861] iteration     1574/    2293 | consumed samples:       402944 | elapsed time per iteration (ms): 1812.5 | throughput per GPU (TFLOP/s/GPU): 183.6 | tokens/sec/GPU: 18079 | learning rate: 6.417846E-05 | global batch size:   256 | lm loss: 2.269253E+00 | loss scale: 1.0 | grad norm: 0.199 | number of skipped iterations:   0 | number of nan iterations:   0 |
7: [default3]: [2026-05-24 07:00:25.306976] iteration     1575/    2293 | consumed samples:       403200 | elapsed time per iteration (ms): 1427.9 | throughput per GPU (TFLOP/s/GPU): 233.1 | tokens/sec/GPU: 22949 | learning rate: 6.406682E-05 | global batch size:   256 | lm loss: 2.304126E+00 | loss scale: 1.0 | grad norm: 0.196 | number of skipped iterations:   0 | number of nan iterations:   0 |
7: [default3]: [2026-05-24 07:00:26.733602] iteration     1576/    2293 | consumed samples:       403456 | elapsed time per iteration (ms): 1426.4 | throughput per GPU (TFLOP/s/GPU): 233.3 | tokens/sec/GPU: 22972 | learning rate: 6.395528E-05 | global batch size:   256 | lm loss: 2.212302E+00 | loss scale: 1.0 | grad norm: 0.192 | number of skipped iterations:   0 | number of nan iterations:   0 |
7: [default3]: [2026-05-24 07:00:28.160564] iteration     1577/    2293 | consumed samples:       403712 | elapsed time per iteration (ms): 1426.7 | throughput per GPU (TFLOP/s/GPU): 233.3 | tokens/sec/GPU: 22967 | learning rate: 6.384384E-05 | global batch size:   256 | lm loss: 2.328076E+00 | loss scale: 1.0 | grad norm: 0.196 | number of skipped iterations:   0 | number of nan iterations:   0 |
7: [default3]: [2026-05-24 07:00:29.721987] iteration     1578/    2293 | consumed samples:       403968 | elapsed time per iteration (ms): 1561.2 | throughput per GPU (TFLOP/s/GPU): 213.2 | tokens/sec/GPU: 20989 | learning rate: 6.373249E-05 | global batch size:   256 | lm loss: 2.286762E+00 | loss scale: 1.0 | grad norm: 0.195 | number of skipped iterations:   0 | number of nan iterations:   0 |
7: [default3]: [2026-05-24 07:00:33.332805] iteration     1579/    2293 | consumed samples:       404224 | elapsed time per iteration (ms): 3610.6 | throughput per GPU (TFLOP/s/GPU): 92.2 | tokens/sec/GPU: 9076 | learning rate: 6.362124E-05 | global batch size:   256 | lm loss: 2.298259E+00 | loss scale: 1.0 | grad norm: 0.196 | number of skipped iterations:   0 | number of nan iterations:   0 |
7: [default3]: [2026-05-24 07:00:36.031691] iteration     1580/    2293 | consumed samples:       404480 | elapsed time per iteration (ms): 2698.7 | throughput per GPU (TFLOP/s/GPU): 123.3 | tokens/sec/GPU: 12142 | learning rate: 6.351009E-05 | global batch size:   256 | lm loss: 2.331313E+00 | loss scale: 1.0 | grad norm: 0.196 | number of skipped iterations:   0 | number of nan iterations:   0 |
7: [default3]: [2026-05-24 07:00:37.450274] iteration     1581/    2293 | consumed samples:       404736 | elapsed time per iteration (ms): 1418.4 | throughput per GPU (TFLOP/s/GPU): 234.7 | tokens/sec/GPU: 23103 | learning rate: 6.339903E-05 | global batch size:   256 | lm loss: 2.349286E+00 | loss scale: 1.0 | grad norm: 0.199 | number of skipped iterations:   0 | number of nan iterations:   0 |
7: [default3]: [2026-05-24 07:00:42.899038] iteration     1582/    2293 | consumed samples:       404992 | elapsed time per iteration (ms): 5448.5 | throughput per GPU (TFLOP/s/GPU): 61.1 | tokens/sec/GPU: 6014 | learning rate: 6.328807E-05 | global batch size:   256 | lm loss: 2.237964E+00 | loss scale: 1.0 | grad norm: 0.196 | number of skipped iterations:   0 | number of nan iterations:   0 |
7: [default3]: [2026-05-24 07:00:44.317645] iteration     1583/    2293 | consumed samples:       405248 | elapsed time per iteration (ms): 1418.4 | throughput per GPU (TFLOP/s/GPU): 234.7 | tokens/sec/GPU: 23102 | learning rate: 6.317721E-05 | global batch size:   256 | lm loss: 2.367064E+00 | loss scale: 1.0 | grad norm: 0.197 | number of skipped iterations:   0 | number of nan iterations:   0 |
7: [default3]: [2026-05-24 07:00:45.745279] iteration     1584/    2293 | consumed samples:       405504 | elapsed time per iteration (ms): 1427.4 | throughput per GPU (TFLOP/s/GPU): 233.2 | tokens/sec/GPU: 22957 | learning rate: 6.306644E-05 | global batch size:   256 | lm loss: 2.274165E+00 | loss scale: 1.0 | grad norm: 0.197 | number of skipped iterations:   0 | number of nan iterations:   0 |
7: [default3]: [2026-05-24 07:00:47.169571] iteration     1585/    2293 | consumed samples:       405760 | elapsed time per iteration (ms): 1424.1 | throughput per GPU (TFLOP/s/GPU): 233.7 | tokens/sec/GPU: 23010 | learning rate: 6.295577E-05 | global batch size:   256 | lm loss: 2.207361E+00 | loss scale: 1.0 | grad norm: 0.193 | number of skipped iterations:   0 | number of nan iterations:   0 |
7: [default3]: [2026-05-24 07:00:49.676201] iteration     1586/    2293 | consumed samples:       406016 | elapsed time per iteration (ms): 2506.4 | throughput per GPU (TFLOP/s/GPU): 132.8 | tokens/sec/GPU: 13074 | learning rate: 6.284520E-05 | global batch size:   256 | lm loss: 2.295059E+00 | loss scale: 1.0 | grad norm: 0.199 | number of skipped iterations:   0 | number of nan iterations:   0 |
7: [default3]: [2026-05-24 07:00:51.215507] iteration     1587/    2293 | consumed samples:       406272 | elapsed time per iteration (ms): 1538.2 | throughput per GPU (TFLOP/s/GPU): 216.4 | tokens/sec/GPU: 21303 | learning rate: 6.273473E-05 | global batch size:   256 | lm loss: 2.308110E+00 | loss scale: 1.0 | grad norm: 0.200 | number of skipped iterations:   0 | number of nan iterations:   0 |
7: [default3]: [2026-05-24 07:00:54.876196] iteration     1588/    2293 | consumed samples:       406528 | elapsed time per iteration (ms): 3660.4 | throughput per GPU (TFLOP/s/GPU): 90.9 | tokens/sec/GPU: 8952 | learning rate: 6.262435E-05 | global batch size:   256 | lm loss: 2.292274E+00 | loss scale: 1.0 | grad norm: 0.197 | number of skipped iterations:   0 | number of nan iterations:   0 |
7: [default3]: [2026-05-24 07:00:56.293814] iteration     1589/    2293 | consumed samples:       406784 | elapsed time per iteration (ms): 1417.3 | throughput per GPU (TFLOP/s/GPU): 234.8 | tokens/sec/GPU: 23120 | learning rate: 6.251407E-05 | global batch size:   256 | lm loss: 2.319517E+00 | loss scale: 1.0 | grad norm: 0.194 | number of skipped iterations:   0 | number of nan iterations:   0 |
7: [default3]: [2026-05-24 07:01:01.087715] iteration     1590/    2293 | consumed samples:       407040 | elapsed time per iteration (ms): 4793.6 | throughput per GPU (TFLOP/s/GPU): 69.4 | tokens/sec/GPU: 6836 | learning rate: 6.240389E-05 | global batch size:   256 | lm loss: 2.246545E+00 | loss scale: 1.0 | grad norm: 0.197 | number of skipped iterations:   0 | number of nan iterations:   0 |
7: [default3]: [2026-05-24 07:01:02.507536] iteration     1591/    2293 | consumed samples:       407296 | elapsed time per iteration (ms): 1419.6 | throughput per GPU (TFLOP/s/GPU): 234.5 | tokens/sec/GPU: 23082 | learning rate: 6.229382E-05 | global batch size:   256 | lm loss: 2.263884E+00 | loss scale: 1.0 | grad norm: 0.196 | number of skipped iterations:   0 | number of nan iterations:   0 |
7: [default3]: [2026-05-24 07:01:03.992461] iteration     1592/    2293 | consumed samples:       407552 | elapsed time per iteration (ms): 1484.7 | throughput per GPU (TFLOP/s/GPU): 224.2 | tokens/sec/GPU: 22071 | learning rate: 6.218384E-05 | global batch size:   256 | lm loss: 2.248546E+00 | loss scale: 1.0 | grad norm: 0.193 | number of skipped iterations:   0 | number of nan iterations:   0 |
7: [default3]: [2026-05-24 07:01:05.411031] iteration     1593/    2293 | consumed samples:       407808 | elapsed time per iteration (ms): 1418.4 | throughput per GPU (TFLOP/s/GPU): 234.7 | tokens/sec/GPU: 23103 | learning rate: 6.207396E-05 | global batch size:   256 | lm loss: 2.293504E+00 | loss scale: 1.0 | grad norm: 0.196 | number of skipped iterations:   0 | number of nan iterations:   0 |
7: [default3]: [2026-05-24 07:01:12.551192] iteration     1594/    2293 | consumed samples:       408064 | elapsed time per iteration (ms): 7139.9 | throughput per GPU (TFLOP/s/GPU): 46.6 | tokens/sec/GPU: 4589 | learning rate: 6.196418E-05 | global batch size:   256 | lm loss: 2.312860E+00 | loss scale: 1.0 | grad norm: 0.196 | number of skipped iterations:   0 | number of nan iterations:   0 |
7: [default3]: [2026-05-24 07:01:13.968899] iteration     1595/    2293 | consumed samples:       408320 | elapsed time per iteration (ms): 1417.5 | throughput per GPU (TFLOP/s/GPU): 234.8 | tokens/sec/GPU: 23116 | learning rate: 6.185449E-05 | global batch size:   256 | lm loss: 2.201788E+00 | loss scale: 1.0 | grad norm: 0.195 | number of skipped iterations:   0 | number of nan iterations:   0 |
7: [default3]: [2026-05-24 07:01:15.391357] iteration     1596/    2293 | consumed samples:       408576 | elapsed time per iteration (ms): 1422.2 | throughput per GPU (TFLOP/s/GPU): 234.0 | tokens/sec/GPU: 23040 | learning rate: 6.174492E-05 | global batch size:   256 | lm loss: 2.328351E+00 | loss scale: 1.0 | grad norm: 0.198 | number of skipped iterations:   0 | number of nan iterations:   0 |
7: [default3]: [2026-05-24 07:01:16.817856] iteration     1597/    2293 | consumed samples:       408832 | elapsed time per iteration (ms): 1426.2 | throughput per GPU (TFLOP/s/GPU): 233.4 | tokens/sec/GPU: 22975 | learning rate: 6.163544E-05 | global batch size:   256 | lm loss: 2.216448E+00 | loss scale: 1.0 | grad norm: 0.194 | number of skipped iterations:   0 | number of nan iterations:   0 |
7: [default3]: [2026-05-24 07:01:19.702497] iteration     1598/    2293 | consumed samples:       409088 | elapsed time per iteration (ms): 2884.4 | throughput per GPU (TFLOP/s/GPU): 115.4 | tokens/sec/GPU: 11360 | learning rate: 6.152606E-05 | global batch size:   256 | lm loss: 2.236079E+00 | loss scale: 1.0 | grad norm: 0.195 | number of skipped iterations:   0 | number of nan iterations:   0 |
7: [default3]: [2026-05-24 07:01:21.133205] iteration     1599/    2293 | consumed samples:       409344 | elapsed time per iteration (ms): 1430.5 | throughput per GPU (TFLOP/s/GPU): 232.7 | tokens/sec/GPU: 22906 | learning rate: 6.141678E-05 | global batch size:   256 | lm loss: 2.274291E+00 | loss scale: 1.0 | grad norm: 0.193 | number of skipped iterations:   0 | number of nan iterations:   0 |
7: [default3]: [2026-05-24 07:01:22.564790] iteration     1600/    2293 | consumed samples:       409600 | elapsed time per iteration (ms): 1431.3 | throughput per GPU (TFLOP/s/GPU): 232.5 | tokens/sec/GPU: 22893 | learning rate: 6.130760E-05 | global batch size:   256 | lm loss: 2.241878E+00 | loss scale: 1.0 | grad norm: 0.191 | number of skipped iterations:   0 | number of nan iterations:   0 |
7: [default3]: [2026-05-24 07:01:24.846217] iteration     1601/    2293 | consumed samples:       409856 | elapsed time per iteration (ms): 2281.1 | throughput per GPU (TFLOP/s/GPU): 145.9 | tokens/sec/GPU: 14365 | learning rate: 6.119852E-05 | global batch size:   256 | lm loss: 2.312012E+00 | loss scale: 1.0 | grad norm: 0.194 | number of skipped iterations:   0 | number of nan iterations:   0 |
7: [default3]: [2026-05-24 07:01:27.625206] iteration     1602/    2293 | consumed samples:       410112 | elapsed time per iteration (ms): 2778.8 | throughput per GPU (TFLOP/s/GPU): 119.8 | tokens/sec/GPU: 11792 | learning rate: 6.108954E-05 | global batch size:   256 | lm loss: 2.292900E+00 | loss scale: 1.0 | grad norm: 0.202 | number of skipped iterations:   0 | number of nan iterations:   0 |
7: [default3]: [2026-05-24 07:01:29.049965] iteration     1603/    2293 | consumed samples:       410368 | elapsed time per iteration (ms): 1424.5 | throughput per GPU (TFLOP/s/GPU): 233.6 | tokens/sec/GPU: 23003 | learning rate: 6.098067E-05 | global batch size:   256 | lm loss: 2.193172E+00 | loss scale: 1.0 | grad norm: 0.191 | number of skipped iterations:   0 | number of nan iterations:   0 |
7: [default3]: [2026-05-24 07:01:30.487441] iteration     1604/    2293 | consumed samples:       410624 | elapsed time per iteration (ms): 1437.3 | throughput per GPU (TFLOP/s/GPU): 231.6 | tokens/sec/GPU: 22799 | learning rate: 6.087190E-05 | global batch size:   256 | lm loss: 2.242873E+00 | loss scale: 1.0 | grad norm: 0.194 | number of skipped iterations:   0 | number of nan iterations:   0 |
7: [default3]: [2026-05-24 07:01:33.993570] iteration     1605/    2293 | consumed samples:       410880 | elapsed time per iteration (ms): 3505.8 | throughput per GPU (TFLOP/s/GPU): 94.9 | tokens/sec/GPU: 9347 | learning rate: 6.076323E-05 | global batch size:   256 | lm loss: 2.205585E+00 | loss scale: 1.0 | grad norm: 0.202 | number of skipped iterations:   0 | number of nan iterations:   0 |
7: [default3]: [2026-05-24 07:01:35.417976] iteration     1606/    2293 | consumed samples:       411136 | elapsed time per iteration (ms): 1424.2 | throughput per GPU (TFLOP/s/GPU): 233.7 | tokens/sec/GPU: 23009 | learning rate: 6.065466E-05 | global batch size:   256 | lm loss: 2.252371E+00 | loss scale: 1.0 | grad norm: 0.194 | number of skipped iterations:   0 | number of nan iterations:   0 |
7: [default3]: [2026-05-24 07:01:36.842056] iteration     1607/    2293 | consumed samples:       411392 | elapsed time per iteration (ms): 1423.9 | throughput per GPU (TFLOP/s/GPU): 233.8 | tokens/sec/GPU: 23014 | learning rate: 6.054620E-05 | global batch size:   256 | lm loss: 2.198484E+00 | loss scale: 1.0 | grad norm: 0.194 | number of skipped iterations:   0 | number of nan iterations:   0 |
7: [default3]: [2026-05-24 07:01:38.264194] iteration     1608/    2293 | consumed samples:       411648 | elapsed time per iteration (ms): 1421.9 | throughput per GPU (TFLOP/s/GPU): 234.1 | tokens/sec/GPU: 23045 | learning rate: 6.043784E-05 | global batch size:   256 | lm loss: 2.239837E+00 | loss scale: 1.0 | grad norm: 0.192 | number of skipped iterations:   0 | number of nan iterations:   0 |
7: [default3]: [2026-05-24 07:01:39.683527] iteration     1609/    2293 | consumed samples:       411904 | elapsed time per iteration (ms): 1419.1 | throughput per GPU (TFLOP/s/GPU): 234.5 | tokens/sec/GPU: 23091 | learning rate: 6.032958E-05 | global batch size:   256 | lm loss: 2.191278E+00 | loss scale: 1.0 | grad norm: 0.195 | number of skipped iterations:   0 | number of nan iterations:   0 |
7: [default3]: [2026-05-24 07:01:41.095462] iteration     1610/    2293 | consumed samples:       412160 | elapsed time per iteration (ms): 1411.7 | throughput per GPU (TFLOP/s/GPU): 235.8 | tokens/sec/GPU: 23211 | learning rate: 6.022142E-05 | global batch size:   256 | lm loss: 2.300638E+00 | loss scale: 1.0 | grad norm: 0.196 | number of skipped iterations:   0 | number of nan iterations:   0 |
7: [default3]: [2026-05-24 07:01:42.526528] iteration     1611/    2293 | consumed samples:       412416 | elapsed time per iteration (ms): 1430.8 | throughput per GPU (TFLOP/s/GPU): 232.6 | tokens/sec/GPU: 22901 | learning rate: 6.011337E-05 | global batch size:   256 | lm loss: 2.248590E+00 | loss scale: 1.0 | grad norm: 0.193 | number of skipped iterations:   0 | number of nan iterations:   0 |
7: [default3]: [2026-05-24 07:01:43.953774] iteration     1612/    2293 | consumed samples:       412672 | elapsed time per iteration (ms): 1427.0 | throughput per GPU (TFLOP/s/GPU): 233.2 | tokens/sec/GPU: 22963 | learning rate: 6.000542E-05 | global batch size:   256 | lm loss: 2.295518E+00 | loss scale: 1.0 | grad norm: 0.198 | number of skipped iterations:   0 | number of nan iterations:   0 |
7: [default3]: [2026-05-24 07:01:45.390120] iteration     1613/    2293 | consumed samples:       412928 | elapsed time per iteration (ms): 1436.1 | throughput per GPU (TFLOP/s/GPU): 231.8 | tokens/sec/GPU: 22817 | learning rate: 5.989758E-05 | global batch size:   256 | lm loss: 2.321552E+00 | loss scale: 1.0 | grad norm: 0.195 | number of skipped iterations:   0 | number of nan iterations:   0 |
7: [default3]: [2026-05-24 07:01:52.318398] iteration     1614/    2293 | consumed samples:       413184 | elapsed time per iteration (ms): 6927.7 | throughput per GPU (TFLOP/s/GPU): 48.0 | tokens/sec/GPU: 4730 | learning rate: 5.978984E-05 | global batch size:   256 | lm loss: 2.222430E+00 | loss scale: 1.0 | grad norm: 0.188 | number of skipped iterations:   0 | number of nan iterations:   0 |
7: [default3]: [2026-05-24 07:01:53.734461] iteration     1615/    2293 | consumed samples:       413440 | elapsed time per iteration (ms): 1415.8 | throughput per GPU (TFLOP/s/GPU): 235.1 | tokens/sec/GPU: 23145 | learning rate: 5.968220E-05 | global batch size:   256 | lm loss: 2.247111E+00 | loss scale: 1.0 | grad norm: 0.191 | number of skipped iterations:   0 | number of nan iterations:   0 |
7: [default3]: [2026-05-24 07:01:55.162800] iteration     1616/    2293 | consumed samples:       413696 | elapsed time per iteration (ms): 1427.9 | throughput per GPU (TFLOP/s/GPU): 233.1 | tokens/sec/GPU: 22949 | learning rate: 5.957467E-05 | global batch size:   256 | lm loss: 2.233778E+00 | loss scale: 1.0 | grad norm: 0.192 | number of skipped iterations:   0 | number of nan iterations:   0 |
7: [default3]: [2026-05-24 07:01:56.588836] iteration     1617/    2293 | consumed samples:       413952 | elapsed time per iteration (ms): 1425.7 | throughput per GPU (TFLOP/s/GPU): 233.4 | tokens/sec/GPU: 22983 | learning rate: 5.946724E-05 | global batch size:   256 | lm loss: 2.255426E+00 | loss scale: 1.0 | grad norm: 0.191 | number of skipped iterations:   0 | number of nan iterations:   0 |
7: [default3]: [2026-05-24 07:02:00.038164] iteration     1618/    2293 | consumed samples:       414208 | elapsed time per iteration (ms): 3449.1 | throughput per GPU (TFLOP/s/GPU): 96.5 | tokens/sec/GPU: 9500 | learning rate: 5.935992E-05 | global batch size:   256 | lm loss: 2.243692E+00 | loss scale: 1.0 | grad norm: 0.191 | number of skipped iterations:   0 | number of nan iterations:   0 |
7: [default3]: [2026-05-24 07:02:01.454138] iteration     1619/    2293 | consumed samples:       414464 | elapsed time per iteration (ms): 1415.7 | throughput per GPU (TFLOP/s/GPU): 235.1 | tokens/sec/GPU: 23145 | learning rate: 5.925271E-05 | global batch size:   256 | lm loss: 2.192999E+00 | loss scale: 1.0 | grad norm: 0.189 | number of skipped iterations:   0 | number of nan iterations:   0 |
7: [default3]: [2026-05-24 07:02:02.870380] iteration     1620/    2293 | consumed samples:       414720 | elapsed time per iteration (ms): 1416.0 | throughput per GPU (TFLOP/s/GPU): 235.1 | tokens/sec/GPU: 23141 | learning rate: 5.914559E-05 | global batch size:   256 | lm loss: 2.224184E+00 | loss scale: 1.0 | grad norm: 0.190 | number of skipped iterations:   0 | number of nan iterations:   0 |
7: [default3]: [2026-05-24 07:02:05.071630] iteration     1621/    2293 | consumed samples:       414976 | elapsed time per iteration (ms): 2201.1 | throughput per GPU (TFLOP/s/GPU): 151.2 | tokens/sec/GPU: 14887 | learning rate: 5.903859E-05 | global batch size:   256 | lm loss: 2.187550E+00 | loss scale: 1.0 | grad norm: 0.189 | number of skipped iterations:   0 | number of nan iterations:   0 |
7: [default3]: [2026-05-24 07:02:07.583380] iteration     1622/    2293 | consumed samples:       415232 | elapsed time per iteration (ms): 2511.5 | throughput per GPU (TFLOP/s/GPU): 132.5 | tokens/sec/GPU: 13047 | learning rate: 5.893169E-05 | global batch size:   256 | lm loss: 2.317557E+00 | loss scale: 1.0 | grad norm: 0.194 | number of skipped iterations:   0 | number of nan iterations:   0 |
7: [default3]: [2026-05-24 07:02:09.009339] iteration     1623/    2293 | consumed samples:       415488 | elapsed time per iteration (ms): 1425.8 | throughput per GPU (TFLOP/s/GPU): 233.4 | tokens/sec/GPU: 22982 | learning rate: 5.882490E-05 | global batch size:   256 | lm loss: 2.309817E+00 | loss scale: 1.0 | grad norm: 0.191 | number of skipped iterations:   0 | number of nan iterations:   0 |
7: [default3]: [2026-05-24 07:02:10.997404] iteration     1624/    2293 | consumed samples:       415744 | elapsed time per iteration (ms): 1987.8 | throughput per GPU (TFLOP/s/GPU): 167.4 | tokens/sec/GPU: 16485 | learning rate: 5.871821E-05 | global batch size:   256 | lm loss: 2.328191E+00 | loss scale: 1.0 | grad norm: 0.200 | number of skipped iterations:   0 | number of nan iterations:   0 |
7: [default3]: [2026-05-24 07:02:13.294128] iteration     1625/    2293 | consumed samples:       416000 | elapsed time per iteration (ms): 2296.5 | throughput per GPU (TFLOP/s/GPU): 144.9 | tokens/sec/GPU: 14269 | learning rate: 5.861163E-05 | global batch size:   256 | lm loss: 2.244164E+00 | loss scale: 1.0 | grad norm: 0.201 | number of skipped iterations:   0 | number of nan iterations:   0 |
7: [default3]: [2026-05-24 07:02:14.709886] iteration     1626/    2293 | consumed samples:       416256 | elapsed time per iteration (ms): 1415.5 | throughput per GPU (TFLOP/s/GPU): 235.1 | tokens/sec/GPU: 23150 | learning rate: 5.850516E-05 | global batch size:   256 | lm loss: 2.223419E+00 | loss scale: 1.0 | grad norm: 0.187 | number of skipped iterations:   0 | number of nan iterations:   0 |
7: [default3]: [2026-05-24 07:02:16.133779] iteration     1627/    2293 | consumed samples:       416512 | elapsed time per iteration (ms): 1423.6 | throughput per GPU (TFLOP/s/GPU): 233.8 | tokens/sec/GPU: 23017 | learning rate: 5.839879E-05 | global batch size:   256 | lm loss: 2.236393E+00 | loss scale: 1.0 | grad norm: 0.197 | number of skipped iterations:   0 | number of nan iterations:   0 |
7: [default3]: [2026-05-24 07:02:22.537495] iteration     1628/    2293 | consumed samples:       416768 | elapsed time per iteration (ms): 6403.5 | throughput per GPU (TFLOP/s/GPU): 52.0 | tokens/sec/GPU: 5117 | learning rate: 5.829253E-05 | global batch size:   256 | lm loss: 2.236198E+00 | loss scale: 1.0 | grad norm: 0.190 | number of skipped iterations:   0 | number of nan iterations:   0 |
7: [default3]: [2026-05-24 07:02:23.958067] iteration     1629/    2293 | consumed samples:       417024 | elapsed time per iteration (ms): 1420.3 | throughput per GPU (TFLOP/s/GPU): 234.3 | tokens/sec/GPU: 23071 | learning rate: 5.818638E-05 | global batch size:   256 | lm loss: 2.202452E+00 | loss scale: 1.0 | grad norm: 0.190 | number of skipped iterations:   0 | number of nan iterations:   0 |
7: [default3]: [2026-05-24 07:02:25.382464] iteration     1630/    2293 | consumed samples:       417280 | elapsed time per iteration (ms): 1424.1 | throughput per GPU (TFLOP/s/GPU): 233.7 | tokens/sec/GPU: 23009 | learning rate: 5.808034E-05 | global batch size:   256 | lm loss: 2.271885E+00 | loss scale: 1.0 | grad norm: 0.188 | number of skipped iterations:   0 | number of nan iterations:   0 |
7: [default3]: [2026-05-24 07:02:26.812981] iteration     1631/    2293 | consumed samples:       417536 | elapsed time per iteration (ms): 1430.2 | throughput per GPU (TFLOP/s/GPU): 232.7 | tokens/sec/GPU: 22911 | learning rate: 5.797440E-05 | global batch size:   256 | lm loss: 2.321094E+00 | loss scale: 1.0 | grad norm: 0.192 | number of skipped iterations:   0 | number of nan iterations:   0 |
7: [default3]: [2026-05-24 07:02:29.577955] iteration     1632/    2293 | consumed samples:       417792 | elapsed time per iteration (ms): 2764.8 | throughput per GPU (TFLOP/s/GPU): 120.4 | tokens/sec/GPU: 11852 | learning rate: 5.786857E-05 | global batch size:   256 | lm loss: 2.260634E+00 | loss scale: 1.0 | grad norm: 0.194 | number of skipped iterations:   0 | number of nan iterations:   0 |
7: [default3]: [2026-05-24 07:02:30.995791] iteration     1633/    2293 | consumed samples:       418048 | elapsed time per iteration (ms): 1417.6 | throughput per GPU (TFLOP/s/GPU): 234.8 | tokens/sec/GPU: 23115 | learning rate: 5.776285E-05 | global batch size:   256 | lm loss: 2.236373E+00 | loss scale: 1.0 | grad norm: 0.189 | number of skipped iterations:   0 | number of nan iterations:   0 |
7: [default3]: [2026-05-24 07:02:32.940312] iteration     1634/    2293 | consumed samples:       418304 | elapsed time per iteration (ms): 1943.9 | throughput per GPU (TFLOP/s/GPU): 171.2 | tokens/sec/GPU: 16857 | learning rate: 5.765724E-05 | global batch size:   256 | lm loss: 2.269390E+00 | loss scale: 1.0 | grad norm: 0.193 | number of skipped iterations:   0 | number of nan iterations:   0 |
7: [default3]: [2026-05-24 07:02:34.372016] iteration     1635/    2293 | consumed samples:       418560 | elapsed time per iteration (ms): 1431.0 | throughput per GPU (TFLOP/s/GPU): 232.6 | tokens/sec/GPU: 22898 | learning rate: 5.755174E-05 | global batch size:   256 | lm loss: 2.233410E+00 | loss scale: 1.0 | grad norm: 0.192 | number of skipped iterations:   0 | number of nan iterations:   0 |
7: [default3]: [2026-05-24 07:02:38.073637] iteration     1636/    2293 | consumed samples:       418816 | elapsed time per iteration (ms): 3701.3 | throughput per GPU (TFLOP/s/GPU): 89.9 | tokens/sec/GPU: 8853 | learning rate: 5.744635E-05 | global batch size:   256 | lm loss: 2.214830E+00 | loss scale: 1.0 | grad norm: 0.201 | number of skipped iterations:   0 | number of nan iterations:   0 |
7: [default3]: [2026-05-24 07:02:39.503131] iteration     1637/    2293 | consumed samples:       419072 | elapsed time per iteration (ms): 1428.9 | throughput per GPU (TFLOP/s/GPU): 232.9 | tokens/sec/GPU: 22932 | learning rate: 5.734107E-05 | global batch size:   256 | lm loss: 2.302934E+00 | loss scale: 1.0 | grad norm: 0.227 | number of skipped iterations:   0 | number of nan iterations:   0 |
7: [default3]: [2026-05-24 07:02:42.122509] iteration     1638/    2293 | consumed samples:       419328 | elapsed time per iteration (ms): 2618.9 | throughput per GPU (TFLOP/s/GPU): 127.1 | tokens/sec/GPU: 12512 | learning rate: 5.723589E-05 | global batch size:   256 | lm loss: 2.244933E+00 | loss scale: 1.0 | grad norm: 0.194 | number of skipped iterations:   0 | number of nan iterations:   0 |
7: [default3]: [2026-05-24 07:02:43.552387] iteration     1639/    2293 | consumed samples:       419584 | elapsed time per iteration (ms): 1429.6 | throughput per GPU (TFLOP/s/GPU): 232.8 | tokens/sec/GPU: 22921 | learning rate: 5.713083E-05 | global batch size:   256 | lm loss: 2.264386E+00 | loss scale: 1.0 | grad norm: 0.195 | number of skipped iterations:   0 | number of nan iterations:   0 |
7: [default3]: [2026-05-24 07:02:44.965875] iteration     1640/    2293 | consumed samples:       419840 | elapsed time per iteration (ms): 1413.3 | throughput per GPU (TFLOP/s/GPU): 235.5 | tokens/sec/GPU: 23185 | learning rate: 5.702587E-05 | global batch size:   256 | lm loss: 2.217813E+00 | loss scale: 1.0 | grad norm: 0.195 | number of skipped iterations:   0 | number of nan iterations:   0 |
7: [default3]: [2026-05-24 07:02:46.386450] iteration     1641/    2293 | consumed samples:       420096 | elapsed time per iteration (ms): 1420.3 | throughput per GPU (TFLOP/s/GPU): 234.3 | tokens/sec/GPU: 23071 | learning rate: 5.692102E-05 | global batch size:   256 | lm loss: 2.349888E+00 | loss scale: 1.0 | grad norm: 0.197 | number of skipped iterations:   0 | number of nan iterations:   0 |
7: [default3]: [2026-05-24 07:02:51.756747] iteration     1642/    2293 | consumed samples:       420352 | elapsed time per iteration (ms): 5370.0 | throughput per GPU (TFLOP/s/GPU): 62.0 | tokens/sec/GPU: 6102 | learning rate: 5.681629E-05 | global batch size:   256 | lm loss: 2.260930E+00 | loss scale: 1.0 | grad norm: 0.198 | number of skipped iterations:   0 | number of nan iterations:   0 |
7: [default3]: [2026-05-24 07:02:53.179214] iteration     1643/    2293 | consumed samples:       420608 | elapsed time per iteration (ms): 1422.2 | throughput per GPU (TFLOP/s/GPU): 234.0 | tokens/sec/GPU: 23040 | learning rate: 5.671167E-05 | global batch size:   256 | lm loss: 2.289245E+00 | loss scale: 1.0 | grad norm: 0.202 | number of skipped iterations:   0 | number of nan iterations:   0 |
7: [default3]: [2026-05-24 07:02:54.616306] iteration     1644/    2293 | consumed samples:       420864 | elapsed time per iteration (ms): 1436.8 | throughput per GPU (TFLOP/s/GPU): 231.6 | tokens/sec/GPU: 22806 | learning rate: 5.660715E-05 | global batch size:   256 | lm loss: 2.320838E+00 | loss scale: 1.0 | grad norm: 0.198 | number of skipped iterations:   0 | number of nan iterations:   0 |
7: [default3]: [2026-05-24 07:02:56.045479] iteration     1645/    2293 | consumed samples:       421120 | elapsed time per iteration (ms): 1428.9 | throughput per GPU (TFLOP/s/GPU): 232.9 | tokens/sec/GPU: 22932 | learning rate: 5.650275E-05 | global batch size:   256 | lm loss: 2.242107E+00 | loss scale: 1.0 | grad norm: 0.194 | number of skipped iterations:   0 | number of nan iterations:   0 |
7: [default3]: [2026-05-24 07:02:58.574891] iteration     1646/    2293 | consumed samples:       421376 | elapsed time per iteration (ms): 2529.2 | throughput per GPU (TFLOP/s/GPU): 131.6 | tokens/sec/GPU: 12956 | learning rate: 5.639846E-05 | global batch size:   256 | lm loss: 2.198707E+00 | loss scale: 1.0 | grad norm: 0.188 | number of skipped iterations:   0 | number of nan iterations:   0 |
7: [default3]: [2026-05-24 07:02:59.988836] iteration     1647/    2293 | consumed samples:       421632 | elapsed time per iteration (ms): 1413.7 | throughput per GPU (TFLOP/s/GPU): 235.4 | tokens/sec/GPU: 23179 | learning rate: 5.629428E-05 | global batch size:   256 | lm loss: 2.189078E+00 | loss scale: 1.0 | grad norm: 0.215 | number of skipped iterations:   0 | number of nan iterations:   0 |
7: [default3]: [2026-05-24 07:03:02.672285] iteration     1648/    2293 | consumed samples:       421888 | elapsed time per iteration (ms): 2683.3 | throughput per GPU (TFLOP/s/GPU): 124.0 | tokens/sec/GPU: 12212 | learning rate: 5.619022E-05 | global batch size:   256 | lm loss: 2.177212E+00 | loss scale: 1.0 | grad norm: 0.209 | number of skipped iterations:   0 | number of nan iterations:   0 |
7: [default3]: [2026-05-24 07:03:05.208284] iteration     1649/    2293 | consumed samples:       422144 | elapsed time per iteration (ms): 2535.8 | throughput per GPU (TFLOP/s/GPU): 131.3 | tokens/sec/GPU: 12922 | learning rate: 5.608626E-05 | global batch size:   256 | lm loss: 2.223702E+00 | loss scale: 1.0 | grad norm: 0.193 | number of skipped iterations:   0 | number of nan iterations:   0 |
7: [default3]: [2026-05-24 07:03:06.634359] iteration     1650/    2293 | consumed samples:       422400 | elapsed time per iteration (ms): 1425.8 | throughput per GPU (TFLOP/s/GPU): 233.4 | tokens/sec/GPU: 22982 | learning rate: 5.598241E-05 | global batch size:   256 | lm loss: 2.303455E+00 | loss scale: 1.0 | grad norm: 0.193 | number of skipped iterations:   0 | number of nan iterations:   0 |
7: [default3]: [2026-05-24 07:03:08.907267] iteration     1651/    2293 | consumed samples:       422656 | elapsed time per iteration (ms): 2272.7 | throughput per GPU (TFLOP/s/GPU): 146.4 | tokens/sec/GPU: 14418 | learning rate: 5.587869E-05 | global batch size:   256 | lm loss: 2.316938E+00 | loss scale: 1.0 | grad norm: 0.195 | number of skipped iterations:   0 | number of nan iterations:   0 |
7: [default3]: [2026-05-24 07:03:10.880002] iteration     1652/    2293 | consumed samples:       422912 | elapsed time per iteration (ms): 1972.5 | throughput per GPU (TFLOP/s/GPU): 168.7 | tokens/sec/GPU: 16612 | learning rate: 5.577506E-05 | global batch size:   256 | lm loss: 2.240298E+00 | loss scale: 1.0 | grad norm: 0.202 | number of skipped iterations:   0 | number of nan iterations:   0 |
7: [default3]: [2026-05-24 07:03:13.358232] iteration     1653/    2293 | consumed samples:       423168 | elapsed time per iteration (ms): 2478.0 | throughput per GPU (TFLOP/s/GPU): 134.3 | tokens/sec/GPU: 13224 | learning rate: 5.567156E-05 | global batch size:   256 | lm loss: 2.245503E+00 | loss scale: 1.0 | grad norm: 0.194 | number of skipped iterations:   0 | number of nan iterations:   0 |
7: [default3]: [2026-05-24 07:03:14.776074] iteration     1654/    2293 | consumed samples:       423424 | elapsed time per iteration (ms): 1417.6 | throughput per GPU (TFLOP/s/GPU): 234.8 | tokens/sec/GPU: 23115 | learning rate: 5.556817E-05 | global batch size:   256 | lm loss: 2.206677E+00 | loss scale: 1.0 | grad norm: 0.193 | number of skipped iterations:   0 | number of nan iterations:   0 |
7: [default3]: [2026-05-24 07:03:16.196507] iteration     1655/    2293 | consumed samples:       423680 | elapsed time per iteration (ms): 1420.2 | throughput per GPU (TFLOP/s/GPU): 234.4 | tokens/sec/GPU: 23073 | learning rate: 5.546489E-05 | global batch size:   256 | lm loss: 2.200810E+00 | loss scale: 1.0 | grad norm: 0.188 | number of skipped iterations:   0 | number of nan iterations:   0 |
7: [default3]: [2026-05-24 07:03:19.679441] iteration     1656/    2293 | consumed samples:       423936 | elapsed time per iteration (ms): 3482.7 | throughput per GPU (TFLOP/s/GPU): 95.6 | tokens/sec/GPU: 9409 | learning rate: 5.536172E-05 | global batch size:   256 | lm loss: 2.279781E+00 | loss scale: 1.0 | grad norm: 0.199 | number of skipped iterations:   0 | number of nan iterations:   0 |
7: [default3]: [2026-05-24 07:03:27.551001] iteration     1657/    2293 | consumed samples:       424192 | elapsed time per iteration (ms): 7871.0 | throughput per GPU (TFLOP/s/GPU): 42.3 | tokens/sec/GPU: 4163 | learning rate: 5.525866E-05 | global batch size:   256 | lm loss: 2.187994E+00 | loss scale: 1.0 | grad norm: 0.189 | number of skipped iterations:   0 | number of nan iterations:   0 |
7: [default3]: [2026-05-24 07:03:28.970720] iteration     1658/    2293 | consumed samples:       424448 | elapsed time per iteration (ms): 1419.5 | throughput per GPU (TFLOP/s/GPU): 234.5 | tokens/sec/GPU: 23084 | learning rate: 5.515573E-05 | global batch size:   256 | lm loss: 2.285776E+00 | loss scale: 1.0 | grad norm: 0.195 | number of skipped iterations:   0 | number of nan iterations:   0 |
7: [default3]: [2026-05-24 07:03:30.385749] iteration     1659/    2293 | consumed samples:       424704 | elapsed time per iteration (ms): 1414.8 | throughput per GPU (TFLOP/s/GPU): 235.2 | tokens/sec/GPU: 23160 | learning rate: 5.505290E-05 | global batch size:   256 | lm loss: 2.199522E+00 | loss scale: 1.0 | grad norm: 0.401 | number of skipped iterations:   0 | number of nan iterations:   0 |
7: [default3]: [2026-05-24 07:03:31.813578] iteration     1660/    2293 | consumed samples:       424960 | elapsed time per iteration (ms): 1427.6 | throughput per GPU (TFLOP/s/GPU): 233.1 | tokens/sec/GPU: 22953 | learning rate: 5.495019E-05 | global batch size:   256 | lm loss: 2.279600E+00 | loss scale: 1.0 | grad norm: 0.195 | number of skipped iterations:   0 | number of nan iterations:   0 |
7: [default3]: [2026-05-24 07:03:34.123263] iteration     1661/    2293 | consumed samples:       425216 | elapsed time per iteration (ms): 2309.4 | throughput per GPU (TFLOP/s/GPU): 144.1 | tokens/sec/GPU: 14189 | learning rate: 5.484759E-05 | global batch size:   256 | lm loss: 2.259280E+00 | loss scale: 1.0 | grad norm: 0.197 | number of skipped iterations:   0 | number of nan iterations:   0 |
7: [default3]: [2026-05-24 07:03:35.548196] iteration     1662/    2293 | consumed samples:       425472 | elapsed time per iteration (ms): 1424.7 | throughput per GPU (TFLOP/s/GPU): 233.6 | tokens/sec/GPU: 23000 | learning rate: 5.474511E-05 | global batch size:   256 | lm loss: 2.222425E+00 | loss scale: 1.0 | grad norm: 0.191 | number of skipped iterations:   0 | number of nan iterations:   0 |
7: [default3]: [2026-05-24 07:03:36.987579] iteration     1663/    2293 | consumed samples:       425728 | elapsed time per iteration (ms): 1439.1 | throughput per GPU (TFLOP/s/GPU): 231.3 | tokens/sec/GPU: 22769 | learning rate: 5.464274E-05 | global batch size:   256 | lm loss: 2.230623E+00 | loss scale: 1.0 | grad norm: 0.197 | number of skipped iterations:   0 | number of nan iterations:   0 |
7: [default3]: [2026-05-24 07:03:38.404083] iteration     1664/    2293 | consumed samples:       425984 | elapsed time per iteration (ms): 1416.3 | throughput per GPU (TFLOP/s/GPU): 235.0 | tokens/sec/GPU: 23137 | learning rate: 5.454049E-05 | global batch size:   256 | lm loss: 2.267363E+00 | loss scale: 1.0 | grad norm: 0.196 | number of skipped iterations:   0 | number of nan iterations:   0 |
7: [default3]: [2026-05-24 07:03:43.419252] iteration     1665/    2293 | consumed samples:       426240 | elapsed time per iteration (ms): 5015.0 | throughput per GPU (TFLOP/s/GPU): 66.4 | tokens/sec/GPU: 6534 | learning rate: 5.443835E-05 | global batch size:   256 | lm loss: 2.284039E+00 | loss scale: 1.0 | grad norm: 0.196 | number of skipped iterations:   0 | number of nan iterations:   0 |
7: [default3]: [2026-05-24 07:03:44.839748] iteration     1666/    2293 | consumed samples:       426496 | elapsed time per iteration (ms): 1420.2 | throughput per GPU (TFLOP/s/GPU): 234.4 | tokens/sec/GPU: 23072 | learning rate: 5.433633E-05 | global batch size:   256 | lm loss: 2.209944E+00 | loss scale: 1.0 | grad norm: 0.189 | number of skipped iterations:   0 | number of nan iterations:   0 |
7: [default3]: [2026-05-24 07:03:46.272927] iteration     1667/    2293 | consumed samples:       426752 | elapsed time per iteration (ms): 1432.9 | throughput per GPU (TFLOP/s/GPU): 232.3 | tokens/sec/GPU: 22868 | learning rate: 5.423443E-05 | global batch size:   256 | lm loss: 2.251964E+00 | loss scale: 1.0 | grad norm: 0.193 | number of skipped iterations:   0 | number of nan iterations:   0 |
7: [default3]: [2026-05-24 07:03:47.693630] iteration     1668/    2293 | consumed samples:       427008 | elapsed time per iteration (ms): 1420.5 | throughput per GPU (TFLOP/s/GPU): 234.3 | tokens/sec/GPU: 23068 | learning rate: 5.413264E-05 | global batch size:   256 | lm loss: 2.219593E+00 | loss scale: 1.0 | grad norm: 0.196 | number of skipped iterations:   0 | number of nan iterations:   0 |
7: [default3]: [2026-05-24 07:03:51.821837] iteration     1669/    2293 | consumed samples:       427264 | elapsed time per iteration (ms): 4128.0 | throughput per GPU (TFLOP/s/GPU): 80.6 | tokens/sec/GPU: 7938 | learning rate: 5.403096E-05 | global batch size:   256 | lm loss: 2.236160E+00 | loss scale: 1.0 | grad norm: 0.189 | number of skipped iterations:   0 | number of nan iterations:   0 |
7: [default3]: [2026-05-24 07:03:53.244539] iteration     1670/    2293 | consumed samples:       427520 | elapsed time per iteration (ms): 1422.4 | throughput per GPU (TFLOP/s/GPU): 234.0 | tokens/sec/GPU: 23037 | learning rate: 5.392941E-05 | global batch size:   256 | lm loss: 2.250567E+00 | loss scale: 1.0 | grad norm: 0.192 | number of skipped iterations:   0 | number of nan iterations:   0 |
7: [default3]: [2026-05-24 07:03:54.675054] iteration     1671/    2293 | consumed samples:       427776 | elapsed time per iteration (ms): 1430.3 | throughput per GPU (TFLOP/s/GPU): 232.7 | tokens/sec/GPU: 22910 | learning rate: 5.382797E-05 | global batch size:   256 | lm loss: 2.262573E+00 | loss scale: 1.0 | grad norm: 0.194 | number of skipped iterations:   0 | number of nan iterations:   0 |
7: [default3]: [2026-05-24 07:03:56.570409] iteration     1672/    2293 | consumed samples:       428032 | elapsed time per iteration (ms): 1895.1 | throughput per GPU (TFLOP/s/GPU): 175.6 | tokens/sec/GPU: 17291 | learning rate: 5.372664E-05 | global batch size:   256 | lm loss: 2.218151E+00 | loss scale: 1.0 | grad norm: 0.193 | number of skipped iterations:   0 | number of nan iterations:   0 |
7: [default3]: [2026-05-24 07:03:59.697462] iteration     1673/    2293 | consumed samples:       428288 | elapsed time per iteration (ms): 3126.9 | throughput per GPU (TFLOP/s/GPU): 106.4 | tokens/sec/GPU: 10479 | learning rate: 5.362543E-05 | global batch size:   256 | lm loss: 2.280840E+00 | loss scale: 1.0 | grad norm: 0.189 | number of skipped iterations:   0 | number of nan iterations:   0 |
7: [default3]: [2026-05-24 07:04:01.122739] iteration     1674/    2293 | consumed samples:       428544 | elapsed time per iteration (ms): 1424.9 | throughput per GPU (TFLOP/s/GPU): 233.6 | tokens/sec/GPU: 22997 | learning rate: 5.352435E-05 | global batch size:   256 | lm loss: 2.323975E+00 | loss scale: 1.0 | grad norm: 0.195 | number of skipped iterations:   0 | number of nan iterations:   0 |
7: [default3]: [2026-05-24 07:04:02.551400] iteration     1675/    2293 | consumed samples:       428800 | elapsed time per iteration (ms): 1428.5 | throughput per GPU (TFLOP/s/GPU): 233.0 | tokens/sec/GPU: 22939 | learning rate: 5.342337E-05 | global batch size:   256 | lm loss: 2.249130E+00 | loss scale: 1.0 | grad norm: 0.193 | number of skipped iterations:   0 | number of nan iterations:   0 |
7: [default3]: [2026-05-24 07:04:06.318099] iteration     1676/    2293 | consumed samples:       429056 | elapsed time per iteration (ms): 3766.5 | throughput per GPU (TFLOP/s/GPU): 88.4 | tokens/sec/GPU: 8700 | learning rate: 5.332252E-05 | global batch size:   256 | lm loss: 2.208273E+00 | loss scale: 1.0 | grad norm: 0.189 | number of skipped iterations:   0 | number of nan iterations:   0 |
7: [default3]: [2026-05-24 07:04:07.950752] iteration     1677/    2293 | consumed samples:       429312 | elapsed time per iteration (ms): 1632.4 | throughput per GPU (TFLOP/s/GPU): 203.9 | tokens/sec/GPU: 20074 | learning rate: 5.322178E-05 | global batch size:   256 | lm loss: 2.253707E+00 | loss scale: 1.0 | grad norm: 0.205 | number of skipped iterations:   0 | number of nan iterations:   0 |
7: [default3]: [2026-05-24 07:04:09.381631] iteration     1678/    2293 | consumed samples:       429568 | elapsed time per iteration (ms): 1430.6 | throughput per GPU (TFLOP/s/GPU): 232.6 | tokens/sec/GPU: 22904 | learning rate: 5.312116E-05 | global batch size:   256 | lm loss: 2.232181E+00 | loss scale: 1.0 | grad norm: 0.191 | number of skipped iterations:   0 | number of nan iterations:   0 |
7: [default3]: [2026-05-24 07:04:10.811657] iteration     1679/    2293 | consumed samples:       429824 | elapsed time per iteration (ms): 1429.8 | throughput per GPU (TFLOP/s/GPU): 232.8 | tokens/sec/GPU: 22918 | learning rate: 5.302066E-05 | global batch size:   256 | lm loss: 2.175554E+00 | loss scale: 1.0 | grad norm: 0.200 | number of skipped iterations:   0 | number of nan iterations:   0 |
7: [default3]: [2026-05-24 07:04:15.741149] iteration     1680/    2293 | consumed samples:       430080 | elapsed time per iteration (ms): 4929.0 | throughput per GPU (TFLOP/s/GPU): 67.5 | tokens/sec/GPU: 6648 | learning rate: 5.292028E-05 | global batch size:   256 | lm loss: 2.249584E+00 | loss scale: 1.0 | grad norm: 0.194 | number of skipped iterations:   0 | number of nan iterations:   0 |
7: [default3]: [2026-05-24 07:04:17.160085] iteration     1681/    2293 | consumed samples:       430336 | elapsed time per iteration (ms): 1418.7 | throughput per GPU (TFLOP/s/GPU): 234.6 | tokens/sec/GPU: 23097 | learning rate: 5.282001E-05 | global batch size:   256 | lm loss: 2.294166E+00 | loss scale: 1.0 | grad norm: 0.198 | number of skipped iterations:   0 | number of nan iterations:   0 |
7: [default3]: [2026-05-24 07:04:18.587552] iteration     1682/    2293 | consumed samples:       430592 | elapsed time per iteration (ms): 1427.2 | throughput per GPU (TFLOP/s/GPU): 233.2 | tokens/sec/GPU: 22959 | learning rate: 5.271987E-05 | global batch size:   256 | lm loss: 2.184573E+00 | loss scale: 1.0 | grad norm: 0.200 | number of skipped iterations:   0 | number of nan iterations:   0 |
7: [default3]: [2026-05-24 07:04:20.018494] iteration     1683/    2293 | consumed samples:       430848 | elapsed time per iteration (ms): 1430.7 | throughput per GPU (TFLOP/s/GPU): 232.6 | tokens/sec/GPU: 22903 | learning rate: 5.261985E-05 | global batch size:   256 | lm loss: 2.203959E+00 | loss scale: 1.0 | grad norm: 0.198 | number of skipped iterations:   0 | number of nan iterations:   0 |
7: [default3]: [2026-05-24 07:04:21.455216] iteration     1684/    2293 | consumed samples:       431104 | elapsed time per iteration (ms): 1436.5 | throughput per GPU (TFLOP/s/GPU): 231.7 | tokens/sec/GPU: 22811 | learning rate: 5.251994E-05 | global batch size:   256 | lm loss: 2.245991E+00 | loss scale: 1.0 | grad norm: 0.230 | number of skipped iterations:   0 | number of nan iterations:   0 |
7: [default3]: [2026-05-24 07:04:24.399926] iteration     1685/    2293 | consumed samples:       431360 | elapsed time per iteration (ms): 2944.5 | throughput per GPU (TFLOP/s/GPU): 113.0 | tokens/sec/GPU: 11129 | learning rate: 5.242015E-05 | global batch size:   256 | lm loss: 2.287224E+00 | loss scale: 1.0 | grad norm: 0.194 | number of skipped iterations:   0 | number of nan iterations:   0 |
7: [default3]: [2026-05-24 07:04:25.831785] iteration     1686/    2293 | consumed samples:       431616 | elapsed time per iteration (ms): 1431.6 | throughput per GPU (TFLOP/s/GPU): 232.5 | tokens/sec/GPU: 22889 | learning rate: 5.232048E-05 | global batch size:   256 | lm loss: 2.218745E+00 | loss scale: 1.0 | grad norm: 0.191 | number of skipped iterations:   0 | number of nan iterations:   0 |
7: [default3]: [2026-05-24 07:04:27.264029] iteration     1687/    2293 | consumed samples:       431872 | elapsed time per iteration (ms): 1432.0 | throughput per GPU (TFLOP/s/GPU): 232.4 | tokens/sec/GPU: 22882 | learning rate: 5.222094E-05 | global batch size:   256 | lm loss: 2.294532E+00 | loss scale: 1.0 | grad norm: 0.196 | number of skipped iterations:   0 | number of nan iterations:   0 |
7: [default3]: [2026-05-24 07:04:28.693306] iteration     1688/    2293 | consumed samples:       432128 | elapsed time per iteration (ms): 1429.1 | throughput per GPU (TFLOP/s/GPU): 232.9 | tokens/sec/GPU: 22930 | learning rate: 5.212151E-05 | global batch size:   256 | lm loss: 2.251573E+00 | loss scale: 1.0 | grad norm: 0.198 | number of skipped iterations:   0 | number of nan iterations:   0 |
7: [default3]: [2026-05-24 07:04:30.405688] iteration     1689/    2293 | consumed samples:       432384 | elapsed time per iteration (ms): 1711.7 | throughput per GPU (TFLOP/s/GPU): 194.4 | tokens/sec/GPU: 19144 | learning rate: 5.202220E-05 | global batch size:   256 | lm loss: 2.237623E+00 | loss scale: 1.0 | grad norm: 0.194 | number of skipped iterations:   0 | number of nan iterations:   0 |
7: [default3]: [2026-05-24 07:04:31.841598] iteration     1690/    2293 | consumed samples:       432640 | elapsed time per iteration (ms): 1435.7 | throughput per GPU (TFLOP/s/GPU): 231.8 | tokens/sec/GPU: 22824 | learning rate: 5.192302E-05 | global batch size:   256 | lm loss: 2.215501E+00 | loss scale: 1.0 | grad norm: 0.187 | number of skipped iterations:   0 | number of nan iterations:   0 |
7: [default3]: [2026-05-24 07:04:36.819430] iteration     1691/    2293 | consumed samples:       432896 | elapsed time per iteration (ms): 4977.5 | throughput per GPU (TFLOP/s/GPU): 66.9 | tokens/sec/GPU: 6583 | learning rate: 5.182395E-05 | global batch size:   256 | lm loss: 2.157473E+00 | loss scale: 1.0 | grad norm: 0.190 | number of skipped iterations:   0 | number of nan iterations:   0 |
7: [default3]: [2026-05-24 07:04:38.250279] iteration     1692/    2293 | consumed samples:       433152 | elapsed time per iteration (ms): 1430.6 | throughput per GPU (TFLOP/s/GPU): 232.7 | tokens/sec/GPU: 22905 | learning rate: 5.172500E-05 | global batch size:   256 | lm loss: 2.314255E+00 | loss scale: 1.0 | grad norm: 0.191 | number of skipped iterations:   0 | number of nan iterations:   0 |
7: [default3]: [2026-05-24 07:04:43.090922] iteration     1693/    2293 | consumed samples:       433408 | elapsed time per iteration (ms): 4840.1 | throughput per GPU (TFLOP/s/GPU): 68.8 | tokens/sec/GPU: 6770 | learning rate: 5.162618E-05 | global batch size:   256 | lm loss: 2.230033E+00 | loss scale: 1.0 | grad norm: 0.193 | number of skipped iterations:   0 | number of nan iterations:   0 |
7: [default3]: [2026-05-24 07:04:44.519821] iteration     1694/    2293 | consumed samples:       433664 | elapsed time per iteration (ms): 1428.2 | throughput per GPU (TFLOP/s/GPU): 233.1 | tokens/sec/GPU: 22944 | learning rate: 5.152748E-05 | global batch size:   256 | lm loss: 2.291630E+00 | loss scale: 1.0 | grad norm: 0.193 | number of skipped iterations:   0 | number of nan iterations:   0 |
7: [default3]: [2026-05-24 07:04:45.950082] iteration     1695/    2293 | consumed samples:       433920 | elapsed time per iteration (ms): 1430.0 | throughput per GPU (TFLOP/s/GPU): 232.8 | tokens/sec/GPU: 22915 | learning rate: 5.142890E-05 | global batch size:   256 | lm loss: 2.254748E+00 | loss scale: 1.0 | grad norm: 0.195 | number of skipped iterations:   0 | number of nan iterations:   0 |
7: [default3]: [2026-05-24 07:04:47.369547] iteration     1696/    2293 | consumed samples:       434176 | elapsed time per iteration (ms): 1419.2 | throughput per GPU (TFLOP/s/GPU): 234.5 | tokens/sec/GPU: 23089 | learning rate: 5.133044E-05 | global batch size:   256 | lm loss: 2.251190E+00 | loss scale: 1.0 | grad norm: 0.191 | number of skipped iterations:   0 | number of nan iterations:   0 |
7: [default3]: [2026-05-24 07:04:51.826147] iteration     1697/    2293 | consumed samples:       434432 | elapsed time per iteration (ms): 4456.4 | throughput per GPU (TFLOP/s/GPU): 74.7 | tokens/sec/GPU: 7353 | learning rate: 5.123210E-05 | global batch size:   256 | lm loss: 2.261981E+00 | loss scale: 1.0 | grad norm: 0.192 | number of skipped iterations:   0 | number of nan iterations:   0 |
7: [default3]: [2026-05-24 07:04:53.253723] iteration     1698/    2293 | consumed samples:       434688 | elapsed time per iteration (ms): 1427.4 | throughput per GPU (TFLOP/s/GPU): 233.2 | tokens/sec/GPU: 22957 | learning rate: 5.113389E-05 | global batch size:   256 | lm loss: 2.295902E+00 | loss scale: 1.0 | grad norm: 0.191 | number of skipped iterations:   0 | number of nan iterations:   0 |
7: [default3]: [2026-05-24 07:04:54.669493] iteration     1699/    2293 | consumed samples:       434944 | elapsed time per iteration (ms): 1415.5 | throughput per GPU (TFLOP/s/GPU): 235.1 | tokens/sec/GPU: 23149 | learning rate: 5.103579E-05 | global batch size:   256 | lm loss: 2.158090E+00 | loss scale: 1.0 | grad norm: 0.189 | number of skipped iterations:   0 | number of nan iterations:   0 |
7: [default3]: [2026-05-24 07:04:56.085955] iteration     1700/    2293 | consumed samples:       435200 | elapsed time per iteration (ms): 1416.3 | throughput per GPU (TFLOP/s/GPU): 235.0 | tokens/sec/GPU: 23137 | learning rate: 5.093782E-05 | global batch size:   256 | lm loss: 2.240295E+00 | loss scale: 1.0 | grad norm: 0.243 | number of skipped iterations:   0 | number of nan iterations:   0 |
7: [default3]: [2026-05-24 07:05:03.456630] iteration     1701/    2293 | consumed samples:       435456 | elapsed time per iteration (ms): 7370.5 | throughput per GPU (TFLOP/s/GPU): 45.2 | tokens/sec/GPU: 4446 | learning rate: 5.083998E-05 | global batch size:   256 | lm loss: 2.286891E+00 | loss scale: 1.0 | grad norm: 0.193 | number of skipped iterations:   0 | number of nan iterations:   0 |
7: [default3]: [2026-05-24 07:05:04.867834] iteration     1702/    2293 | consumed samples:       435712 | elapsed time per iteration (ms): 1411.0 | throughput per GPU (TFLOP/s/GPU): 235.9 | tokens/sec/GPU: 23224 | learning rate: 5.074225E-05 | global batch size:   256 | lm loss: 2.243155E+00 | loss scale: 1.0 | grad norm: 0.192 | number of skipped iterations:   0 | number of nan iterations:   0 |
7: [default3]: [2026-05-24 07:05:06.290666] iteration     1703/    2293 | consumed samples:       435968 | elapsed time per iteration (ms): 1422.1 | throughput per GPU (TFLOP/s/GPU): 234.0 | tokens/sec/GPU: 23043 | learning rate: 5.064465E-05 | global batch size:   256 | lm loss: 2.135425E+00 | loss scale: 1.0 | grad norm: 0.192 | number of skipped iterations:   0 | number of nan iterations:   0 |
7: [default3]: [2026-05-24 07:05:07.726828] iteration     1704/    2293 | consumed samples:       436224 | elapsed time per iteration (ms): 1436.0 | throughput per GPU (TFLOP/s/GPU): 231.8 | tokens/sec/GPU: 22820 | learning rate: 5.054717E-05 | global batch size:   256 | lm loss: 2.187439E+00 | loss scale: 1.0 | grad norm: 0.192 | number of skipped iterations:   0 | number of nan iterations:   0 |
7: [default3]: [2026-05-24 07:05:11.228012] iteration     1705/    2293 | consumed samples:       436480 | elapsed time per iteration (ms): 3500.9 | throughput per GPU (TFLOP/s/GPU): 95.1 | tokens/sec/GPU: 9360 | learning rate: 5.044982E-05 | global batch size:   256 | lm loss: 2.220658E+00 | loss scale: 1.0 | grad norm: 0.195 | number of skipped iterations:   0 | number of nan iterations:   0 |
7: [default3]: [2026-05-24 07:05:12.641548] iteration     1706/    2293 | consumed samples:       436736 | elapsed time per iteration (ms): 1413.4 | throughput per GPU (TFLOP/s/GPU): 235.5 | tokens/sec/GPU: 23184 | learning rate: 5.035259E-05 | global batch size:   256 | lm loss: 2.281804E+00 | loss scale: 1.0 | grad norm: 0.199 | number of skipped iterations:   0 | number of nan iterations:   0 |
7: [default3]: [2026-05-24 07:05:14.062011] iteration     1707/    2293 | consumed samples:       436992 | elapsed time per iteration (ms): 1420.3 | throughput per GPU (TFLOP/s/GPU): 234.3 | tokens/sec/GPU: 23072 | learning rate: 5.025548E-05 | global batch size:   256 | lm loss: 2.258100E+00 | loss scale: 1.0 | grad norm: 0.189 | number of skipped iterations:   0 | number of nan iterations:   0 |
7: [default3]: [2026-05-24 07:05:15.491932] iteration     1708/    2293 | consumed samples:       437248 | elapsed time per iteration (ms): 1429.6 | throughput per GPU (TFLOP/s/GPU): 232.8 | tokens/sec/GPU: 22921 | learning rate: 5.015850E-05 | global batch size:   256 | lm loss: 2.205331E+00 | loss scale: 1.0 | grad norm: 0.193 | number of skipped iterations:   0 | number of nan iterations:   0 |
7: [default3]: [2026-05-24 07:05:17.146000] iteration     1709/    2293 | consumed samples:       437504 | elapsed time per iteration (ms): 1653.8 | throughput per GPU (TFLOP/s/GPU): 201.3 | tokens/sec/GPU: 19813 | learning rate: 5.006164E-05 | global batch size:   256 | lm loss: 2.275538E+00 | loss scale: 1.0 | grad norm: 0.189 | number of skipped iterations:   0 | number of nan iterations:   0 |
7: [default3]: [2026-05-24 07:05:18.569212] iteration     1710/    2293 | consumed samples:       437760 | elapsed time per iteration (ms): 1423.0 | throughput per GPU (TFLOP/s/GPU): 233.9 | tokens/sec/GPU: 23027 | learning rate: 4.996491E-05 | global batch size:   256 | lm loss: 2.213862E+00 | loss scale: 1.0 | grad norm: 0.195 | number of skipped iterations:   0 | number of nan iterations:   0 |
7: [default3]: [2026-05-24 07:05:19.988351] iteration     1711/    2293 | consumed samples:       438016 | elapsed time per iteration (ms): 1418.9 | throughput per GPU (TFLOP/s/GPU): 234.6 | tokens/sec/GPU: 23095 | learning rate: 4.986830E-05 | global batch size:   256 | lm loss: 2.274964E+00 | loss scale: 1.0 | grad norm: 0.189 | number of skipped iterations:   0 | number of nan iterations:   0 |
7: [default3]: [2026-05-24 07:05:21.413658] iteration     1712/    2293 | consumed samples:       438272 | elapsed time per iteration (ms): 1425.1 | throughput per GPU (TFLOP/s/GPU): 233.6 | tokens/sec/GPU: 22994 | learning rate: 4.977182E-05 | global batch size:   256 | lm loss: 2.261934E+00 | loss scale: 1.0 | grad norm: 0.194 | number of skipped iterations:   0 | number of nan iterations:   0 |
7: [default3]: [2026-05-24 07:05:23.979393] iteration     1713/    2293 | consumed samples:       438528 | elapsed time per iteration (ms): 2565.6 | throughput per GPU (TFLOP/s/GPU): 129.7 | tokens/sec/GPU: 12772 | learning rate: 4.967546E-05 | global batch size:   256 | lm loss: 2.249420E+00 | loss scale: 1.0 | grad norm: 0.196 | number of skipped iterations:   0 | number of nan iterations:   0 |
7: [default3]: [2026-05-24 07:05:25.457717] iteration     1714/    2293 | consumed samples:       438784 | elapsed time per iteration (ms): 1478.1 | throughput per GPU (TFLOP/s/GPU): 225.2 | tokens/sec/GPU: 22170 | learning rate: 4.957923E-05 | global batch size:   256 | lm loss: 2.263727E+00 | loss scale: 1.0 | grad norm: 0.194 | number of skipped iterations:   0 | number of nan iterations:   0 |
7: [default3]: [2026-05-24 07:05:26.869496] iteration     1715/    2293 | consumed samples:       439040 | elapsed time per iteration (ms): 1411.6 | throughput per GPU (TFLOP/s/GPU): 235.8 | tokens/sec/GPU: 23214 | learning rate: 4.948312E-05 | global batch size:   256 | lm loss: 2.238425E+00 | loss scale: 1.0 | grad norm: 0.197 | number of skipped iterations:   0 | number of nan iterations:   0 |
7: [default3]: [2026-05-24 07:05:28.294289] iteration     1716/    2293 | consumed samples:       439296 | elapsed time per iteration (ms): 1424.6 | throughput per GPU (TFLOP/s/GPU): 233.6 | tokens/sec/GPU: 23002 | learning rate: 4.938714E-05 | global batch size:   256 | lm loss: 2.231162E+00 | loss scale: 1.0 | grad norm: 0.190 | number of skipped iterations:   0 | number of nan iterations:   0 |
7: [default3]: [2026-05-24 07:05:29.833470] iteration     1717/    2293 | consumed samples:       439552 | elapsed time per iteration (ms): 1539.0 | throughput per GPU (TFLOP/s/GPU): 216.3 | tokens/sec/GPU: 21292 | learning rate: 4.929128E-05 | global batch size:   256 | lm loss: 2.306802E+00 | loss scale: 1.0 | grad norm: 0.191 | number of skipped iterations:   0 | number of nan iterations:   0 |
7: [default3]: [2026-05-24 07:05:33.201938] iteration     1718/    2293 | consumed samples:       439808 | elapsed time per iteration (ms): 3368.2 | throughput per GPU (TFLOP/s/GPU): 98.8 | tokens/sec/GPU: 9729 | learning rate: 4.919555E-05 | global batch size:   256 | lm loss: 2.287488E+00 | loss scale: 1.0 | grad norm: 0.192 | number of skipped iterations:   0 | number of nan iterations:   0 |
7: [default3]: [2026-05-24 07:05:34.617871] iteration     1719/    2293 | consumed samples:       440064 | elapsed time per iteration (ms): 1415.7 | throughput per GPU (TFLOP/s/GPU): 235.1 | tokens/sec/GPU: 23146 | learning rate: 4.909995E-05 | global batch size:   256 | lm loss: 2.274004E+00 | loss scale: 1.0 | grad norm: 0.212 | number of skipped iterations:   0 | number of nan iterations:   0 |
7: [default3]: [2026-05-24 07:05:36.871961] iteration     1720/    2293 | consumed samples:       440320 | elapsed time per iteration (ms): 2253.6 | throughput per GPU (TFLOP/s/GPU): 147.7 | tokens/sec/GPU: 14540 | learning rate: 4.900447E-05 | global batch size:   256 | lm loss: 2.223976E+00 | loss scale: 1.0 | grad norm: 0.194 | number of skipped iterations:   0 | number of nan iterations:   0 |
7: [default3]: [2026-05-24 07:05:38.313425] iteration     1721/    2293 | consumed samples:       440576 | elapsed time per iteration (ms): 1441.2 | throughput per GPU (TFLOP/s/GPU): 230.9 | tokens/sec/GPU: 22737 | learning rate: 4.890913E-05 | global batch size:   256 | lm loss: 2.231512E+00 | loss scale: 1.0 | grad norm: 0.188 | number of skipped iterations:   0 | number of nan iterations:   0 |
7: [default3]: [2026-05-24 07:05:40.841486] iteration     1722/    2293 | consumed samples:       440832 | elapsed time per iteration (ms): 2527.8 | throughput per GPU (TFLOP/s/GPU): 131.7 | tokens/sec/GPU: 12963 | learning rate: 4.881390E-05 | global batch size:   256 | lm loss: 2.223974E+00 | loss scale: 1.0 | grad norm: 0.191 | number of skipped iterations:   0 | number of nan iterations:   0 |
7: [default3]: [2026-05-24 07:05:42.280375] iteration     1723/    2293 | consumed samples:       441088 | elapsed time per iteration (ms): 1438.7 | throughput per GPU (TFLOP/s/GPU): 231.3 | tokens/sec/GPU: 22776 | learning rate: 4.871880E-05 | global batch size:   256 | lm loss: 2.251481E+00 | loss scale: 1.0 | grad norm: 0.188 | number of skipped iterations:   0 | number of nan iterations:   0 |
7: [default3]: [2026-05-24 07:05:48.302244] iteration     1724/    2293 | consumed samples:       441344 | elapsed time per iteration (ms): 6021.6 | throughput per GPU (TFLOP/s/GPU): 55.3 | tokens/sec/GPU: 5442 | learning rate: 4.862384E-05 | global batch size:   256 | lm loss: 2.271398E+00 | loss scale: 1.0 | grad norm: 0.187 | number of skipped iterations:   0 | number of nan iterations:   0 |
7: [default3]: [2026-05-24 07:05:49.725481] iteration     1725/    2293 | consumed samples:       441600 | elapsed time per iteration (ms): 1423.0 | throughput per GPU (TFLOP/s/GPU): 233.9 | tokens/sec/GPU: 23027 | learning rate: 4.852900E-05 | global batch size:   256 | lm loss: 2.255503E+00 | loss scale: 1.0 | grad norm: 0.194 | number of skipped iterations:   0 | number of nan iterations:   0 |
7: [default3]: [2026-05-24 07:05:51.153492] iteration     1726/    2293 | consumed samples:       441856 | elapsed time per iteration (ms): 1427.5 | throughput per GPU (TFLOP/s/GPU): 233.2 | tokens/sec/GPU: 22955 | learning rate: 4.843429E-05 | global batch size:   256 | lm loss: 2.267621E+00 | loss scale: 1.0 | grad norm: 0.189 | number of skipped iterations:   0 | number of nan iterations:   0 |
7: [default3]: [2026-05-24 07:05:52.574068] iteration     1727/    2293 | consumed samples:       442112 | elapsed time per iteration (ms): 1420.3 | throughput per GPU (TFLOP/s/GPU): 234.3 | tokens/sec/GPU: 23071 | learning rate: 4.833970E-05 | global batch size:   256 | lm loss: 2.217487E+00 | loss scale: 1.0 | grad norm: 0.187 | number of skipped iterations:   0 | number of nan iterations:   0 |
7: [default3]: [2026-05-24 07:05:54.010130] iteration     1728/    2293 | consumed samples:       442368 | elapsed time per iteration (ms): 1435.8 | throughput per GPU (TFLOP/s/GPU): 231.8 | tokens/sec/GPU: 22822 | learning rate: 4.824525E-05 | global batch size:   256 | lm loss: 2.229722E+00 | loss scale: 1.0 | grad norm: 0.188 | number of skipped iterations:   0 | number of nan iterations:   0 |
7: [default3]: [2026-05-24 07:05:55.441039] iteration     1729/    2293 | consumed samples:       442624 | elapsed time per iteration (ms): 1430.7 | throughput per GPU (TFLOP/s/GPU): 232.6 | tokens/sec/GPU: 22904 | learning rate: 4.815092E-05 | global batch size:   256 | lm loss: 2.227467E+00 | loss scale: 1.0 | grad norm: 0.191 | number of skipped iterations:   0 | number of nan iterations:   0 |
7: [default3]: [2026-05-24 07:05:59.966099] iteration     1730/    2293 | consumed samples:       442880 | elapsed time per iteration (ms): 4524.4 | throughput per GPU (TFLOP/s/GPU): 73.6 | tokens/sec/GPU: 7242 | learning rate: 4.805672E-05 | global batch size:   256 | lm loss: 2.208823E+00 | loss scale: 1.0 | grad norm: 0.186 | number of skipped iterations:   0 | number of nan iterations:   0 |
7: [default3]: [2026-05-24 07:06:02.178505] iteration     1731/    2293 | consumed samples:       443136 | elapsed time per iteration (ms): 2212.0 | throughput per GPU (TFLOP/s/GPU): 150.5 | tokens/sec/GPU: 14814 | learning rate: 4.796265E-05 | global batch size:   256 | lm loss: 2.263196E+00 | loss scale: 1.0 | grad norm: 0.190 | number of skipped iterations:   0 | number of nan iterations:   0 |
7: [default3]: [2026-05-24 07:06:03.590705] iteration     1732/    2293 | consumed samples:       443392 | elapsed time per iteration (ms): 1412.0 | throughput per GPU (TFLOP/s/GPU): 235.7 | tokens/sec/GPU: 23207 | learning rate: 4.786870E-05 | global batch size:   256 | lm loss: 2.277392E+00 | loss scale: 1.0 | grad norm: 0.195 | number of skipped iterations:   0 | number of nan iterations:   0 |
7: [default3]: [2026-05-24 07:06:05.012581] iteration     1733/    2293 | consumed samples:       443648 | elapsed time per iteration (ms): 1421.6 | throughput per GPU (TFLOP/s/GPU): 234.1 | tokens/sec/GPU: 23050 | learning rate: 4.777489E-05 | global batch size:   256 | lm loss: 2.232739E+00 | loss scale: 1.0 | grad norm: 0.190 | number of skipped iterations:   0 | number of nan iterations:   0 |
7: [default3]: [2026-05-24 07:06:09.599485] iteration     1734/    2293 | consumed samples:       443904 | elapsed time per iteration (ms): 4586.7 | throughput per GPU (TFLOP/s/GPU): 72.6 | tokens/sec/GPU: 7144 | learning rate: 4.768121E-05 | global batch size:   256 | lm loss: 2.299472E+00 | loss scale: 1.0 | grad norm: 0.190 | number of skipped iterations:   0 | number of nan iterations:   0 |
7: [default3]: [2026-05-24 07:06:11.021910] iteration     1735/    2293 | consumed samples:       444160 | elapsed time per iteration (ms): 1422.2 | throughput per GPU (TFLOP/s/GPU): 234.0 | tokens/sec/GPU: 23041 | learning rate: 4.758765E-05 | global batch size:   256 | lm loss: 2.206178E+00 | loss scale: 1.0 | grad norm: 0.191 | number of skipped iterations:   0 | number of nan iterations:   0 |
7: [default3]: [2026-05-24 07:06:12.439736] iteration     1736/    2293 | consumed samples:       444416 | elapsed time per iteration (ms): 1417.6 | throughput per GPU (TFLOP/s/GPU): 234.8 | tokens/sec/GPU: 23115 | learning rate: 4.749423E-05 | global batch size:   256 | lm loss: 2.221783E+00 | loss scale: 1.0 | grad norm: 0.194 | number of skipped iterations:   0 | number of nan iterations:   0 |
7: [default3]: [2026-05-24 07:06:13.872621] iteration     1737/    2293 | consumed samples:       444672 | elapsed time per iteration (ms): 1432.6 | throughput per GPU (TFLOP/s/GPU): 232.3 | tokens/sec/GPU: 22872 | learning rate: 4.740094E-05 | global batch size:   256 | lm loss: 2.279369E+00 | loss scale: 1.0 | grad norm: 0.193 | number of skipped iterations:   0 | number of nan iterations:   0 |
7: [default3]: [2026-05-24 07:06:16.579845] iteration     1738/    2293 | consumed samples:       444928 | elapsed time per iteration (ms): 2706.7 | throughput per GPU (TFLOP/s/GPU): 123.0 | tokens/sec/GPU: 12106 | learning rate: 4.730777E-05 | global batch size:   256 | lm loss: 2.280123E+00 | loss scale: 1.0 | grad norm: 0.255 | number of skipped iterations:   0 | number of nan iterations:   0 |
7: [default3]: [2026-05-24 07:06:17.994795] iteration     1739/    2293 | consumed samples:       445184 | elapsed time per iteration (ms): 1414.8 | throughput per GPU (TFLOP/s/GPU): 235.3 | tokens/sec/GPU: 23162 | learning rate: 4.721474E-05 | global batch size:   256 | lm loss: 2.267419E+00 | loss scale: 1.0 | grad norm: 0.200 | number of skipped iterations:   0 | number of nan iterations:   0 |
7: [default3]: [2026-05-24 07:06:19.411745] iteration     1740/    2293 | consumed samples:       445440 | elapsed time per iteration (ms): 1416.7 | throughput per GPU (TFLOP/s/GPU): 234.9 | tokens/sec/GPU: 23130 | learning rate: 4.712184E-05 | global batch size:   256 | lm loss: 2.206646E+00 | loss scale: 1.0 | grad norm: 0.191 | number of skipped iterations:   0 | number of nan iterations:   0 |
7: [default3]: [2026-05-24 07:06:20.837657] iteration     1741/    2293 | consumed samples:       445696 | elapsed time per iteration (ms): 1425.7 | throughput per GPU (TFLOP/s/GPU): 233.4 | tokens/sec/GPU: 22984 | learning rate: 4.702906E-05 | global batch size:   256 | lm loss: 2.199189E+00 | loss scale: 1.0 | grad norm: 0.192 | number of skipped iterations:   0 | number of nan iterations:   0 |
7: [default3]: [2026-05-24 07:06:25.387196] iteration     1742/    2293 | consumed samples:       445952 | elapsed time per iteration (ms): 4549.1 | throughput per GPU (TFLOP/s/GPU): 73.2 | tokens/sec/GPU: 7203 | learning rate: 4.693642E-05 | global batch size:   256 | lm loss: 2.140276E+00 | loss scale: 1.0 | grad norm: 0.197 | number of skipped iterations:   0 | number of nan iterations:   0 |
7: [default3]: [2026-05-24 07:06:26.806473] iteration     1743/    2293 | consumed samples:       446208 | elapsed time per iteration (ms): 1418.9 | throughput per GPU (TFLOP/s/GPU): 234.6 | tokens/sec/GPU: 23094 | learning rate: 4.684391E-05 | global batch size:   256 | lm loss: 2.171323E+00 | loss scale: 1.0 | grad norm: 0.191 | number of skipped iterations:   0 | number of nan iterations:   0 |
7: [default3]: [2026-05-24 07:06:28.251313] iteration     1744/    2293 | consumed samples:       446464 | elapsed time per iteration (ms): 1444.3 | throughput per GPU (TFLOP/s/GPU): 230.5 | tokens/sec/GPU: 22688 | learning rate: 4.675153E-05 | global batch size:   256 | lm loss: 2.219262E+00 | loss scale: 1.0 | grad norm: 0.190 | number of skipped iterations:   0 | number of nan iterations:   0 |
7: [default3]: [2026-05-24 07:06:29.692126] iteration     1745/    2293 | consumed samples:       446720 | elapsed time per iteration (ms): 1440.6 | throughput per GPU (TFLOP/s/GPU): 231.0 | tokens/sec/GPU: 22746 | learning rate: 4.665928E-05 | global batch size:   256 | lm loss: 2.222329E+00 | loss scale: 1.0 | grad norm: 0.191 | number of skipped iterations:   0 | number of nan iterations:   0 |
7: [default3]: [2026-05-24 07:06:33.266494] iteration     1746/    2293 | consumed samples:       446976 | elapsed time per iteration (ms): 3574.1 | throughput per GPU (TFLOP/s/GPU): 93.1 | tokens/sec/GPU: 9168 | learning rate: 4.656717E-05 | global batch size:   256 | lm loss: 2.292797E+00 | loss scale: 1.0 | grad norm: 0.195 | number of skipped iterations:   0 | number of nan iterations:   0 |
7: [default3]: [2026-05-24 07:06:34.671836] iteration     1747/    2293 | consumed samples:       447232 | elapsed time per iteration (ms): 1405.2 | throughput per GPU (TFLOP/s/GPU): 236.9 | tokens/sec/GPU: 23320 | learning rate: 4.647518E-05 | global batch size:   256 | lm loss: 2.241620E+00 | loss scale: 1.0 | grad norm: 0.192 | number of skipped iterations:   0 | number of nan iterations:   0 |
7: [default3]: [2026-05-24 07:06:36.100972] iteration     1748/    2293 | consumed samples:       447488 | elapsed time per iteration (ms): 1428.9 | throughput per GPU (TFLOP/s/GPU): 232.9 | tokens/sec/GPU: 22932 | learning rate: 4.638333E-05 | global batch size:   256 | lm loss: 2.194571E+00 | loss scale: 1.0 | grad norm: 0.190 | number of skipped iterations:   0 | number of nan iterations:   0 |
7: [default3]: [2026-05-24 07:06:37.529545] iteration     1749/    2293 | consumed samples:       447744 | elapsed time per iteration (ms): 1428.3 | throughput per GPU (TFLOP/s/GPU): 233.0 | tokens/sec/GPU: 22942 | learning rate: 4.629161E-05 | global batch size:   256 | lm loss: 2.265067E+00 | loss scale: 1.0 | grad norm: 0.192 | number of skipped iterations:   0 | number of nan iterations:   0 |
7: [default3]: [2026-05-24 07:06:39.943684] iteration     1750/    2293 | consumed samples:       448000 | elapsed time per iteration (ms): 2413.9 | throughput per GPU (TFLOP/s/GPU): 137.9 | tokens/sec/GPU: 13575 | learning rate: 4.620002E-05 | global batch size:   256 | lm loss: 2.183752E+00 | loss scale: 1.0 | grad norm: 0.190 | number of skipped iterations:   0 | number of nan iterations:   0 |
7: [default3]: [2026-05-24 07:06:42.206652] iteration     1751/    2293 | consumed samples:       448256 | elapsed time per iteration (ms): 2262.7 | throughput per GPU (TFLOP/s/GPU): 147.1 | tokens/sec/GPU: 14482 | learning rate: 4.610857E-05 | global batch size:   256 | lm loss: 2.217620E+00 | loss scale: 1.0 | grad norm: 0.188 | number of skipped iterations:   0 | number of nan iterations:   0 |
7: [default3]: [2026-05-24 07:06:43.638022] iteration     1752/    2293 | consumed samples:       448512 | elapsed time per iteration (ms): 1431.2 | throughput per GPU (TFLOP/s/GPU): 232.6 | tokens/sec/GPU: 22896 | learning rate: 4.601725E-05 | global batch size:   256 | lm loss: 2.263387E+00 | loss scale: 1.0 | grad norm: 0.190 | number of skipped iterations:   0 | number of nan iterations:   0 |
7: [default3]: [2026-05-24 07:06:45.072863] iteration     1753/    2293 | consumed samples:       448768 | elapsed time per iteration (ms): 1434.5 | throughput per GPU (TFLOP/s/GPU): 232.0 | tokens/sec/GPU: 22842 | learning rate: 4.592606E-05 | global batch size:   256 | lm loss: 2.218331E+00 | loss scale: 1.0 | grad norm: 0.192 | number of skipped iterations:   0 | number of nan iterations:   0 |
7: [default3]: [2026-05-24 07:06:49.154663] iteration     1754/    2293 | consumed samples:       449024 | elapsed time per iteration (ms): 4081.6 | throughput per GPU (TFLOP/s/GPU): 81.5 | tokens/sec/GPU: 8028 | learning rate: 4.583500E-05 | global batch size:   256 | lm loss: 2.239565E+00 | loss scale: 1.0 | grad norm: 0.190 | number of skipped iterations:   0 | number of nan iterations:   0 |
7: [default3]: [2026-05-24 07:06:50.565048] iteration     1755/    2293 | consumed samples:       449280 | elapsed time per iteration (ms): 1410.2 | throughput per GPU (TFLOP/s/GPU): 236.0 | tokens/sec/GPU: 23237 | learning rate: 4.574408E-05 | global batch size:   256 | lm loss: 2.145972E+00 | loss scale: 1.0 | grad norm: 0.191 | number of skipped iterations:   0 | number of nan iterations:   0 |
7: [default3]: [2026-05-24 07:06:52.003499] iteration     1756/    2293 | consumed samples:       449536 | elapsed time per iteration (ms): 1438.2 | throughput per GPU (TFLOP/s/GPU): 231.4 | tokens/sec/GPU: 22784 | learning rate: 4.565329E-05 | global batch size:   256 | lm loss: 2.269240E+00 | loss scale: 1.0 | grad norm: 0.189 | number of skipped iterations:   0 | number of nan iterations:   0 |
7: [default3]: [2026-05-24 07:06:53.422764] iteration     1757/    2293 | consumed samples:       449792 | elapsed time per iteration (ms): 1419.0 | throughput per GPU (TFLOP/s/GPU): 234.5 | tokens/sec/GPU: 23092 | learning rate: 4.556264E-05 | global batch size:   256 | lm loss: 2.209792E+00 | loss scale: 1.0 | grad norm: 0.186 | number of skipped iterations:   0 | number of nan iterations:   0 |
7: [default3]: [2026-05-24 07:06:56.077878] iteration     1758/    2293 | consumed samples:       450048 | elapsed time per iteration (ms): 2654.9 | throughput per GPU (TFLOP/s/GPU): 125.4 | tokens/sec/GPU: 12342 | learning rate: 4.547212E-05 | global batch size:   256 | lm loss: 2.141091E+00 | loss scale: 1.0 | grad norm: 0.188 | number of skipped iterations:   0 | number of nan iterations:   0 |
7: [default3]: [2026-05-24 07:06:59.725779] iteration     1759/    2293 | consumed samples:       450304 | elapsed time per iteration (ms): 3647.5 | throughput per GPU (TFLOP/s/GPU): 91.2 | tokens/sec/GPU: 8984 | learning rate: 4.538173E-05 | global batch size:   256 | lm loss: 2.226523E+00 | loss scale: 1.0 | grad norm: 0.189 | number of skipped iterations:   0 | number of nan iterations:   0 |
7: [default3]: [2026-05-24 07:07:01.140384] iteration     1760/    2293 | consumed samples:       450560 | elapsed time per iteration (ms): 1414.4 | throughput per GPU (TFLOP/s/GPU): 235.3 | tokens/sec/GPU: 23167 | learning rate: 4.529148E-05 | global batch size:   256 | lm loss: 2.186654E+00 | loss scale: 1.0 | grad norm: 0.194 | number of skipped iterations:   0 | number of nan iterations:   0 |
7: [default3]: [2026-05-24 07:07:02.584636] iteration     1761/    2293 | consumed samples:       450816 | elapsed time per iteration (ms): 1444.0 | throughput per GPU (TFLOP/s/GPU): 230.5 | tokens/sec/GPU: 22692 | learning rate: 4.520136E-05 | global batch size:   256 | lm loss: 2.221723E+00 | loss scale: 1.0 | grad norm: 0.195 | number of skipped iterations:   0 | number of nan iterations:   0 |
7: [default3]: [2026-05-24 07:07:05.850070] iteration     1762/    2293 | consumed samples:       451072 | elapsed time per iteration (ms): 3265.2 | throughput per GPU (TFLOP/s/GPU): 101.9 | tokens/sec/GPU: 10035 | learning rate: 4.511137E-05 | global batch size:   256 | lm loss: 2.225020E+00 | loss scale: 1.0 | grad norm: 0.185 | number of skipped iterations:   0 | number of nan iterations:   0 |
7: [default3]: [2026-05-24 07:07:07.627719] iteration     1763/    2293 | consumed samples:       451328 | elapsed time per iteration (ms): 1777.4 | throughput per GPU (TFLOP/s/GPU): 187.3 | tokens/sec/GPU: 18435 | learning rate: 4.502153E-05 | global batch size:   256 | lm loss: 2.286156E+00 | loss scale: 1.0 | grad norm: 0.190 | number of skipped iterations:   0 | number of nan iterations:   0 |
7: [default3]: [2026-05-24 07:07:10.122276] iteration     1764/    2293 | consumed samples:       451584 | elapsed time per iteration (ms): 2494.3 | throughput per GPU (TFLOP/s/GPU): 133.4 | tokens/sec/GPU: 13137 | learning rate: 4.493181E-05 | global batch size:   256 | lm loss: 2.246586E+00 | loss scale: 1.0 | grad norm: 0.190 | number of skipped iterations:   0 | number of nan iterations:   0 |
7: [default3]: [2026-05-24 07:07:11.534380] iteration     1765/    2293 | consumed samples:       451840 | elapsed time per iteration (ms): 1411.9 | throughput per GPU (TFLOP/s/GPU): 235.7 | tokens/sec/GPU: 23208 | learning rate: 4.484223E-05 | global batch size:   256 | lm loss: 2.253073E+00 | loss scale: 1.0 | grad norm: 0.196 | number of skipped iterations:   0 | number of nan iterations:   0 |
7: [default3]: [2026-05-24 07:07:15.001213] iteration     1766/    2293 | consumed samples:       452096 | elapsed time per iteration (ms): 3466.2 | throughput per GPU (TFLOP/s/GPU): 96.0 | tokens/sec/GPU: 9454 | learning rate: 4.475279E-05 | global batch size:   256 | lm loss: 2.290751E+00 | loss scale: 1.0 | grad norm: 0.198 | number of skipped iterations:   0 | number of nan iterations:   0 |
7: [default3]: [2026-05-24 07:07:16.419565] iteration     1767/    2293 | consumed samples:       452352 | elapsed time per iteration (ms): 1418.1 | throughput per GPU (TFLOP/s/GPU): 234.7 | tokens/sec/GPU: 23106 | learning rate: 4.466348E-05 | global batch size:   256 | lm loss: 2.306154E+00 | loss scale: 1.0 | grad norm: 0.193 | number of skipped iterations:   0 | number of nan iterations:   0 |
7: [default3]: [2026-05-24 07:07:17.856388] iteration     1768/    2293 | consumed samples:       452608 | elapsed time per iteration (ms): 1436.6 | throughput per GPU (TFLOP/s/GPU): 231.7 | tokens/sec/GPU: 22810 | learning rate: 4.457431E-05 | global batch size:   256 | lm loss: 2.141371E+00 | loss scale: 1.0 | grad norm: 0.186 | number of skipped iterations:   0 | number of nan iterations:   0 |
7: [default3]: [2026-05-24 07:07:19.277605] iteration     1769/    2293 | consumed samples:       452864 | elapsed time per iteration (ms): 1421.0 | throughput per GPU (TFLOP/s/GPU): 234.2 | tokens/sec/GPU: 23060 | learning rate: 4.448528E-05 | global batch size:   256 | lm loss: 2.250179E+00 | loss scale: 1.0 | grad norm: 0.201 | number of skipped iterations:   0 | number of nan iterations:   0 |
7: [default3]: [2026-05-24 07:07:22.944884] iteration     1770/    2293 | consumed samples:       453120 | elapsed time per iteration (ms): 3667.1 | throughput per GPU (TFLOP/s/GPU): 90.8 | tokens/sec/GPU: 8936 | learning rate: 4.439638E-05 | global batch size:   256 | lm loss: 2.256031E+00 | loss scale: 1.0 | grad norm: 0.188 | number of skipped iterations:   0 | number of nan iterations:   0 |
7: [default3]: [2026-05-24 07:07:24.365204] iteration     1771/    2293 | consumed samples:       453376 | elapsed time per iteration (ms): 1420.1 | throughput per GPU (TFLOP/s/GPU): 234.4 | tokens/sec/GPU: 23074 | learning rate: 4.430761E-05 | global batch size:   256 | lm loss: 2.186840E+00 | loss scale: 1.0 | grad norm: 0.189 | number of skipped iterations:   0 | number of nan iterations:   0 |
7: [default3]: [2026-05-24 07:07:27.838221] iteration     1772/    2293 | consumed samples:       453632 | elapsed time per iteration (ms): 3472.8 | throughput per GPU (TFLOP/s/GPU): 95.8 | tokens/sec/GPU: 9436 | learning rate: 4.421899E-05 | global batch size:   256 | lm loss: 2.189170E+00 | loss scale: 1.0 | grad norm: 0.191 | number of skipped iterations:   0 | number of nan iterations:   0 |
7: [default3]: [2026-05-24 07:07:29.262291] iteration     1773/    2293 | consumed samples:       453888 | elapsed time per iteration (ms): 1423.9 | throughput per GPU (TFLOP/s/GPU): 233.8 | tokens/sec/GPU: 23014 | learning rate: 4.413050E-05 | global batch size:   256 | lm loss: 2.219965E+00 | loss scale: 1.0 | grad norm: 0.190 | number of skipped iterations:   0 | number of nan iterations:   0 |
7: [default3]: [2026-05-24 07:07:30.683421] iteration     1774/    2293 | consumed samples:       454144 | elapsed time per iteration (ms): 1420.9 | throughput per GPU (TFLOP/s/GPU): 234.2 | tokens/sec/GPU: 23061 | learning rate: 4.404215E-05 | global batch size:   256 | lm loss: 2.250282E+00 | loss scale: 1.0 | grad norm: 0.188 | number of skipped iterations:   0 | number of nan iterations:   0 |
7: [default3]: [2026-05-24 07:07:32.099856] iteration     1775/    2293 | consumed samples:       454400 | elapsed time per iteration (ms): 1416.2 | throughput per GPU (TFLOP/s/GPU): 235.0 | tokens/sec/GPU: 23138 | learning rate: 4.395393E-05 | global batch size:   256 | lm loss: 2.182747E+00 | loss scale: 1.0 | grad norm: 0.216 | number of skipped iterations:   0 | number of nan iterations:   0 |
7: [default3]: [2026-05-24 07:07:34.002029] iteration     1776/    2293 | consumed samples:       454656 | elapsed time per iteration (ms): 1901.9 | throughput per GPU (TFLOP/s/GPU): 175.0 | tokens/sec/GPU: 17229 | learning rate: 4.386585E-05 | global batch size:   256 | lm loss: 2.290460E+00 | loss scale: 1.0 | grad norm: 0.193 | number of skipped iterations:   0 | number of nan iterations:   0 |
7: [default3]: [2026-05-24 07:07:36.573435] iteration     1777/    2293 | consumed samples:       454912 | elapsed time per iteration (ms): 2571.1 | throughput per GPU (TFLOP/s/GPU): 129.4 | tokens/sec/GPU: 12745 | learning rate: 4.377791E-05 | global batch size:   256 | lm loss: 2.231218E+00 | loss scale: 1.0 | grad norm: 0.190 | number of skipped iterations:   0 | number of nan iterations:   0 |
7: [default3]: [2026-05-24 07:07:38.868171] iteration     1778/    2293 | consumed samples:       455168 | elapsed time per iteration (ms): 2294.5 | throughput per GPU (TFLOP/s/GPU): 145.1 | tokens/sec/GPU: 14281 | learning rate: 4.369011E-05 | global batch size:   256 | lm loss: 2.207335E+00 | loss scale: 1.0 | grad norm: 0.194 | number of skipped iterations:   0 | number of nan iterations:   0 |
7: [default3]: [2026-05-24 07:07:40.279744] iteration     1779/    2293 | consumed samples:       455424 | elapsed time per iteration (ms): 1411.4 | throughput per GPU (TFLOP/s/GPU): 235.8 | tokens/sec/GPU: 23217 | learning rate: 4.360244E-05 | global batch size:   256 | lm loss: 2.247871E+00 | loss scale: 1.0 | grad norm: 0.189 | number of skipped iterations:   0 | number of nan iterations:   0 |
7: [default3]: [2026-05-24 07:07:43.545067] iteration     1780/    2293 | consumed samples:       455680 | elapsed time per iteration (ms): 3265.1 | throughput per GPU (TFLOP/s/GPU): 101.9 | tokens/sec/GPU: 10036 | learning rate: 4.351492E-05 | global batch size:   256 | lm loss: 2.237085E+00 | loss scale: 1.0 | grad norm: 0.199 | number of skipped iterations:   0 | number of nan iterations:   0 |
7: [default3]: [2026-05-24 07:07:44.961870] iteration     1781/    2293 | consumed samples:       455936 | elapsed time per iteration (ms): 1416.6 | throughput per GPU (TFLOP/s/GPU): 235.0 | tokens/sec/GPU: 23132 | learning rate: 4.342752E-05 | global batch size:   256 | lm loss: 2.233686E+00 | loss scale: 1.0 | grad norm: 0.190 | number of skipped iterations:   0 | number of nan iterations:   0 |
7: [default3]: [2026-05-24 07:07:49.743180] iteration     1782/    2293 | consumed samples:       456192 | elapsed time per iteration (ms): 4781.1 | throughput per GPU (TFLOP/s/GPU): 69.6 | tokens/sec/GPU: 6854 | learning rate: 4.334027E-05 | global batch size:   256 | lm loss: 2.240489E+00 | loss scale: 1.0 | grad norm: 0.194 | number of skipped iterations:   0 | number of nan iterations:   0 |
7: [default3]: [2026-05-24 07:07:51.159331] iteration     1783/    2293 | consumed samples:       456448 | elapsed time per iteration (ms): 1416.0 | throughput per GPU (TFLOP/s/GPU): 235.1 | tokens/sec/GPU: 23142 | learning rate: 4.325316E-05 | global batch size:   256 | lm loss: 2.234577E+00 | loss scale: 1.0 | grad norm: 0.195 | number of skipped iterations:   0 | number of nan iterations:   0 |
7: [default3]: [2026-05-24 07:07:53.643765] iteration     1784/    2293 | consumed samples:       456704 | elapsed time per iteration (ms): 2483.9 | throughput per GPU (TFLOP/s/GPU): 134.0 | tokens/sec/GPU: 13192 | learning rate: 4.316619E-05 | global batch size:   256 | lm loss: 2.275690E+00 | loss scale: 1.0 | grad norm: 0.191 | number of skipped iterations:   0 | number of nan iterations:   0 |
7: [default3]: [2026-05-24 07:07:55.075660] iteration     1785/    2293 | consumed samples:       456960 | elapsed time per iteration (ms): 1431.7 | throughput per GPU (TFLOP/s/GPU): 232.5 | tokens/sec/GPU: 22887 | learning rate: 4.307936E-05 | global batch size:   256 | lm loss: 2.289359E+00 | loss scale: 1.0 | grad norm: 0.193 | number of skipped iterations:   0 | number of nan iterations:   0 |
7: [default3]: [2026-05-24 07:07:57.376779] iteration     1786/    2293 | consumed samples:       457216 | elapsed time per iteration (ms): 2300.8 | throughput per GPU (TFLOP/s/GPU): 144.7 | tokens/sec/GPU: 14242 | learning rate: 4.299266E-05 | global batch size:   256 | lm loss: 2.159956E+00 | loss scale: 1.0 | grad norm: 0.189 | number of skipped iterations:   0 | number of nan iterations:   0 |
7: [default3]: [2026-05-24 07:07:58.783478] iteration     1787/    2293 | consumed samples:       457472 | elapsed time per iteration (ms): 1406.5 | throughput per GPU (TFLOP/s/GPU): 236.6 | tokens/sec/GPU: 23297 | learning rate: 4.290610E-05 | global batch size:   256 | lm loss: 2.261716E+00 | loss scale: 1.0 | grad norm: 0.192 | number of skipped iterations:   0 | number of nan iterations:   0 |
7: [default3]: [2026-05-24 07:08:00.200456] iteration     1788/    2293 | consumed samples:       457728 | elapsed time per iteration (ms): 1416.7 | throughput per GPU (TFLOP/s/GPU): 234.9 | tokens/sec/GPU: 23129 | learning rate: 4.281969E-05 | global batch size:   256 | lm loss: 2.293055E+00 | loss scale: 1.0 | grad norm: 0.190 | number of skipped iterations:   0 | number of nan iterations:   0 |
7: [default3]: [2026-05-24 07:08:01.629215] iteration     1789/    2293 | consumed samples:       457984 | elapsed time per iteration (ms): 1428.6 | throughput per GPU (TFLOP/s/GPU): 233.0 | tokens/sec/GPU: 22938 | learning rate: 4.273341E-05 | global batch size:   256 | lm loss: 2.242946E+00 | loss scale: 1.0 | grad norm: 0.198 | number of skipped iterations:   0 | number of nan iterations:   0 |
7: [default3]: [2026-05-24 07:08:06.435081] iteration     1790/    2293 | consumed samples:       458240 | elapsed time per iteration (ms): 4805.5 | throughput per GPU (TFLOP/s/GPU): 69.3 | tokens/sec/GPU: 6819 | learning rate: 4.264727E-05 | global batch size:   256 | lm loss: 2.142554E+00 | loss scale: 1.0 | grad norm: 0.195 | number of skipped iterations:   0 | number of nan iterations:   0 |
7: [default3]: [2026-05-24 07:08:07.855557] iteration     1791/    2293 | consumed samples:       458496 | elapsed time per iteration (ms): 1420.3 | throughput per GPU (TFLOP/s/GPU): 234.3 | tokens/sec/GPU: 23072 | learning rate: 4.256127E-05 | global batch size:   256 | lm loss: 2.290140E+00 | loss scale: 1.0 | grad norm: 0.191 | number of skipped iterations:   0 | number of nan iterations:   0 |
7: [default3]: [2026-05-24 07:08:09.277731] iteration     1792/    2293 | consumed samples:       458752 | elapsed time per iteration (ms): 1422.0 | throughput per GPU (TFLOP/s/GPU): 234.1 | tokens/sec/GPU: 23044 | learning rate: 4.247542E-05 | global batch size:   256 | lm loss: 2.285099E+00 | loss scale: 1.0 | grad norm: 0.210 | number of skipped iterations:   0 | number of nan iterations:   0 |
7: [default3]: [2026-05-24 07:08:10.698948] iteration     1793/    2293 | consumed samples:       459008 | elapsed time per iteration (ms): 1421.0 | throughput per GPU (TFLOP/s/GPU): 234.2 | tokens/sec/GPU: 23060 | learning rate: 4.238970E-05 | global batch size:   256 | lm loss: 2.228597E+00 | loss scale: 1.0 | grad norm: 0.193 | number of skipped iterations:   0 | number of nan iterations:   0 |
7: [default3]: [2026-05-24 07:08:17.355137] iteration     1794/    2293 | consumed samples:       459264 | elapsed time per iteration (ms): 6656.0 | throughput per GPU (TFLOP/s/GPU): 50.0 | tokens/sec/GPU: 4923 | learning rate: 4.230412E-05 | global batch size:   256 | lm loss: 2.224890E+00 | loss scale: 1.0 | grad norm: 0.201 | number of skipped iterations:   0 | number of nan iterations:   0 |
7: [default3]: [2026-05-24 07:08:18.772461] iteration     1795/    2293 | consumed samples:       459520 | elapsed time per iteration (ms): 1417.1 | throughput per GPU (TFLOP/s/GPU): 234.9 | tokens/sec/GPU: 23123 | learning rate: 4.221869E-05 | global batch size:   256 | lm loss: 2.216612E+00 | loss scale: 1.0 | grad norm: 0.194 | number of skipped iterations:   0 | number of nan iterations:   0 |
7: [default3]: [2026-05-24 07:08:20.195400] iteration     1796/    2293 | consumed samples:       459776 | elapsed time per iteration (ms): 1422.7 | throughput per GPU (TFLOP/s/GPU): 233.9 | tokens/sec/GPU: 23032 | learning rate: 4.213340E-05 | global batch size:   256 | lm loss: 2.211064E+00 | loss scale: 1.0 | grad norm: 0.196 | number of skipped iterations:   0 | number of nan iterations:   0 |
7: [default3]: [2026-05-24 07:08:21.612400] iteration     1797/    2293 | consumed samples:       460032 | elapsed time per iteration (ms): 1416.8 | throughput per GPU (TFLOP/s/GPU): 234.9 | tokens/sec/GPU: 23128 | learning rate: 4.204824E-05 | global batch size:   256 | lm loss: 2.276509E+00 | loss scale: 1.0 | grad norm: 0.196 | number of skipped iterations:   0 | number of nan iterations:   0 |
7: [default3]: [2026-05-24 07:08:25.330792] iteration     1798/    2293 | consumed samples:       460288 | elapsed time per iteration (ms): 3718.0 | throughput per GPU (TFLOP/s/GPU): 89.5 | tokens/sec/GPU: 8813 | learning rate: 4.196323E-05 | global batch size:   256 | lm loss: 2.178686E+00 | loss scale: 1.0 | grad norm: 0.215 | number of skipped iterations:   0 | number of nan iterations:   0 |
7: [default3]: [2026-05-24 07:08:26.741956] iteration     1799/    2293 | consumed samples:       460544 | elapsed time per iteration (ms): 1410.9 | throughput per GPU (TFLOP/s/GPU): 235.9 | tokens/sec/GPU: 23225 | learning rate: 4.187836E-05 | global batch size:   256 | lm loss: 2.250135E+00 | loss scale: 1.0 | grad norm: 0.192 | number of skipped iterations:   0 | number of nan iterations:   0 |
7: [default3]: [2026-05-24 07:08:28.172308] iteration     1800/    2293 | consumed samples:       460800 | elapsed time per iteration (ms): 1430.2 | throughput per GPU (TFLOP/s/GPU): 232.7 | tokens/sec/GPU: 22912 | learning rate: 4.179363E-05 | global batch size:   256 | lm loss: 2.280417E+00 | loss scale: 1.0 | grad norm: 0.201 | number of skipped iterations:   0 | number of nan iterations:   0 |
7: [default3]: [2026-05-24 07:08:30.444428] iteration     1801/    2293 | consumed samples:       461056 | elapsed time per iteration (ms): 2271.8 | throughput per GPU (TFLOP/s/GPU): 146.5 | tokens/sec/GPU: 14424 | learning rate: 4.170904E-05 | global batch size:   256 | lm loss: 2.167907E+00 | loss scale: 1.0 | grad norm: 0.192 | number of skipped iterations:   0 | number of nan iterations:   0 |
7: [default3]: [2026-05-24 07:08:31.876124] iteration     1802/    2293 | consumed samples:       461312 | elapsed time per iteration (ms): 1431.5 | throughput per GPU (TFLOP/s/GPU): 232.5 | tokens/sec/GPU: 22891 | learning rate: 4.162460E-05 | global batch size:   256 | lm loss: 2.177525E+00 | loss scale: 1.0 | grad norm: 0.200 | number of skipped iterations:   0 | number of nan iterations:   0 |
7: [default3]: [2026-05-24 07:08:33.302603] iteration     1803/    2293 | consumed samples:       461568 | elapsed time per iteration (ms): 1426.2 | throughput per GPU (TFLOP/s/GPU): 233.4 | tokens/sec/GPU: 22977 | learning rate: 4.154029E-05 | global batch size:   256 | lm loss: 2.258466E+00 | loss scale: 1.0 | grad norm: 0.193 | number of skipped iterations:   0 | number of nan iterations:   0 |
7: [default3]: [2026-05-24 07:08:37.618300] iteration     1804/    2293 | consumed samples:       461824 | elapsed time per iteration (ms): 4315.5 | throughput per GPU (TFLOP/s/GPU): 77.1 | tokens/sec/GPU: 7593 | learning rate: 4.145613E-05 | global batch size:   256 | lm loss: 2.253956E+00 | loss scale: 1.0 | grad norm: 0.202 | number of skipped iterations:   0 | number of nan iterations:   0 |
7: [default3]: [2026-05-24 07:08:39.045113] iteration     1805/    2293 | consumed samples:       462080 | elapsed time per iteration (ms): 1426.6 | throughput per GPU (TFLOP/s/GPU): 233.3 | tokens/sec/GPU: 22970 | learning rate: 4.137211E-05 | global batch size:   256 | lm loss: 2.278114E+00 | loss scale: 1.0 | grad norm: 0.192 | number of skipped iterations:   0 | number of nan iterations:   0 |
7: [default3]: [2026-05-24 07:08:40.464055] iteration     1806/    2293 | consumed samples:       462336 | elapsed time per iteration (ms): 1418.7 | throughput per GPU (TFLOP/s/GPU): 234.6 | tokens/sec/GPU: 23097 | learning rate: 4.128824E-05 | global batch size:   256 | lm loss: 2.226830E+00 | loss scale: 1.0 | grad norm: 0.192 | number of skipped iterations:   0 | number of nan iterations:   0 |
7: [default3]: [2026-05-24 07:08:41.884151] iteration     1807/    2293 | consumed samples:       462592 | elapsed time per iteration (ms): 1419.9 | throughput per GPU (TFLOP/s/GPU): 234.4 | tokens/sec/GPU: 23078 | learning rate: 4.120450E-05 | global batch size:   256 | lm loss: 2.215440E+00 | loss scale: 1.0 | grad norm: 0.191 | number of skipped iterations:   0 | number of nan iterations:   0 |
7: [default3]: [2026-05-24 07:08:47.518377] iteration     1808/    2293 | consumed samples:       462848 | elapsed time per iteration (ms): 5634.0 | throughput per GPU (TFLOP/s/GPU): 59.1 | tokens/sec/GPU: 5816 | learning rate: 4.112091E-05 | global batch size:   256 | lm loss: 2.154106E+00 | loss scale: 1.0 | grad norm: 0.193 | number of skipped iterations:   0 | number of nan iterations:   0 |
7: [default3]: [2026-05-24 07:08:48.951415] iteration     1809/    2293 | consumed samples:       463104 | elapsed time per iteration (ms): 1432.8 | throughput per GPU (TFLOP/s/GPU): 232.3 | tokens/sec/GPU: 22869 | learning rate: 4.103747E-05 | global batch size:   256 | lm loss: 2.265373E+00 | loss scale: 1.0 | grad norm: 0.191 | number of skipped iterations:   0 | number of nan iterations:   0 |
7: [default3]: [2026-05-24 07:08:50.369037] iteration     1810/    2293 | consumed samples:       463360 | elapsed time per iteration (ms): 1417.4 | throughput per GPU (TFLOP/s/GPU): 234.8 | tokens/sec/GPU: 23118 | learning rate: 4.095416E-05 | global batch size:   256 | lm loss: 2.206465E+00 | loss scale: 1.0 | grad norm: 0.192 | number of skipped iterations:   0 | number of nan iterations:   0 |
7: [default3]: [2026-05-24 07:08:51.798862] iteration     1811/    2293 | consumed samples:       463616 | elapsed time per iteration (ms): 1429.6 | throughput per GPU (TFLOP/s/GPU): 232.8 | tokens/sec/GPU: 22922 | learning rate: 4.087100E-05 | global batch size:   256 | lm loss: 2.187135E+00 | loss scale: 1.0 | grad norm: 0.189 | number of skipped iterations:   0 | number of nan iterations:   0 |
7: [default3]: [2026-05-24 07:08:53.645502] iteration     1812/    2293 | consumed samples:       463872 | elapsed time per iteration (ms): 1846.4 | throughput per GPU (TFLOP/s/GPU): 180.3 | tokens/sec/GPU: 17747 | learning rate: 4.078799E-05 | global batch size:   256 | lm loss: 2.172448E+00 | loss scale: 1.0 | grad norm: 0.188 | number of skipped iterations:   0 | number of nan iterations:   0 |
7: [default3]: [2026-05-24 07:08:55.067323] iteration     1813/    2293 | consumed samples:       464128 | elapsed time per iteration (ms): 1421.7 | throughput per GPU (TFLOP/s/GPU): 234.1 | tokens/sec/GPU: 23049 | learning rate: 4.070512E-05 | global batch size:   256 | lm loss: 2.216249E+00 | loss scale: 1.0 | grad norm: 0.189 | number of skipped iterations:   0 | number of nan iterations:   0 |
7: [default3]: [2026-05-24 07:08:56.499383] iteration     1814/    2293 | consumed samples:       464384 | elapsed time per iteration (ms): 1431.8 | throughput per GPU (TFLOP/s/GPU): 232.4 | tokens/sec/GPU: 22885 | learning rate: 4.062239E-05 | global batch size:   256 | lm loss: 2.166654E+00 | loss scale: 1.0 | grad norm: 0.190 | number of skipped iterations:   0 | number of nan iterations:   0 |
7: [default3]: [2026-05-24 07:08:57.926406] iteration     1815/    2293 | consumed samples:       464640 | elapsed time per iteration (ms): 1426.8 | throughput per GPU (TFLOP/s/GPU): 233.3 | tokens/sec/GPU: 22967 | learning rate: 4.053981E-05 | global batch size:   256 | lm loss: 2.212828E+00 | loss scale: 1.0 | grad norm: 0.189 | number of skipped iterations:   0 | number of nan iterations:   0 |
7: [default3]: [2026-05-24 07:09:01.565210] iteration     1816/    2293 | consumed samples:       464896 | elapsed time per iteration (ms): 3638.6 | throughput per GPU (TFLOP/s/GPU): 91.5 | tokens/sec/GPU: 9006 | learning rate: 4.045737E-05 | global batch size:   256 | lm loss: 2.274747E+00 | loss scale: 1.0 | grad norm: 0.189 | number of skipped iterations:   0 | number of nan iterations:   0 |
7: [default3]: [2026-05-24 07:09:02.982843] iteration     1817/    2293 | consumed samples:       465152 | elapsed time per iteration (ms): 1417.4 | throughput per GPU (TFLOP/s/GPU): 234.8 | tokens/sec/GPU: 23119 | learning rate: 4.037507E-05 | global batch size:   256 | lm loss: 2.268692E+00 | loss scale: 1.0 | grad norm: 0.193 | number of skipped iterations:   0 | number of nan iterations:   0 |
7: [default3]: [2026-05-24 07:09:04.394857] iteration     1818/    2293 | consumed samples:       465408 | elapsed time per iteration (ms): 1411.8 | throughput per GPU (TFLOP/s/GPU): 235.7 | tokens/sec/GPU: 23210 | learning rate: 4.029292E-05 | global batch size:   256 | lm loss: 2.130129E+00 | loss scale: 1.0 | grad norm: 0.188 | number of skipped iterations:   0 | number of nan iterations:   0 |
7: [default3]: [2026-05-24 07:09:05.817379] iteration     1819/    2293 | consumed samples:       465664 | elapsed time per iteration (ms): 1422.3 | throughput per GPU (TFLOP/s/GPU): 234.0 | tokens/sec/GPU: 23038 | learning rate: 4.021091E-05 | global batch size:   256 | lm loss: 2.224627E+00 | loss scale: 1.0 | grad norm: 0.191 | number of skipped iterations:   0 | number of nan iterations:   0 |
7: [default3]: [2026-05-24 07:09:07.372366] iteration     1820/    2293 | consumed samples:       465920 | elapsed time per iteration (ms): 1554.8 | throughput per GPU (TFLOP/s/GPU): 214.1 | tokens/sec/GPU: 21076 | learning rate: 4.012905E-05 | global batch size:   256 | lm loss: 2.277737E+00 | loss scale: 1.0 | grad norm: 0.192 | number of skipped iterations:   0 | number of nan iterations:   0 |
7: [default3]: [2026-05-24 07:09:08.807494] iteration     1821/    2293 | consumed samples:       466176 | elapsed time per iteration (ms): 1434.9 | throughput per GPU (TFLOP/s/GPU): 232.0 | tokens/sec/GPU: 22837 | learning rate: 4.004734E-05 | global batch size:   256 | lm loss: 2.185533E+00 | loss scale: 1.0 | grad norm: 0.189 | number of skipped iterations:   0 | number of nan iterations:   0 |
7: [default3]: [2026-05-24 07:09:10.244147] iteration     1822/    2293 | consumed samples:       466432 | elapsed time per iteration (ms): 1436.4 | throughput per GPU (TFLOP/s/GPU): 231.7 | tokens/sec/GPU: 22813 | learning rate: 3.996577E-05 | global batch size:   256 | lm loss: 2.271333E+00 | loss scale: 1.0 | grad norm: 0.191 | number of skipped iterations:   0 | number of nan iterations:   0 |
7: [default3]: [2026-05-24 07:09:11.677511] iteration     1823/    2293 | consumed samples:       466688 | elapsed time per iteration (ms): 1433.2 | throughput per GPU (TFLOP/s/GPU): 232.2 | tokens/sec/GPU: 22864 | learning rate: 3.988434E-05 | global batch size:   256 | lm loss: 2.257357E+00 | loss scale: 1.0 | grad norm: 0.191 | number of skipped iterations:   0 | number of nan iterations:   0 |
7: [default3]: [2026-05-24 07:09:16.298148] iteration     1824/    2293 | consumed samples:       466944 | elapsed time per iteration (ms): 4620.3 | throughput per GPU (TFLOP/s/GPU): 72.0 | tokens/sec/GPU: 7092 | learning rate: 3.980306E-05 | global batch size:   256 | lm loss: 2.239588E+00 | loss scale: 1.0 | grad norm: 0.190 | number of skipped iterations:   0 | number of nan iterations:   0 |
7: [default3]: [2026-05-24 07:09:17.729023] iteration     1825/    2293 | consumed samples:       467200 | elapsed time per iteration (ms): 1430.6 | throughput per GPU (TFLOP/s/GPU): 232.6 | tokens/sec/GPU: 22904 | learning rate: 3.972193E-05 | global batch size:   256 | lm loss: 2.191810E+00 | loss scale: 1.0 | grad norm: 0.190 | number of skipped iterations:   0 | number of nan iterations:   0 |
7: [default3]: [2026-05-24 07:09:19.163994] iteration     1826/    2293 | consumed samples:       467456 | elapsed time per iteration (ms): 1434.8 | throughput per GPU (TFLOP/s/GPU): 232.0 | tokens/sec/GPU: 22839 | learning rate: 3.964095E-05 | global batch size:   256 | lm loss: 2.224962E+00 | loss scale: 1.0 | grad norm: 0.192 | number of skipped iterations:   0 | number of nan iterations:   0 |
7: [default3]: [2026-05-24 07:09:20.585157] iteration     1827/    2293 | consumed samples:       467712 | elapsed time per iteration (ms): 1420.9 | throughput per GPU (TFLOP/s/GPU): 234.2 | tokens/sec/GPU: 23062 | learning rate: 3.956011E-05 | global batch size:   256 | lm loss: 2.224688E+00 | loss scale: 1.0 | grad norm: 0.192 | number of skipped iterations:   0 | number of nan iterations:   0 |
7: [default3]: [2026-05-24 07:09:26.290428] iteration     1828/    2293 | consumed samples:       467968 | elapsed time per iteration (ms): 5705.1 | throughput per GPU (TFLOP/s/GPU): 58.3 | tokens/sec/GPU: 5744 | learning rate: 3.947941E-05 | global batch size:   256 | lm loss: 2.276393E+00 | loss scale: 1.0 | grad norm: 0.194 | number of skipped iterations:   0 | number of nan iterations:   0 |
7: [default3]: [2026-05-24 07:09:27.720349] iteration     1829/    2293 | consumed samples:       468224 | elapsed time per iteration (ms): 1429.7 | throughput per GPU (TFLOP/s/GPU): 232.8 | tokens/sec/GPU: 22920 | learning rate: 3.939886E-05 | global batch size:   256 | lm loss: 2.191886E+00 | loss scale: 1.0 | grad norm: 0.185 | number of skipped iterations:   0 | number of nan iterations:   0 |
7: [default3]: [2026-05-24 07:09:29.138563] iteration     1830/    2293 | consumed samples:       468480 | elapsed time per iteration (ms): 1418.0 | throughput per GPU (TFLOP/s/GPU): 234.7 | tokens/sec/GPU: 23108 | learning rate: 3.931846E-05 | global batch size:   256 | lm loss: 2.185338E+00 | loss scale: 1.0 | grad norm: 0.192 | number of skipped iterations:   0 | number of nan iterations:   0 |
7: [default3]: [2026-05-24 07:09:30.557815] iteration     1831/    2293 | consumed samples:       468736 | elapsed time per iteration (ms): 1419.0 | throughput per GPU (TFLOP/s/GPU): 234.6 | tokens/sec/GPU: 23092 | learning rate: 3.923821E-05 | global batch size:   256 | lm loss: 2.268049E+00 | loss scale: 1.0 | grad norm: 0.193 | number of skipped iterations:   0 | number of nan iterations:   0 |
7: [default3]: [2026-05-24 07:09:31.980995] iteration     1832/    2293 | consumed samples:       468992 | elapsed time per iteration (ms): 1422.9 | throughput per GPU (TFLOP/s/GPU): 233.9 | tokens/sec/GPU: 23029 | learning rate: 3.915811E-05 | global batch size:   256 | lm loss: 2.162716E+00 | loss scale: 1.0 | grad norm: 0.187 | number of skipped iterations:   0 | number of nan iterations:   0 |
7: [default3]: [2026-05-24 07:09:33.409952] iteration     1833/    2293 | consumed samples:       469248 | elapsed time per iteration (ms): 1428.7 | throughput per GPU (TFLOP/s/GPU): 233.0 | tokens/sec/GPU: 22935 | learning rate: 3.907815E-05 | global batch size:   256 | lm loss: 2.231063E+00 | loss scale: 1.0 | grad norm: 0.188 | number of skipped iterations:   0 | number of nan iterations:   0 |
7: [default3]: [2026-05-24 07:09:34.848881] iteration     1834/    2293 | consumed samples:       469504 | elapsed time per iteration (ms): 1438.6 | throughput per GPU (TFLOP/s/GPU): 231.4 | tokens/sec/GPU: 22777 | learning rate: 3.899833E-05 | global batch size:   256 | lm loss: 2.207823E+00 | loss scale: 1.0 | grad norm: 0.187 | number of skipped iterations:   0 | number of nan iterations:   0 |
7: [default3]: [2026-05-24 07:09:36.290237] iteration     1835/    2293 | consumed samples:       469760 | elapsed time per iteration (ms): 1441.1 | throughput per GPU (TFLOP/s/GPU): 231.0 | tokens/sec/GPU: 22738 | learning rate: 3.891867E-05 | global batch size:   256 | lm loss: 2.231906E+00 | loss scale: 1.0 | grad norm: 0.191 | number of skipped iterations:   0 | number of nan iterations:   0 |
7: [default3]: [2026-05-24 07:09:39.285487] iteration     1836/    2293 | consumed samples:       470016 | elapsed time per iteration (ms): 2995.0 | throughput per GPU (TFLOP/s/GPU): 111.1 | tokens/sec/GPU: 10941 | learning rate: 3.883915E-05 | global batch size:   256 | lm loss: 2.204610E+00 | loss scale: 1.0 | grad norm: 0.190 | number of skipped iterations:   0 | number of nan iterations:   0 |
7: [default3]: [2026-05-24 07:09:40.704288] iteration     1837/    2293 | consumed samples:       470272 | elapsed time per iteration (ms): 1418.6 | throughput per GPU (TFLOP/s/GPU): 234.6 | tokens/sec/GPU: 23099 | learning rate: 3.875978E-05 | global batch size:   256 | lm loss: 2.161762E+00 | loss scale: 1.0 | grad norm: 0.198 | number of skipped iterations:   0 | number of nan iterations:   0 |
7: [default3]: [2026-05-24 07:09:42.519649] iteration     1838/    2293 | consumed samples:       470528 | elapsed time per iteration (ms): 1814.8 | throughput per GPU (TFLOP/s/GPU): 183.4 | tokens/sec/GPU: 18056 | learning rate: 3.868056E-05 | global batch size:   256 | lm loss: 2.176074E+00 | loss scale: 1.0 | grad norm: 0.188 | number of skipped iterations:   0 | number of nan iterations:   0 |
7: [default3]: [2026-05-24 07:09:43.947319] iteration     1839/    2293 | consumed samples:       470784 | elapsed time per iteration (ms): 1427.5 | throughput per GPU (TFLOP/s/GPU): 233.2 | tokens/sec/GPU: 22955 | learning rate: 3.860149E-05 | global batch size:   256 | lm loss: 2.196487E+00 | loss scale: 1.0 | grad norm: 0.192 | number of skipped iterations:   0 | number of nan iterations:   0 |
7: [default3]: [2026-05-24 07:09:46.937212] iteration     1840/    2293 | consumed samples:       471040 | elapsed time per iteration (ms): 2989.7 | throughput per GPU (TFLOP/s/GPU): 111.3 | tokens/sec/GPU: 10960 | learning rate: 3.852257E-05 | global batch size:   256 | lm loss: 2.234275E+00 | loss scale: 1.0 | grad norm: 0.192 | number of skipped iterations:   0 | number of nan iterations:   0 |
7: [default3]: [2026-05-24 07:09:48.354784] iteration     1841/    2293 | consumed samples:       471296 | elapsed time per iteration (ms): 1417.3 | throughput per GPU (TFLOP/s/GPU): 234.8 | tokens/sec/GPU: 23120 | learning rate: 3.844379E-05 | global batch size:   256 | lm loss: 2.194696E+00 | loss scale: 1.0 | grad norm: 0.191 | number of skipped iterations:   0 | number of nan iterations:   0 |
7: [default3]: [2026-05-24 07:09:53.375566] iteration     1842/    2293 | consumed samples:       471552 | elapsed time per iteration (ms): 5020.2 | throughput per GPU (TFLOP/s/GPU): 66.3 | tokens/sec/GPU: 6527 | learning rate: 3.836516E-05 | global batch size:   256 | lm loss: 2.233624E+00 | loss scale: 1.0 | grad norm: 0.273 | number of skipped iterations:   0 | number of nan iterations:   0 |
7: [default3]: [2026-05-24 07:09:54.793233] iteration     1843/    2293 | consumed samples:       471808 | elapsed time per iteration (ms): 1417.5 | throughput per GPU (TFLOP/s/GPU): 234.8 | tokens/sec/GPU: 23117 | learning rate: 3.828669E-05 | global batch size:   256 | lm loss: 2.215929E+00 | loss scale: 1.0 | grad norm: 0.192 | number of skipped iterations:   0 | number of nan iterations:   0 |
7: [default3]: [2026-05-24 07:09:56.224272] iteration     1844/    2293 | consumed samples:       472064 | elapsed time per iteration (ms): 1430.8 | throughput per GPU (TFLOP/s/GPU): 232.6 | tokens/sec/GPU: 22902 | learning rate: 3.820836E-05 | global batch size:   256 | lm loss: 2.259570E+00 | loss scale: 1.0 | grad norm: 0.187 | number of skipped iterations:   0 | number of nan iterations:   0 |
7: [default3]: [2026-05-24 07:09:57.644457] iteration     1845/    2293 | consumed samples:       472320 | elapsed time per iteration (ms): 1419.9 | throughput per GPU (TFLOP/s/GPU): 234.4 | tokens/sec/GPU: 23077 | learning rate: 3.813018E-05 | global batch size:   256 | lm loss: 2.195707E+00 | loss scale: 1.0 | grad norm: 0.198 | number of skipped iterations:   0 | number of nan iterations:   0 |
7: [default3]: [2026-05-24 07:09:59.065730] iteration     1846/    2293 | consumed samples:       472576 | elapsed time per iteration (ms): 1421.0 | throughput per GPU (TFLOP/s/GPU): 234.2 | tokens/sec/GPU: 23060 | learning rate: 3.805215E-05 | global batch size:   256 | lm loss: 2.257048E+00 | loss scale: 1.0 | grad norm: 0.188 | number of skipped iterations:   0 | number of nan iterations:   0 |
7: [default3]: [2026-05-24 07:10:00.491523] iteration     1847/    2293 | consumed samples:       472832 | elapsed time per iteration (ms): 1425.5 | throughput per GPU (TFLOP/s/GPU): 233.5 | tokens/sec/GPU: 22987 | learning rate: 3.797427E-05 | global batch size:   256 | lm loss: 2.188233E+00 | loss scale: 1.0 | grad norm: 0.195 | number of skipped iterations:   0 | number of nan iterations:   0 |
7: [default3]: [2026-05-24 07:10:03.120482] iteration     1848/    2293 | consumed samples:       473088 | elapsed time per iteration (ms): 2628.4 | throughput per GPU (TFLOP/s/GPU): 126.6 | tokens/sec/GPU: 12467 | learning rate: 3.789654E-05 | global batch size:   256 | lm loss: 2.198768E+00 | loss scale: 1.0 | grad norm: 0.192 | number of skipped iterations:   0 | number of nan iterations:   0 |
7: [default3]: [2026-05-24 07:10:04.545487] iteration     1849/    2293 | consumed samples:       473344 | elapsed time per iteration (ms): 1424.8 | throughput per GPU (TFLOP/s/GPU): 233.6 | tokens/sec/GPU: 22998 | learning rate: 3.781896E-05 | global batch size:   256 | lm loss: 2.265438E+00 | loss scale: 1.0 | grad norm: 0.188 | number of skipped iterations:   0 | number of nan iterations:   0 |
7: [default3]: [2026-05-24 07:10:06.543855] iteration     1850/    2293 | consumed samples:       473600 | elapsed time per iteration (ms): 1998.1 | throughput per GPU (TFLOP/s/GPU): 166.6 | tokens/sec/GPU: 16399 | learning rate: 3.774153E-05 | global batch size:   256 | lm loss: 2.269970E+00 | loss scale: 1.0 | grad norm: 0.196 | number of skipped iterations:   0 | number of nan iterations:   0 |
7: [default3]: [2026-05-24 07:10:08.802336] iteration     1851/    2293 | consumed samples:       473856 | elapsed time per iteration (ms): 2258.3 | throughput per GPU (TFLOP/s/GPU): 147.4 | tokens/sec/GPU: 14510 | learning rate: 3.766425E-05 | global batch size:   256 | lm loss: 2.175586E+00 | loss scale: 1.0 | grad norm: 0.189 | number of skipped iterations:   0 | number of nan iterations:   0 |
7: [default3]: [2026-05-24 07:10:11.928357] iteration     1852/    2293 | consumed samples:       474112 | elapsed time per iteration (ms): 3125.8 | throughput per GPU (TFLOP/s/GPU): 106.5 | tokens/sec/GPU: 10483 | learning rate: 3.758712E-05 | global batch size:   256 | lm loss: 2.180609E+00 | loss scale: 1.0 | grad norm: 0.189 | number of skipped iterations:   0 | number of nan iterations:   0 |
7: [default3]: [2026-05-24 07:10:13.347972] iteration     1853/    2293 | consumed samples:       474368 | elapsed time per iteration (ms): 1419.3 | throughput per GPU (TFLOP/s/GPU): 234.5 | tokens/sec/GPU: 23087 | learning rate: 3.751014E-05 | global batch size:   256 | lm loss: 2.190800E+00 | loss scale: 1.0 | grad norm: 0.188 | number of skipped iterations:   0 | number of nan iterations:   0 |
7: [default3]: [2026-05-24 07:10:18.721217] iteration     1854/    2293 | consumed samples:       474624 | elapsed time per iteration (ms): 5373.0 | throughput per GPU (TFLOP/s/GPU): 61.9 | tokens/sec/GPU: 6099 | learning rate: 3.743331E-05 | global batch size:   256 | lm loss: 2.193117E+00 | loss scale: 1.0 | grad norm: 0.189 | number of skipped iterations:   0 | number of nan iterations:   0 |
7: [default3]: [2026-05-24 07:10:20.132934] iteration     1855/    2293 | consumed samples:       474880 | elapsed time per iteration (ms): 1411.5 | throughput per GPU (TFLOP/s/GPU): 235.8 | tokens/sec/GPU: 23216 | learning rate: 3.735663E-05 | global batch size:   256 | lm loss: 2.284101E+00 | loss scale: 1.0 | grad norm: 0.189 | number of skipped iterations:   0 | number of nan iterations:   0 |
7: [default3]: [2026-05-24 07:10:21.567521] iteration     1856/    2293 | consumed samples:       475136 | elapsed time per iteration (ms): 1434.4 | throughput per GPU (TFLOP/s/GPU): 232.0 | tokens/sec/GPU: 22845 | learning rate: 3.728010E-05 | global batch size:   256 | lm loss: 2.225971E+00 | loss scale: 1.0 | grad norm: 0.190 | number of skipped iterations:   0 | number of nan iterations:   0 |
7: [default3]: [2026-05-24 07:10:22.993783] iteration     1857/    2293 | consumed samples:       475392 | elapsed time per iteration (ms): 1426.0 | throughput per GPU (TFLOP/s/GPU): 233.4 | tokens/sec/GPU: 22979 | learning rate: 3.720373E-05 | global batch size:   256 | lm loss: 2.218587E+00 | loss scale: 1.0 | grad norm: 0.195 | number of skipped iterations:   0 | number of nan iterations:   0 |
7: [default3]: [2026-05-24 07:10:24.423878] iteration     1858/    2293 | consumed samples:       475648 | elapsed time per iteration (ms): 1429.9 | throughput per GPU (TFLOP/s/GPU): 232.8 | tokens/sec/GPU: 22917 | learning rate: 3.712750E-05 | global batch size:   256 | lm loss: 2.267067E+00 | loss scale: 1.0 | grad norm: 0.188 | number of skipped iterations:   0 | number of nan iterations:   0 |
7: [default3]: [2026-05-24 07:10:25.850377] iteration     1859/    2293 | consumed samples:       475904 | elapsed time per iteration (ms): 1426.3 | throughput per GPU (TFLOP/s/GPU): 233.4 | tokens/sec/GPU: 22974 | learning rate: 3.705143E-05 | global batch size:   256 | lm loss: 2.235037E+00 | loss scale: 1.0 | grad norm: 0.190 | number of skipped iterations:   0 | number of nan iterations:   0 |
7: [default3]: [2026-05-24 07:10:27.282248] iteration     1860/    2293 | consumed samples:       476160 | elapsed time per iteration (ms): 1431.7 | throughput per GPU (TFLOP/s/GPU): 232.5 | tokens/sec/GPU: 22888 | learning rate: 3.697551E-05 | global batch size:   256 | lm loss: 2.218790E+00 | loss scale: 1.0 | grad norm: 0.189 | number of skipped iterations:   0 | number of nan iterations:   0 |
7: [default3]: [2026-05-24 07:10:28.708098] iteration     1861/    2293 | consumed samples:       476416 | elapsed time per iteration (ms): 1425.6 | throughput per GPU (TFLOP/s/GPU): 233.5 | tokens/sec/GPU: 22986 | learning rate: 3.689974E-05 | global batch size:   256 | lm loss: 2.250580E+00 | loss scale: 1.0 | grad norm: 0.190 | number of skipped iterations:   0 | number of nan iterations:   0 |
7: [default3]: [2026-05-24 07:10:30.136034] iteration     1862/    2293 | consumed samples:       476672 | elapsed time per iteration (ms): 1427.7 | throughput per GPU (TFLOP/s/GPU): 233.1 | tokens/sec/GPU: 22952 | learning rate: 3.682412E-05 | global batch size:   256 | lm loss: 2.259748E+00 | loss scale: 1.0 | grad norm: 0.188 | number of skipped iterations:   0 | number of nan iterations:   0 |
7: [default3]: [2026-05-24 07:10:35.319249] iteration     1863/    2293 | consumed samples:       476928 | elapsed time per iteration (ms): 5183.0 | throughput per GPU (TFLOP/s/GPU): 64.2 | tokens/sec/GPU: 6322 | learning rate: 3.674865E-05 | global batch size:   256 | lm loss: 2.200866E+00 | loss scale: 1.0 | grad norm: 0.189 | number of skipped iterations:   0 | number of nan iterations:   0 |
7: [default3]: [2026-05-24 07:10:36.741315] iteration     1864/    2293 | consumed samples:       477184 | elapsed time per iteration (ms): 1421.9 | throughput per GPU (TFLOP/s/GPU): 234.1 | tokens/sec/GPU: 23046 | learning rate: 3.667334E-05 | global batch size:   256 | lm loss: 2.229454E+00 | loss scale: 1.0 | grad norm: 0.191 | number of skipped iterations:   0 | number of nan iterations:   0 |
7: [default3]: [2026-05-24 07:10:38.153244] iteration     1865/    2293 | consumed samples:       477440 | elapsed time per iteration (ms): 1411.7 | throughput per GPU (TFLOP/s/GPU): 235.8 | tokens/sec/GPU: 23212 | learning rate: 3.659818E-05 | global batch size:   256 | lm loss: 2.211218E+00 | loss scale: 1.0 | grad norm: 0.189 | number of skipped iterations:   0 | number of nan iterations:   0 |
7: [default3]: [2026-05-24 07:10:39.574402] iteration     1866/    2293 | consumed samples:       477696 | elapsed time per iteration (ms): 1420.9 | throughput per GPU (TFLOP/s/GPU): 234.2 | tokens/sec/GPU: 23061 | learning rate: 3.652317E-05 | global batch size:   256 | lm loss: 2.259083E+00 | loss scale: 1.0 | grad norm: 0.188 | number of skipped iterations:   0 | number of nan iterations:   0 |
7: [default3]: [2026-05-24 07:10:44.440314] iteration     1867/    2293 | consumed samples:       477952 | elapsed time per iteration (ms): 4865.7 | throughput per GPU (TFLOP/s/GPU): 68.4 | tokens/sec/GPU: 6734 | learning rate: 3.644832E-05 | global batch size:   256 | lm loss: 2.195323E+00 | loss scale: 1.0 | grad norm: 0.234 | number of skipped iterations:   0 | number of nan iterations:   0 |
7: [default3]: [2026-05-24 07:10:45.858018] iteration     1868/    2293 | consumed samples:       478208 | elapsed time per iteration (ms): 1417.5 | throughput per GPU (TFLOP/s/GPU): 234.8 | tokens/sec/GPU: 23117 | learning rate: 3.637361E-05 | global batch size:   256 | lm loss: 2.175076E+00 | loss scale: 1.0 | grad norm: 0.189 | number of skipped iterations:   0 | number of nan iterations:   0 |
7: [default3]: [2026-05-24 07:10:47.288370] iteration     1869/    2293 | consumed samples:       478464 | elapsed time per iteration (ms): 1430.1 | throughput per GPU (TFLOP/s/GPU): 232.7 | tokens/sec/GPU: 22913 | learning rate: 3.629906E-05 | global batch size:   256 | lm loss: 2.229394E+00 | loss scale: 1.0 | grad norm: 0.190 | number of skipped iterations:   0 | number of nan iterations:   0 |
7: [default3]: [2026-05-24 07:10:48.721550] iteration     1870/    2293 | consumed samples:       478720 | elapsed time per iteration (ms): 1433.0 | throughput per GPU (TFLOP/s/GPU): 232.3 | tokens/sec/GPU: 22867 | learning rate: 3.622467E-05 | global batch size:   256 | lm loss: 2.224944E+00 | loss scale: 1.0 | grad norm: 0.190 | number of skipped iterations:   0 | number of nan iterations:   0 |
7: [default3]: [2026-05-24 07:10:51.869606] iteration     1871/    2293 | consumed samples:       478976 | elapsed time per iteration (ms): 3147.9 | throughput per GPU (TFLOP/s/GPU): 105.7 | tokens/sec/GPU: 10410 | learning rate: 3.615042E-05 | global batch size:   256 | lm loss: 2.283889E+00 | loss scale: 1.0 | grad norm: 0.200 | number of skipped iterations:   0 | number of nan iterations:   0 |
7: [default3]: [2026-05-24 07:10:53.288244] iteration     1872/    2293 | consumed samples:       479232 | elapsed time per iteration (ms): 1418.4 | throughput per GPU (TFLOP/s/GPU): 234.7 | tokens/sec/GPU: 23102 | learning rate: 3.607634E-05 | global batch size:   256 | lm loss: 2.232266E+00 | loss scale: 1.0 | grad norm: 0.189 | number of skipped iterations:   0 | number of nan iterations:   0 |
7: [default3]: [2026-05-24 07:10:54.719848] iteration     1873/    2293 | consumed samples:       479488 | elapsed time per iteration (ms): 1431.4 | throughput per GPU (TFLOP/s/GPU): 232.5 | tokens/sec/GPU: 22893 | learning rate: 3.600240E-05 | global batch size:   256 | lm loss: 2.182491E+00 | loss scale: 1.0 | grad norm: 0.190 | number of skipped iterations:   0 | number of nan iterations:   0 |
7: [default3]: [2026-05-24 07:10:56.158317] iteration     1874/    2293 | consumed samples:       479744 | elapsed time per iteration (ms): 1438.2 | throughput per GPU (TFLOP/s/GPU): 231.4 | tokens/sec/GPU: 22784 | learning rate: 3.592862E-05 | global batch size:   256 | lm loss: 2.256330E+00 | loss scale: 1.0 | grad norm: 0.192 | number of skipped iterations:   0 | number of nan iterations:   0 |
7: [default3]: [2026-05-24 07:10:59.049170] iteration     1875/    2293 | consumed samples:       480000 | elapsed time per iteration (ms): 2890.7 | throughput per GPU (TFLOP/s/GPU): 115.1 | tokens/sec/GPU: 11336 | learning rate: 3.585499E-05 | global batch size:   256 | lm loss: 2.238369E+00 | loss scale: 1.0 | grad norm: 0.191 | number of skipped iterations:   0 | number of nan iterations:   0 |
7: [default3]: [2026-05-24 07:11:00.471134] iteration     1876/    2293 | consumed samples:       480256 | elapsed time per iteration (ms): 1421.7 | throughput per GPU (TFLOP/s/GPU): 234.1 | tokens/sec/GPU: 23048 | learning rate: 3.578152E-05 | global batch size:   256 | lm loss: 2.201420E+00 | loss scale: 1.0 | grad norm: 0.189 | number of skipped iterations:   0 | number of nan iterations:   0 |
7: [default3]: [2026-05-24 07:11:01.892396] iteration     1877/    2293 | consumed samples:       480512 | elapsed time per iteration (ms): 1421.0 | throughput per GPU (TFLOP/s/GPU): 234.2 | tokens/sec/GPU: 23060 | learning rate: 3.570820E-05 | global batch size:   256 | lm loss: 2.098831E+00 | loss scale: 1.0 | grad norm: 0.185 | number of skipped iterations:   0 | number of nan iterations:   0 |
7: [default3]: [2026-05-24 07:11:03.314193] iteration     1878/    2293 | consumed samples:       480768 | elapsed time per iteration (ms): 1421.6 | throughput per GPU (TFLOP/s/GPU): 234.1 | tokens/sec/GPU: 23050 | learning rate: 3.563503E-05 | global batch size:   256 | lm loss: 2.169746E+00 | loss scale: 1.0 | grad norm: 0.264 | number of skipped iterations:   0 | number of nan iterations:   0 |
7: [default3]: [2026-05-24 07:11:06.686625] iteration     1879/    2293 | consumed samples:       481024 | elapsed time per iteration (ms): 3372.2 | throughput per GPU (TFLOP/s/GPU): 98.7 | tokens/sec/GPU: 9717 | learning rate: 3.556202E-05 | global batch size:   256 | lm loss: 2.206950E+00 | loss scale: 1.0 | grad norm: 0.192 | number of skipped iterations:   0 | number of nan iterations:   0 |
7: [default3]: [2026-05-24 07:11:08.109213] iteration     1880/    2293 | consumed samples:       481280 | elapsed time per iteration (ms): 1422.0 | throughput per GPU (TFLOP/s/GPU): 234.1 | tokens/sec/GPU: 23044 | learning rate: 3.548916E-05 | global batch size:   256 | lm loss: 2.257823E+00 | loss scale: 1.0 | grad norm: 0.190 | number of skipped iterations:   0 | number of nan iterations:   0 |
7: [default3]: [2026-05-24 07:11:09.546423] iteration     1881/    2293 | consumed samples:       481536 | elapsed time per iteration (ms): 1437.0 | throughput per GPU (TFLOP/s/GPU): 231.6 | tokens/sec/GPU: 22803 | learning rate: 3.541646E-05 | global batch size:   256 | lm loss: 2.225431E+00 | loss scale: 1.0 | grad norm: 0.190 | number of skipped iterations:   0 | number of nan iterations:   0 |
7: [default3]: [2026-05-24 07:11:10.976574] iteration     1882/    2293 | consumed samples:       481792 | elapsed time per iteration (ms): 1429.9 | throughput per GPU (TFLOP/s/GPU): 232.8 | tokens/sec/GPU: 22916 | learning rate: 3.534392E-05 | global batch size:   256 | lm loss: 2.266230E+00 | loss scale: 1.0 | grad norm: 0.191 | number of skipped iterations:   0 | number of nan iterations:   0 |
7: [default3]: [2026-05-24 07:11:14.603561] iteration     1883/    2293 | consumed samples:       482048 | elapsed time per iteration (ms): 3626.8 | throughput per GPU (TFLOP/s/GPU): 91.8 | tokens/sec/GPU: 9035 | learning rate: 3.527153E-05 | global batch size:   256 | lm loss: 2.275317E+00 | loss scale: 1.0 | grad norm: 0.188 | number of skipped iterations:   0 | number of nan iterations:   0 |
7: [default3]: [2026-05-24 07:11:16.012230] iteration     1884/    2293 | consumed samples:       482304 | elapsed time per iteration (ms): 1408.4 | throughput per GPU (TFLOP/s/GPU): 236.3 | tokens/sec/GPU: 23265 | learning rate: 3.519929E-05 | global batch size:   256 | lm loss: 2.178495E+00 | loss scale: 1.0 | grad norm: 0.195 | number of skipped iterations:   0 | number of nan iterations:   0 |
7: [default3]: [2026-05-24 07:11:17.457259] iteration     1885/    2293 | consumed samples:       482560 | elapsed time per iteration (ms): 1444.6 | throughput per GPU (TFLOP/s/GPU): 230.4 | tokens/sec/GPU: 22684 | learning rate: 3.512721E-05 | global batch size:   256 | lm loss: 2.220416E+00 | loss scale: 1.0 | grad norm: 0.190 | number of skipped iterations:   0 | number of nan iterations:   0 |
7: [default3]: [2026-05-24 07:11:18.882203] iteration     1886/    2293 | consumed samples:       482816 | elapsed time per iteration (ms): 1424.7 | throughput per GPU (TFLOP/s/GPU): 233.6 | tokens/sec/GPU: 23000 | learning rate: 3.505528E-05 | global batch size:   256 | lm loss: 2.161502E+00 | loss scale: 1.0 | grad norm: 0.188 | number of skipped iterations:   0 | number of nan iterations:   0 |
7: [default3]: [2026-05-24 07:11:20.534207] iteration     1887/    2293 | consumed samples:       483072 | elapsed time per iteration (ms): 1651.8 | throughput per GPU (TFLOP/s/GPU): 201.5 | tokens/sec/GPU: 19838 | learning rate: 3.498352E-05 | global batch size:   256 | lm loss: 2.185903E+00 | loss scale: 1.0 | grad norm: 0.191 | number of skipped iterations:   0 | number of nan iterations:   0 |
7: [default3]: [2026-05-24 07:11:21.958548] iteration     1888/    2293 | consumed samples:       483328 | elapsed time per iteration (ms): 1424.1 | throughput per GPU (TFLOP/s/GPU): 233.7 | tokens/sec/GPU: 23009 | learning rate: 3.491190E-05 | global batch size:   256 | lm loss: 2.186457E+00 | loss scale: 1.0 | grad norm: 0.227 | number of skipped iterations:   0 | number of nan iterations:   0 |
7: [default3]: [2026-05-24 07:11:25.419768] iteration     1889/    2293 | consumed samples:       483584 | elapsed time per iteration (ms): 3460.9 | throughput per GPU (TFLOP/s/GPU): 96.2 | tokens/sec/GPU: 9468 | learning rate: 3.484045E-05 | global batch size:   256 | lm loss: 2.167156E+00 | loss scale: 1.0 | grad norm: 0.187 | number of skipped iterations:   0 | number of nan iterations:   0 |
7: [default3]: [2026-05-24 07:11:26.857107] iteration     1890/    2293 | consumed samples:       483840 | elapsed time per iteration (ms): 1437.2 | throughput per GPU (TFLOP/s/GPU): 231.6 | tokens/sec/GPU: 22801 | learning rate: 3.476915E-05 | global batch size:   256 | lm loss: 2.206974E+00 | loss scale: 1.0 | grad norm: 0.188 | number of skipped iterations:   0 | number of nan iterations:   0 |
7: [default3]: [2026-05-24 07:11:28.286332] iteration     1891/    2293 | consumed samples:       484096 | elapsed time per iteration (ms): 1429.0 | throughput per GPU (TFLOP/s/GPU): 232.9 | tokens/sec/GPU: 22931 | learning rate: 3.469800E-05 | global batch size:   256 | lm loss: 2.174030E+00 | loss scale: 1.0 | grad norm: 0.185 | number of skipped iterations:   0 | number of nan iterations:   0 |
7: [default3]: [2026-05-24 07:11:29.706750] iteration     1892/    2293 | consumed samples:       484352 | elapsed time per iteration (ms): 1420.2 | throughput per GPU (TFLOP/s/GPU): 234.3 | tokens/sec/GPU: 23072 | learning rate: 3.462701E-05 | global batch size:   256 | lm loss: 2.242779E+00 | loss scale: 1.0 | grad norm: 0.191 | number of skipped iterations:   0 | number of nan iterations:   0 |
7: [default3]: [2026-05-24 07:11:34.572029] iteration     1893/    2293 | consumed samples:       484608 | elapsed time per iteration (ms): 4865.0 | throughput per GPU (TFLOP/s/GPU): 68.4 | tokens/sec/GPU: 6735 | learning rate: 3.455618E-05 | global batch size:   256 | lm loss: 2.206165E+00 | loss scale: 1.0 | grad norm: 0.189 | number of skipped iterations:   0 | number of nan iterations:   0 |
7: [default3]: [2026-05-24 07:11:35.990644] iteration     1894/    2293 | consumed samples:       484864 | elapsed time per iteration (ms): 1418.4 | throughput per GPU (TFLOP/s/GPU): 234.7 | tokens/sec/GPU: 23102 | learning rate: 3.448551E-05 | global batch size:   256 | lm loss: 2.207353E+00 | loss scale: 1.0 | grad norm: 0.188 | number of skipped iterations:   0 | number of nan iterations:   0 |
7: [default3]: [2026-05-24 07:11:37.404524] iteration     1895/    2293 | consumed samples:       485120 | elapsed time per iteration (ms): 1413.7 | throughput per GPU (TFLOP/s/GPU): 235.4 | tokens/sec/GPU: 23179 | learning rate: 3.441499E-05 | global batch size:   256 | lm loss: 2.136290E+00 | loss scale: 1.0 | grad norm: 0.187 | number of skipped iterations:   0 | number of nan iterations:   0 |
7: [default3]: [2026-05-24 07:11:38.838126] iteration     1896/    2293 | consumed samples:       485376 | elapsed time per iteration (ms): 1433.4 | throughput per GPU (TFLOP/s/GPU): 232.2 | tokens/sec/GPU: 22861 | learning rate: 3.434463E-05 | global batch size:   256 | lm loss: 2.247736E+00 | loss scale: 1.0 | grad norm: 0.189 | number of skipped iterations:   0 | number of nan iterations:   0 |
7: [default3]: [2026-05-24 07:11:40.253108] iteration     1897/    2293 | consumed samples:       485632 | elapsed time per iteration (ms): 1414.7 | throughput per GPU (TFLOP/s/GPU): 235.3 | tokens/sec/GPU: 23162 | learning rate: 3.427443E-05 | global batch size:   256 | lm loss: 2.212727E+00 | loss scale: 1.0 | grad norm: 0.191 | number of skipped iterations:   0 | number of nan iterations:   0 |
7: [default3]: [2026-05-24 07:11:41.677747] iteration     1898/    2293 | consumed samples:       485888 | elapsed time per iteration (ms): 1424.4 | throughput per GPU (TFLOP/s/GPU): 233.7 | tokens/sec/GPU: 23005 | learning rate: 3.420439E-05 | global batch size:   256 | lm loss: 2.166614E+00 | loss scale: 1.0 | grad norm: 0.188 | number of skipped iterations:   0 | number of nan iterations:   0 |
7: [default3]: [2026-05-24 07:11:43.091499] iteration     1899/    2293 | consumed samples:       486144 | elapsed time per iteration (ms): 1413.6 | throughput per GPU (TFLOP/s/GPU): 235.5 | tokens/sec/GPU: 23180 | learning rate: 3.413450E-05 | global batch size:   256 | lm loss: 2.224045E+00 | loss scale: 1.0 | grad norm: 0.191 | number of skipped iterations:   0 | number of nan iterations:   0 |
7: [default3]: [2026-05-24 07:11:46.489707] iteration     1900/    2293 | consumed samples:       486400 | elapsed time per iteration (ms): 3397.8 | throughput per GPU (TFLOP/s/GPU): 98.0 | tokens/sec/GPU: 9644 | learning rate: 3.406477E-05 | global batch size:   256 | lm loss: 2.266716E+00 | loss scale: 1.0 | grad norm: 0.188 | number of skipped iterations:   0 | number of nan iterations:   0 |
7: [default3]: [2026-05-24 07:11:49.112872] iteration     1901/    2293 | consumed samples:       486656 | elapsed time per iteration (ms): 2622.9 | throughput per GPU (TFLOP/s/GPU): 126.9 | tokens/sec/GPU: 12493 | learning rate: 3.399519E-05 | global batch size:   256 | lm loss: 2.192805E+00 | loss scale: 1.0 | grad norm: 0.188 | number of skipped iterations:   0 | number of nan iterations:   0 |
7: [default3]: [2026-05-24 07:11:50.533768] iteration     1902/    2293 | consumed samples:       486912 | elapsed time per iteration (ms): 1420.6 | throughput per GPU (TFLOP/s/GPU): 234.3 | tokens/sec/GPU: 23066 | learning rate: 3.392578E-05 | global batch size:   256 | lm loss: 2.173715E+00 | loss scale: 1.0 | grad norm: 0.186 | number of skipped iterations:   0 | number of nan iterations:   0 |
7: [default3]: [2026-05-24 07:11:51.979202] iteration     1903/    2293 | consumed samples:       487168 | elapsed time per iteration (ms): 1444.9 | throughput per GPU (TFLOP/s/GPU): 230.3 | tokens/sec/GPU: 22678 | learning rate: 3.385652E-05 | global batch size:   256 | lm loss: 2.215646E+00 | loss scale: 1.0 | grad norm: 0.198 | number of skipped iterations:   0 | number of nan iterations:   0 |
7: [default3]: [2026-05-24 07:11:54.859728] iteration     1904/    2293 | consumed samples:       487424 | elapsed time per iteration (ms): 2880.3 | throughput per GPU (TFLOP/s/GPU): 115.6 | tokens/sec/GPU: 11377 | learning rate: 3.378743E-05 | global batch size:   256 | lm loss: 2.199351E+00 | loss scale: 1.0 | grad norm: 0.187 | number of skipped iterations:   0 | number of nan iterations:   0 |
7: [default3]: [2026-05-24 07:11:56.272010] iteration     1905/    2293 | consumed samples:       487680 | elapsed time per iteration (ms): 1412.1 | throughput per GPU (TFLOP/s/GPU): 235.7 | tokens/sec/GPU: 23205 | learning rate: 3.371849E-05 | global batch size:   256 | lm loss: 2.242352E+00 | loss scale: 1.0 | grad norm: 0.190 | number of skipped iterations:   0 | number of nan iterations:   0 |
7: [default3]: [2026-05-24 07:11:57.698036] iteration     1906/    2293 | consumed samples:       487936 | elapsed time per iteration (ms): 1425.8 | throughput per GPU (TFLOP/s/GPU): 233.4 | tokens/sec/GPU: 22983 | learning rate: 3.364971E-05 | global batch size:   256 | lm loss: 2.176172E+00 | loss scale: 1.0 | grad norm: 0.187 | number of skipped iterations:   0 | number of nan iterations:   0 |
7: [default3]: [2026-05-24 07:11:59.117924] iteration     1907/    2293 | consumed samples:       488192 | elapsed time per iteration (ms): 1419.7 | throughput per GPU (TFLOP/s/GPU): 234.4 | tokens/sec/GPU: 23081 | learning rate: 3.358108E-05 | global batch size:   256 | lm loss: 2.261812E+00 | loss scale: 1.0 | grad norm: 0.195 | number of skipped iterations:   0 | number of nan iterations:   0 |
7: [default3]: [2026-05-24 07:12:04.610933] iteration     1908/    2293 | consumed samples:       488448 | elapsed time per iteration (ms): 5492.8 | throughput per GPU (TFLOP/s/GPU): 60.6 | tokens/sec/GPU: 5966 | learning rate: 3.351262E-05 | global batch size:   256 | lm loss: 2.232934E+00 | loss scale: 1.0 | grad norm: 0.194 | number of skipped iterations:   0 | number of nan iterations:   0 |
7: [default3]: [2026-05-24 07:12:06.028348] iteration     1909/    2293 | consumed samples:       488704 | elapsed time per iteration (ms): 1417.2 | throughput per GPU (TFLOP/s/GPU): 234.9 | tokens/sec/GPU: 23122 | learning rate: 3.344432E-05 | global batch size:   256 | lm loss: 2.160892E+00 | loss scale: 1.0 | grad norm: 0.190 | number of skipped iterations:   0 | number of nan iterations:   0 |
7: [default3]: [2026-05-24 07:12:07.467117] iteration     1910/    2293 | consumed samples:       488960 | elapsed time per iteration (ms): 1438.5 | throughput per GPU (TFLOP/s/GPU): 231.4 | tokens/sec/GPU: 22779 | learning rate: 3.337617E-05 | global batch size:   256 | lm loss: 2.200867E+00 | loss scale: 1.0 | grad norm: 0.194 | number of skipped iterations:   0 | number of nan iterations:   0 |
7: [default3]: [2026-05-24 07:12:08.886547] iteration     1911/    2293 | consumed samples:       489216 | elapsed time per iteration (ms): 1419.2 | throughput per GPU (TFLOP/s/GPU): 234.5 | tokens/sec/GPU: 23089 | learning rate: 3.330818E-05 | global batch size:   256 | lm loss: 2.176662E+00 | loss scale: 1.0 | grad norm: 0.190 | number of skipped iterations:   0 | number of nan iterations:   0 |
7: [default3]: [2026-05-24 07:12:14.783219] iteration     1912/    2293 | consumed samples:       489472 | elapsed time per iteration (ms): 5896.4 | throughput per GPU (TFLOP/s/GPU): 56.4 | tokens/sec/GPU: 5557 | learning rate: 3.324036E-05 | global batch size:   256 | lm loss: 2.244051E+00 | loss scale: 1.0 | grad norm: 0.195 | number of skipped iterations:   0 | number of nan iterations:   0 |
7: [default3]: [2026-05-24 07:12:16.210949] iteration     1913/    2293 | consumed samples:       489728 | elapsed time per iteration (ms): 1427.5 | throughput per GPU (TFLOP/s/GPU): 233.2 | tokens/sec/GPU: 22954 | learning rate: 3.317269E-05 | global batch size:   256 | lm loss: 2.288633E+00 | loss scale: 1.0 | grad norm: 0.194 | number of skipped iterations:   0 | number of nan iterations:   0 |
7: [default3]: [2026-05-24 07:12:17.639423] iteration     1914/    2293 | consumed samples:       489984 | elapsed time per iteration (ms): 1428.2 | throughput per GPU (TFLOP/s/GPU): 233.0 | tokens/sec/GPU: 22943 | learning rate: 3.310519E-05 | global batch size:   256 | lm loss: 2.306919E+00 | loss scale: 1.0 | grad norm: 0.192 | number of skipped iterations:   0 | number of nan iterations:   0 |
7: [default3]: [2026-05-24 07:12:19.063014] iteration     1915/    2293 | consumed samples:       490240 | elapsed time per iteration (ms): 1423.3 | throughput per GPU (TFLOP/s/GPU): 233.8 | tokens/sec/GPU: 23022 | learning rate: 3.303784E-05 | global batch size:   256 | lm loss: 2.172348E+00 | loss scale: 1.0 | grad norm: 0.190 | number of skipped iterations:   0 | number of nan iterations:   0 |
7: [default3]: [2026-05-24 07:12:20.500483] iteration     1916/    2293 | consumed samples:       490496 | elapsed time per iteration (ms): 1437.2 | throughput per GPU (TFLOP/s/GPU): 231.6 | tokens/sec/GPU: 22800 | learning rate: 3.297065E-05 | global batch size:   256 | lm loss: 2.138743E+00 | loss scale: 1.0 | grad norm: 0.187 | number of skipped iterations:   0 | number of nan iterations:   0 |
7: [default3]: [2026-05-24 07:12:21.924349] iteration     1917/    2293 | consumed samples:       490752 | elapsed time per iteration (ms): 1423.7 | throughput per GPU (TFLOP/s/GPU): 233.8 | tokens/sec/GPU: 23016 | learning rate: 3.290362E-05 | global batch size:   256 | lm loss: 2.194169E+00 | loss scale: 1.0 | grad norm: 1.301 | number of skipped iterations:   0 | number of nan iterations:   0 |
7: [default3]: [2026-05-24 07:12:23.343488] iteration     1918/    2293 | consumed samples:       491008 | elapsed time per iteration (ms): 1418.9 | throughput per GPU (TFLOP/s/GPU): 234.6 | tokens/sec/GPU: 23094 | learning rate: 3.283676E-05 | global batch size:   256 | lm loss: 2.210032E+00 | loss scale: 1.0 | grad norm: 0.212 | number of skipped iterations:   0 | number of nan iterations:   0 |
7: [default3]: [2026-05-24 07:12:26.629995] iteration     1919/    2293 | consumed samples:       491264 | elapsed time per iteration (ms): 3285.4 | throughput per GPU (TFLOP/s/GPU): 101.3 | tokens/sec/GPU: 9974 | learning rate: 3.277005E-05 | global batch size:   256 | lm loss: 2.220266E+00 | loss scale: 1.0 | grad norm: 0.188 | number of skipped iterations:   0 | number of nan iterations:   0 |
7: [default3]: [2026-05-24 07:12:28.050941] iteration     1920/    2293 | consumed samples:       491520 | elapsed time per iteration (ms): 1420.7 | throughput per GPU (TFLOP/s/GPU): 234.3 | tokens/sec/GPU: 23064 | learning rate: 3.270350E-05 | global batch size:   256 | lm loss: 2.127570E+00 | loss scale: 1.0 | grad norm: 0.187 | number of skipped iterations:   0 | number of nan iterations:   0 |
7: [default3]: [2026-05-24 07:12:29.478500] iteration     1921/    2293 | consumed samples:       491776 | elapsed time per iteration (ms): 1427.3 | throughput per GPU (TFLOP/s/GPU): 233.2 | tokens/sec/GPU: 22958 | learning rate: 3.263712E-05 | global batch size:   256 | lm loss: 2.286891E+00 | loss scale: 1.0 | grad norm: 0.205 | number of skipped iterations:   0 | number of nan iterations:   0 |
7: [default3]: [2026-05-24 07:12:30.915253] iteration     1922/    2293 | consumed samples:       492032 | elapsed time per iteration (ms): 1436.3 | throughput per GPU (TFLOP/s/GPU): 231.7 | tokens/sec/GPU: 22814 | learning rate: 3.257089E-05 | global batch size:   256 | lm loss: 2.159146E+00 | loss scale: 1.0 | grad norm: 0.230 | number of skipped iterations:   0 | number of nan iterations:   0 |
7: [default3]: [2026-05-24 07:12:35.957688] iteration     1923/    2293 | consumed samples:       492288 | elapsed time per iteration (ms): 5042.2 | throughput per GPU (TFLOP/s/GPU): 66.0 | tokens/sec/GPU: 6499 | learning rate: 3.250483E-05 | global batch size:   256 | lm loss: 2.142645E+00 | loss scale: 1.0 | grad norm: 0.187 | number of skipped iterations:   0 | number of nan iterations:   0 |
7: [default3]: [2026-05-24 07:12:37.372389] iteration     1924/    2293 | consumed samples:       492544 | elapsed time per iteration (ms): 1414.5 | throughput per GPU (TFLOP/s/GPU): 235.3 | tokens/sec/GPU: 23166 | learning rate: 3.243893E-05 | global batch size:   256 | lm loss: 2.217495E+00 | loss scale: 1.0 | grad norm: 0.191 | number of skipped iterations:   0 | number of nan iterations:   0 |
7: [default3]: [2026-05-24 07:12:39.324448] iteration     1925/    2293 | consumed samples:       492800 | elapsed time per iteration (ms): 1951.8 | throughput per GPU (TFLOP/s/GPU): 170.5 | tokens/sec/GPU: 16789 | learning rate: 3.237319E-05 | global batch size:   256 | lm loss: 2.275185E+00 | loss scale: 1.0 | grad norm: 0.193 | number of skipped iterations:   0 | number of nan iterations:   0 |
7: [default3]: [2026-05-24 07:12:40.749947] iteration     1926/    2293 | consumed samples:       493056 | elapsed time per iteration (ms): 1425.3 | throughput per GPU (TFLOP/s/GPU): 233.5 | tokens/sec/GPU: 22990 | learning rate: 3.230761E-05 | global batch size:   256 | lm loss: 2.178245E+00 | loss scale: 1.0 | grad norm: 0.189 | number of skipped iterations:   0 | number of nan iterations:   0 |
7: [default3]: [2026-05-24 07:12:42.194149] iteration     1927/    2293 | consumed samples:       493312 | elapsed time per iteration (ms): 1444.0 | throughput per GPU (TFLOP/s/GPU): 230.5 | tokens/sec/GPU: 22693 | learning rate: 3.224219E-05 | global batch size:   256 | lm loss: 2.123141E+00 | loss scale: 1.0 | grad norm: 0.190 | number of skipped iterations:   0 | number of nan iterations:   0 |
7: [default3]: [2026-05-24 07:12:43.624834] iteration     1928/    2293 | consumed samples:       493568 | elapsed time per iteration (ms): 1430.5 | throughput per GPU (TFLOP/s/GPU): 232.7 | tokens/sec/GPU: 22907 | learning rate: 3.217693E-05 | global batch size:   256 | lm loss: 2.201514E+00 | loss scale: 1.0 | grad norm: 0.200 | number of skipped iterations:   0 | number of nan iterations:   0 |
7: [default3]: [2026-05-24 07:12:47.708672] iteration     1929/    2293 | consumed samples:       493824 | elapsed time per iteration (ms): 4083.6 | throughput per GPU (TFLOP/s/GPU): 81.5 | tokens/sec/GPU: 8024 | learning rate: 3.211184E-05 | global batch size:   256 | lm loss: 2.217568E+00 | loss scale: 1.0 | grad norm: 0.194 | number of skipped iterations:   0 | number of nan iterations:   0 |
7: [default3]: [2026-05-24 07:12:49.124871] iteration     1930/    2293 | consumed samples:       494080 | elapsed time per iteration (ms): 1416.0 | throughput per GPU (TFLOP/s/GPU): 235.1 | tokens/sec/GPU: 23142 | learning rate: 3.204690E-05 | global batch size:   256 | lm loss: 2.252800E+00 | loss scale: 1.0 | grad norm: 0.192 | number of skipped iterations:   0 | number of nan iterations:   0 |
7: [default3]: [2026-05-24 07:12:50.561181] iteration     1931/    2293 | consumed samples:       494336 | elapsed time per iteration (ms): 1436.1 | throughput per GPU (TFLOP/s/GPU): 231.8 | tokens/sec/GPU: 22818 | learning rate: 3.198213E-05 | global batch size:   256 | lm loss: 2.202341E+00 | loss scale: 1.0 | grad norm: 0.199 | number of skipped iterations:   0 | number of nan iterations:   0 |
7: [default3]: [2026-05-24 07:12:51.982042] iteration     1932/    2293 | consumed samples:       494592 | elapsed time per iteration (ms): 1420.7 | throughput per GPU (TFLOP/s/GPU): 234.3 | tokens/sec/GPU: 23065 | learning rate: 3.191752E-05 | global batch size:   256 | lm loss: 2.235861E+00 | loss scale: 1.0 | grad norm: 0.187 | number of skipped iterations:   0 | number of nan iterations:   0 |
7: [default3]: [2026-05-24 07:12:57.081517] iteration     1933/    2293 | consumed samples:       494848 | elapsed time per iteration (ms): 5099.3 | throughput per GPU (TFLOP/s/GPU): 65.3 | tokens/sec/GPU: 6426 | learning rate: 3.185308E-05 | global batch size:   256 | lm loss: 2.227458E+00 | loss scale: 1.0 | grad norm: 0.192 | number of skipped iterations:   0 | number of nan iterations:   0 |
7: [default3]: [2026-05-24 07:12:58.498309] iteration     1934/    2293 | consumed samples:       495104 | elapsed time per iteration (ms): 1416.5 | throughput per GPU (TFLOP/s/GPU): 235.0 | tokens/sec/GPU: 23133 | learning rate: 3.178879E-05 | global batch size:   256 | lm loss: 2.188795E+00 | loss scale: 1.0 | grad norm: 0.192 | number of skipped iterations:   0 | number of nan iterations:   0 |
7: [default3]: [2026-05-24 07:12:59.919863] iteration     1935/    2293 | consumed samples:       495360 | elapsed time per iteration (ms): 1421.3 | throughput per GPU (TFLOP/s/GPU): 234.2 | tokens/sec/GPU: 23055 | learning rate: 3.172467E-05 | global batch size:   256 | lm loss: 2.161487E+00 | loss scale: 1.0 | grad norm: 0.197 | number of skipped iterations:   0 | number of nan iterations:   0 |
7: [default3]: [2026-05-24 07:13:01.357204] iteration     1936/    2293 | consumed samples:       495616 | elapsed time per iteration (ms): 1437.2 | throughput per GPU (TFLOP/s/GPU): 231.6 | tokens/sec/GPU: 22801 | learning rate: 3.166071E-05 | global batch size:   256 | lm loss: 2.130226E+00 | loss scale: 1.0 | grad norm: 0.194 | number of skipped iterations:   0 | number of nan iterations:   0 |
7: [default3]: [2026-05-24 07:13:05.947286] iteration     1937/    2293 | consumed samples:       495872 | elapsed time per iteration (ms): 4589.9 | throughput per GPU (TFLOP/s/GPU): 72.5 | tokens/sec/GPU: 7139 | learning rate: 3.159692E-05 | global batch size:   256 | lm loss: 2.159111E+00 | loss scale: 1.0 | grad norm: 0.195 | number of skipped iterations:   0 | number of nan iterations:   0 |
7: [default3]: [2026-05-24 07:13:07.358308] iteration     1938/    2293 | consumed samples:       496128 | elapsed time per iteration (ms): 1410.8 | throughput per GPU (TFLOP/s/GPU): 235.9 | tokens/sec/GPU: 23226 | learning rate: 3.153328E-05 | global batch size:   256 | lm loss: 2.188562E+00 | loss scale: 1.0 | grad norm: 2.359 | number of skipped iterations:   0 | number of nan iterations:   0 |
7: [default3]: [2026-05-24 07:13:08.783422] iteration     1939/    2293 | consumed samples:       496384 | elapsed time per iteration (ms): 1424.9 | throughput per GPU (TFLOP/s/GPU): 233.6 | tokens/sec/GPU: 22997 | learning rate: 3.146981E-05 | global batch size:   256 | lm loss: 2.276957E+00 | loss scale: 1.0 | grad norm: 0.201 | number of skipped iterations:   0 | number of nan iterations:   0 |
7: [default3]: [2026-05-24 07:13:10.215898] iteration     1940/    2293 | consumed samples:       496640 | elapsed time per iteration (ms): 1432.3 | throughput per GPU (TFLOP/s/GPU): 232.4 | tokens/sec/GPU: 22879 | learning rate: 3.140651E-05 | global batch size:   256 | lm loss: 2.243026E+00 | loss scale: 1.0 | grad norm: 0.190 | number of skipped iterations:   0 | number of nan iterations:   0 |
7: [default3]: [2026-05-24 07:13:11.649231] iteration     1941/    2293 | consumed samples:       496896 | elapsed time per iteration (ms): 1433.1 | throughput per GPU (TFLOP/s/GPU): 232.2 | tokens/sec/GPU: 22865 | learning rate: 3.134336E-05 | global batch size:   256 | lm loss: 2.223878E+00 | loss scale: 1.0 | grad norm: 0.199 | number of skipped iterations:   0 | number of nan iterations:   0 |
7: [default3]: [2026-05-24 07:13:13.078330] iteration     1942/    2293 | consumed samples:       497152 | elapsed time per iteration (ms): 1428.9 | throughput per GPU (TFLOP/s/GPU): 232.9 | tokens/sec/GPU: 22932 | learning rate: 3.128038E-05 | global batch size:   256 | lm loss: 2.267594E+00 | loss scale: 1.0 | grad norm: 0.198 | number of skipped iterations:   0 | number of nan iterations:   0 |
7: [default3]: [2026-05-24 07:13:14.519040] iteration     1943/    2293 | consumed samples:       497408 | elapsed time per iteration (ms): 1440.5 | throughput per GPU (TFLOP/s/GPU): 231.1 | tokens/sec/GPU: 22748 | learning rate: 3.121757E-05 | global batch size:   256 | lm loss: 2.211359E+00 | loss scale: 1.0 | grad norm: 0.192 | number of skipped iterations:   0 | number of nan iterations:   0 |
7: [default3]: [2026-05-24 07:13:15.952350] iteration     1944/    2293 | consumed samples:       497664 | elapsed time per iteration (ms): 1432.8 | throughput per GPU (TFLOP/s/GPU): 232.3 | tokens/sec/GPU: 22869 | learning rate: 3.115491E-05 | global batch size:   256 | lm loss: 2.236701E+00 | loss scale: 1.0 | grad norm: 0.199 | number of skipped iterations:   0 | number of nan iterations:   0 |
7: [default3]: [2026-05-24 07:13:17.390013] iteration     1945/    2293 | consumed samples:       497920 | elapsed time per iteration (ms): 1437.4 | throughput per GPU (TFLOP/s/GPU): 231.5 | tokens/sec/GPU: 22796 | learning rate: 3.109243E-05 | global batch size:   256 | lm loss: 2.195021E+00 | loss scale: 1.0 | grad norm: 0.191 | number of skipped iterations:   0 | number of nan iterations:   0 |
7: [default3]: [2026-05-24 07:13:18.815510] iteration     1946/    2293 | consumed samples:       498176 | elapsed time per iteration (ms): 1425.2 | throughput per GPU (TFLOP/s/GPU): 233.5 | tokens/sec/GPU: 22991 | learning rate: 3.103010E-05 | global batch size:   256 | lm loss: 2.132635E+00 | loss scale: 1.0 | grad norm: 0.186 | number of skipped iterations:   0 | number of nan iterations:   0 |
7: [default3]: [2026-05-24 07:13:20.236450] iteration     1947/    2293 | consumed samples:       498432 | elapsed time per iteration (ms): 1420.7 | throughput per GPU (TFLOP/s/GPU): 234.3 | tokens/sec/GPU: 23064 | learning rate: 3.096794E-05 | global batch size:   256 | lm loss: 2.292480E+00 | loss scale: 1.0 | grad norm: 0.189 | number of skipped iterations:   0 | number of nan iterations:   0 |
7: [default3]: [2026-05-24 07:13:21.668912] iteration     1948/    2293 | consumed samples:       498688 | elapsed time per iteration (ms): 1432.2 | throughput per GPU (TFLOP/s/GPU): 232.4 | tokens/sec/GPU: 22879 | learning rate: 3.090594E-05 | global batch size:   256 | lm loss: 2.231364E+00 | loss scale: 1.0 | grad norm: 0.197 | number of skipped iterations:   0 | number of nan iterations:   0 |
7: [default3]: [2026-05-24 07:13:23.102241] iteration     1949/    2293 | consumed samples:       498944 | elapsed time per iteration (ms): 1433.1 | throughput per GPU (TFLOP/s/GPU): 232.2 | tokens/sec/GPU: 22865 | learning rate: 3.084411E-05 | global batch size:   256 | lm loss: 2.227471E+00 | loss scale: 1.0 | grad norm: 0.191 | number of skipped iterations:   0 | number of nan iterations:   0 |
7: [default3]: [2026-05-24 07:13:24.524834] iteration     1950/    2293 | consumed samples:       499200 | elapsed time per iteration (ms): 1422.4 | throughput per GPU (TFLOP/s/GPU): 234.0 | tokens/sec/GPU: 23038 | learning rate: 3.078244E-05 | global batch size:   256 | lm loss: 2.165629E+00 | loss scale: 1.0 | grad norm: 0.205 | number of skipped iterations:   0 | number of nan iterations:   0 |
7: [default3]: [2026-05-24 07:13:26.820523] iteration     1951/    2293 | consumed samples:       499456 | elapsed time per iteration (ms): 2295.4 | throughput per GPU (TFLOP/s/GPU): 145.0 | tokens/sec/GPU: 14275 | learning rate: 3.072094E-05 | global batch size:   256 | lm loss: 2.219384E+00 | loss scale: 1.0 | grad norm: 0.190 | number of skipped iterations:   0 | number of nan iterations:   0 |
7: [default3]: [2026-05-24 07:13:28.243278] iteration     1952/    2293 | consumed samples:       499712 | elapsed time per iteration (ms): 1422.5 | throughput per GPU (TFLOP/s/GPU): 234.0 | tokens/sec/GPU: 23035 | learning rate: 3.065960E-05 | global batch size:   256 | lm loss: 2.171449E+00 | loss scale: 1.0 | grad norm: 0.192 | number of skipped iterations:   0 | number of nan iterations:   0 |
7: [default3]: [2026-05-24 07:13:29.673990] iteration     1953/    2293 | consumed samples:       499968 | elapsed time per iteration (ms): 1430.5 | throughput per GPU (TFLOP/s/GPU): 232.7 | tokens/sec/GPU: 22907 | learning rate: 3.059843E-05 | global batch size:   256 | lm loss: 2.213678E+00 | loss scale: 1.0 | grad norm: 0.192 | number of skipped iterations:   0 | number of nan iterations:   0 |
7: [default3]: [2026-05-24 07:13:31.112404] iteration     1954/    2293 | consumed samples:       500224 | elapsed time per iteration (ms): 1438.2 | throughput per GPU (TFLOP/s/GPU): 231.4 | tokens/sec/GPU: 22784 | learning rate: 3.053742E-05 | global batch size:   256 | lm loss: 2.160872E+00 | loss scale: 1.0 | grad norm: 0.193 | number of skipped iterations:   0 | number of nan iterations:   0 |
7: [default3]: [2026-05-24 07:13:32.550077] iteration     1955/    2293 | consumed samples:       500480 | elapsed time per iteration (ms): 1437.5 | throughput per GPU (TFLOP/s/GPU): 231.5 | tokens/sec/GPU: 22796 | learning rate: 3.047658E-05 | global batch size:   256 | lm loss: 2.194273E+00 | loss scale: 1.0 | grad norm: 0.190 | number of skipped iterations:   0 | number of nan iterations:   0 |
7: [default3]: [2026-05-24 07:13:33.982068] iteration     1956/    2293 | consumed samples:       500736 | elapsed time per iteration (ms): 1431.8 | throughput per GPU (TFLOP/s/GPU): 232.5 | tokens/sec/GPU: 22886 | learning rate: 3.041590E-05 | global batch size:   256 | lm loss: 2.232172E+00 | loss scale: 1.0 | grad norm: 0.190 | number of skipped iterations:   0 | number of nan iterations:   0 |
7: [default3]: [2026-05-24 07:13:36.270007] iteration     1957/    2293 | consumed samples:       500992 | elapsed time per iteration (ms): 2287.7 | throughput per GPU (TFLOP/s/GPU): 145.5 | tokens/sec/GPU: 14323 | learning rate: 3.035539E-05 | global batch size:   256 | lm loss: 2.262486E+00 | loss scale: 1.0 | grad norm: 0.192 | number of skipped iterations:   0 | number of nan iterations:   0 |
7: [default3]: [2026-05-24 07:13:37.702663] iteration     1958/    2293 | consumed samples:       501248 | elapsed time per iteration (ms): 1432.1 | throughput per GPU (TFLOP/s/GPU): 232.4 | tokens/sec/GPU: 22881 | learning rate: 3.029505E-05 | global batch size:   256 | lm loss: 2.144720E+00 | loss scale: 1.0 | grad norm: 0.191 | number of skipped iterations:   0 | number of nan iterations:   0 |
7: [default3]: [2026-05-24 07:13:39.133781] iteration     1959/    2293 | consumed samples:       501504 | elapsed time per iteration (ms): 1430.9 | throughput per GPU (TFLOP/s/GPU): 232.6 | tokens/sec/GPU: 22900 | learning rate: 3.023487E-05 | global batch size:   256 | lm loss: 2.175523E+00 | loss scale: 1.0 | grad norm: 0.190 | number of skipped iterations:   0 | number of nan iterations:   0 |
7: [default3]: [2026-05-24 07:13:40.571830] iteration     1960/    2293 | consumed samples:       501760 | elapsed time per iteration (ms): 1437.8 | throughput per GPU (TFLOP/s/GPU): 231.5 | tokens/sec/GPU: 22791 | learning rate: 3.017485E-05 | global batch size:   256 | lm loss: 2.211324E+00 | loss scale: 1.0 | grad norm: 0.193 | number of skipped iterations:   0 | number of nan iterations:   0 |
7: [default3]: [2026-05-24 07:13:43.320385] iteration     1961/    2293 | consumed samples:       502016 | elapsed time per iteration (ms): 2748.3 | throughput per GPU (TFLOP/s/GPU): 121.1 | tokens/sec/GPU: 11923 | learning rate: 3.011500E-05 | global batch size:   256 | lm loss: 2.165841E+00 | loss scale: 1.0 | grad norm: 0.189 | number of skipped iterations:   0 | number of nan iterations:   0 |
7: [default3]: [2026-05-24 07:13:44.737397] iteration     1962/    2293 | consumed samples:       502272 | elapsed time per iteration (ms): 1416.8 | throughput per GPU (TFLOP/s/GPU): 234.9 | tokens/sec/GPU: 23129 | learning rate: 3.005532E-05 | global batch size:   256 | lm loss: 2.184106E+00 | loss scale: 1.0 | grad norm: 0.216 | number of skipped iterations:   0 | number of nan iterations:   0 |
7: [default3]: [2026-05-24 07:13:46.153076] iteration     1963/    2293 | consumed samples:       502528 | elapsed time per iteration (ms): 1415.5 | throughput per GPU (TFLOP/s/GPU): 235.1 | tokens/sec/GPU: 23150 | learning rate: 2.999580E-05 | global batch size:   256 | lm loss: 2.197029E+00 | loss scale: 1.0 | grad norm: 0.195 | number of skipped iterations:   0 | number of nan iterations:   0 |
7: [default3]: [2026-05-24 07:13:47.574528] iteration     1964/    2293 | consumed samples:       502784 | elapsed time per iteration (ms): 1421.2 | throughput per GPU (TFLOP/s/GPU): 234.2 | tokens/sec/GPU: 23056 | learning rate: 2.993645E-05 | global batch size:   256 | lm loss: 2.169154E+00 | loss scale: 1.0 | grad norm: 0.188 | number of skipped iterations:   0 | number of nan iterations:   0 |
7: [default3]: [2026-05-24 07:13:49.305317] iteration     1965/    2293 | consumed samples:       503040 | elapsed time per iteration (ms): 1730.2 | throughput per GPU (TFLOP/s/GPU): 192.4 | tokens/sec/GPU: 18939 | learning rate: 2.987727E-05 | global batch size:   256 | lm loss: 2.241619E+00 | loss scale: 1.0 | grad norm: 0.191 | number of skipped iterations:   0 | number of nan iterations:   0 |
7: [default3]: [2026-05-24 07:13:52.138039] iteration     1966/    2293 | consumed samples:       503296 | elapsed time per iteration (ms): 2832.5 | throughput per GPU (TFLOP/s/GPU): 117.5 | tokens/sec/GPU: 11569 | learning rate: 2.981825E-05 | global batch size:   256 | lm loss: 2.178757E+00 | loss scale: 1.0 | grad norm: 0.188 | number of skipped iterations:   0 | number of nan iterations:   0 |
7: [default3]: [2026-05-24 07:13:53.567772] iteration     1967/    2293 | consumed samples:       503552 | elapsed time per iteration (ms): 1429.5 | throughput per GPU (TFLOP/s/GPU): 232.8 | tokens/sec/GPU: 22922 | learning rate: 2.975940E-05 | global batch size:   256 | lm loss: 2.122982E+00 | loss scale: 1.0 | grad norm: 0.190 | number of skipped iterations:   0 | number of nan iterations:   0 |
7: [default3]: [2026-05-24 07:13:55.001063] iteration     1968/    2293 | consumed samples:       503808 | elapsed time per iteration (ms): 1433.0 | throughput per GPU (TFLOP/s/GPU): 232.3 | tokens/sec/GPU: 22866 | learning rate: 2.970072E-05 | global batch size:   256 | lm loss: 2.195869E+00 | loss scale: 1.0 | grad norm: 0.189 | number of skipped iterations:   0 | number of nan iterations:   0 |
7: [default3]: [2026-05-24 07:13:58.158144] iteration     1969/    2293 | consumed samples:       504064 | elapsed time per iteration (ms): 3156.6 | throughput per GPU (TFLOP/s/GPU): 105.4 | tokens/sec/GPU: 10381 | learning rate: 2.964220E-05 | global batch size:   256 | lm loss: 2.253593E+00 | loss scale: 1.0 | grad norm: 0.193 | number of skipped iterations:   0 | number of nan iterations:   0 |
7: [default3]: [2026-05-24 07:13:59.974504] iteration     1970/    2293 | consumed samples:       504320 | elapsed time per iteration (ms): 1816.1 | throughput per GPU (TFLOP/s/GPU): 183.3 | tokens/sec/GPU: 18043 | learning rate: 2.958385E-05 | global batch size:   256 | lm loss: 2.220425E+00 | loss scale: 1.0 | grad norm: 0.192 | number of skipped iterations:   0 | number of nan iterations:   0 |
7: [default3]: [2026-05-24 07:14:01.398070] iteration     1971/    2293 | consumed samples:       504576 | elapsed time per iteration (ms): 1423.4 | throughput per GPU (TFLOP/s/GPU): 233.8 | tokens/sec/GPU: 23022 | learning rate: 2.952567E-05 | global batch size:   256 | lm loss: 2.225191E+00 | loss scale: 1.0 | grad norm: 0.188 | number of skipped iterations:   0 | number of nan iterations:   0 |
7: [default3]: [2026-05-24 07:14:03.225417] iteration     1972/    2293 | consumed samples:       504832 | elapsed time per iteration (ms): 1827.1 | throughput per GPU (TFLOP/s/GPU): 182.2 | tokens/sec/GPU: 17934 | learning rate: 2.946765E-05 | global batch size:   256 | lm loss: 2.195701E+00 | loss scale: 1.0 | grad norm: 0.192 | number of skipped iterations:   0 | number of nan iterations:   0 |
7: [default3]: [2026-05-24 07:14:05.172174] iteration     1973/    2293 | consumed samples:       505088 | elapsed time per iteration (ms): 1946.5 | throughput per GPU (TFLOP/s/GPU): 171.0 | tokens/sec/GPU: 16834 | learning rate: 2.940980E-05 | global batch size:   256 | lm loss: 2.182359E+00 | loss scale: 1.0 | grad norm: 0.187 | number of skipped iterations:   0 | number of nan iterations:   0 |
7: [default3]: [2026-05-24 07:14:06.838129] iteration     1974/    2293 | consumed samples:       505344 | elapsed time per iteration (ms): 1665.7 | throughput per GPU (TFLOP/s/GPU): 199.8 | tokens/sec/GPU: 19672 | learning rate: 2.935212E-05 | global batch size:   256 | lm loss: 2.223534E+00 | loss scale: 1.0 | grad norm: 0.190 | number of skipped iterations:   0 | number of nan iterations:   0 |
7: [default3]: [2026-05-24 07:14:08.261907] iteration     1975/    2293 | consumed samples:       505600 | elapsed time per iteration (ms): 1423.5 | throughput per GPU (TFLOP/s/GPU): 233.8 | tokens/sec/GPU: 23019 | learning rate: 2.929461E-05 | global batch size:   256 | lm loss: 2.185388E+00 | loss scale: 1.0 | grad norm: 0.184 | number of skipped iterations:   0 | number of nan iterations:   0 |
7: [default3]: [2026-05-24 07:14:09.677176] iteration     1976/    2293 | consumed samples:       505856 | elapsed time per iteration (ms): 1415.1 | throughput per GPU (TFLOP/s/GPU): 235.2 | tokens/sec/GPU: 23156 | learning rate: 2.923726E-05 | global batch size:   256 | lm loss: 2.174268E+00 | loss scale: 1.0 | grad norm: 0.189 | number of skipped iterations:   0 | number of nan iterations:   0 |
7: [default3]: [2026-05-24 07:14:15.994857] iteration     1977/    2293 | consumed samples:       506112 | elapsed time per iteration (ms): 6317.2 | throughput per GPU (TFLOP/s/GPU): 52.7 | tokens/sec/GPU: 5187 | learning rate: 2.918009E-05 | global batch size:   256 | lm loss: 2.241260E+00 | loss scale: 1.0 | grad norm: 0.189 | number of skipped iterations:   0 | number of nan iterations:   0 |
7: [default3]: [2026-05-24 07:14:17.414000] iteration     1978/    2293 | consumed samples:       506368 | elapsed time per iteration (ms): 1418.9 | throughput per GPU (TFLOP/s/GPU): 234.6 | tokens/sec/GPU: 23093 | learning rate: 2.912308E-05 | global batch size:   256 | lm loss: 2.132514E+00 | loss scale: 1.0 | grad norm: 0.192 | number of skipped iterations:   0 | number of nan iterations:   0 |
7: [default3]: [2026-05-24 07:14:18.828868] iteration     1979/    2293 | consumed samples:       506624 | elapsed time per iteration (ms): 1414.6 | throughput per GPU (TFLOP/s/GPU): 235.3 | tokens/sec/GPU: 23164 | learning rate: 2.906624E-05 | global batch size:   256 | lm loss: 2.258837E+00 | loss scale: 1.0 | grad norm: 0.193 | number of skipped iterations:   0 | number of nan iterations:   0 |
7: [default3]: [2026-05-24 07:14:20.262127] iteration     1980/    2293 | consumed samples:       506880 | elapsed time per iteration (ms): 1433.0 | throughput per GPU (TFLOP/s/GPU): 232.3 | tokens/sec/GPU: 22866 | learning rate: 2.900956E-05 | global batch size:   256 | lm loss: 2.227794E+00 | loss scale: 1.0 | grad norm: 0.189 | number of skipped iterations:   0 | number of nan iterations:   0 |
7: [default3]: [2026-05-24 07:14:24.380627] iteration     1981/    2293 | consumed samples:       507136 | elapsed time per iteration (ms): 4118.3 | throughput per GPU (TFLOP/s/GPU): 80.8 | tokens/sec/GPU: 7957 | learning rate: 2.895306E-05 | global batch size:   256 | lm loss: 2.229450E+00 | loss scale: 1.0 | grad norm: 0.192 | number of skipped iterations:   0 | number of nan iterations:   0 |
7: [default3]: [2026-05-24 07:14:25.796744] iteration     1982/    2293 | consumed samples:       507392 | elapsed time per iteration (ms): 1415.8 | throughput per GPU (TFLOP/s/GPU): 235.1 | tokens/sec/GPU: 23144 | learning rate: 2.889672E-05 | global batch size:   256 | lm loss: 2.258181E+00 | loss scale: 1.0 | grad norm: 0.192 | number of skipped iterations:   0 | number of nan iterations:   0 |
7: [default3]: [2026-05-24 07:14:27.230959] iteration     1983/    2293 | consumed samples:       507648 | elapsed time per iteration (ms): 1434.0 | throughput per GPU (TFLOP/s/GPU): 232.1 | tokens/sec/GPU: 22851 | learning rate: 2.884056E-05 | global batch size:   256 | lm loss: 2.237768E+00 | loss scale: 1.0 | grad norm: 0.191 | number of skipped iterations:   0 | number of nan iterations:   0 |
7: [default3]: [2026-05-24 07:14:28.664769] iteration     1984/    2293 | consumed samples:       507904 | elapsed time per iteration (ms): 1433.6 | throughput per GPU (TFLOP/s/GPU): 232.2 | tokens/sec/GPU: 22858 | learning rate: 2.878456E-05 | global batch size:   256 | lm loss: 2.211461E+00 | loss scale: 1.0 | grad norm: 0.190 | number of skipped iterations:   0 | number of nan iterations:   0 |
7: [default3]: [2026-05-24 07:14:30.087169] iteration     1985/    2293 | consumed samples:       508160 | elapsed time per iteration (ms): 1422.2 | throughput per GPU (TFLOP/s/GPU): 234.0 | tokens/sec/GPU: 23040 | learning rate: 2.872873E-05 | global batch size:   256 | lm loss: 2.325081E+00 | loss scale: 1.0 | grad norm: 0.191 | number of skipped iterations:   0 | number of nan iterations:   0 |
7: [default3]: [2026-05-24 07:14:31.529421] iteration     1986/    2293 | consumed samples:       508416 | elapsed time per iteration (ms): 1442.0 | throughput per GPU (TFLOP/s/GPU): 230.8 | tokens/sec/GPU: 22723 | learning rate: 2.867307E-05 | global batch size:   256 | lm loss: 2.196344E+00 | loss scale: 1.0 | grad norm: 0.192 | number of skipped iterations:   0 | number of nan iterations:   0 |
7: [default3]: [2026-05-24 07:14:32.977664] iteration     1987/    2293 | consumed samples:       508672 | elapsed time per iteration (ms): 1447.9 | throughput per GPU (TFLOP/s/GPU): 229.9 | tokens/sec/GPU: 22631 | learning rate: 2.861757E-05 | global batch size:   256 | lm loss: 2.121490E+00 | loss scale: 1.0 | grad norm: 0.187 | number of skipped iterations:   0 | number of nan iterations:   0 |
7: [default3]: [2026-05-24 07:14:34.419585] iteration     1988/    2293 | consumed samples:       508928 | elapsed time per iteration (ms): 1441.7 | throughput per GPU (TFLOP/s/GPU): 230.9 | tokens/sec/GPU: 22729 | learning rate: 2.856225E-05 | global batch size:   256 | lm loss: 2.179819E+00 | loss scale: 1.0 | grad norm: 0.189 | number of skipped iterations:   0 | number of nan iterations:   0 |
7: [default3]: [2026-05-24 07:14:37.050694] iteration     1989/    2293 | consumed samples:       509184 | elapsed time per iteration (ms): 2630.7 | throughput per GPU (TFLOP/s/GPU): 126.5 | tokens/sec/GPU: 12456 | learning rate: 2.850710E-05 | global batch size:   256 | lm loss: 2.222831E+00 | loss scale: 1.0 | grad norm: 0.191 | number of skipped iterations:   0 | number of nan iterations:   0 |
7: [default3]: [2026-05-24 07:14:39.028547] iteration     1990/    2293 | consumed samples:       509440 | elapsed time per iteration (ms): 1977.6 | throughput per GPU (TFLOP/s/GPU): 168.3 | tokens/sec/GPU: 16569 | learning rate: 2.845211E-05 | global batch size:   256 | lm loss: 2.229962E+00 | loss scale: 1.0 | grad norm: 0.189 | number of skipped iterations:   0 | number of nan iterations:   0 |
7: [default3]: [2026-05-24 07:14:40.454792] iteration     1991/    2293 | consumed samples:       509696 | elapsed time per iteration (ms): 1426.0 | throughput per GPU (TFLOP/s/GPU): 233.4 | tokens/sec/GPU: 22979 | learning rate: 2.839730E-05 | global batch size:   256 | lm loss: 2.216814E+00 | loss scale: 1.0 | grad norm: 0.191 | number of skipped iterations:   0 | number of nan iterations:   0 |
7: [default3]: [2026-05-24 07:14:41.883325] iteration     1992/    2293 | consumed samples:       509952 | elapsed time per iteration (ms): 1428.3 | throughput per GPU (TFLOP/s/GPU): 233.0 | tokens/sec/GPU: 22942 | learning rate: 2.834265E-05 | global batch size:   256 | lm loss: 2.187597E+00 | loss scale: 1.0 | grad norm: 0.192 | number of skipped iterations:   0 | number of nan iterations:   0 |
7: [default3]: [2026-05-24 07:14:44.632312] iteration     1993/    2293 | consumed samples:       510208 | elapsed time per iteration (ms): 2748.8 | throughput per GPU (TFLOP/s/GPU): 121.1 | tokens/sec/GPU: 11921 | learning rate: 2.828818E-05 | global batch size:   256 | lm loss: 2.205691E+00 | loss scale: 1.0 | grad norm: 0.191 | number of skipped iterations:   0 | number of nan iterations:   0 |
7: [default3]: [2026-05-24 07:14:48.706328] iteration     1994/    2293 | consumed samples:       510464 | elapsed time per iteration (ms): 4073.8 | throughput per GPU (TFLOP/s/GPU): 81.7 | tokens/sec/GPU: 8044 | learning rate: 2.823387E-05 | global batch size:   256 | lm loss: 2.161707E+00 | loss scale: 1.0 | grad norm: 0.193 | number of skipped iterations:   0 | number of nan iterations:   0 |
7: [default3]: [2026-05-24 07:14:50.179034] iteration     1995/    2293 | consumed samples:       510720 | elapsed time per iteration (ms): 1472.3 | throughput per GPU (TFLOP/s/GPU): 226.1 | tokens/sec/GPU: 22257 | learning rate: 2.817974E-05 | global batch size:   256 | lm loss: 2.181890E+00 | loss scale: 1.0 | grad norm: 0.187 | number of skipped iterations:   0 | number of nan iterations:   0 |
7: [default3]: [2026-05-24 07:14:51.604286] iteration     1996/    2293 | consumed samples:       510976 | elapsed time per iteration (ms): 1425.1 | throughput per GPU (TFLOP/s/GPU): 233.6 | tokens/sec/GPU: 22994 | learning rate: 2.812577E-05 | global batch size:   256 | lm loss: 2.299138E+00 | loss scale: 1.0 | grad norm: 0.196 | number of skipped iterations:   0 | number of nan iterations:   0 |
7: [default3]: [2026-05-24 07:14:55.081807] iteration     1997/    2293 | consumed samples:       511232 | elapsed time per iteration (ms): 3477.1 | throughput per GPU (TFLOP/s/GPU): 95.7 | tokens/sec/GPU: 9424 | learning rate: 2.807198E-05 | global batch size:   256 | lm loss: 2.209286E+00 | loss scale: 1.0 | grad norm: 0.191 | number of skipped iterations:   0 | number of nan iterations:   0 |
7: [default3]: [2026-05-24 07:14:56.510733] iteration     1998/    2293 | consumed samples:       511488 | elapsed time per iteration (ms): 1428.7 | throughput per GPU (TFLOP/s/GPU): 233.0 | tokens/sec/GPU: 22936 | learning rate: 2.801835E-05 | global batch size:   256 | lm loss: 2.159141E+00 | loss scale: 1.0 | grad norm: 0.185 | number of skipped iterations:   0 | number of nan iterations:   0 |
7: [default3]: [2026-05-24 07:14:57.944474] iteration     1999/    2293 | consumed samples:       511744 | elapsed time per iteration (ms): 1433.5 | throughput per GPU (TFLOP/s/GPU): 232.2 | tokens/sec/GPU: 22858 | learning rate: 2.796490E-05 | global batch size:   256 | lm loss: 2.159361E+00 | loss scale: 1.0 | grad norm: 0.195 | number of skipped iterations:   0 | number of nan iterations:   0 |
7: [default3]: [2026-05-24 07:14:59.368398] iteration     2000/    2293 | consumed samples:       512000 | elapsed time per iteration (ms): 1423.7 | throughput per GPU (TFLOP/s/GPU): 233.8 | tokens/sec/GPU: 23016 | learning rate: 2.791161E-05 | global batch size:   256 | lm loss: 2.235363E+00 | loss scale: 1.0 | grad norm: 0.190 | number of skipped iterations:   0 | number of nan iterations:   0 |
0: [default0]:[2026-05-24 07:15:00.204874] saving checkpoint at iteration    2000 to /iopsstor/scratch/cscs/course_00179/gipfelsturm/gipfelsturm/train-1.5b-8n/checkpoints in torch_dist format
0: [default0]:Storing distributed optimizer sharded state of type dp_reshardable
0: [default0]:  [2026-05-24 07:15:00.941232] successfully saved checkpoint from iteration    2000 to /iopsstor/scratch/cscs/course_00179/gipfelsturm/gipfelsturm/train-1.5b-8n/checkpoints [ t 1/2, p 1/1 ]
7: [default3]:INFO:megatron.core.timers:(min, max) time across ranks (ms):
7: [default3]:    save-checkpoint ................................: (1288.75, 1289.01)
7: [default3]: [2026-05-24 07:15:02.920768] iteration     2001/    2293 | consumed samples:       512256 | elapsed time per iteration (ms): 2255.9 | throughput per GPU (TFLOP/s/GPU): 147.5 | tokens/sec/GPU: 14526 | learning rate: 2.785850E-05 | global batch size:   256 | lm loss: 2.164750E+00 | loss scale: 1.0 | grad norm: 0.192 | number of skipped iterations:   0 | number of nan iterations:   0 |
7: [default3]: [2026-05-24 07:15:04.333146] iteration     2002/    2293 | consumed samples:       512512 | elapsed time per iteration (ms): 1412.2 | throughput per GPU (TFLOP/s/GPU): 235.7 | tokens/sec/GPU: 23203 | learning rate: 2.780556E-05 | global batch size:   256 | lm loss: 2.221265E+00 | loss scale: 1.0 | grad norm: 0.191 | number of skipped iterations:   0 | number of nan iterations:   0 |
7: [default3]: [2026-05-24 07:15:05.762700] iteration     2003/    2293 | consumed samples:       512768 | elapsed time per iteration (ms): 1429.3 | throughput per GPU (TFLOP/s/GPU): 232.9 | tokens/sec/GPU: 22925 | learning rate: 2.775279E-05 | global batch size:   256 | lm loss: 2.190096E+00 | loss scale: 1.0 | grad norm: 0.190 | number of skipped iterations:   0 | number of nan iterations:   0 |
7: [default3]: [2026-05-24 07:15:07.203481] iteration     2004/    2293 | consumed samples:       513024 | elapsed time per iteration (ms): 1440.6 | throughput per GPU (TFLOP/s/GPU): 231.0 | tokens/sec/GPU: 22747 | learning rate: 2.770018E-05 | global batch size:   256 | lm loss: 2.201680E+00 | loss scale: 1.0 | grad norm: 0.202 | number of skipped iterations:   0 | number of nan iterations:   0 |
7: [default3]: [2026-05-24 07:15:08.639976] iteration     2005/    2293 | consumed samples:       513280 | elapsed time per iteration (ms): 1436.3 | throughput per GPU (TFLOP/s/GPU): 231.7 | tokens/sec/GPU: 22815 | learning rate: 2.764775E-05 | global batch size:   256 | lm loss: 2.203962E+00 | loss scale: 1.0 | grad norm: 0.203 | number of skipped iterations:   0 | number of nan iterations:   0 |
7: [default3]: [2026-05-24 07:15:14.259023] iteration     2006/    2293 | consumed samples:       513536 | elapsed time per iteration (ms): 5618.9 | throughput per GPU (TFLOP/s/GPU): 59.2 | tokens/sec/GPU: 5832 | learning rate: 2.759550E-05 | global batch size:   256 | lm loss: 2.201137E+00 | loss scale: 1.0 | grad norm: 0.188 | number of skipped iterations:   0 | number of nan iterations:   0 |
7: [default3]: [2026-05-24 07:15:15.673777] iteration     2007/    2293 | consumed samples:       513792 | elapsed time per iteration (ms): 1414.5 | throughput per GPU (TFLOP/s/GPU): 235.3 | tokens/sec/GPU: 23165 | learning rate: 2.754341E-05 | global batch size:   256 | lm loss: 2.206176E+00 | loss scale: 1.0 | grad norm: 0.193 | number of skipped iterations:   0 | number of nan iterations:   0 |
7: [default3]: [2026-05-24 07:15:17.089248] iteration     2008/    2293 | consumed samples:       514048 | elapsed time per iteration (ms): 1415.3 | throughput per GPU (TFLOP/s/GPU): 235.2 | tokens/sec/GPU: 23153 | learning rate: 2.749149E-05 | global batch size:   256 | lm loss: 2.169548E+00 | loss scale: 1.0 | grad norm: 0.191 | number of skipped iterations:   0 | number of nan iterations:   0 |
7: [default3]: [2026-05-24 07:15:18.512650] iteration     2009/    2293 | consumed samples:       514304 | elapsed time per iteration (ms): 1423.2 | throughput per GPU (TFLOP/s/GPU): 233.9 | tokens/sec/GPU: 23024 | learning rate: 2.743975E-05 | global batch size:   256 | lm loss: 2.185024E+00 | loss scale: 1.0 | grad norm: 0.189 | number of skipped iterations:   0 | number of nan iterations:   0 |
7: [default3]: [2026-05-24 07:15:21.510088] iteration     2010/    2293 | consumed samples:       514560 | elapsed time per iteration (ms): 2997.2 | throughput per GPU (TFLOP/s/GPU): 111.0 | tokens/sec/GPU: 10933 | learning rate: 2.738818E-05 | global batch size:   256 | lm loss: 2.183589E+00 | loss scale: 1.0 | grad norm: 0.189 | number of skipped iterations:   0 | number of nan iterations:   0 |
7: [default3]: [2026-05-24 07:15:23.458613] iteration     2011/    2293 | consumed samples:       514816 | elapsed time per iteration (ms): 1948.0 | throughput per GPU (TFLOP/s/GPU): 170.9 | tokens/sec/GPU: 16822 | learning rate: 2.733678E-05 | global batch size:   256 | lm loss: 2.192283E+00 | loss scale: 1.0 | grad norm: 0.194 | number of skipped iterations:   0 | number of nan iterations:   0 |
7: [default3]: [2026-05-24 07:15:27.606165] iteration     2012/    2293 | consumed samples:       515072 | elapsed time per iteration (ms): 4147.3 | throughput per GPU (TFLOP/s/GPU): 80.3 | tokens/sec/GPU: 7901 | learning rate: 2.728555E-05 | global batch size:   256 | lm loss: 2.229328E+00 | loss scale: 1.0 | grad norm: 0.190 | number of skipped iterations:   0 | number of nan iterations:   0 |
7: [default3]: [2026-05-24 07:15:29.030556] iteration     2013/    2293 | consumed samples:       515328 | elapsed time per iteration (ms): 1423.9 | throughput per GPU (TFLOP/s/GPU): 233.7 | tokens/sec/GPU: 23012 | learning rate: 2.723449E-05 | global batch size:   256 | lm loss: 2.163305E+00 | loss scale: 1.0 | grad norm: 0.189 | number of skipped iterations:   0 | number of nan iterations:   0 |
7: [default3]: [2026-05-24 07:15:32.085491] iteration     2014/    2293 | consumed samples:       515584 | elapsed time per iteration (ms): 3054.2 | throughput per GPU (TFLOP/s/GPU): 109.0 | tokens/sec/GPU: 10729 | learning rate: 2.718360E-05 | global batch size:   256 | lm loss: 2.209760E+00 | loss scale: 1.0 | grad norm: 0.191 | number of skipped iterations:   0 | number of nan iterations:   0 |
7: [default3]: [2026-05-24 07:15:33.500182] iteration     2015/    2293 | consumed samples:       515840 | elapsed time per iteration (ms): 1414.5 | throughput per GPU (TFLOP/s/GPU): 235.3 | tokens/sec/GPU: 23166 | learning rate: 2.713289E-05 | global batch size:   256 | lm loss: 2.180186E+00 | loss scale: 1.0 | grad norm: 0.192 | number of skipped iterations:   0 | number of nan iterations:   0 |
7: [default3]: [2026-05-24 07:15:37.404882] iteration     2016/    2293 | consumed samples:       516096 | elapsed time per iteration (ms): 3904.2 | throughput per GPU (TFLOP/s/GPU): 85.3 | tokens/sec/GPU: 8393 | learning rate: 2.708235E-05 | global batch size:   256 | lm loss: 2.154892E+00 | loss scale: 1.0 | grad norm: 0.201 | number of skipped iterations:   0 | number of nan iterations:   0 |
7: [default3]: [2026-05-24 07:15:38.827339] iteration     2017/    2293 | consumed samples:       516352 | elapsed time per iteration (ms): 1422.2 | throughput per GPU (TFLOP/s/GPU): 234.0 | tokens/sec/GPU: 23040 | learning rate: 2.703198E-05 | global batch size:   256 | lm loss: 2.207302E+00 | loss scale: 1.0 | grad norm: 0.192 | number of skipped iterations:   0 | number of nan iterations:   0 |
7: [default3]: [2026-05-24 07:15:40.294044] iteration     2018/    2293 | consumed samples:       516608 | elapsed time per iteration (ms): 1466.1 | throughput per GPU (TFLOP/s/GPU): 227.0 | tokens/sec/GPU: 22350 | learning rate: 2.698178E-05 | global batch size:   256 | lm loss: 2.191713E+00 | loss scale: 1.0 | grad norm: 0.194 | number of skipped iterations:   0 | number of nan iterations:   0 |
7: [default3]: [2026-05-24 07:15:41.707869] iteration     2019/    2293 | consumed samples:       516864 | elapsed time per iteration (ms): 1413.6 | throughput per GPU (TFLOP/s/GPU): 235.5 | tokens/sec/GPU: 23181 | learning rate: 2.693176E-05 | global batch size:   256 | lm loss: 2.196487E+00 | loss scale: 1.0 | grad norm: 0.193 | number of skipped iterations:   0 | number of nan iterations:   0 |
7: [default3]: [2026-05-24 07:15:43.147415] iteration     2020/    2293 | consumed samples:       517120 | elapsed time per iteration (ms): 1439.3 | throughput per GPU (TFLOP/s/GPU): 231.2 | tokens/sec/GPU: 22767 | learning rate: 2.688191E-05 | global batch size:   256 | lm loss: 2.191165E+00 | loss scale: 1.0 | grad norm: 0.191 | number of skipped iterations:   0 | number of nan iterations:   0 |
7: [default3]: [2026-05-24 07:15:44.583574] iteration     2021/    2293 | consumed samples:       517376 | elapsed time per iteration (ms): 1435.9 | throughput per GPU (TFLOP/s/GPU): 231.8 | tokens/sec/GPU: 22820 | learning rate: 2.683223E-05 | global batch size:   256 | lm loss: 2.241130E+00 | loss scale: 1.0 | grad norm: 0.192 | number of skipped iterations:   0 | number of nan iterations:   0 |
7: [default3]: [2026-05-24 07:15:47.432279] iteration     2022/    2293 | consumed samples:       517632 | elapsed time per iteration (ms): 2848.5 | throughput per GPU (TFLOP/s/GPU): 116.8 | tokens/sec/GPU: 11504 | learning rate: 2.678273E-05 | global batch size:   256 | lm loss: 2.263089E+00 | loss scale: 1.0 | grad norm: 0.191 | number of skipped iterations:   0 | number of nan iterations:   0 |
7: [default3]: [2026-05-24 07:15:49.844278] iteration     2023/    2293 | consumed samples:       517888 | elapsed time per iteration (ms): 2411.4 | throughput per GPU (TFLOP/s/GPU): 138.0 | tokens/sec/GPU: 13589 | learning rate: 2.673340E-05 | global batch size:   256 | lm loss: 2.221389E+00 | loss scale: 1.0 | grad norm: 0.188 | number of skipped iterations:   0 | number of nan iterations:   0 |
7: [default3]: [2026-05-24 07:15:51.272759] iteration     2024/    2293 | consumed samples:       518144 | elapsed time per iteration (ms): 1427.9 | throughput per GPU (TFLOP/s/GPU): 233.1 | tokens/sec/GPU: 22948 | learning rate: 2.668424E-05 | global batch size:   256 | lm loss: 2.311767E+00 | loss scale: 1.0 | grad norm: 0.193 | number of skipped iterations:   0 | number of nan iterations:   0 |
7: [default3]: [2026-05-24 07:15:54.509058] iteration     2025/    2293 | consumed samples:       518400 | elapsed time per iteration (ms): 3236.1 | throughput per GPU (TFLOP/s/GPU): 102.9 | tokens/sec/GPU: 10126 | learning rate: 2.663525E-05 | global batch size:   256 | lm loss: 2.153316E+00 | loss scale: 1.0 | grad norm: 0.377 | number of skipped iterations:   0 | number of nan iterations:   0 |
7: [default3]: [2026-05-24 07:15:55.928361] iteration     2026/    2293 | consumed samples:       518656 | elapsed time per iteration (ms): 1419.1 | throughput per GPU (TFLOP/s/GPU): 234.5 | tokens/sec/GPU: 23091 | learning rate: 2.658644E-05 | global batch size:   256 | lm loss: 2.229410E+00 | loss scale: 1.0 | grad norm: 0.189 | number of skipped iterations:   0 | number of nan iterations:   0 |
7: [default3]: [2026-05-24 07:15:57.355286] iteration     2027/    2293 | consumed samples:       518912 | elapsed time per iteration (ms): 1426.7 | throughput per GPU (TFLOP/s/GPU): 233.3 | tokens/sec/GPU: 22968 | learning rate: 2.653780E-05 | global batch size:   256 | lm loss: 2.171276E+00 | loss scale: 1.0 | grad norm: 0.760 | number of skipped iterations:   0 | number of nan iterations:   0 |
7: [default3]: [2026-05-24 07:15:58.775049] iteration     2028/    2293 | consumed samples:       519168 | elapsed time per iteration (ms): 1419.5 | throughput per GPU (TFLOP/s/GPU): 234.5 | tokens/sec/GPU: 23084 | learning rate: 2.648933E-05 | global batch size:   256 | lm loss: 2.301224E+00 | loss scale: 1.0 | grad norm: 0.197 | number of skipped iterations:   0 | number of nan iterations:   0 |
7: [default3]: [2026-05-24 07:16:02.346166] iteration     2029/    2293 | consumed samples:       519424 | elapsed time per iteration (ms): 3570.9 | throughput per GPU (TFLOP/s/GPU): 93.2 | tokens/sec/GPU: 9176 | learning rate: 2.644104E-05 | global batch size:   256 | lm loss: 2.231774E+00 | loss scale: 1.0 | grad norm: 0.191 | number of skipped iterations:   0 | number of nan iterations:   0 |
7: [default3]: [2026-05-24 07:16:03.766401] iteration     2030/    2293 | consumed samples:       519680 | elapsed time per iteration (ms): 1420.0 | throughput per GPU (TFLOP/s/GPU): 234.4 | tokens/sec/GPU: 23076 | learning rate: 2.639292E-05 | global batch size:   256 | lm loss: 2.241521E+00 | loss scale: 1.0 | grad norm: 0.192 | number of skipped iterations:   0 | number of nan iterations:   0 |
7: [default3]: [2026-05-24 07:16:05.729697] iteration     2031/    2293 | consumed samples:       519936 | elapsed time per iteration (ms): 1963.1 | throughput per GPU (TFLOP/s/GPU): 169.5 | tokens/sec/GPU: 16692 | learning rate: 2.634498E-05 | global batch size:   256 | lm loss: 2.185415E+00 | loss scale: 1.0 | grad norm: 0.191 | number of skipped iterations:   0 | number of nan iterations:   0 |
7: [default3]: [2026-05-24 07:16:07.164937] iteration     2032/    2293 | consumed samples:       520192 | elapsed time per iteration (ms): 1435.1 | throughput per GPU (TFLOP/s/GPU): 231.9 | tokens/sec/GPU: 22834 | learning rate: 2.629721E-05 | global batch size:   256 | lm loss: 2.218326E+00 | loss scale: 1.0 | grad norm: 0.188 | number of skipped iterations:   0 | number of nan iterations:   0 |
7: [default3]: [2026-05-24 07:16:08.594785] iteration     2033/    2293 | consumed samples:       520448 | elapsed time per iteration (ms): 1429.1 | throughput per GPU (TFLOP/s/GPU): 232.9 | tokens/sec/GPU: 22929 | learning rate: 2.624961E-05 | global batch size:   256 | lm loss: 2.227888E+00 | loss scale: 1.0 | grad norm: 0.188 | number of skipped iterations:   0 | number of nan iterations:   0 |
7: [default3]: [2026-05-24 07:16:10.022939] iteration     2034/    2293 | consumed samples:       520704 | elapsed time per iteration (ms): 1427.9 | throughput per GPU (TFLOP/s/GPU): 233.1 | tokens/sec/GPU: 22948 | learning rate: 2.620219E-05 | global batch size:   256 | lm loss: 2.150763E+00 | loss scale: 1.0 | grad norm: 0.193 | number of skipped iterations:   0 | number of nan iterations:   0 |
7: [default3]: [2026-05-24 07:16:13.170124] iteration     2035/    2293 | consumed samples:       520960 | elapsed time per iteration (ms): 3147.0 | throughput per GPU (TFLOP/s/GPU): 105.8 | tokens/sec/GPU: 10413 | learning rate: 2.615494E-05 | global batch size:   256 | lm loss: 2.235378E+00 | loss scale: 1.0 | grad norm: 0.197 | number of skipped iterations:   0 | number of nan iterations:   0 |
7: [default3]: [2026-05-24 07:16:14.601978] iteration     2036/    2293 | consumed samples:       521216 | elapsed time per iteration (ms): 1431.6 | throughput per GPU (TFLOP/s/GPU): 232.5 | tokens/sec/GPU: 22888 | learning rate: 2.610787E-05 | global batch size:   256 | lm loss: 2.209764E+00 | loss scale: 1.0 | grad norm: 0.190 | number of skipped iterations:   0 | number of nan iterations:   0 |
7: [default3]: [2026-05-24 07:16:18.284366] iteration     2037/    2293 | consumed samples:       521472 | elapsed time per iteration (ms): 3682.1 | throughput per GPU (TFLOP/s/GPU): 90.4 | tokens/sec/GPU: 8899 | learning rate: 2.606097E-05 | global batch size:   256 | lm loss: 2.235402E+00 | loss scale: 1.0 | grad norm: 0.193 | number of skipped iterations:   0 | number of nan iterations:   0 |
7: [default3]: [2026-05-24 07:16:19.707329] iteration     2038/    2293 | consumed samples:       521728 | elapsed time per iteration (ms): 1422.8 | throughput per GPU (TFLOP/s/GPU): 233.9 | tokens/sec/GPU: 23031 | learning rate: 2.601424E-05 | global batch size:   256 | lm loss: 2.207928E+00 | loss scale: 1.0 | grad norm: 0.193 | number of skipped iterations:   0 | number of nan iterations:   0 |
7: [default3]: [2026-05-24 07:16:22.196683] iteration     2039/    2293 | consumed samples:       521984 | elapsed time per iteration (ms): 2489.1 | throughput per GPU (TFLOP/s/GPU): 133.7 | tokens/sec/GPU: 13165 | learning rate: 2.596769E-05 | global batch size:   256 | lm loss: 2.234998E+00 | loss scale: 1.0 | grad norm: 0.194 | number of skipped iterations:   0 | number of nan iterations:   0 |
7: [default3]: [2026-05-24 07:16:23.623495] iteration     2040/    2293 | consumed samples:       522240 | elapsed time per iteration (ms): 1426.6 | throughput per GPU (TFLOP/s/GPU): 233.3 | tokens/sec/GPU: 22970 | learning rate: 2.592131E-05 | global batch size:   256 | lm loss: 2.243183E+00 | loss scale: 1.0 | grad norm: 0.190 | number of skipped iterations:   0 | number of nan iterations:   0 |
7: [default3]: [2026-05-24 07:16:25.793085] iteration     2041/    2293 | consumed samples:       522496 | elapsed time per iteration (ms): 2169.2 | throughput per GPU (TFLOP/s/GPU): 153.4 | tokens/sec/GPU: 15106 | learning rate: 2.587511E-05 | global batch size:   256 | lm loss: 2.198104E+00 | loss scale: 1.0 | grad norm: 0.191 | number of skipped iterations:   0 | number of nan iterations:   0 |
7: [default3]: [2026-05-24 07:16:27.220308] iteration     2042/    2293 | consumed samples:       522752 | elapsed time per iteration (ms): 1427.0 | throughput per GPU (TFLOP/s/GPU): 233.2 | tokens/sec/GPU: 22962 | learning rate: 2.582909E-05 | global batch size:   256 | lm loss: 2.247278E+00 | loss scale: 1.0 | grad norm: 0.196 | number of skipped iterations:   0 | number of nan iterations:   0 |
7: [default3]: [2026-05-24 07:16:30.502016] iteration     2043/    2293 | consumed samples:       523008 | elapsed time per iteration (ms): 3281.5 | throughput per GPU (TFLOP/s/GPU): 101.4 | tokens/sec/GPU: 9986 | learning rate: 2.578324E-05 | global batch size:   256 | lm loss: 2.170331E+00 | loss scale: 1.0 | grad norm: 0.185 | number of skipped iterations:   0 | number of nan iterations:   0 |
7: [default3]: [2026-05-24 07:16:36.013356] iteration     2044/    2293 | consumed samples:       523264 | elapsed time per iteration (ms): 5510.5 | throughput per GPU (TFLOP/s/GPU): 60.4 | tokens/sec/GPU: 5947 | learning rate: 2.573756E-05 | global batch size:   256 | lm loss: 2.201898E+00 | loss scale: 1.0 | grad norm: 0.192 | number of skipped iterations:   0 | number of nan iterations:   0 |
7: [default3]: [2026-05-24 07:16:38.858605] iteration     2045/    2293 | consumed samples:       523520 | elapsed time per iteration (ms): 2845.0 | throughput per GPU (TFLOP/s/GPU): 117.0 | tokens/sec/GPU: 11518 | learning rate: 2.569206E-05 | global batch size:   256 | lm loss: 2.153033E+00 | loss scale: 1.0 | grad norm: 0.190 | number of skipped iterations:   0 | number of nan iterations:   0 |
7: [default3]: [2026-05-24 07:16:40.266254] iteration     2046/    2293 | consumed samples:       523776 | elapsed time per iteration (ms): 1407.4 | throughput per GPU (TFLOP/s/GPU): 236.5 | tokens/sec/GPU: 23283 | learning rate: 2.564673E-05 | global batch size:   256 | lm loss: 2.164244E+00 | loss scale: 1.0 | grad norm: 0.188 | number of skipped iterations:   0 | number of nan iterations:   0 |
7: [default3]: [2026-05-24 07:16:41.698441] iteration     2047/    2293 | consumed samples:       524032 | elapsed time per iteration (ms): 1431.9 | throughput per GPU (TFLOP/s/GPU): 232.4 | tokens/sec/GPU: 22884 | learning rate: 2.560158E-05 | global batch size:   256 | lm loss: 2.305483E+00 | loss scale: 1.0 | grad norm: 0.195 | number of skipped iterations:   0 | number of nan iterations:   0 |
7: [default3]: [2026-05-24 07:16:43.119873] iteration     2048/    2293 | consumed samples:       524288 | elapsed time per iteration (ms): 1421.2 | throughput per GPU (TFLOP/s/GPU): 234.2 | tokens/sec/GPU: 23057 | learning rate: 2.555661E-05 | global batch size:   256 | lm loss: 2.192028E+00 | loss scale: 1.0 | grad norm: 0.195 | number of skipped iterations:   0 | number of nan iterations:   0 |
7: [default3]: [2026-05-24 07:16:46.354531] iteration     2049/    2293 | consumed samples:       524544 | elapsed time per iteration (ms): 3233.9 | throughput per GPU (TFLOP/s/GPU): 102.9 | tokens/sec/GPU: 10133 | learning rate: 2.551181E-05 | global batch size:   256 | lm loss: 2.224100E+00 | loss scale: 1.0 | grad norm: 0.189 | number of skipped iterations:   0 | number of nan iterations:   0 |
7: [default3]: [2026-05-24 07:16:47.773249] iteration     2050/    2293 | consumed samples:       524800 | elapsed time per iteration (ms): 1418.5 | throughput per GPU (TFLOP/s/GPU): 234.6 | tokens/sec/GPU: 23100 | learning rate: 2.546718E-05 | global batch size:   256 | lm loss: 2.226860E+00 | loss scale: 1.0 | grad norm: 0.194 | number of skipped iterations:   0 | number of nan iterations:   0 |
7: [default3]: [2026-05-24 07:16:50.025460] iteration     2051/    2293 | consumed samples:       525056 | elapsed time per iteration (ms): 2252.0 | throughput per GPU (TFLOP/s/GPU): 147.8 | tokens/sec/GPU: 14551 | learning rate: 2.542273E-05 | global batch size:   256 | lm loss: 2.176102E+00 | loss scale: 1.0 | grad norm: 0.189 | number of skipped iterations:   0 | number of nan iterations:   0 |
7: [default3]: [2026-05-24 07:16:51.443450] iteration     2052/    2293 | consumed samples:       525312 | elapsed time per iteration (ms): 1417.8 | throughput per GPU (TFLOP/s/GPU): 234.8 | tokens/sec/GPU: 23112 | learning rate: 2.537846E-05 | global batch size:   256 | lm loss: 2.168620E+00 | loss scale: 1.0 | grad norm: 0.188 | number of skipped iterations:   0 | number of nan iterations:   0 |
7: [default3]: [2026-05-24 07:16:56.575231] iteration     2053/    2293 | consumed samples:       525568 | elapsed time per iteration (ms): 5131.5 | throughput per GPU (TFLOP/s/GPU): 64.9 | tokens/sec/GPU: 6386 | learning rate: 2.533436E-05 | global batch size:   256 | lm loss: 2.177379E+00 | loss scale: 1.0 | grad norm: 0.196 | number of skipped iterations:   0 | number of nan iterations:   0 |
7: [default3]: [2026-05-24 07:16:57.982477] iteration     2054/    2293 | consumed samples:       525824 | elapsed time per iteration (ms): 1407.0 | throughput per GPU (TFLOP/s/GPU): 236.6 | tokens/sec/GPU: 23289 | learning rate: 2.529044E-05 | global batch size:   256 | lm loss: 2.242815E+00 | loss scale: 1.0 | grad norm: 0.192 | number of skipped iterations:   0 | number of nan iterations:   0 |
7: [default3]: [2026-05-24 07:16:59.411305] iteration     2055/    2293 | consumed samples:       526080 | elapsed time per iteration (ms): 1428.6 | throughput per GPU (TFLOP/s/GPU): 233.0 | tokens/sec/GPU: 22937 | learning rate: 2.524670E-05 | global batch size:   256 | lm loss: 2.214269E+00 | loss scale: 1.0 | grad norm: 0.191 | number of skipped iterations:   0 | number of nan iterations:   0 |
7: [default3]: [2026-05-24 07:17:00.840848] iteration     2056/    2293 | consumed samples:       526336 | elapsed time per iteration (ms): 1429.3 | throughput per GPU (TFLOP/s/GPU): 232.9 | tokens/sec/GPU: 22926 | learning rate: 2.520313E-05 | global batch size:   256 | lm loss: 2.272726E+00 | loss scale: 1.0 | grad norm: 0.191 | number of skipped iterations:   0 | number of nan iterations:   0 |
7: [default3]: [2026-05-24 07:17:02.266192] iteration     2057/    2293 | consumed samples:       526592 | elapsed time per iteration (ms): 1425.1 | throughput per GPU (TFLOP/s/GPU): 233.5 | tokens/sec/GPU: 22993 | learning rate: 2.515974E-05 | global batch size:   256 | lm loss: 2.181383E+00 | loss scale: 1.0 | grad norm: 0.190 | number of skipped iterations:   0 | number of nan iterations:   0 |
7: [default3]: [2026-05-24 07:17:03.695530] iteration     2058/    2293 | consumed samples:       526848 | elapsed time per iteration (ms): 1429.1 | throughput per GPU (TFLOP/s/GPU): 232.9 | tokens/sec/GPU: 22929 | learning rate: 2.511652E-05 | global batch size:   256 | lm loss: 2.174533E+00 | loss scale: 1.0 | grad norm: 0.192 | number of skipped iterations:   0 | number of nan iterations:   0 |
7: [default3]: [2026-05-24 07:17:05.133920] iteration     2059/    2293 | consumed samples:       527104 | elapsed time per iteration (ms): 1438.2 | throughput per GPU (TFLOP/s/GPU): 231.4 | tokens/sec/GPU: 22784 | learning rate: 2.507348E-05 | global batch size:   256 | lm loss: 2.195131E+00 | loss scale: 1.0 | grad norm: 0.191 | number of skipped iterations:   0 | number of nan iterations:   0 |
7: [default3]: [2026-05-24 07:17:06.676854] iteration     2060/    2293 | consumed samples:       527360 | elapsed time per iteration (ms): 1542.7 | throughput per GPU (TFLOP/s/GPU): 215.8 | tokens/sec/GPU: 21241 | learning rate: 2.503062E-05 | global batch size:   256 | lm loss: 2.154873E+00 | loss scale: 1.0 | grad norm: 0.192 | number of skipped iterations:   0 | number of nan iterations:   0 |
7: [default3]: [2026-05-24 07:17:08.619222] iteration     2061/    2293 | consumed samples:       527616 | elapsed time per iteration (ms): 1942.1 | throughput per GPU (TFLOP/s/GPU): 171.4 | tokens/sec/GPU: 16872 | learning rate: 2.498794E-05 | global batch size:   256 | lm loss: 2.168879E+00 | loss scale: 1.0 | grad norm: 0.191 | number of skipped iterations:   0 | number of nan iterations:   0 |
7: [default3]: [2026-05-24 07:17:10.050499] iteration     2062/    2293 | consumed samples:       527872 | elapsed time per iteration (ms): 1431.1 | throughput per GPU (TFLOP/s/GPU): 232.6 | tokens/sec/GPU: 22898 | learning rate: 2.494543E-05 | global batch size:   256 | lm loss: 2.223051E+00 | loss scale: 1.0 | grad norm: 0.195 | number of skipped iterations:   0 | number of nan iterations:   0 |
7: [default3]: [2026-05-24 07:17:11.472036] iteration     2063/    2293 | consumed samples:       528128 | elapsed time per iteration (ms): 1421.3 | throughput per GPU (TFLOP/s/GPU): 234.2 | tokens/sec/GPU: 23055 | learning rate: 2.490309E-05 | global batch size:   256 | lm loss: 2.229476E+00 | loss scale: 1.0 | grad norm: 0.192 | number of skipped iterations:   0 | number of nan iterations:   0 |
7: [default3]: [2026-05-24 07:17:12.908317] iteration     2064/    2293 | consumed samples:       528384 | elapsed time per iteration (ms): 1436.1 | throughput per GPU (TFLOP/s/GPU): 231.8 | tokens/sec/GPU: 22818 | learning rate: 2.486094E-05 | global batch size:   256 | lm loss: 2.276752E+00 | loss scale: 1.0 | grad norm: 0.196 | number of skipped iterations:   0 | number of nan iterations:   0 |
7: [default3]: [2026-05-24 07:17:17.695768] iteration     2065/    2293 | consumed samples:       528640 | elapsed time per iteration (ms): 4787.2 | throughput per GPU (TFLOP/s/GPU): 69.5 | tokens/sec/GPU: 6845 | learning rate: 2.481896E-05 | global batch size:   256 | lm loss: 2.190342E+00 | loss scale: 1.0 | grad norm: 0.192 | number of skipped iterations:   0 | number of nan iterations:   0 |
7: [default3]: [2026-05-24 07:17:19.951239] iteration     2066/    2293 | consumed samples:       528896 | elapsed time per iteration (ms): 2255.3 | throughput per GPU (TFLOP/s/GPU): 147.6 | tokens/sec/GPU: 14530 | learning rate: 2.477716E-05 | global batch size:   256 | lm loss: 2.219954E+00 | loss scale: 1.0 | grad norm: 0.190 | number of skipped iterations:   0 | number of nan iterations:   0 |
7: [default3]: [2026-05-24 07:17:21.359256] iteration     2067/    2293 | consumed samples:       529152 | elapsed time per iteration (ms): 1407.7 | throughput per GPU (TFLOP/s/GPU): 236.4 | tokens/sec/GPU: 23277 | learning rate: 2.473553E-05 | global batch size:   256 | lm loss: 2.224055E+00 | loss scale: 1.0 | grad norm: 0.189 | number of skipped iterations:   0 | number of nan iterations:   0 |
7: [default3]: [2026-05-24 07:17:22.778112] iteration     2068/    2293 | consumed samples:       529408 | elapsed time per iteration (ms): 1418.6 | throughput per GPU (TFLOP/s/GPU): 234.6 | tokens/sec/GPU: 23099 | learning rate: 2.469409E-05 | global batch size:   256 | lm loss: 2.215548E+00 | loss scale: 1.0 | grad norm: 0.196 | number of skipped iterations:   0 | number of nan iterations:   0 |
7: [default3]: [2026-05-24 07:17:27.527181] iteration     2069/    2293 | consumed samples:       529664 | elapsed time per iteration (ms): 4748.5 | throughput per GPU (TFLOP/s/GPU): 70.1 | tokens/sec/GPU: 6901 | learning rate: 2.465282E-05 | global batch size:   256 | lm loss: 2.135484E+00 | loss scale: 1.0 | grad norm: 0.188 | number of skipped iterations:   0 | number of nan iterations:   0 |
7: [default3]: [2026-05-24 07:17:29.046601] iteration     2070/    2293 | consumed samples:       529920 | elapsed time per iteration (ms): 1519.2 | throughput per GPU (TFLOP/s/GPU): 219.1 | tokens/sec/GPU: 21569 | learning rate: 2.461172E-05 | global batch size:   256 | lm loss: 2.152364E+00 | loss scale: 1.0 | grad norm: 0.188 | number of skipped iterations:   0 | number of nan iterations:   0 |
7: [default3]: [2026-05-24 07:17:30.469044] iteration     2071/    2293 | consumed samples:       530176 | elapsed time per iteration (ms): 1422.2 | throughput per GPU (TFLOP/s/GPU): 234.0 | tokens/sec/GPU: 23041 | learning rate: 2.457081E-05 | global batch size:   256 | lm loss: 2.162611E+00 | loss scale: 1.0 | grad norm: 0.193 | number of skipped iterations:   0 | number of nan iterations:   0 |
7: [default3]: [2026-05-24 07:17:31.890518] iteration     2072/    2293 | consumed samples:       530432 | elapsed time per iteration (ms): 1421.2 | throughput per GPU (TFLOP/s/GPU): 234.2 | tokens/sec/GPU: 23056 | learning rate: 2.453007E-05 | global batch size:   256 | lm loss: 2.106196E+00 | loss scale: 1.0 | grad norm: 0.189 | number of skipped iterations:   0 | number of nan iterations:   0 |
7: [default3]: [2026-05-24 07:17:35.925274] iteration     2073/    2293 | consumed samples:       530688 | elapsed time per iteration (ms): 4034.5 | throughput per GPU (TFLOP/s/GPU): 82.5 | tokens/sec/GPU: 8122 | learning rate: 2.448951E-05 | global batch size:   256 | lm loss: 2.165258E+00 | loss scale: 1.0 | grad norm: 0.191 | number of skipped iterations:   0 | number of nan iterations:   0 |
7: [default3]: [2026-05-24 07:17:37.341645] iteration     2074/    2293 | consumed samples:       530944 | elapsed time per iteration (ms): 1416.1 | throughput per GPU (TFLOP/s/GPU): 235.0 | tokens/sec/GPU: 23140 | learning rate: 2.444913E-05 | global batch size:   256 | lm loss: 2.138532E+00 | loss scale: 1.0 | grad norm: 0.189 | number of skipped iterations:   0 | number of nan iterations:   0 |
7: [default3]: [2026-05-24 07:17:38.771111] iteration     2075/    2293 | consumed samples:       531200 | elapsed time per iteration (ms): 1429.2 | throughput per GPU (TFLOP/s/GPU): 232.9 | tokens/sec/GPU: 22927 | learning rate: 2.440892E-05 | global batch size:   256 | lm loss: 2.208958E+00 | loss scale: 1.0 | grad norm: 0.190 | number of skipped iterations:   0 | number of nan iterations:   0 |
7: [default3]: [2026-05-24 07:17:40.188367] iteration     2076/    2293 | consumed samples:       531456 | elapsed time per iteration (ms): 1417.0 | throughput per GPU (TFLOP/s/GPU): 234.9 | tokens/sec/GPU: 23124 | learning rate: 2.436890E-05 | global batch size:   256 | lm loss: 2.251166E+00 | loss scale: 1.0 | grad norm: 0.194 | number of skipped iterations:   0 | number of nan iterations:   0 |
7: [default3]: [2026-05-24 07:17:45.328921] iteration     2077/    2293 | consumed samples:       531712 | elapsed time per iteration (ms): 5140.3 | throughput per GPU (TFLOP/s/GPU): 64.7 | tokens/sec/GPU: 6375 | learning rate: 2.432905E-05 | global batch size:   256 | lm loss: 2.227357E+00 | loss scale: 1.0 | grad norm: 0.192 | number of skipped iterations:   0 | number of nan iterations:   0 |
7: [default3]: [2026-05-24 07:17:46.746010] iteration     2078/    2293 | consumed samples:       531968 | elapsed time per iteration (ms): 1416.6 | throughput per GPU (TFLOP/s/GPU): 234.9 | tokens/sec/GPU: 23131 | learning rate: 2.428938E-05 | global batch size:   256 | lm loss: 2.150374E+00 | loss scale: 1.0 | grad norm: 0.192 | number of skipped iterations:   0 | number of nan iterations:   0 |
7: [default3]: [2026-05-24 07:17:48.174540] iteration     2079/    2293 | consumed samples:       532224 | elapsed time per iteration (ms): 1428.2 | throughput per GPU (TFLOP/s/GPU): 233.0 | tokens/sec/GPU: 22943 | learning rate: 2.424989E-05 | global batch size:   256 | lm loss: 2.228188E+00 | loss scale: 1.0 | grad norm: 0.194 | number of skipped iterations:   0 | number of nan iterations:   0 |
7: [default3]: [2026-05-24 07:17:49.612787] iteration     2080/    2293 | consumed samples:       532480 | elapsed time per iteration (ms): 1438.0 | throughput per GPU (TFLOP/s/GPU): 231.5 | tokens/sec/GPU: 22787 | learning rate: 2.421057E-05 | global batch size:   256 | lm loss: 2.149171E+00 | loss scale: 1.0 | grad norm: 0.189 | number of skipped iterations:   0 | number of nan iterations:   0 |
7: [default3]: [2026-05-24 07:17:55.348407] iteration     2081/    2293 | consumed samples:       532736 | elapsed time per iteration (ms): 5735.5 | throughput per GPU (TFLOP/s/GPU): 58.0 | tokens/sec/GPU: 5713 | learning rate: 2.417144E-05 | global batch size:   256 | lm loss: 2.169096E+00 | loss scale: 1.0 | grad norm: 0.191 | number of skipped iterations:   0 | number of nan iterations:   0 |
7: [default3]: [2026-05-24 07:17:56.763052] iteration     2082/    2293 | consumed samples:       532992 | elapsed time per iteration (ms): 1414.3 | throughput per GPU (TFLOP/s/GPU): 235.3 | tokens/sec/GPU: 23169 | learning rate: 2.413248E-05 | global batch size:   256 | lm loss: 2.152555E+00 | loss scale: 1.0 | grad norm: 1.237 | number of skipped iterations:   0 | number of nan iterations:   0 |
7: [default3]: [2026-05-24 07:17:58.185739] iteration     2083/    2293 | consumed samples:       533248 | elapsed time per iteration (ms): 1422.4 | throughput per GPU (TFLOP/s/GPU): 234.0 | tokens/sec/GPU: 23036 | learning rate: 2.409370E-05 | global batch size:   256 | lm loss: 2.226487E+00 | loss scale: 1.0 | grad norm: 0.191 | number of skipped iterations:   0 | number of nan iterations:   0 |
7: [default3]: [2026-05-24 07:17:59.613750] iteration     2084/    2293 | consumed samples:       533504 | elapsed time per iteration (ms): 1427.8 | throughput per GPU (TFLOP/s/GPU): 233.1 | tokens/sec/GPU: 22951 | learning rate: 2.405510E-05 | global batch size:   256 | lm loss: 2.241878E+00 | loss scale: 1.0 | grad norm: 0.193 | number of skipped iterations:   0 | number of nan iterations:   0 |
7: [default3]: [2026-05-24 07:18:01.478207] iteration     2085/    2293 | consumed samples:       533760 | elapsed time per iteration (ms): 1864.3 | throughput per GPU (TFLOP/s/GPU): 178.5 | tokens/sec/GPU: 17577 | learning rate: 2.401668E-05 | global batch size:   256 | lm loss: 2.144707E+00 | loss scale: 1.0 | grad norm: 0.192 | number of skipped iterations:   0 | number of nan iterations:   0 |
7: [default3]: [2026-05-24 07:18:02.913469] iteration     2086/    2293 | consumed samples:       534016 | elapsed time per iteration (ms): 1435.0 | throughput per GPU (TFLOP/s/GPU): 231.9 | tokens/sec/GPU: 22835 | learning rate: 2.397844E-05 | global batch size:   256 | lm loss: 2.229126E+00 | loss scale: 1.0 | grad norm: 0.212 | number of skipped iterations:   0 | number of nan iterations:   0 |
7: [default3]: [2026-05-24 07:18:04.342007] iteration     2087/    2293 | consumed samples:       534272 | elapsed time per iteration (ms): 1428.3 | throughput per GPU (TFLOP/s/GPU): 233.0 | tokens/sec/GPU: 22942 | learning rate: 2.394037E-05 | global batch size:   256 | lm loss: 2.196867E+00 | loss scale: 1.0 | grad norm: 0.192 | number of skipped iterations:   0 | number of nan iterations:   0 |
7: [default3]: [2026-05-24 07:18:06.272094] iteration     2088/    2293 | consumed samples:       534528 | elapsed time per iteration (ms): 1929.9 | throughput per GPU (TFLOP/s/GPU): 172.5 | tokens/sec/GPU: 16979 | learning rate: 2.390249E-05 | global batch size:   256 | lm loss: 2.201520E+00 | loss scale: 1.0 | grad norm: 0.192 | number of skipped iterations:   0 | number of nan iterations:   0 |
7: [default3]: [2026-05-24 07:18:12.811804] iteration     2089/    2293 | consumed samples:       534784 | elapsed time per iteration (ms): 6539.2 | throughput per GPU (TFLOP/s/GPU): 50.9 | tokens/sec/GPU: 5011 | learning rate: 2.386478E-05 | global batch size:   256 | lm loss: 2.236674E+00 | loss scale: 1.0 | grad norm: 0.194 | number of skipped iterations:   0 | number of nan iterations:   0 |
7: [default3]: [2026-05-24 07:18:14.234323] iteration     2090/    2293 | consumed samples:       535040 | elapsed time per iteration (ms): 1422.3 | throughput per GPU (TFLOP/s/GPU): 234.0 | tokens/sec/GPU: 23039 | learning rate: 2.382726E-05 | global batch size:   256 | lm loss: 2.141955E+00 | loss scale: 1.0 | grad norm: 0.190 | number of skipped iterations:   0 | number of nan iterations:   0 |
7: [default3]: [2026-05-24 07:18:15.664912] iteration     2091/    2293 | consumed samples:       535296 | elapsed time per iteration (ms): 1430.4 | throughput per GPU (TFLOP/s/GPU): 232.7 | tokens/sec/GPU: 22908 | learning rate: 2.378991E-05 | global batch size:   256 | lm loss: 2.181343E+00 | loss scale: 1.0 | grad norm: 0.232 | number of skipped iterations:   0 | number of nan iterations:   0 |
7: [default3]: [2026-05-24 07:18:18.169665] iteration     2092/    2293 | consumed samples:       535552 | elapsed time per iteration (ms): 2504.5 | throughput per GPU (TFLOP/s/GPU): 132.9 | tokens/sec/GPU: 13084 | learning rate: 2.375274E-05 | global batch size:   256 | lm loss: 2.154221E+00 | loss scale: 1.0 | grad norm: 0.188 | number of skipped iterations:   0 | number of nan iterations:   0 |
7: [default3]: [2026-05-24 07:18:19.788250] iteration     2093/    2293 | consumed samples:       535808 | elapsed time per iteration (ms): 1618.3 | throughput per GPU (TFLOP/s/GPU): 205.7 | tokens/sec/GPU: 20248 | learning rate: 2.371575E-05 | global batch size:   256 | lm loss: 2.217328E+00 | loss scale: 1.0 | grad norm: 0.199 | number of skipped iterations:   0 | number of nan iterations:   0 |
7: [default3]: [2026-05-24 07:18:21.211016] iteration     2094/    2293 | consumed samples:       536064 | elapsed time per iteration (ms): 1422.6 | throughput per GPU (TFLOP/s/GPU): 234.0 | tokens/sec/GPU: 23034 | learning rate: 2.367894E-05 | global batch size:   256 | lm loss: 2.187353E+00 | loss scale: 1.0 | grad norm: 0.201 | number of skipped iterations:   0 | number of nan iterations:   0 |
7: [default3]: [2026-05-24 07:18:22.634017] iteration     2095/    2293 | consumed samples:       536320 | elapsed time per iteration (ms): 1422.7 | throughput per GPU (TFLOP/s/GPU): 233.9 | tokens/sec/GPU: 23032 | learning rate: 2.364231E-05 | global batch size:   256 | lm loss: 2.200881E+00 | loss scale: 1.0 | grad norm: 0.199 | number of skipped iterations:   0 | number of nan iterations:   0 |
7: [default3]: [2026-05-24 07:18:24.408959] iteration     2096/    2293 | consumed samples:       536576 | elapsed time per iteration (ms): 1774.3 | throughput per GPU (TFLOP/s/GPU): 187.6 | tokens/sec/GPU: 18468 | learning rate: 2.360586E-05 | global batch size:   256 | lm loss: 2.247606E+00 | loss scale: 1.0 | grad norm: 0.191 | number of skipped iterations:   0 | number of nan iterations:   0 |
7: [default3]: [2026-05-24 07:18:28.427116] iteration     2097/    2293 | consumed samples:       536832 | elapsed time per iteration (ms): 4017.9 | throughput per GPU (TFLOP/s/GPU): 82.8 | tokens/sec/GPU: 8155 | learning rate: 2.356959E-05 | global batch size:   256 | lm loss: 2.186996E+00 | loss scale: 1.0 | grad norm: 0.188 | number of skipped iterations:   0 | number of nan iterations:   0 |
7: [default3]: [2026-05-24 07:18:29.854140] iteration     2098/    2293 | consumed samples:       537088 | elapsed time per iteration (ms): 1426.8 | throughput per GPU (TFLOP/s/GPU): 233.3 | tokens/sec/GPU: 22966 | learning rate: 2.353350E-05 | global batch size:   256 | lm loss: 2.205255E+00 | loss scale: 1.0 | grad norm: 0.201 | number of skipped iterations:   0 | number of nan iterations:   0 |
7: [default3]: [2026-05-24 07:18:31.273574] iteration     2099/    2293 | consumed samples:       537344 | elapsed time per iteration (ms): 1419.1 | throughput per GPU (TFLOP/s/GPU): 234.5 | tokens/sec/GPU: 23090 | learning rate: 2.349758E-05 | global batch size:   256 | lm loss: 2.224859E+00 | loss scale: 1.0 | grad norm: 0.187 | number of skipped iterations:   0 | number of nan iterations:   0 |
7: [default3]: [2026-05-24 07:18:32.706338] iteration     2100/    2293 | consumed samples:       537600 | elapsed time per iteration (ms): 1432.5 | throughput per GPU (TFLOP/s/GPU): 232.3 | tokens/sec/GPU: 22874 | learning rate: 2.346185E-05 | global batch size:   256 | lm loss: 2.242571E+00 | loss scale: 1.0 | grad norm: 0.190 | number of skipped iterations:   0 | number of nan iterations:   0 |
7: [default3]: [2026-05-24 07:18:35.639420] iteration     2101/    2293 | consumed samples:       537856 | elapsed time per iteration (ms): 2932.5 | throughput per GPU (TFLOP/s/GPU): 113.5 | tokens/sec/GPU: 11174 | learning rate: 2.342630E-05 | global batch size:   256 | lm loss: 2.232683E+00 | loss scale: 1.0 | grad norm: 0.189 | number of skipped iterations:   0 | number of nan iterations:   0 |
7: [default3]: [2026-05-24 07:18:37.058743] iteration     2102/    2293 | consumed samples:       538112 | elapsed time per iteration (ms): 1419.1 | throughput per GPU (TFLOP/s/GPU): 234.5 | tokens/sec/GPU: 23090 | learning rate: 2.339093E-05 | global batch size:   256 | lm loss: 2.194009E+00 | loss scale: 1.0 | grad norm: 0.191 | number of skipped iterations:   0 | number of nan iterations:   0 |
7: [default3]: [2026-05-24 07:18:38.481764] iteration     2103/    2293 | consumed samples:       538368 | elapsed time per iteration (ms): 1422.8 | throughput per GPU (TFLOP/s/GPU): 233.9 | tokens/sec/GPU: 23030 | learning rate: 2.335573E-05 | global batch size:   256 | lm loss: 2.212636E+00 | loss scale: 1.0 | grad norm: 0.190 | number of skipped iterations:   0 | number of nan iterations:   0 |
7: [default3]: [2026-05-24 07:18:39.908396] iteration     2104/    2293 | consumed samples:       538624 | elapsed time per iteration (ms): 1426.4 | throughput per GPU (TFLOP/s/GPU): 233.3 | tokens/sec/GPU: 22972 | learning rate: 2.332072E-05 | global batch size:   256 | lm loss: 2.186200E+00 | loss scale: 1.0 | grad norm: 0.192 | number of skipped iterations:   0 | number of nan iterations:   0 |
7: [default3]: [2026-05-24 07:18:45.640676] iteration     2105/    2293 | consumed samples:       538880 | elapsed time per iteration (ms): 5731.9 | throughput per GPU (TFLOP/s/GPU): 58.1 | tokens/sec/GPU: 5717 | learning rate: 2.328589E-05 | global batch size:   256 | lm loss: 2.228508E+00 | loss scale: 1.0 | grad norm: 0.188 | number of skipped iterations:   0 | number of nan iterations:   0 |
7: [default3]: [2026-05-24 07:18:47.047254] iteration     2106/    2293 | consumed samples:       539136 | elapsed time per iteration (ms): 1406.3 | throughput per GPU (TFLOP/s/GPU): 236.7 | tokens/sec/GPU: 23300 | learning rate: 2.325124E-05 | global batch size:   256 | lm loss: 2.217191E+00 | loss scale: 1.0 | grad norm: 0.188 | number of skipped iterations:   0 | number of nan iterations:   0 |
7: [default3]: [2026-05-24 07:18:48.470200] iteration     2107/    2293 | consumed samples:       539392 | elapsed time per iteration (ms): 1422.7 | throughput per GPU (TFLOP/s/GPU): 233.9 | tokens/sec/GPU: 23032 | learning rate: 2.321677E-05 | global batch size:   256 | lm loss: 2.199269E+00 | loss scale: 1.0 | grad norm: 0.190 | number of skipped iterations:   0 | number of nan iterations:   0 |
7: [default3]: [2026-05-24 07:18:49.898954] iteration     2108/    2293 | consumed samples:       539648 | elapsed time per iteration (ms): 1428.5 | throughput per GPU (TFLOP/s/GPU): 233.0 | tokens/sec/GPU: 22938 | learning rate: 2.318247E-05 | global batch size:   256 | lm loss: 2.154260E+00 | loss scale: 1.0 | grad norm: 0.190 | number of skipped iterations:   0 | number of nan iterations:   0 |
7: [default3]: [2026-05-24 07:18:52.228225] iteration     2109/    2293 | consumed samples:       539904 | elapsed time per iteration (ms): 2328.8 | throughput per GPU (TFLOP/s/GPU): 142.9 | tokens/sec/GPU: 14071 | learning rate: 2.314836E-05 | global batch size:   256 | lm loss: 2.212698E+00 | loss scale: 1.0 | grad norm: 0.194 | number of skipped iterations:   0 | number of nan iterations:   0 |
7: [default3]: [2026-05-24 07:18:53.644919] iteration     2110/    2293 | consumed samples:       540160 | elapsed time per iteration (ms): 1416.4 | throughput per GPU (TFLOP/s/GPU): 235.0 | tokens/sec/GPU: 23135 | learning rate: 2.311443E-05 | global batch size:   256 | lm loss: 2.164790E+00 | loss scale: 1.0 | grad norm: 0.188 | number of skipped iterations:   0 | number of nan iterations:   0 |
7: [default3]: [2026-05-24 07:18:55.070276] iteration     2111/    2293 | consumed samples:       540416 | elapsed time per iteration (ms): 1425.1 | throughput per GPU (TFLOP/s/GPU): 233.5 | tokens/sec/GPU: 22993 | learning rate: 2.308069E-05 | global batch size:   256 | lm loss: 2.237738E+00 | loss scale: 1.0 | grad norm: 0.189 | number of skipped iterations:   0 | number of nan iterations:   0 |
7: [default3]: [2026-05-24 07:18:56.501633] iteration     2112/    2293 | consumed samples:       540672 | elapsed time per iteration (ms): 1431.1 | throughput per GPU (TFLOP/s/GPU): 232.6 | tokens/sec/GPU: 22898 | learning rate: 2.304712E-05 | global batch size:   256 | lm loss: 2.245794E+00 | loss scale: 1.0 | grad norm: 0.194 | number of skipped iterations:   0 | number of nan iterations:   0 |
7: [default3]: [2026-05-24 07:18:59.628573] iteration     2113/    2293 | consumed samples:       540928 | elapsed time per iteration (ms): 3126.8 | throughput per GPU (TFLOP/s/GPU): 106.4 | tokens/sec/GPU: 10480 | learning rate: 2.301373E-05 | global batch size:   256 | lm loss: 2.167729E+00 | loss scale: 1.0 | grad norm: 0.189 | number of skipped iterations:   0 | number of nan iterations:   0 |
7: [default3]: [2026-05-24 07:19:01.035110] iteration     2114/    2293 | consumed samples:       541184 | elapsed time per iteration (ms): 1406.3 | throughput per GPU (TFLOP/s/GPU): 236.7 | tokens/sec/GPU: 23301 | learning rate: 2.298052E-05 | global batch size:   256 | lm loss: 2.203931E+00 | loss scale: 1.0 | grad norm: 0.189 | number of skipped iterations:   0 | number of nan iterations:   0 |
7: [default3]: [2026-05-24 07:19:02.455225] iteration     2115/    2293 | consumed samples:       541440 | elapsed time per iteration (ms): 1419.9 | throughput per GPU (TFLOP/s/GPU): 234.4 | tokens/sec/GPU: 23077 | learning rate: 2.294749E-05 | global batch size:   256 | lm loss: 2.120880E+00 | loss scale: 1.0 | grad norm: 0.187 | number of skipped iterations:   0 | number of nan iterations:   0 |
7: [default3]: [2026-05-24 07:19:04.218554] iteration     2116/    2293 | consumed samples:       541696 | elapsed time per iteration (ms): 1763.1 | throughput per GPU (TFLOP/s/GPU): 188.8 | tokens/sec/GPU: 18585 | learning rate: 2.291465E-05 | global batch size:   256 | lm loss: 2.210787E+00 | loss scale: 1.0 | grad norm: 0.189 | number of skipped iterations:   0 | number of nan iterations:   0 |
7: [default3]: [2026-05-24 07:19:06.945808] iteration     2117/    2293 | consumed samples:       541952 | elapsed time per iteration (ms): 2726.8 | throughput per GPU (TFLOP/s/GPU): 122.1 | tokens/sec/GPU: 12017 | learning rate: 2.288198E-05 | global batch size:   256 | lm loss: 2.166289E+00 | loss scale: 1.0 | grad norm: 1.014 | number of skipped iterations:   0 | number of nan iterations:   0 |
7: [default3]: [2026-05-24 07:19:08.357104] iteration     2118/    2293 | consumed samples:       542208 | elapsed time per iteration (ms): 1410.9 | throughput per GPU (TFLOP/s/GPU): 235.9 | tokens/sec/GPU: 23225 | learning rate: 2.284950E-05 | global batch size:   256 | lm loss: 2.206467E+00 | loss scale: 1.0 | grad norm: 0.223 | number of skipped iterations:   0 | number of nan iterations:   0 |
7: [default3]: [2026-05-24 07:19:09.779392] iteration     2119/    2293 | consumed samples:       542464 | elapsed time per iteration (ms): 1422.0 | throughput per GPU (TFLOP/s/GPU): 234.1 | tokens/sec/GPU: 23043 | learning rate: 2.281720E-05 | global batch size:   256 | lm loss: 2.141254E+00 | loss scale: 1.0 | grad norm: 0.188 | number of skipped iterations:   0 | number of nan iterations:   0 |
0: [2026-05-24T07:19:11.007] error: *** STEP 2355657.0 ON nid006244 CANCELLED AT 2026-05-24T07:19:11 DUE TO TIME LIMIT ***
[2026-05-24T07:19:11.008] error: *** JOB 2355657 ON nid006244 CANCELLED AT 2026-05-24T07:19:11 DUE TO TIME LIMIT ***
2: W0524 07:19:11.008000 223305 torch/distributed/elastic/agent/server/api.py:739] Received 15 death signal, shutting down workers
7: W0524 07:19:11.008000 283467 torch/distributed/elastic/agent/server/api.py:739] Received 15 death signal, shutting down workers
2: W0524 07:19:11.009000 223305 torch/distributed/elastic/multiprocessing/api.py:1010] Sending process 223797 closing signal SIGTERM
7: W0524 07:19:11.010000 283467 torch/distributed/elastic/multiprocessing/api.py:1010] Sending process 283957 closing signal SIGTERM
1: W0524 07:19:11.009000 162700 torch/distributed/elastic/agent/server/api.py:739] Received 15 death signal, shutting down workers
1: W0524 07:19:11.010000 162700 torch/distributed/elastic/multiprocessing/api.py:1010] Sending process 163220 closing signal SIGTERM
0: W0524 07:19:11.009000 126126 torch/distributed/elastic/agent/server/api.py:739] Received 15 death signal, shutting down workers
0: W0524 07:19:11.011000 126126 torch/distributed/elastic/multiprocessing/api.py:1010] Sending process 126633 closing signal SIGTERM
2: W0524 07:19:11.011000 223305 torch/distributed/elastic/multiprocessing/api.py:1010] Sending process 223798 closing signal SIGTERM
3: W0524 07:19:11.011000 175354 torch/distributed/elastic/agent/server/api.py:739] Received 15 death signal, shutting down workers
0: W0524 07:19:11.012000 126126 torch/distributed/elastic/multiprocessing/api.py:1010] Sending process 126634 closing signal SIGTERM
5: W0524 07:19:11.011000 95625 torch/distributed/elastic/agent/server/api.py:739] Received 15 death signal, shutting down workers
3: W0524 07:19:11.012000 175354 torch/distributed/elastic/multiprocessing/api.py:1010] Sending process 175861 closing signal SIGTERM
5: W0524 07:19:11.012000 95625 torch/distributed/elastic/multiprocessing/api.py:1010] Sending process 96131 closing signal SIGTERM
2: W0524 07:19:11.012000 223305 torch/distributed/elastic/multiprocessing/api.py:1010] Sending process 223799 closing signal SIGTERM
5: W0524 07:19:11.013000 95625 torch/distributed/elastic/multiprocessing/api.py:1010] Sending process 96132 closing signal SIGTERM
7: W0524 07:19:11.014000 283467 torch/distributed/elastic/multiprocessing/api.py:1010] Sending process 283958 closing signal SIGTERM
1: W0524 07:19:11.015000 162700 torch/distributed/elastic/multiprocessing/api.py:1010] Sending process 163221 closing signal SIGTERM
0: W0524 07:19:11.015000 126126 torch/distributed/elastic/multiprocessing/api.py:1010] Sending process 126635 closing signal SIGTERM
7: W0524 07:19:11.017000 283467 torch/distributed/elastic/multiprocessing/api.py:1010] Sending process 283957 closing signal SIGTERM
3: W0524 07:19:11.014000 175354 torch/distributed/elastic/multiprocessing/api.py:1010] Sending process 175862 closing signal SIGTERM
1: W0524 07:19:11.018000 162700 torch/distributed/elastic/multiprocessing/api.py:1010] Sending process 163222 closing signal SIGTERM
7: W0524 07:19:11.018000 283467 torch/distributed/elastic/multiprocessing/api.py:1010] Sending process 283958 closing signal SIGTERM
7: W0524 07:19:11.019000 283467 torch/distributed/elastic/multiprocessing/api.py:1010] Sending process 283959 closing signal SIGTERM
0: W0524 07:19:11.019000 126126 torch/distributed/elastic/multiprocessing/api.py:1010] Sending process 126636 closing signal SIGTERM
1: W0524 07:19:11.020000 162700 torch/distributed/elastic/multiprocessing/api.py:1010] Sending process 163223 closing signal SIGTERM
5: W0524 07:19:11.021000 95625 torch/distributed/elastic/multiprocessing/api.py:1010] Sending process 96133 closing signal SIGTERM
7: W0524 07:19:11.021000 283467 torch/distributed/elastic/multiprocessing/api.py:1010] Sending process 283960 closing signal SIGTERM
3: W0524 07:19:11.021000 175354 torch/distributed/elastic/multiprocessing/api.py:1010] Sending process 175863 closing signal SIGTERM
1: [default0]:Stack (most recent call first):
1: [default0]:  File "/usr/lib/python3.12/threading.py", line 359 in wait
1: [default0]:  File "/usr/lib/python3.12/threading.py", line 655 in wait
1: [default0]:  File "/usr/lib/python3.12/multiprocessing/managers.py", line 176 in serve_forever
1: [default0]:  File "/usr/lib/python3.12/multiprocessing/managers.py", line 599 in _run_server
1: [default0]:  File "/usr/lib/python3.12/multiprocessing/process.py", line 108 in run
1: [default0]:  File "/usr/lib/python3.12/multiprocessing/process.py", line 314 in _bootstrap
1: [default0]:  File "/usr/lib/python3.12/multiprocessing/spawn.py", line 135 in _main
1: [default0]:  File "/usr/lib/python3.12/multiprocessing/spawn.py", line 122 in spawn_main
1: [default0]:  File "<string>", line 1 in <module>
srun: Job step aborted: Waiting up to 32 seconds for job step to finish.
5: W0524 07:19:11.023000 95625 torch/distributed/elastic/multiprocessing/api.py:1010] Sending process 96131 closing signal SIGTERM
3: W0524 07:19:11.023000 175354 torch/distributed/elastic/multiprocessing/api.py:1010] Sending process 175864 closing signal SIGTERM
5: W0524 07:19:11.025000 95625 torch/distributed/elastic/multiprocessing/api.py:1010] Sending process 96132 closing signal SIGTERM
5: W0524 07:19:11.025000 95625 torch/distributed/elastic/multiprocessing/api.py:1010] Sending process 96133 closing signal SIGTERM
2: W0524 07:19:11.025000 223305 torch/distributed/elastic/multiprocessing/api.py:1010] Sending process 223797 closing signal SIGTERM
5: W0524 07:19:11.026000 95625 torch/distributed/elastic/multiprocessing/api.py:1010] Sending process 96134 closing signal SIGTERM
1: W0524 07:19:11.024000 162700 torch/distributed/elastic/multiprocessing/api.py:1010] Sending process 163220 closing signal SIGTERM
2: W0524 07:19:11.026000 223305 torch/distributed/elastic/multiprocessing/api.py:1010] Sending process 223798 closing signal SIGTERM
2: W0524 07:19:11.026000 223305 torch/distributed/elastic/multiprocessing/api.py:1010] Sending process 223799 closing signal SIGTERM
1: W0524 07:19:11.026000 162700 torch/distributed/elastic/multiprocessing/api.py:1010] Sending process 163221 closing signal SIGTERM
2: W0524 07:19:11.027000 223305 torch/distributed/elastic/multiprocessing/api.py:1010] Sending process 223800 closing signal SIGTERM
3: W0524 07:19:11.028000 175354 torch/distributed/elastic/multiprocessing/api.py:1010] Sending process 175861 closing signal SIGTERM
1: W0524 07:19:11.027000 162700 torch/distributed/elastic/multiprocessing/api.py:1010] Sending process 163222 closing signal SIGTERM
0: [default0]:Stack (most recent call first):
0: [default0]:  File "/usr/lib/python3.12/threading.py", line 359 in wait
0: [default0]:  File "/usr/lib/python3.12/threading.py", line 655 in wait
0: [default0]:  File "/usr/lib/python3.12/multiprocessing/managers.py", line 176 in serve_forever
3: W0524 07:19:11.029000 175354 torch/distributed/elastic/multiprocessing/api.py:1010] Sending process 175862 closing signal SIGTERM
0: W0524 07:19:11.029000 126126 torch/distributed/elastic/multiprocessing/api.py:1010] Sending process 126633 closing signal SIGTERM
1: W0524 07:19:11.030000 162700 torch/distributed/elastic/multiprocessing/api.py:1010] Sending process 163223 closing signal SIGTERM
0: [default0]:  File "/usr/lib/python3.12/multiprocessing/managers.py", line 599 in _run_server
0: [default0]:  File "/usr/lib/python3.12/multiprocessing/process.py", line 108 in run
0: [default0]:  File "/usr/lib/python3.12/multiprocessing/process.py", line 314 in _bootstrap
0: [default0]:  File "/usr/lib/python3.12/multiprocessing/spawn.py", line 135 in _main
0: [default0]:  File "/usr/lib/python3.12/multiprocessing/spawn.py", line 122 in spawn_main
0: [default0]:  File "<string>", line 1 in <module>
0: W0524 07:19:11.030000 126126 torch/distributed/elastic/multiprocessing/api.py:1010] Sending process 126634 closing signal SIGTERM
0: W0524 07:19:11.031000 126126 torch/distributed/elastic/multiprocessing/api.py:1010] Sending process 126635 closing signal SIGTERM
3: W0524 07:19:11.031000 175354 torch/distributed/elastic/multiprocessing/api.py:1010] Sending process 175863 closing signal SIGTERM
0: W0524 07:19:11.031000 126126 torch/distributed/elastic/multiprocessing/api.py:1010] Sending process 126636 closing signal SIGTERM
0: [default2]:Stack (most recent call first):
0: [default2]:  File "/usr/lib/python3.12/threading.py", line 359 in wait
0: [default2]:  File "/usr/lib/python3.12/threading.py", line 655 in wait
0: [default2]:  File "/usr/lib/python3.12/multiprocessing/managers.py", line 176 in serve_forever
0: [default2]:  File "/usr/lib/python3.12/multiprocessing/managers.py", line 599 in _run_server
0: [default2]:  File "/usr/lib/python3.12/multiprocessing/process.py", line 108 in run
0: [default2]:  File "/usr/lib/python3.12/multiprocessing/process.py", line 314 in _bootstrap
0: [default2]:  File "/usr/lib/python3.12/multiprocessing/spawn.py", line 135 in _main
0: [default2]:  File "/usr/lib/python3.12/multiprocessing/spawn.py", line 122 in spawn_main
0: [default2]:  File "<string>", line 1 in <module>
3: W0524 07:19:11.031000 175354 torch/distributed/elastic/multiprocessing/api.py:1010] Sending process 175864 closing signal SIGTERM
3: [default3]:Stack (most recent call first):
3: [default3]:  File "/usr/lib/python3.12/threading.py", line 359 in wait
3: [default3]:  File "/usr/lib/python3.12/threading.py", line 655 in wait
3: [default3]:  File "/usr/lib/python3.12/multiprocessing/managers.py", line 176 in serve_forever
3: [default3]:  File "/usr/lib/python3.12/multiprocessing/managers.py", line 599 in _run_server
3: [default3]:  File "/usr/lib/python3.12/multiprocessing/process.py", line 108 in run
3: [default3]:  File "/usr/lib/python3.12/multiprocessing/process.py", line 314 in _bootstrap
3: [default3]:  File "/usr/lib/python3.12/multiprocessing/spawn.py", line 135 in _main
3: [default3]:  File "/usr/lib/python3.12/multiprocessing/spawn.py", line 122 in spawn_main
3: [default3]:  File "<string>", line 1 in <module>
1: [default3]:Stack (most recent call first):
1: [default3]:  File "/usr/lib/python3.12/threading.py", line 359 in wait
1: [default3]:  File "/usr/lib/python3.12/threading.py", line 655 in wait
1: [default3]:  File "/usr/lib/python3.12/multiprocessing/managers.py", line 176 in serve_forever
1: [default3]:  File "/usr/lib/python3.12/multiprocessing/managers.py", line 599 in _run_server
1: [default3]:  File "/usr/lib/python3.12/multiprocessing/process.py", line 108 in run
1: [default3]:  File "/usr/lib/python3.12/multiprocessing/process.py", line 314 in _bootstrap
1: [default3]:  File "/usr/lib/python3.12/multiprocessing/spawn.py", line 135 in _main
1: [default2]:Stack (most recent call first):
1: [default2]:  File "/usr/lib/python3.12/threading.py", line 359 in wait
1: [default2]:  File "/usr/lib/python3.12/threading.py", line 655 in wait
1: [default2]:  File "/usr/lib/python3.12/multiprocessing/managers.py", line 176 in serve_forever
1: [default2]:  File "/usr/lib/python3.12/multiprocessing/managers.py", line 599 in _run_server
1: [default3]:  File "/usr/lib/python3.12/multiprocessing/spawn.py", line 122 in spawn_main
1: [default3]:  File "<string>", line 1 in <module>
1: [default2]:  File "/usr/lib/python3.12/multiprocessing/process.py", line 108 in run
1: [default2]:  File "/usr/lib/python3.12/multiprocessing/process.py", line 314 in _bootstrap
1: [default2]:  File "/usr/lib/python3.12/multiprocessing/spawn.py", line 135 in _main
1: [default2]:  File "/usr/lib/python3.12/multiprocessing/spawn.py", line 122 in spawn_main
1: [default2]:  File "<string>", line 1 in <module>
7: [default1]:Stack (most recent call first):
7: [default1]:  File "/usr/lib/python3.12/threading.py", line 359 in wait
7: [default1]:  File "/usr/lib/python3.12/threading.py", line 655 in wait
7: [default1]:  File "/usr/lib/python3.12/multiprocessing/managers.py", line 176 in serve_forever
7: [default1]:  File "/usr/lib/python3.12/multiprocessing/managers.py", line 599 in _run_server
7: [default1]:  File "/usr/lib/python3.12/multiprocessing/process.py", line 108 in run
7: [default1]:  File "/usr/lib/python3.12/multiprocessing/process.py", line 314 in _bootstrap
7: [default1]:  File "/usr/lib/python3.12/multiprocessing/spawn.py", line 135 in _main
7: [default1]:  File "/usr/lib/python3.12/multiprocessing/spawn.py", line 122 in spawn_main
7: [default1]:  File "<string>", line 1 in <module>
7: [default0]:Stack (most recent call first):
7: [default0]:  File "/usr/lib/python3.12/threading.py", line 359 in wait
7: [default0]:  File "/usr/lib/python3.12/threading.py", line 655 in wait
7: [default0]:  File "/usr/lib/python3.12/multiprocessing/managers.py", line 176 in serve_forever
7: [default0]:  File "/usr/lib/python3.12/multiprocessing/managers.py", line 599 in _run_server
7: [default0]:  File "/usr/lib/python3.12/multiprocessing/process.py", line 108 in run
7: [default0]:  File "/usr/lib/python3.12/multiprocessing/process.py", line 314 in _bootstrap
7: [default0]:  File "/usr/lib/python3.12/multiprocessing/spawn.py", line 135 in _main
7: [default0]:  File "/usr/lib/python3.12/multiprocessing/spawn.py", line 122 in spawn_main
7: [default0]:  File "<string>", line 1 in <module>
0: [default1]:Stack (most recent call first):
0: [default1]:  File "/usr/lib/python3.12/threading.py", line 359 in wait
0: [default1]:  File "/usr/lib/python3.12/threading.py", line 655 in wait
0: [default1]:  File "/usr/lib/python3.12/multiprocessing/managers.py", line 176 in serve_forever
0: [default1]:  File "/usr/lib/python3.12/multiprocessing/managers.py", line 599 in _run_server
0: [default1]:  File "/usr/lib/python3.12/multiprocessing/process.py", line 108 in run
0: [default1]:  File "/usr/lib/python3.12/multiprocessing/process.py", line 314 in _bootstrap
0: [default1]:  File "/usr/lib/python3.12/multiprocessing/spawn.py", line 135 in _main
0: [default1]:  File "/usr/lib/python3.12/multiprocessing/spawn.py", line 122 in spawn_main
0: [default1]:  File "<string>", line 1 in <module>
