START TIME: $(date)
[Tue May 26 02:44:57 PM CEST 2026] WANDB disabled.
CMD: torchrun --nproc-per-node 4 --nnodes 8 --rdzv_endpoint nid007249:25678 --rdzv_backend c10d --max_restarts 0 --tee 3 /iopsstor/scratch/cscs/course_00179/lsaie-ss26-gipfelsturm/Megatron-LM/pretrain_gpt.py     --transformer-impl transformer_engine --use-precision-aware-optimizer --main-grads-dtype bf16 --fp8-format hybrid --fp8-margin 0 --fp8-amax-history-len 1024 --fp8-amax-compute-algo max     --num-layers 24 --hidden-size 1536 --ffn-hidden-size 4096 --num-attention-heads 16 --group-query-attention --num-query-groups 4 --max-position-embeddings 4096 --position-embedding-type rope --normalization RMSNorm --swiglu --untie-embeddings-and-output-weights --seq-length 4096 --use-mcore-models     --micro-batch-size 4 --global-batch-size 1024 --train-iters 909 --log-interval 1 --eval-interval 909 --eval-iters 10 --cross-entropy-loss-fusion --disable-bias-linear --optimizer adam --dataloader-type single --no-check-for-nan-in-loss-and-grad --manual-gc --manual-gc-interval 50 --exit-signal-handler --recompute-granularity selective     --attention-dropout 0.0 --hidden-dropout 0.0 --weight-decay 0.1 --clip-grad 1.0 --adam-beta1 0.9 --adam-beta2 0.95     --lr 2e-4 --min-lr 2e-5 --lr-decay-style cosine --lr-decay-iters 909 --lr-warmup-iters 100     --seed 42 --init-method-std 0.02     --bf16     --tensor-model-parallel-size 1 --pipeline-model-parallel-size 1 --use-distributed-optimizer --overlap-grad-reduce --overlap-param-gather     --log-throughput --log-progress --tensorboard-dir /iopsstor/scratch/cscs/course_00179/gipfelsturm/gipfelsturm/train-760m-8n/tensorboard --log-timers-to-tensorboard --log-memory-to-tensorboard     --save /iopsstor/scratch/cscs/course_00179/gipfelsturm/gipfelsturm/train-760m-8n/checkpoints --save-interval 500     --tokenizer-type GPT2BPETokenizer --vocab-file /iopsstor/scratch/cscs/course_00179/lsaie-ss26-gipfelsturm/data/gpt2-vocab.json --merge-file /iopsstor/scratch/cscs/course_00179/lsaie-ss26-gipfelsturm/data/gpt2-merges.txt     --data-path /capstor/store/cscs/swissai/infra01/datasets/nvidia/Nemotron-ClimbMix/climbmix_small_megatron/climbmix_small --data-cache-path /iopsstor/scratch/cscs/course_00179/gipfelsturm/cache --split 99,1,0 --num-workers 16
0: [default0]:/usr/local/lib/python3.12/dist-packages/torch/library.py:357: UserWarning: Warning only once for all operators,  other operators may also be overridden.
0: [default0]:  Overriding a previously registered kernel for the same operator and the same dispatch key
0: [default0]:  operator: flash_attn::_flash_attn_backward(Tensor dout, Tensor q, Tensor k, Tensor v, Tensor out, Tensor softmax_lse, Tensor(a6!)? dq, Tensor(a7!)? dk, Tensor(a8!)? dv, float dropout_p, float softmax_scale, bool causal, SymInt window_size_left, SymInt window_size_right, float softcap, Tensor? alibi_slopes, bool deterministic, Tensor? rng_state=None) -> Tensor
0: [default0]:    registered at /usr/local/lib/python3.12/dist-packages/torch/_library/custom_ops.py:926
0: [default0]:  dispatch key: ADInplaceOrView
0: [default0]:  previous kernel: no debug info
0: [default0]:       new kernel: registered at /usr/local/lib/python3.12/dist-packages/torch/_library/custom_ops.py:926 (Triggered internally at /opt/pytorch/pytorch/aten/src/ATen/core/dispatch/Op
0: eratorEntry.cpp:208.)
0: [default0]:  self.m.impl(
1: [default1]:[W526 14:45:41.077883936 ProcessGroupNCCL.cpp:941] Warning: TORCH_NCCL_AVOID_RECORD_STREAMS is the default now, this environment variable is thus deprecated. (function operator())
1: [default2]:[W526 14:45:41.078550347 ProcessGroupNCCL.cpp:941] Warning: TORCH_NCCL_AVOID_RECORD_STREAMS is the default now, this environment variable is thus deprecated. (function operator())
1: [default0]:[W526 14:45:41.077883456 ProcessGroupNCCL.cpp:941] Warning: TORCH_NCCL_AVOID_RECORD_STREAMS is the default now, this environment variable is thus deprecated. (function operator())
5: [default1]:[W526 14:45:41.846469479 ProcessGroupNCCL.cpp:941] Warning: TORCH_NCCL_AVOID_RECORD_STREAMS is the default now, this environment variable is thus deprecated. (function operator())
5: [default3]:[W526 14:45:41.830005264 ProcessGroupNCCL.cpp:941] Warning: TORCH_NCCL_AVOID_RECORD_STREAMS is the default now, this environment variable is thus deprecated. (function operator())
5: [default0]:[W526 14:45:41.806759151 ProcessGroupNCCL.cpp:941] Warning: TORCH_NCCL_AVOID_RECORD_STREAMS is the default now, this environment variable is thus deprecated. (function operator())
2: [default2]:[W526 14:45:41.967414984 ProcessGroupNCCL.cpp:941] Warning: TORCH_NCCL_AVOID_RECORD_STREAMS is the default now, this environment variable is thus deprecated. (function operator())
2: [default0]:[W526 14:45:41.979707933 ProcessGroupNCCL.cpp:941] Warning: TORCH_NCCL_AVOID_RECORD_STREAMS is the default now, this environment variable is thus deprecated. (function operator())
2: [default1]:[W526 14:45:41.979737468 ProcessGroupNCCL.cpp:941] Warning: TORCH_NCCL_AVOID_RECORD_STREAMS is the default now, this environment variable is thus deprecated. (function operator())
2: [default3]:[W526 14:45:41.979711133 ProcessGroupNCCL.cpp:941] Warning: TORCH_NCCL_AVOID_RECORD_STREAMS is the default now, this environment variable is thus deprecated. (function operator())
6: [default0]:[W526 14:45:41.386874543 ProcessGroupNCCL.cpp:941] Warning: TORCH_NCCL_AVOID_RECORD_STREAMS is the default now, this environment variable is thus deprecated. (function operator())
6: [default1]:[W526 14:45:41.386874319 ProcessGroupNCCL.cpp:941] Warning: TORCH_NCCL_AVOID_RECORD_STREAMS is the default now, this environment variable is thus deprecated. (function operator())
6: [default3]:[W526 14:45:41.389380291 ProcessGroupNCCL.cpp:941] Warning: TORCH_NCCL_AVOID_RECORD_STREAMS is the default now, this environment variable is thus deprecated. (function operator())
3: [default0]:[W526 14:45:43.779062334 ProcessGroupNCCL.cpp:941] Warning: TORCH_NCCL_AVOID_RECORD_STREAMS is the default now, this environment variable is thus deprecated. (function operator())
3: [default1]:[W526 14:45:43.780745555 ProcessGroupNCCL.cpp:941] Warning: TORCH_NCCL_AVOID_RECORD_STREAMS is the default now, this environment variable is thus deprecated. (function operator())
3: [default3]:[W526 14:45:43.779062142 ProcessGroupNCCL.cpp:941] Warning: TORCH_NCCL_AVOID_RECORD_STREAMS is the default now, this environment variable is thus deprecated. (function operator())
4: [default3]:[W526 14:45:44.633039257 ProcessGroupNCCL.cpp:941] Warning: TORCH_NCCL_AVOID_RECORD_STREAMS is the default now, this environment variable is thus deprecated. (function operator())
4: [default2]:[W526 14:45:44.606951454 ProcessGroupNCCL.cpp:941] Warning: TORCH_NCCL_AVOID_RECORD_STREAMS is the default now, this environment variable is thus deprecated. (function operator())
4: [default0]:[W526 14:45:44.637413437 ProcessGroupNCCL.cpp:941] Warning: TORCH_NCCL_AVOID_RECORD_STREAMS is the default now, this environment variable is thus deprecated. (function operator())
4: [default1]:[W526 14:45:44.630161355 ProcessGroupNCCL.cpp:941] Warning: TORCH_NCCL_AVOID_RECORD_STREAMS is the default now, this environment variable is thus deprecated. (function operator())
0: [default0]:using world size: 32, data-parallel size: 32, context-parallel size: 1, hierarchical context-parallel sizes: None, tensor-model-parallel size: 1, pipeline-model-parallel size: 1
0: [default0]:Number of virtual stages per pipeline stage: None
0: [default0]:using torch.bfloat16 for parameters ...
0: [default0]:------------------------ arguments ------------------------
0: [default0]:  account_for_embedding_in_pipeline_split ......... False
0: [default0]:  account_for_loss_in_pipeline_split .............. False
0: [default0]:  accumulate_allreduce_grads_in_fp32 .............. False
0: [default0]:  activation_func_clamp_value ..................... None
0: [default0]:  adam_beta1 ...................................... 0.9
0: [default0]:  adam_beta2 ...................................... 0.95
0: [default0]:  adam_eps ........................................ 1e-08
0: [default0]:  add_bias_linear ................................. False
0: [default0]:  add_position_embedding .......................... True
0: [default0]:  add_qkv_bias ..........
0: .......................... False
0: [default0]:  adlr_autoresume ................................. False
0: [default0]:  adlr_autoresume_interval ........................ 1000
0: [default0]:  align_grad_reduce ............................... True
0: [default0]:  align_param_gather .............................. False
0: [default0]:  allow_ambiguous_pad_tokens ...................... False
0: [default0]:/iopsstor/scratch/cscs/course_00179/lsaie-ss26-gipfelsturm/Megatron-LM/megatron/training/utils.py:411: UserWarning: Overriding default arguments for tokenizer_type:GPT2BPETokenizer with tokenizer_type:GPT2BPETokenizer
0: [default0]:  warnings.warn(message)
0: [default0]:  app_tag_run_name ................................ None
0: [default0]:  app_tag_run_version ............................. 0.0.0
0: [default0]:  apply_query_key_layer_scaling ................... False
0: [default0]:  apply_residual_connection_post_layernorm ........ False
0: [default0]:  apply_rope_fusion ............................... True
0: [default0]:  apply_wd_to_qk_layernorm ........................ False
0: [default0]:  async_save ...................................... False
0: [default0]:  async_tensor_model_parallel_allreduce ........... True
0: [default0]:  attention_backend ............................... AttnBackend.auto
0: [default0]:  attention_dropout ............................... 0.0
0: [default0]:  attention_output_gate ........................... False
0: [default0]:  attention_softmax_in_fp32 ....................... False
0: [default0]:  auto_detect_ckpt_format ......................... False
0: [default0]:  barrier_with_L1_time ............................ True
0: [default0]:  batch_invariant_mode ...................
0: ......... False
0: [default0]:  bert_binary_head ................................ True
0: [default0]:  bert_embedder_type .............................. megatron
0: [default0]:  bert_load ....................................... None
0: [default0]:  bf16 ............................................ True
0: [default0]:  bias_dropout_fusion ............................. True
0: [default0]:  bias_gelu_fusion ................................ False
0: [default0]:  bias_swiglu_fusion .............................. True
0: [default0]:  biencoder_projection_dim ........................ 0
0: [default0]:  biencoder_shared_query_context_model ............ False
0: [default0]:  block_data_path ................................. None
0: [default0]:  cache_mla_latents ............................... False
0: [default0]:  calc_ft_timeouts ................................ False
0: [default0]:  calculate_per_token_loss ........................ False
0: [default0]:  check_for_large_grads ........................... False
0: [default0]:  check_for_nan_in_loss_and_grad .................. False
0: [default0]:  check_for_spiky_loss ............................ False
0: [default0]:  check_weight_hash_across_dp_replicas_interval ... None
0: [default0]:  ckpt_assume_constant_structure .................. False
0: [default0]:  ckpt_convert_format ............................. None
0: [default0]:  ckpt_convert_save ............................... None
0: [default0]:  ckpt_convert_update_legacy_dist_opt_format ...... False
0: [default0]:  ckpt_format ..................................... torch_dist
0: [default0]:  ckpt_fully_parallel_load ........................ False
0: [default0]:  ckpt_fully_parallel_save ........................ True
0: [default0]:  ckpt_fully_parallel_save_deprecated ........
0: ..... False
0: [default0]:  ckpt_step ....................................... None
0: [default0]:  classes_fraction ................................ 1.0
0: [default0]:  clip_grad ....................................... 1.0
0: [default0]:  clone_scatter_output_in_embedding ............... True
0: [default0]:  config_logger_dir ............................... 
0: [default0]:  consumed_train_samples .......................... 0
0: [default0]:  consumed_valid_samples .......................... 0
0: [default0]:  context_parallel_size ........................... 1
0: [default0]:  cp_comm_type .................................... ['p2p']
0: [default0]:  cpu_offloading_num_layers ....................... 0
0: [default0]:  create_all_gather_group ......................... False
0: [default0]:  create_attention_mask_in_dataloader ............. True
0: [default0]:  cross_entropy_fusion_impl ....................... native
0: [default0]:  cross_entropy_loss_fusion ....................... True
0: [default0]:  cuda_graph_impl ................................. none
0: [def
0: ault0]:  cuda_graph_scope ................................ []
0: [default0]:  cuda_graph_warmup_steps ......................... 3
0: [default0]:  data_args_path .................................. None
0: [default0]:  data_cache_path ................................. /iopsstor/scratch/cscs/course_00179/gipfelsturm/cache
0: [default0]:  data_parallel_random_init ....................... False
0: [default0]:  data_parallel_sharding_strategy ................. no_shard
0: [default0]:  data_parallel_size .............................. 32
0: [default0]:  data_path ....................................... ['/capstor/store/cscs/swissai/infra01/datasets/nvidia/Nemotron-ClimbMix/climbmix_small_megatron/climbmix_small']
0: [default0]:  data_per_class_fraction ......................... 1.0
0: [default0]:  data_sharding ................................... True
0: [default0]:  dataloader_defer_npy_index_mmap ................. False
0: [default0]:  dataloader_fast_cache_load ...................... False
0: [default0]:  dataloader_type ...........................
0: ...... single
0: [default0]:  ddp_average_in_collective ....................... False
0: [default0]:  ddp_bucket_size ................................. None
0: [default0]:  ddp_num_buckets ................................. None
0: [default0]:  ddp_pad_buckets_for_high_nccl_busbw ............. False
0: [default0]:  ddp_reduce_scatter_with_fp32_accumulation ....... False
0: [default0]:  decode_only_cuda_graphs ......................... False
0: [default0]:  decoder_first_pipeline_num_layers ............... None
0: [default0]:  decoder_last_pipeline_num_layers ................ None
0: [default0]:  decoder_num_layers .............................. None
0: [default0]:  decoder_seq_length .............................. None
0: [default0]:  decoupled_lr .................................... None
0: [default0]:  decoupled_min_lr ................................ None
0: [default0]:  decrease_batch_size_if_needed ................... False
0: [default0]:  defer_embedding_wgrad_compute ................... False
0: [default0]:  delay_wgrad_compute ............................. False
0: [default0]:  deprecated_use_mcore_models ..................... True
0: [default0]:  deterministic_mode .............................. False
0: [default0]:  dino_bottleneck_size ............................ 256
0: [default0]:  dino_freeze_last_layer .......................... 1
0: [default0]:  dino_head_hidden_size ........................... 2048
0: [default0]:  dino_local_crops_number ......................... 10
0: [default0]:  dino_local_img_size ............................. 96
0: [default0]:  dino_norm_last_layer ............................ False
0: [default0]:  dino_teacher_temp ............................... 0.07
0: [default0]:  dino_warmup_teacher_temp ........................ 0.04
0: [default0]:  dino_warmup_teacher_temp_epochs ................. 30
0: [default0]:  disable_bf16_reduced_precision_matmul ........... False
0: [default0]:  disable_chunked_prefill ......................... True
0: [default0]:  disable_jit_fuser ............................... False
0: [default0]:  disable_straggler_on_startup .................... False
0: [default0]:  disable_symmetric_registration .................. False
0: [default0]:  dist_ckpt_format_deprecated ..................... None
0: [default0]:  dist_ckpt_optim_fully_reshardable ............... False
0: [default0]:  dist_ckpt_save_pre_mcore_014 .................... False
0: [default0]:  dist_ckpt_strictness ............................ assume_ok_unexpected
0: [default0]:  distrib_optim_fully_reshardable_mem_efficient ... False
0: [default0]:  distribute_saved_activations .................... False
0: [default0]:  distributed_backend ............................. nccl
0: [default0]:  distributed_timeout_minutes ..................... 10
0: [default0]:  distributed_timeout_seconds_after_init .......... None
0: [default0]:  dsa_indexer_head_dim ............................ None
0: [default0]:  dsa_indexer_loss_coeff ...............
0: ........... None
0: [default0]:  dsa_indexer_n_heads ............................. None
0: [default0]:  dsa_indexer_topk ................................ None
0: [default0]:  dsa_indexer_use_sparse_loss ..................... False
0: [default0]:  dump_param_to_param_group_map ................... None
0: [default0]:  embedding_init_method_std ....................... None
0: [default0]:  embedding_path .................................. None
0: [default0]:  empty_unused_memory_level ....................... 0
0: [default0]:  enable_cuda_graph ............................... False
0: [default0]:  enable_experimental ............................. False
0: [default0]:  enable_ft_package ............................... False
0: [default0]:  enable_full_sharding_in_hsdp .................... False
0: [default0]:  enable_gloo_process_groups ...................... True
0: [default0]:  enable_gpt_oss .................................. False
0: [default0]:  enable_msc ...................................... True
0: [default0]:  enable_one_logger ............................... True
0: [default0]:  encoder_num_layers .............................. 24
0: [default0]:  encoder_seq_length .............................. 4096
0: [default0]:  end_weight_decay ................................ 0.1
0: [default0]:  eod_mask_loss ................................... False
0: [default0]:  ep_overlap_early_attn_memory_release ............ False
0: [default0]:  error_injection_rate ............................ 0
0: [default0]:  error_injection_type ............................ transient_error
0: [default0]:  eval_interval ................................... 909
0: [default0]:  eval_iters ...................................... 10
0: [default0]:  evidence_data_path .............................. None
0: [default0]:  exit_duration_in_mins ........................... None
0: [default0]:  exit_interval ................................... None
0: [default0]:  exit_on_missing_checkpoint ...................... False
0: [default0]:  exit_signal ..................................... 15
0: [default0]:  exit_signal_handler ............................. True
0: [default0]:  exit_signal_handler_for_dataloader .............. False
0: [default0]:  exp_avg_dtype ................................... torch.float32
0: [default0]:  exp_avg_sq_dtype ................................ torch.float32
0: [default0]:  experimental_attention_variant .................. None
0: [default0]:  expert_model_parallel_size ...................... 1
0: [default0]:  expert_tensor_parallel_size ..................... 1
0: [default0]:  export_force_local_attention .................... False
0: [default0]:  export_kd_cfg ................................... None
0: [default0]:  export_kd_teacher_ckpt_format ................... None
0: [default0]:  export_kd_teacher_load .......................... None
0: [default0]:  export_kd_teacher_model_config .................. None
0: [default0]:  export_kv_cache_quant ........................... none
0: [default0]:  export_legacy_megatron .......................... False
0: [default0]:  export_model_type ............................... GPTModel
0: [default0]:  export_moe_apply_probs_on_input ................. False
0: [default0]:  export_offline_model ............................ False
0: [default0]:  export_qk_l2_norm ............................... False
0: [default0]:  export_quant_cfg ................................ None
0: [default0]:  export_real_quant_cfg ........................... None
0: [default0]:  export_te_mcore_model ........................... False
0: [default0]:  external_cuda_graph ............................. False
0: [default0]:  fake_process_group .............................. False
0: [default0]:  ffn_hidden_size ................................. 4096
0: [default0]:  fim_data ........................................ False
0: [default0]:  fim_eod_token ................................... <|endoftext|>
0: [default0]:  fim_fragment_rate ............................... None
0: [default0]:  fim_middle_token ................................ <fim_middle>
0: [default0]:  fim_no_prefix ................................... None
0: [default0]:  fim_pad_token ................................... <fim_pad>
0: [default0]:  fim_prefix_token ................................ <fim_prefix>
0: [default0]:  fim_rate ........................................ 0.5
0: [default0]:  fim_split_sample ................................ None
0: [default0]:  fim_spm_rate .................................... 0.5
0: [default0]:  fim_suffix_token ................................ <fim_suffix>
0: [default0]:  fine_grained_activation_offloading .............. False
0: [default0]:  finetune ........................................ False
0: [default0]:  finetune_data_split ............................. train
0: [default0]:  finetune_hf_dataset ............................. None
0: [default0]:  first_last_layers_bf16 .......................... False
0: [default0]:  flash_decode .................................... False
0: [default0]:  fp16 ............................................ False
0: [default0]:  fp16_lm_cross_entropy ........................... False
0: [default0]:  fp32_residual_connection ........................ False
0: [default0]:  fp4 ............................................. None
0: [default0]:  fp4_param ....................................... False
0: [default0]:  fp4_quantizer_factory ........................... None
0: [default0]:  fp4_recipe ...................................... nvfp4
0: [default0]:  fp8 ............................................. hybrid
0: [default0]:  fp8_amax_compute_algo ........................... max
0: [default0]:  fp8_amax_history_len ............................ 1024
0: [default0]:  fp8_interval .................................... 1
0: [default0]:  fp8_margin ...................................... 0
0: [default0]:  fp8_param_gather ................................ False
0: [default0]:  fp8_quantizer_factory ........................... None
0: [default0]:  fp8_recipe ...................................... delayed
0: [default0]:  fp8_wgrad ....................................... True
0: [default0]:  fsdp_double_buffer .............................. False
0: [default0]:  fsdp_manual_registration ........................ False
0: [default0]:  ft_num_warmup_iters ............................. 5
0: [default0]:  full_validation ................................. False
0: [default0]:  global_batch_size ............................... 1024
0: [default0]:  glu_linear_offset ............................... 0.0
0: [default0]:  grad_reduce_in_bf16 ............................. False
0: [default0]:  gradient_accumulation_fusion .................... True
0: [default0]:  gradient_reduce_div_fusion ...................... True
0: [default0]:  group_query_attention ........................... True
0: [default0]:  grpo_clamp_eps_lower ............................ 0.01
0: [default0]:  grpo_clamp_eps_upper ............................ 0.01
0: [default0]:  grpo_entropy_term_weight ........................ 0.0
0: [default0]:  grpo_filter_groups_with_same_reward ............. False
0: [default0]:  grpo_group_size ................................. 2
0: [default0]:  grpo_iterations ................................. 2
0: [default0]:  grpo_kl_beta .................................... 0.001
0: [default0]:  grpo_prompts_per_step ........................... 32
0: [default0]:  head_lr_mult .................................... 1.0
0: [default0]:  heterogeneous_layers_config_encoded_json ........ None
0: [default0]:  heterogeneous_layers_config_path ................ None
0: [default0]:  hidden_dropout .................................. 0.0
0: [default0]:  hidden_size ..................................... 1536
0: [default0]:  hierarchical_context_parallel_sizes ............. None
0: [default0]:  high_priority_stream_groups ..................... []
0: [default0]:  hybrid_attention_ratio .......................... 0.0
0: [default0]:  hybrid_context_parallel ......................... False
0: [default0]:  hybrid_mlp_ratio ................................ 0.0
0: [default0]:  hybrid_override_pattern ......................... None
0: [default0]:  hysteresis ...................................... 2
0: [default0]:  ict_head_size ................................... None
0: [default0]:  ict_load ........................................ None
0: [default0]:  img_h ........................................... 224
0: [default0]:  img_w ........................................... 224
0: [default0]:  indexer_batch_size .............................. 128
0: [default0]:  indexer_log_interval ............................ 1000
0: [default0]:  inference_batch_times_seqlen_threshold .......... -1
0: [default0]:  inference_coordinator_port ...................... 12346
0: [default0]:  inference_dynamic_batching ...................... False
0: [default0]:  inference_dynamic_batching_block_size ........... 256
0: [default0]:  inference_dynamic_batching_buffer_size_gb ....... 40.0
0: [default0]:  inference_dynamic_batching_cuda_graph_max_tokens  16384
0: [default0]:  inference_dynamic_batching_cuda_graph_mixed_prefill_count  16
0: [default0]:  inference_dynamic_batching_max_requests ......... None
0: [default0]:  inference_dynamic_batching_max_tokens ........... None
0: [default0]:  inference_dynamic_batching_num_cuda_graphs ...... 16
0: [default0]:  inference_dynamic_batching_paused_buffer_size_gb  None
0: [default0]:  inference_dynamic_batching_track_paused_request_events  False
0: [default0]:  inference_dynamic_batching_unified_memory_level . 0
0: [default0]:  inference_fuse_tp_communication ................. False
0: [default0]:  inference_logging_step_interval ................. 0
0: [default0]:  inference_max_batch_size ........................ 8
0: [default0]:  inference_max_seq_length ........................ 2560
0: [default0]:  inference_rng_tracker ........................... False
0: [default0]:  inference_wandb_logging ......................... False
0: [default0]:  init_method_std ................................. 0.02
0: [default0]:  init_method_xavier_uniform ...................... False
0: [default0]:  init_model_with_meta_device ..................... False
0: [default0]:  initial_loss_scale .............................. 4294967296
0: [default0]:  inprocess_active_world_size ..................... 32
0: [default0]:  inprocess_barrier_timeout ....................... 120
0: [default0]:  inprocess_completion_timeout .................... 120
0: [default0]:  inprocess_empty_cuda_cache ...................... False
0: [default0]:  inprocess_granularity ........................... node
0: [default0]:  inprocess_hard_timeout .......................... 90
0: [default0]:  inprocess_heartbeat_interval .................... 30
0: [default0]:  inprocess_heartbeat_timeout ..................... 60
0: [default0]:  inprocess_last_call_wait ........................ 1
0: [default0]:  inprocess_max_iterations ........................ None
0: [default0]:  inprocess_monitor_process_interval .............. 1.0
0: [default0]:  inprocess_monitor_thread_interval ............... 1.0
0: [default0]:  inprocess_progress_watchdog_interval ............ 1.0
0: [default0]:  inprocess_restart ............................... False
0: [default0]:  inprocess_soft_timeout .......................... 60
0: [default0]:  inprocess_termination_grace_time ................ 1
0: [default0]:  is_hybrid_model ................................. False
0: [default0]:  iter_per_epoch .................................. 1250
0: [default0]:  iterations_to_skip .............................. []
0: [default0]:  keep_fp8_transpose_cache ........................ False
0: [default0]:  kitchen_attention_backend ....................... sdpa
0: [default0]:  kv_channels ..................................... 96
0: [default0]:  kv_lora_rank .................................... 32
0: [default0]:  langrl_env_config ............................... None
0: [default0]:  langrl_external_server .......................... False
0: [default0]:  langrl_inference_server_conversation_template ... None
0: [default0]:  langrl_inference_server_type .................... inplace_megatron
0: [default0]:  layernorm_epsilon ............................... 1e-05
0: [default0]:  layernorm_zero_centered_gamma ................... False
0: [default0]:  lazy_mpu_init ................................... None
0: [default0]:  legacy_tokenizer ................................ False
0: [default0]:  linear_attention_freq ........................... None
0: [default0]:  linear_conv_kernel_dim .......................... 4
0: [default0]:  linear_key_head_dim ............................. 128
0: [default0]:  linear_num_key_heads ............................ 16
0: [default0]:  linear_num_value_heads .......................... 32
0: [default0]:  linear_value_head_dim ........................... 128
0: [default0]:  load ............................................ None
0: [default0]:  load_main_params_from_ckpt ...................... Fa
0: lse
0: [default0]:  local_rank ...................................... 0
0: [default0]:  log_device_memory_used .......................... False
0: [default0]:  log_energy ...................................... False
0: [default0]:  log_interval .................................... 1
0: [default0]:  log_loss_scale_to_tensorboard ................... True
0: [default0]:  log_max_attention_logit ......................... False
0: [default0]:  log_memory_interval ............................. None
0: [default0]:  log_memory_to_tensorboard ....................... True
0: [default0]:  log_num_zeros_in_grad ........................... False
0: [default0]:  log_params_norm ................................. False
0: [default0]:  log_progress .................................... True
0: [default0]:  log_straggler ................................... False
0: [default0]:  log_throughput .................................. True
0: [default0]:  log_timers_to_tensorboard ....................... True
0: [default0]:  log_validation_ppl_to_tensorboard ............... False
0: [default0]:  log_world_size_to_tensorboard ................... False
0: [default0]:  logging_level ................................... None
0: [default0]:  loss_scale ...................................... None
0: [default0]:  loss_scale_window ............................... 1000
0: [default0]:  lr .............................................. 0.0002
0: [default0]:  lr_decay_iters .................................. 909
0: [default0]:  lr_decay_samples ................................ None
0: [default0]:  lr_decay_style .................................. cosine
0: [default0]:  lr_warmup_fraction .............................. None
0: [default0]:  lr_warmup_init .................................. 0.0
0: [default0]:  lr_warmup_iters ................................. 100
0: [default0]:  lr_warmup_samples ............................... 0
0: [default0]:  lr_wsd_decay_iters .............................. None
0: [default0]:  lr_wsd_decay_samples ............................ None
0: [default0]:  lr_wsd_decay_style .............................. exponential
0: [default0]:  main_grads_dtype ................................ torch.bfloat16
0: [default0]:  main_params_dtype ............................... torch.float32
0: [default0]:  make_vocab_size_divisible_by .................... 128
0: [default0]:  mamba_head_dim .................................. 64
0: [default0]:  mamba_num_groups ................................ 8
0: [default0]:  mamba_num_heads ................................. None
0: [default0]:  mamba_state_dim ................................. 128
0: [default0]:  manual_gc ....................................... True
0: [default0]:  manual_gc_eval .................................. True
0: [default0]:  manual_gc_interval .............................. 50
0: [default0]:  mask_factor ..................................... 1.0
0: [default0]:  mask_prob ....................................... 0.15
0: [default0]:  mask_type ....................................... random
0: [default0]:  masked_softmax_fusion ........................... True
0: [default0]:  max_position_embeddings ......................... 4096
0: [default0]:  max_seqlen_per_dp_cp_rank ....................... None
0: [default0]:  max_tokens_to_oom ............................... 12000
0: [default0]:  memory_snapshot_path ............................ snapshot.pickle
0: [default0]:  merge_file ...................................... /iopsstor/scratch/cscs/course_00179/lsaie-ss26-gipfelsturm/data/gpt2-merges.txt
0: [default0]:  micro_batch_size ................................ 4
0: [default0]:  microbatch_group_size_per_vp_stage .............. None
0: [default0]:  mid_level_dataset_surplus ....................... 0.005
0: [default0]:  min_loss_scale .................................. 1.0
0: [default0]:  min_lr .......................................... 2e-05
0: [default0]:  min_offloaded_tensor_size ....................... 1048576
0: [default0]:  mlp_chunks_for_prefill .......................... 1
0: [default0]:  mmap_bin_files .................................. True
0: [default0]:  mock_data ....................................... False
0: [default0]:  modelopt_enabled ................................ False
0: [default0]:  moe_apply_probs_on_input ........................ False
0: [default0]:  moe_aux_loss_coeff .............................. 0.0
0: [default0]:  moe_deepep_num_sms .............................. 20
0: [default0]:  moe_enable_deepep ............................... False
0: [default0]:  moe_enable_routing_replay ....................... False
0: [default0]:  moe_expert_capacity_factor ...................... None
0: [default0]:  moe_extended_tp ................................. False
0: [default0]:  moe_ffn_hidden_size ............................. None
0: [default0]:  moe_flex_dispatcher_backend ..................... deepep
0: [default0]:  moe_grouped_gemm ................................ False
0: [default0]:  moe_hybridep_num_sms ............................ 16
0: [default0]:  moe_input_jitter_eps ............................ None
0: [default0]:  moe_latent_size ................................. None
0: [default0]:  moe_layer_freq .................................. 1
0: [default0]:  moe_layer_recompute ............................. False
0: [default0]:  moe_pad_expert_input_to_capacity ................ False
0: [default0]:  moe_pad_experts_for_cuda_graph_inference ........ False
0: [default0]:  moe_per_layer_logging ........................... False
0: [default0]:  moe_permute_fusion .............................. False
0: [default0]:  moe_router_bias_update_rate ..................... 0.001
0: [default0]:  moe_router_dtype ................................ None
0: 
0: [default0]:  moe_router_enable_expert_bias ................... False
0: [default0]:  moe_router_force_load_balancing ................. False
0: [default0]:  moe_router_fusion ............................... False
0: [default0]:  moe_router_group_topk ........................... None
0: [default0]:  moe_router_load_balancing_type .................. aux_loss
0: [default0]:  moe_router_num_groups ........................... None
0: [default0]:  moe_router_padding_for_fp8 ...................... False
0: [default0]:  moe_router_padding_for_quantization ............. False
0: [default0]:  moe_router_pre_softmax .......................... False
0: [default0]:  moe_router_score_function ....................... softmax
0: [default0]:  moe_router_topk ................................. 2
0: [default0]:  moe_router_topk_scaling_factor .................. None
0: [default0]:  moe_shared_expert_gate .......................... False
0: [default0]:  moe_shared_expert_intermediate_size ............. None
0: [default0]:  moe_shared_expert_overlap ....................... False
0: [default0]:  moe_token_dispatcher_type ....................... allgather
0: [default0]:  moe_token_drop_policy ........................... probs
0: [default0]:  moe_upcycling_granularity ....................... 1
0: [default0]:  moe_use_legacy_grouped_gemm ..................... False
0: [default0]:  moe_use_upcycling ............................... False
0: [default0]:  moe_z_loss_coeff ................................ None
0: [default0]:  mrope_section ................................... None
0: [default0]:  mscale .......................................... 1.0
0: [default0]:  mscale_all_dim .................................. 0.0
0: [default0]:  mtp_loss_scaling_factor ......................... 0.1
0: [default0]:  mtp_num_layers .................................. None
0: [default0]:  mtp_standalone .................................. False
0: [default0]:  multi_latent_attention .......................... False
0: [default0]:  multiple_validation_sets ........................ False
0: [default0]:  muon_extra_scale_factor ......................... 1.0
0: [default0]:  muon_fp32_matmul_prec ........................... medium
0: [default0]:  muon_momentum ................................... 0.9
0: [default0]:  muon_num_ns_steps ............................... 5
0: [default0]:  muon_scale_mode ................................. spectral
0: [default0]:  muon_split_qkv .................................. True
0: [default0]:  muon_tp_mode .................................... blockwise
0: [default0]:  muon_use_nesterov ............................... False
0: [default0]:  nccl_all_reduce_for_prefill ..................... False
0: [default0]:  nccl_communicator_config_path ................... None
0: [default0]:  nccl_ub ......................................... False
0: [default0]:  no_load_optim ................................... None
0: [default0]:  no_load_rng ..................................... None
0: [default0]:  no_persist_layer_norm ........................... False
0: [default0]:  no_rope_freq .................................... None
0: [default0]:  no_save_optim ................................... None
0: [default0]:  no_save_rng ..................................... None
0: [default0]:  no_weight_decay_cond_type ....................... None
0: [default0]:  non_persistent_ckpt_type ........................ None
0: [default0]:  non_persistent_global_ckpt_dir .................. None
0: [default0]:  non_persistent_local_ckpt_algo .................. fully_parallel
0: [default0]:  non_persistent_local_ckpt_dir ................... None
0: [default0]:  non_persistent_save_interval .................
0: ... None
0: [default0]:  normalization ................................... RMSNorm
0: [default0]:  num_attention_heads ............................. 16
0: [default0]:  num_channels .................................... 3
0: [default0]:  num_classes ..................................... 1000
0: [default0]:  num_dataset_builder_threads ..................... 1
0: [default0]:  num_distributed_optimizer_instances ............. 1
0: [default0]:  num_experts ..................................... None
0: [default0]:  num_layers ...................................... 24
0: [default0]:  num_layers_at_end_in_bf16 ....................... 1
0: [default0]:  num_layers_at_start_in_bf16 ..................... 1
0: [default0]:  num_layers_per_virtual_pipeline_stage ........... None
0: [default0]:  num_query_groups ................................ 4
0: [default0]:  num_virtual_stages_per_pipeline_rank ............ None
0: [default0]:  num_workers ..................................... 16
0: [default0]:  object_storage_cache_path ....................... None
0: [default0]:  offload_modules ................................. []
0: [default0]:  one_logger_async ................................ False
0: [default0]:  one_logger_project .............................. megatron-lm
0: [default0]:  one_logger_run_name ............................. None
0: [default0]:  onnx_safe ....................................... None
0: [default0]:  openai_gelu ..................................... False
0: [default0]:  optimizer ....................................... adam
0: [default0]:  optimizer_cpu_offload ........................... False
0: [default0]:  optimizer_offload_fraction ...................... 1.0
0: [default0]:  outer_dp_sharding_strategy ...................... no_shard
0: [default0]:  output_bert_embeddings .......................... False
0: [default0]:  overlap_cpu_optimizer_d2h_h2d ................... False
0: [default0]:  overlap_grad_reduce ............................. True
0: [default0]:  overlap_moe_expert_parallel_comm ................ False
0: [default0]:  overlap_p2p_comm ................................ False
0: [default0]:  overlap_p2p_comm_warmup_flush ................... False
0: [default0]:  overlap_param_gather ............................ True
0: [default0]:  overlap_param_gather_with_optimizer_step ........ False
0: [default0]:  override_opt_param_scheduler .................... False
0: [default0]:  padded_vocab_size ............................... None
0: [default0]:  params_dtype .................................... torch.bfloat16
0: [default0]:  patch_dim ....................................... 16
0: [default0]:  per_dataset_sequences_path ...................... None
0: [default0]:  per_split_data_args_path ........................ None
0: [default0]:  perform_initialization .......................... True
0: [default0]:  perform_rl_step ................................. False
0: [default0]:  phase_transition_iterations ..................... None
0: [default0]:  pin_cpu_grads ................................... True
0: [default0]:  pin_cpu_params .................................. True
0: [default0]:  pipeline_model_parallel_comm_backend ............ None
0: [default0]:  pipeline_model_parallel_layout .................. None
0: [default0]:  pipeline_model_parallel_size ...................
0: . 1
0: [default0]:  position_embedding_type ......................... rope
0: [default0]:  pretrained_checkpoint ........................... None
0: [default0]:  profile ......................................... False
0: [default0]:  profile_ranks ................................... [0]
0: [default0]:  profile_step_end ................................ 12
0: [default0]:  profile_step_start .............................. 10
0: [default0]:  q_lora_rank ..................................... None
0: [default0]:  qk_clip ......................................... False
0: [default0]:  qk_clip_alpha ................................... 0.5
0: [default0]:  qk_clip_threshold ............................... 100
0: [default0]:  qk_head_dim ..................................... 128
0: [default0]:  qk_l2_norm ...................................... False
0: [default0]:  qk_layernorm .................................... False
0: [default0]:  qk_pos_emb_head_dim ............................. 64
0: [default0]:  query_in_block_prob ............................. 0.1
0: [default0]:  quick_geglu ..................................... False
0: [default0]:  rampup_batch_size ............................... None
0: [default0]:  rank ............................................ 0
0: [default0]:  recompute_granularity ........................... selective
0: [default0]:  recompute_method ................................ None
0: [default0]:  recompute_modules ............................... None
0: [default0]:  recompute_num_layers ............................ None
0: [default0]:  record_memory_history ........................... False
0: [default0]:  refit_method .................................... gloo
0: [default0]:  relative_attention_max_distance ................. 128
0: [default0]:  relative_attention_num_buckets .................. 32
0: [default0]:  replication ..................................... False
0: [default0]:  replication_factor .............................. 2
0: [default0]:  replication_jump ................................ None
0: [default0]:  rerun_mode ...................................... validate_results
0: [default0]:  reset_attention_mask ............................ False
0: [default0]:  reset_position_ids .............................. False
0: [default0]:  result_rejected_tracker_filename ................ None
0: [default0]:  retriever_report_topk_accuracies ................ []
0: [default0]:  retriever_score_scaling ......................... False
0: [default0]:  reuse_grad_buf_for_mxfp8_param_ag ............... False
0: [default0]:  rl_default_temperature .......................... 1.0
0: [default0]:  rl_default_top_k ................................ -1
0: [default0]:  rl_default_top_p ................................ 0
0: [default0]:  rl_importance_sampling_truncation_coef .......... None
0: [default0]:  rl_inference_expert_model_parallel_size ......... None
0: [default0]:  rl_inference_expert_tensor_model_parallel_size .. None
0: [default0]:  rl_inference_logprobs_is_correction ............. False
0: [default0]:  rl_inference_model_unified_memory_level ......... 0
0: [default0]:  rl_inference_pipeline_model_parallel_size ....... None
0: [default0]:  rl_inference_tensor_model_parallel_size ......... None
0: [default0]:  rl_offload_inference_model_weights_when_idle .... False
0: [default0]:  rl_offload_kv_cache_during_training ............. False
0: [default0]:  rl_offload_optimizer_during_inference ........... False
0: [default0]:  rl_parallel_generation_tasks .................... 512
0: [default0]:  rl_partial_rollouts ............................. False
0: [default0]:  rl_prompts_per_eval ............................. 32
0: [default0]:  rl_remove_kv_cache_during_training .............. False
0: [default0]:  rl_reset_cuda_graphs ............................ False
0: [default0]:  rl_sequence_packing_algo ........................ fifo
0: [default0]:  rl_sequence_packing_max_sequences_per_bin ....... 50
0: [default0]:  rl_skip_bos_token ............................... False
0: [default0]:  rl_training_cuda_graphs ......................... False
0: [default0]:  rl_use_sequence_packing ......................... False
0: [default0]:  rl_verify_model_weights_swap .................... False
0: [default0]:  rope_scaling_factor ............................. 8.0
0: [default0]:  rope_type ....................................... None
0: [default0]:  rotary_base ..................................... 10000
0: [default0]:  rotary_interleaved .............................. False
0: [default0]:  rotary_percent .................................. 1.0
0: [
0: default0]:  rotary_scaling_factor ........................... 1.0
0: [default0]:  rotary_seq_len_interpolation_factor ............. None
0: [default0]:  run_workload_inspector_server ................... False
0: [default0]:  sample_rate ..................................... 1.0
0: [default0]:  save ............................................ /iopsstor/scratch/cscs/course_00179/gipfelsturm/gipfelsturm/train-760m-8n/checkpoints
0: [default0]:  save_dgrads_interval ............................ None
0: [default0]:  save_interval ................................... 500
0: [default0]:  save_retain_interval ............................ None
0: [default0]:  save_wgrads_interval ............................ None
0: [default0]:  scatter_gather_tensors_in_pipeline .............. True
0: [default0]:  seed ............................................ 42
0: [default0]:  seq_length ...................................... 4096
0: [default0]:  sequence_parallel ............................... False
0: [default0]:  sft ............................................. False
0: [default0]:  sft_tokenizer_prompt_format ..................... nemotron-h-aligned
0: [default0]:  sgd_momentum .................................... 0.9
0: [default0]:  sharp_enabled_group ............................. None
0: [default0]:  short_seq_prob .................................. 0.1
0: [default0]:  skip_train ...................................... False
0: [default0]:  skipped_train_samples ........................... 0
0: [default0]:  softmax_type .................................... vanilla
0: [default0]:  spec ............................................ None
0: [default0]:  split ........................................... 99,1,0
0: [default0]:  squared_relu .................................... False
0: [default0]:  start_weight_decay .............................. 0.1
0: [default0]:  straggler_ctrlr_port ............................ 65535
0: [default0]:  straggler_minmax_count .......................... 1
0: [default0]:  strict_fsdp_dtensor_load ........................ True
0: [default0]:  suggested_communication_unit_size ............... None
0: [default0]:  swiglu .......................................... True
0: [default0]:  swin_backbone_type .............................. tiny
0: [default0]:  symmetric_ar_type ............................... None
0: [default0]:  te_precision_config_file ........................ None
0: [default0]:  te_rng_tracker .................................. False
0: [default0]:  tensor_model_parallel_size ...................... 1
0: [default0]:  tensorboard_dir ................................. /iopsstor/scratch/cscs/course_00179/gipfelsturm/gipfelsturm/train-760m-8n/tensorboard
0: [default0]:  tensorboard_log_interval ........................ 1
0: [default0]:  tensorboard_queue_size .......................... 1000
0: [default0]:  test_data_path .................................. None
0: [default0]:  test_mode ....................................... False
0: [default0]:  tiktoken_num_special_tokens ..................... 1000
0: [default0]:  tiktoken_pattern ................................ None
0: [default0]:  tiktoken_special_tokens ......................... None
0: [default0]:  timing_log_level ................................ 0
0: [default0]:  timing_log_option ............................... minmax
0: [default0]:  titles_data_path ................................ None
0: [default0]:  tokenizer_hf_include_special_tokens ............. False
0: [default0]:  tokenizer_hf_use_fast ........................... False
0: [default0]:  tokenizer_metadata .............................. None
0: [default0]:  tokenizer_model ................................. None
0: [default0]:  tokenizer_sentencepiece_legacy .................. False
0: [default0]:  tokenizer_special_tokens ........................ None
0: [default0]:  tokenizer_type .................................. GPT2BPETokenizer
0: [default0]:  torch_fsdp2_reshard_after_forward ............... True
0: [default0]:  tp_comm_bootstrap_backend ....................... nccl
0: [default0]:  tp_comm_bulk_dgrad .............................. True
0: [default0]:  tp_comm_bulk_wgrad .............................. True
0: [default0]:  tp_comm_overlap ................................. False
0: [default0]:  tp_comm_overlap_ag .............................. True
0: [default0]:  tp_comm_overlap_cfg ............................. None
0: [default0]:  tp_comm_overlap_rs .............................. True
0: [default0]:  tp_comm_overlap_rs_dgrad ........................ False
0: [default0]:  tp_comm_split_ag ................................ True
0: [default0]:  tp_comm_split_rs ................................ True
0: [default0]:  train_data_path ................................. None
0: [default0]:  train_iters ..................................... 909
0: [default0]:  train_samples ................................... None
0: [default0]:  train_sync_interval ............................. None
0: [default0]:  transformer_impl ................................ transformer_engine
0: [default0]:  transformer_pipeline_model_parallel_size ........ 1
0: [default0]:  trust_remote_code ............................... False
0: [default0]:  untie_embeddings_and_output_weights ............. True
0: [default0]:  use_checkpoint_args ............................. False
0: [default0]:  use_checkpoint_opt_param_scheduler .............. False
0: [default0]:  use_cpu_initialization .......................... None
0: [default0]:  use_dist_ckpt ................................... True
0: [default0]:  use_dist_ckpt_deprecated ........................ False
0: [default0]:  use_distributed_optimizer ....................... True
0: [default0]:  use_flash_attn .................................. False
0: [default0]:  use_fused_weighted_squared_relu ................. False
0: [default0]:  use_kitchen_attention ........................... False
0: [default0]:  use_legacy_models ............................... False
0: [default0]:  use_legacy_static_engine ........................ False
0: [default0]:  use_mamba_mem_eff_path .......................... True
0: [default0]:  use_megatron_fsdp ............................... False
0: [default0]:  use_mp_args_from_checkpoint_args ................ False
0: [default0]:  use_one_sent_docs ............................... False
0: [default0]:  use_persistent_ckpt_worker ...................... False
0: [default0]:  use_precision_aware_optimizer ................... True
0: [default0]:  use_pytorch_profiler ............................ False
0: [default0]:  use_ring_exchange_p2p ........................... False
0: [default0]:  use_rope_scaling ................................ False
0: [default0]:  use_rotary_position_embeddings .................. False
0: [default0]:  use_sharp ....................................... False
0: [default0]:  use_te_activation_func .......................... False
0: [default0]:  use_tokenizer_model_from_checkpoint_args ........ True
0: [default0]:  use_torch_fsdp2 ................................. False
0: [default0]:  use_torch_optimizer_for_cpu_offload ............
0: . False
0: [default0]:  use_tp_pp_dp_mapping ............................ False
0: [default0]:  v_head_dim ...................................... 128
0: [default0]:  valid_data_path ................................. None
0: [default0]:  variable_seq_lengths ............................ False
0: [default0]:  virtual_pipeline_model_parallel_size ............ None
0: [default0]:  vision_backbone_type ............................ vit
0: [default0]:  vision_pretraining .............................. False
0: [default0]:  vision_pretraining_type ......................... classify
0: [default0]:  vocab_extra_ids ................................. 0
0: [default0]:  vocab_file ...................................... /iopsstor/scratch/cscs/course_00179/lsaie-ss26-gipfelsturm/data/gpt2-vocab.json
0: [default0]:  vocab_size ...................................... None
0: [default0]:  wandb_entity .................................... None
0: [default0]:  wandb_exp_name .................................. None
0: [default0]:  wandb_project ................................... None
0: [default0]:  wandb_save_dir .................................. None
0: [default0]:  weight_decay .................................... 0.1
0: [default0]:  weight_decay_incr_style ......................... constant
0: [default0]:  wgrad_deferral_limit ............................ 0
0: [default0]:  window_attn_skip_freq ........................... None
0: [default0]:  window_size ..................................... None
0: [default0]:  world_size ...................................... 32
0: [default0]:  yaml_cfg ........................................ None
0: [default0]:-------------------- end of arguments ---------------------
0: [default0]:INFO:megatron.core.num_microbatches_calculator:setting number of microbatches to constant 8
0: [default0]:> building GPT2BPETokenizer tokenizer ...
0: [default0]:WARNING:megatron.core.datasets.megatron_tokenizer:You're using the legacy tokenizer system, which is deprecated and will be removed in a future release. Please migrate to the new tokenizer system (`megatron.core.tokenizers.MegatronTokenizer`).
0: [default0]: > padded vocab (size: 50257) with 47 dummy tokens (new size: 50304)
0: [default0]:WARNING:megatron.core.rerun_state_machine:RerunStateMachine initialized in mode RerunMode.VALIDATE_RESULTS
0: [default0]:> initializing torch distributed ...
0: [default1]:[W526 14:45:46.975306200 ProcessGroupNCCL.cpp:941] Warning: TORCH_NCCL_AVOID_RECORD_STREAMS is the default now, this environment variable is thus deprecated. (function operator())
0: [default3]:[W526 14:45:46.977542813 ProcessGroupNCCL.cpp:941] Warning: TORCH_NCCL_AVOID_RECORD_STREAMS is the default now, this environment variable is thus deprecated. (function operator())
0: [default2]:[W526 14:45:46.975987622 ProcessGroupNCCL.cpp:941] Warning: TORCH_NCCL_AVOID_RECORD_STREAMS is the default now, this environment variable is thus deprecated. (function operator())
0: [default0]:[W526 14:45:46.978302665 ProcessGroupNCCL.cpp:941] Warning: TORCH_NCCL_AVOID_RECORD_STREAMS is the default now, this environment variable is thus deprecated. (function operator())
7: [default3]:> setting tensorboard ...
7: [default3]:WARNING: one_logger package is required to enable e2e metrics tracking. please go to https://confluence.nvidia.com/display/MLWFO/Package+Repositories for details to install it
1: [default3]:[W526 14:45:46.079197869 ProcessGroupNCCL.cpp:941] Warning: TORCH_NCCL_AVOID_RECORD_STREAMS is the default now, this environment variable is thus deprecated. (function operator())
7: [default3]:[W526 14:45:46.123675070 ProcessGroupNCCL.cpp:941] Warning: TORCH_NCCL_AVOID_RECORD_STREAMS is the default now, this environment variable is thus deprecated. (function operator())
7: [default2]:[W526 14:45:46.149905602 ProcessGroupNCCL.cpp:941] Warning: TORCH_NCCL_AVOID_RECORD_STREAMS is the default now, this environment variable is thus deprecated. (function operator())
7: [default0]:[W526 14:45:46.127018777 ProcessGroupNCCL.cpp:941] Warning: TORCH_NCCL_AVOID_RECORD_STREAMS is the default now, this environment variable is thus deprecated. (function operator())
7: [default1]:[W526 14:45:46.153643441 ProcessGroupNCCL.cpp:941] Warning: TORCH_NCCL_AVOID_RECORD_STREAMS is the default now, this environment variable is thus deprecated. (function operator())
5: [default2]:[W526 14:45:46.810932581 ProcessGroupNCCL.cpp:941] Warning: TORCH_NCCL_AVOID_RECORD_STREAMS is the default now, this environment variable is thus deprecated. (function operator())
6: [default2]:[W526 14:45:46.391598155 ProcessGroupNCCL.cpp:941] Warning: TORCH_NCCL_AVOID_RECORD_STREAMS is the default now, this environment variable is thus deprecated. (function operator())
3: [default2]:[W526 14:45:48.780401835 ProcessGroupNCCL.cpp:941] Warning: TORCH_NCCL_AVOID_RECORD_STREAMS is the default now, this environment variable is thus deprecated. (function operator())
6: [default1]:[Gloo] Rank 25 is connected to 31 peer ranks. Expected number of connected peer ranks is : 31
3: [default1]:[Gloo] Rank 13 is connected to 31 peer ranks. Expected number of connected peer ranks is : 31
3: [default2]:[Gloo] Rank 14 is connected to 31 peer ranks. Expected number of connected peer ranks is : 31
3: [default3]:[Gloo] Rank 15 is connected to 31 peer ranks. Expected number of connected peer ranks is : 31
6: [default0]:[Gloo] Rank 24 is connected to 31 peer ranks. Expected number of connected peer ranks is : 31
3: [default0]:[Gloo] Rank 12 is connected to 31 peer ranks. Expected number of connected peer ranks is : 31
5: [default3]:[Gloo] Rank 23 is connected to 31 peer ranks. Expected number of connected peer ranks is : 31
5: [default1]:[Gloo] Rank 21 is connected to 31 peer ranks. Expected number of connected peer ranks is : 31
5: [default0]:[Gloo] Rank 20 is connected to 31 peer ranks. Expected number of connected peer ranks is : 31
6: [default2]:[Gloo] Rank 26 is connected to 31 peer ranks. Expected number of connected peer ranks is : 31
6: [default3]:[Gloo] Rank 27 is connected to 31 peer ranks. Expected number of connected peer ranks is : 31
0: [default1]:[Gloo] Rank 1 is connected to 31 peer ranks. Expected number of connected peer ranks is : 31
0: [default3]:[Gloo] Rank 3 is connected to 31 peer ranks. Expected number of connected peer ranks is : 31
0: [default2]:[Gloo] Rank 2 is connected to 31 peer ranks. Expected number of connected peer ranks is : 31
7: [default2]:[Gloo] Rank 30 is connected to 31 peer ranks. Expected number of connected peer ranks is : 31
7: [default1]:[Gloo] Rank 29 is connected to 31 peer ranks. Expected number of connected peer ranks is : 31
7: [default0]:[Gloo] Rank 28 is connected to 31 peer ranks. Expected number of connected peer ranks is : 31
7: [default3]:[Gloo] Rank 31 is connected to 31 peer ranks. Expected number of connected peer ranks is : 31
0: [default0]:[Gloo] Rank 0 is connected to 31 peer ranks. Expected number of connected peer ranks is : 31
5: [default2]:[Gloo] Rank 22 is connected to 31 peer ranks. Expected number of connected peer ranks is : 31
4: [default3]:[Gloo] Rank 19 is connected to 31 peer ranks. Expected number of connected peer ranks is : 31
4: [default1]:[Gloo] Rank 17 is connected to 31 peer ranks. Expected number of connected peer ranks is : 31
1: [default0]:[Gloo] Rank 4 is connected to 31 peer ranks. Expected number of connected peer ranks is : 31
4: [default2]:[Gloo] Rank 18 is connected to 31 peer ranks. Expected number of connected peer ranks is : 31
4: [default0]:[Gloo] Rank 16 is connected to 31 peer ranks. Expected number of connected peer ranks is : 31
2: [default0]:[Gloo] Rank 8 is connected to 31 peer ranks. Expected number of connected peer ranks is : 31
2: [default3]:[Gloo] Rank 11 is connected to 31 peer ranks. Expected number of connected peer ranks is : 31
2: [default1]:[Gloo] Rank 9 is connected to 31 peer ranks. Expected number of connected peer ranks is : 31
2: [default2]:[Gloo] Rank 10 is connected to 31 peer ranks. Expected number of connected peer ranks is : 31
1: [default1]:[Gloo] Rank 5 is connected to 31 peer ranks. Expected number of connected peer ranks is : 31
1: [default2]:[Gloo] Rank 6 is connected to 31 peer ranks. Expected number of connected peer ranks is : 31
1: [default3]:[Gloo] Rank 7 is connected to 31 peer ranks. Expected number of connected peer ranks is : 31
6: [default1]:[Gloo] Rank 25 is connected to 31 peer ranks. Expected number of connected peer ranks is : 31
3: [default1]:[Gloo] Rank 13 is connected to 31 peer ranks. Expected number of connected peer ranks is : 31
3: [default2]:[Gloo] Rank 14 is connected to 31 peer ranks. Expected number of connected peer ranks is : 31
6: [default0]:[Gloo] Rank 24 is connected to 31 peer ranks. Expected number of connected peer ranks is : 31
3: [default3]:[Gloo] Rank 15 is connected to 31 peer ranks. Expected number of connected peer ranks is : 31
5: [default3]:[Gloo] Rank 23 is connected to 31 peer ranks. Expected number of connected peer ranks is : 31
3: [default0]:[Gloo] Rank 12 is connected to 31 peer ranks. Expected number of connected peer ranks is : 31
5: [default1]:[Gloo] Rank 21 is connected to 31 peer ranks. Expected number of connected peer ranks is : 31
6: [default2]:[Gloo] Rank 26 is connected to 31 peer ranks. Expected number of connected peer ranks is : 31
0: [default3]:[Gloo] Rank 3 is connected to 31 peer ranks. Expected number of connected peer ranks is : 31
0: [default1]:[Gloo] Rank 1 is connected to 31 peer ranks. Expected number of connected peer ranks is : 31
0: [default2]:[Gloo] Rank 2 is connected to 31 peer ranks. Expected number of connected peer ranks is : 31
6: [default3]:[Gloo] Rank 27 is connected to 31 peer ranks. Expected number of connected peer ranks is : 31
7: [default1]:[Gloo] Rank 29 is connected to 31 peer ranks. Expected number of connected peer ranks is : 31
7: [default2]:[Gloo] Rank 30 is connected to 31 peer ranks. Expected number of connected peer ranks is : 31
7: [default0]:[Gloo] Rank 28 is connected to 31 peer ranks. Expected number of connected peer ranks is : 31
5: [default0]:[Gloo] Rank 20 is connected to 31 peer ranks. Expected number of connected peer ranks is : 31
7: [default3]:[Gloo] Rank 31 is connected to 31 peer ranks. Expected number of connected peer ranks is : 31
0: [default0]:[Gloo] Rank 0 is connected to 31 peer ranks. Expected number of connected peer ranks is : 31
4: [default3]:[Gloo] Rank 19 is connected to 31 peer ranks. Expected number of connected peer ranks is : 31
5: [default2]:[Gloo] Rank 22 is connected to 31 peer ranks. Expected number of connected peer ranks is : 31
2: [default0]:[Gloo] Rank 8 is connected to 31 peer ranks. Expected number of connected peer ranks is : 31
2: [default2]:[Gloo] Rank 10 is connected to 31 peer ranks. Expected number of connected peer ranks is : 31
1: [default0]:[Gloo] Rank 4 is connected to 31 peer ranks. Expected number of connected peer ranks is : 31
2: [default3]:[Gloo] Rank 11 is connected to 31 peer ranks. Expected number of connected peer ranks is : 31
2: [default1]:[Gloo] Rank 9 is connected to 31 peer ranks. Expected number of connected peer ranks is : 31
4: [default1]:[Gloo] Rank 17 is connected to 31 peer ranks. Expected number of connected peer ranks is : 31
4: [default0]:[Gloo] Rank 16 is connected to 31 peer ranks. Expected number of connected peer ranks is : 31
4: [default2]:[Gloo] Rank 18 is connected to 31 peer ranks. Expected number of connected peer ranks is : 31
1: [default3]:[Gloo] Rank 7 is connected to 31 peer ranks. Expected number of connected peer ranks is : 31
1: [default1]:[Gloo] Rank 5 is connected to 31 peer ranks. Expected number of connected peer ranks is : 31
1: [default2]:[Gloo] Rank 6 is connected to 31 peer ranks. Expected number of connected peer ranks is : 31
6: [default1]:[Gloo] Rank 25 is connected to 31 peer ranks. Expected number of connected peer ranks is : 31
6: [default0]:[rank24]:[W526 14:46:07.497114344 ProcessGroupNCCL.cpp:5163] Guessing device ID based on global rank. This can cause a hang if rank to GPU mapping is heterogeneous. You can specify device_id in init_process_group()
3: [default1]:[Gloo] Rank 13 is connected to 31 peer ranks. Expected number of connected peer ranks is : 31
3: [default2]:[Gloo] Rank 14 is connected to 31 peer ranks. Expected number of connected peer ranks is : 31
6: [default0]:[Gloo] Rank 24 is connected to 31 peer ranks. Expected number of connected peer ranks is : 31
5: [default3]:[Gloo] Rank 23 is connected to 31 peer ranks. Expected number of connected peer ranks is : 31
3: [default3]:[Gloo] Rank 15 is connected to 31 peer ranks. Expected number of connected peer ranks is : 31
3: [default0]:[rank12]:[W526 14:46:07.330401870 ProcessGroupNCCL.cpp:5163] Guessing device ID based on global rank. This can cause a hang if rank to GPU mapping is heterogeneous. You can specify device_id in init_process_group()
5: [default1]:[Gloo] Rank 21 is connected to 31 peer ranks. Expected number of connected peer ranks is : 31
3: [default0]:[Gloo] Rank 12 is connected to 31 peer ranks. Expected number of connected peer ranks is : 31
6: [default2]:[Gloo] Rank 26 is connected to 31 peer ranks. Expected number of connected peer ranks is : 31
0: [default3]:[Gloo] Rank 3 is connected to 31 peer ranks. Expected number of connected peer ranks is : 31
0: [default1]:[Gloo] Rank 1 is connected to 31 peer ranks. Expected number of connected peer ranks is : 31
0: [default2]:[Gloo] Rank 2 is connected to 31 peer ranks. Expected number of connected peer ranks is : 31
7: [default1]:[Gloo] Rank 29 is connected to 31 peer ranks. Expected number of connected peer ranks is : 31
6: [default3]:[Gloo] Rank 27 is connected to 31 peer ranks. Expected number of connected peer ranks is : 31
7: [default2]:[Gloo] Rank 30 is connected to 31 peer ranks. Expected number of connected peer ranks is : 31
7: [default0]:[Gloo] Rank 28 is connected to 31 peer ranks. Expected number of connected peer ranks is : 31
7: [default3]:[Gloo] Rank 31 is connected to 31 peer ranks. Expected number of connected peer ranks is : 31
0: [default0]:[Gloo] Rank 0 is connected to 31 peer ranks. Expected number of connected peer ranks is : 31
0: [default0]:> initialized tensor model parallel with size 1
0: [default0]:> initialized pipeline model parallel with size 1
7: [default0]:[rank28]:[W526 14:46:07.317738122 ProcessGroupNCCL.cpp:5163] Guessing device ID based on global rank. This can cause a hang if rank to GPU mapping is heterogeneous. You can specify device_id in init_process_group()
0: [default0]:> setting random seeds to 42 ...
0: [default0]:> compiling dataset index builder ...
0: [default0]:make: Entering directory '/iopsstor/scratch/cscs/course_00179/lsaie-ss26-gipfelsturm/Megatron-LM/megatron/core/datasets'
5: [default0]:[Gloo] Rank 20 is connected to 31 peer ranks. Expected number of connected peer ranks is : 31
5: [default0]:[rank20]:[W526 14:46:07.986871596 ProcessGroupNCCL.cpp:5163] Guessing device ID based on global rank. This can cause a hang if rank to GPU mapping is heterogeneous. You can specify device_id in init_process_group()
4: [default3]:[Gloo] Rank 19 is connected to 31 peer ranks. Expected number of connected peer ranks is : 31
5: [default2]:[Gloo] Rank 22 is connected to 31 peer ranks. Expected number of connected peer ranks is : 31
1: [default0]:[rank4]:[W526 14:46:07.323867290 ProcessGroupNCCL.cpp:5163] Guessing device ID based on global rank. This can cause a hang if rank to GPU mapping is heterogeneous. You can specify device_id in init_process_group()
2: [default0]:[rank8]:[W526 14:46:07.182597686 ProcessGroupNCCL.cpp:5163] Guessing device ID based on global rank. This can cause a hang if rank to GPU mapping is heterogeneous. You can specify device_id in init_process_group()
1: [default0]:[Gloo] Rank 4 is connected to 31 peer ranks. Expected number of connected peer ranks is : 31
2: [default0]:[Gloo] Rank 8 is connected to 31 peer ranks. Expected number of connected peer ranks is : 31
2: [default3]:[Gloo] Rank 11 is connected to 31 peer ranks. Expected number of connected peer ranks is : 31
2: [default1]:[Gloo] Rank 9 is connected to 31 peer ranks. Expected number of connected peer ranks is : 31
2: [default2]:[Gloo] Rank 10 is connected to 31 peer ranks. Expected number of connected peer ranks is : 31
4: [default0]:[Gloo] Rank 16 is connected to 31 peer ranks. Expected number of connected peer ranks is : 31
4: [default1]:[Gloo] Rank 17 is connected to 31 peer ranks. Expected number of connected peer ranks is : 31
4: [default0]:[rank16]:[W526 14:46:07.176955828 ProcessGroupNCCL.cpp:5163] Guessing device ID based on global rank. This can cause a hang if rank to GPU mapping is heterogeneous. You can specify device_id in init_process_group()
4: [default2]:[Gloo] Rank 18 is connected to 31 peer ranks. Expected number of connected peer ranks is : 31
1: [default1]:[Gloo] Rank 5 is connected to 31 peer ranks. Expected number of connected peer ranks is : 31
1: [default3]:[Gloo] Rank 7 is connected to 31 peer ranks. Expected number of connected peer ranks is : 31
1: [default2]:[Gloo] Rank 6 is connected to 31 peer ranks. Expected number of connected peer ranks is : 31
0: [default0]:/usr/local/lib/python3.12/dist-packages/torch/distributed/c10d_logger.py:83: UserWarning: barrier(): using the device under current context. You can specify `device_id` in `init_process_group` to mute this warning.
0: [default0]:  return func(*args, **kwargs)
0: [default0]:[rank0]:[W526 14:46:07.894186338 ProcessGroupNCCL.cpp:5163] Guessing device ID based on global rank. This can cause a hang if rank to GPU mapping is heterogeneous. You can specify device_id in init_process_group()
0: [default0]:make: Nothing to be done for 'default'.
0: [default0]:make: Leaving directory '/iopsstor/scratch/cscs/course_00179/lsaie-ss26-gipfelsturm/Megatron-LM/megatron/core/datasets'
0: [default0]:>>> done with dataset index builder. Compilation time: 0.120 seconds
0: [default0]:> compiling and loading fused kernels ...
0: [default0]:>>> done with compiling and loading fused kernels. Compilation time: 2.683 seconds
0: [default0]:/usr/local/lib/python3.12/dist-packages/torch/distributed/c10d_logger.py:83: UserWarning: barrier(): using the device under current context. You can specify `device_id` in `init_process_group` to mute this warning.
0: [default0]:  return func(*args, **kwargs)
0: [default0]:/iopsstor/scratch/cscs/course_00179/lsaie-ss26-gipfelsturm/Megatron-LM/megatron/core/transformer/transformer_config.py:1225: UserWarning: If you are using transformer_engine as the transformer implementation, the core_attn is from transformer_engine and may be the fused version. For fused attention, you have no need to set 'core_attn' to recompute. Please check that the core_attn recompute is really needed.
0: [default0]:  warnings.warn(
7: [default3]:INFO:megatron.core.timers:(min, max) time across ranks (ms):
7: [default3]:    startup-program-entry-spread ...................: (0.12, 7.08)
7: [default3]:    startup-library-setup ..........................: (19735.03, 24770.48)
7: [default3]:    startup-program-setup ..........................: (47.74, 56.44)
7: [default3]:    startup-in-process-setup .......................: (0.00, 0.00)
7: [default3]:    startup-in-job-setup ...........................: (32.50, 34.58)
7: [default3]:    startup-initialize-megatron ....................: (23284.62, 28318.55)
7: [default3]:    startup-set-jit-fusion-options .................: (1898.80, 2489.83)
7: [default3]:    all-reduce-start-timestamps-tensor .............: (1.39, 592.48)
7: [default3]:    startup-megatron-init-local ....................: (25810.04, 30842.71)
7: [default3]:    startup-megatron-init-global ...................: (50628.91, 50629.12)
0: [default0]:time to initialize megatron (seconds): 31.266
0: [default0]:[after in-process setup and before initialize_megatron] datetime: 2026-05-26 14:45:46.020792 
0: [default0]:[after in-job setup and before initialize_megatron] datetime: 2026-05-26 14:45:46.054006 
0: [default0]:[before library-setup] datetime: 2026-05-26 14:45:21.759303
0: [default0]:[after library-setup] datetime: 2026-05-26 14:45:45.970818
0: [default0]:[before megatron-init] datetime: 2026-05-26 14:45:46.020792
0: [default0]:[after megatron is initialized] datetime: 2026-05-26 14:46:12.449845 
0: [default0]:building GPT model ...
0: [default0]: > number of parameters on (tensor, pipeline) model parallel rank (0, 0): 749151744
0: [default0]:INFO:megatron.core.distributed.distributed_data_parallel:Setting up DistributedDataParallel with config DistributedDataParallelConfig(grad_reduce_in_fp32=False, overlap_grad_reduce=True, overlap_param_gather=True, align_param_gather=False, use_distributed_optimizer=True, num_distributed_optimizer_instances=1, check_for_nan_in_grad=False, check_for_large_grads=False, bucket_size=40000000, pad_buckets_for_high_nccl_busbw=False, reduce_scatter_with_fp32_accumulation=False, average_in_collective=False, fp8_param_gather=False, reuse_grad_buf_for_mxfp8_param_ag=False, use_megatron_fsdp=False, use_custom_fsdp=False, data_parallel_sharding_strategy='no_shard', gradient_reduce_div_fusion=True, suggested_communication_unit_size=None, preserve_fp32_weights=True, keep_fp8_transpose_cache=False, nccl_ub=False, fsdp_double_buffer=False, outer_dp_sharding_strategy='no_shard', disable_symmetric_registration=False, fsdp_m
0: anual_registration=False, delay_wgrad_compute=False)
0: [default0]:INFO:megatron.core.distributed.param_and_grad_buffer:Number of buckets for gradient all-reduce / reduce-scatter: 14
0: [default0]:Params for bucket 1 (77266944 elements, 77266944 padded size):
0: [default0]:	module.output_layer.weight
0: [default0]:Params for bucket 2 (43651584 elements, 43651584 padded size):
0: [default0]:	module.decoder.layers.23.self_attention.linear_qkv.weight
0: [default0]:	module.decoder.layers.23.mlp.linear_fc2.weight
0: [default0]:	module.decoder.layers.23.self_attention.linear_qkv.layer_norm_weight
0: [default0]:	module.decoder.layers.23.self_attention.linear_proj.weight
0: [default0]:	module.decoder.layers.22.mlp.linear_fc2.weight
0: [default0]:	module.decoder.final_layernorm.weight
0: [default0]:	module.decoder.layers.23.mlp.linear_fc1.layer_norm_weight
0: [default0]:	module.decoder.layers.23.mlp.linear_fc1.weight
0: [default0]:	module.decoder.layers.22.mlp.linear_fc1.weight
0: [default0]:Params for bucket 3 (49551360 elements, 49551360 padded size):
0: [default0]:	module.decoder.layers.22.self_attention.linear_proj.weight
0: [default0]:	module.decoder.layers.22.self_attention.linear_qkv.layer_norm_weight
0: [default0]:	module.decoder.layers.22.self_attention.linear_qkv.weight
0: [default0]:	module.decoder.layers.21.mlp.linear_fc1.weight
0: [default0]:	module.decoder.layers.21.mlp.linear_fc1.layer_norm_weight
0: [default0]:	module.decoder.layers.20.mlp.linear_fc1.weight
0: [default0]:	module.decoder.layers.22.mlp.linear_fc1.layer_norm_weight
0: [default0]:	module.decoder.layers.21.mlp.linear_fc2.weight
0: [default0]:	module.decoder.layers.21.self_attention.linear_qkv.weight
0: [default0]:	module.decoder.layers.21.self_attention.linear_qkv.layer_norm_weight
0: [default0]:	module.decoder.layers.21.self_attention.linear_proj.weight
0: [default0]:	module.decoder.layers.20.mlp.linear_fc2.weight
0: [default0]:Params for bucket 4 (49551360 elements, 49551360 padded size):
0: [default0]:	module.decoder.layers.20.mlp.linear_fc1.layer_norm_weight
0: [default0]:	module.decoder.layers.19.mlp.linear_fc1.weight
0: [default0]:	module.decoder.layers.19.mlp.linear_fc1.layer_norm_weight
0: [default0]:	module.decoder.layers.18.mlp.linear_fc1.weight
0: [default0]:	module.decoder.layers.20.self_attention.linear_qkv.weight
0: [default0]:	module.decoder.layers.20.self_attention.linear_proj.weight
0: [default0]:	module.decoder.layers.19.mlp.linear_fc2.weight
0: [default0]:	module.decoder.layers.20.self_attention.linear_qkv.layer_norm_weight
0: [default0]:	module.decoder.layers.19.self_attention.linear_qkv.weight
0: [default0]:	module.decoder.layers.19.self_attention.linear_qkv.layer_norm_weight
0: [default0]:	module.decoder.layers.19.self_attention.linear_proj.weight
0: [default0]:	module.decoder.layers.18.mlp.linear_fc2.weight
0: [default0]:Params for bucket 5 (49551360 elements, 49551360 padded size):
0: [default0]:	module.decoder.layers.18.mlp.linear_fc1.laye
0: r_norm_weight
0: [default0]:	module.decoder.layers.17.mlp.linear_fc1.weight
0: [default0]:	module.decoder.layers.17.mlp.linear_fc1.layer_norm_weight
0: [default0]:	module.decoder.layers.16.mlp.linear_fc1.weight
0: [default0]:	module.decoder.layers.18.self_attention.linear_qkv.weight
0: [default0]:	module.decoder.layers.18.self_attention.linear_proj.weight
0: [default0]:	module.decoder.layers.17.mlp.linear_fc2.weight
0: [default0]:	module.decoder.layers.18.self_attention.linear_qkv.layer_norm_weight
0: [default0]:	module.decoder.layers.17.self_attention.linear_qkv.weight
0: [default0]:	module.decoder.layers.17.self_attention.linear_qkv.layer_norm_weight
0: [default0]:	module.decoder.layers.17.self_attention.linear_proj.weight
0: [default0]:	module.decoder.layers.16.mlp.linear_fc2.weight
0: [default0]:Params for bucket 6 (49551360 elements, 49551360 padded size):
0: [default0]:	module.decoder.layers.16.mlp.linear_fc1.layer_norm_weight
0: [default0]:	module.decoder.layers.15.mlp.linear_fc2.weight
0: [default0]:	module.decoder.layers.15.self_attention.linear_qkv.weight
0: [default0]:	module.decoder.layers.15.self_attention.linear_qkv.layer_norm_weight
0: [default0]:	module.decoder.layers.15.self_attention.linear_proj.weight
0: [default0]:	module.decoder.layers.14.mlp.linear_fc2.weight
0: [default0]:	module.decoder.layers.16.self_attention.linear_qkv.layer_norm_weight
0: [default0]:	module.decoder.layers.16.self_attention.linear_qkv.weight
0: [default0]:	module.decoder.layers.16.self_attention.linear_proj.weight
0: [default0]:	module.decoder.layers.15.mlp.linear_fc1.weight
0: [default0]:	module.decoder.layers.15.mlp.linear_fc1.layer_norm_weight
0: [default0]:	module.decoder.layers.14.mlp.linear_fc1.weight
0: [default0]:Params for bucket 7 (49551360 elements, 49551360 padded size):
0: [default0]:	module.decoder.layers.14.self_attention.linear_proj.weight
0: [default0]:	module.decoder.layers.13.mlp.linear_fc2.weight
0: [default0]:	module.decoder.layers.14.self_attention.linear_qkv.layer_norm_weight
0: [default0]:	module.decoder.layers.14.self_attention.linear_qkv.weight
0: [default0]:	module.decoder.layers.13.self_attention.linear_qkv.weight
0: [default0]:	module.decoder.layers.13.self_attention.linear_qkv.layer_norm_weight
0: [default0]:	module.decoder.layers.13.self_attention.linear_proj.weight
0: [default0]:	module.decoder.layers.12.mlp.linear_fc2.weight
0: [default0]:	module.decoder.layers.14.mlp.linear_fc1.layer_norm_weight
0: [default0]:	module.decoder.layers.13.mlp.linear_fc1.weight
0: [default0]:	module.decoder.layers.13.mlp.linear_fc1.layer_norm_weight
0: [default0]:	module.decoder.layers.12.mlp.linear_fc1.weight
0: [default0]:Params for bucket 8 (49551360 elements, 49551360 padded size):
0: [default0]:	module.decoder.layers.12.self_attention.linear_qkv.weight
0: [default0]:	module.decoder.layers.12.self_attention.linear_proj.weight
0: [default0]:	module.decoder.layers.11.mlp.linear_fc2.weight
0: [default0]:	module.decoder.layers.12.self_attention.linear_qkv.layer_norm_weight
0: [default0]:	module.decoder.layers.11.self_attention.linear_qkv.weight
0: [default0]:	module.decoder.layers.11.self_attention.linear_qkv.layer_norm_weight
0: [default0]:	module.decoder.layers.11.self_attention.linear_proj.weight
0: [default0]:	module.decoder.layers.10.mlp.linear_fc2.weight
0: [default0]:	module.decoder.layers.12.mlp.linear_fc1.layer_norm_weight
0: [default0]:	module.decoder.layers.11.mlp.linear_fc1.weight
0: [default0]:	module.decoder.layers.11.mlp.linear_fc1.layer_norm_weight
0: [default0]:	module.decoder.layers.10.mlp.linear_fc1.weight
0: [default0]:Params for bucket 9 (49551360 elements, 49551360 padded size):
0: [default0]:	module.decoder.layers.10.self_attention.linear_qkv.weight
0: [default0]:	module.decoder.layers.10.self_attention.linear_proj.weight
0: [default0]:	module.decoder.layers.9.mlp.linear_fc2.weight
0: [default0]:	module.decoder.layers.10.self_attention.linear_qkv.layer_norm_weight
0: [default0]:	module.decoder.layers.9.self_attention.linear_qkv.weight
0: [default0]:	module.decoder.layers.9.self_attention.linear_qkv.layer_norm_weight
0: [default0]:	module.decoder.layers.9.self_attention.linear_proj.weight
0: [default0]:	module.decoder.layers.8.mlp.linear_fc2.weight
0: [default0]:	module.decoder.layers.10.mlp.linear_fc1.layer_norm_weight
0: [default0]:	module.decoder.layers.9.mlp.linear_fc1.weight
0: [default0]:	module.decoder.layers.9.mlp.linear_fc1.layer_norm_weight
0: [default0]:	module.decoder.layers.8.mlp.linear_fc1.weight
0: [default0]:Params for bucket 10 (49551360 elements, 49551360 padded size):
0: [default0]:	module.decoder.layers.8.self_attention.linear_qkv.weight
0: [default0]:	module.decoder.layers.8.self_attention.linear_proj.weight
0: [default0]:	module.decoder.layers.7.mlp.linear_fc2.weight
0: [default0]:	module.decoder.layers.8.self_attention.linear_qkv.layer_norm_weight
0: [default0]:	module.decoder.layers.7.self_attention.linear_qkv.weight
0: [default0]:	module.decoder.layers.7.self_attention.linear_qkv.layer_norm_weight
0: [default0]:	module.decoder.layers.7.self_attention.linear_proj.weight
0: [default0]:	module.decoder.layers.8.mlp.linear_fc1.layer_norm_weight
0: [default0]:	module.decoder.layers.7.mlp.linear_fc1.weight
0: [default0]:	module.decoder.layers.7.mlp.linear_fc1.layer_norm_weight
0: [default0]:	module.decoder.layers.6.mlp.linear_fc2.weight
0: [default0]:	module.decoder.layers.6.mlp.linear_fc1.weight
0: [default0]:Params for bucket 11 (49551360 elements, 49551360 padded size):
0: [default0]:	module.decoder.layers.6.mlp.linear_fc1.layer_norm_weight
0: [default0]:	module.decoder.layers.5.mlp.linear_fc2.weight
0: [default0]:	module.decoder.layers.5.self_attention.linear_qkv.weight
0: [default0]:	module.decoder.layers.5.self_attention.linear_qkv.layer_norm_weight
0: [default0]:	module.decoder.layers.6.self_attention.linear_proj.weight
0: [default0]:	module.decoder.layers.6.self_attention.linear_qkv.layer_norm_weight
0: [default0]:	module.decoder.layers.6.self_attention.linear_qkv.weight
0: [default0]:	module.decoder.layers.5.mlp.linear_fc1.weight
0: [default0]:	module.decoder.layers.5.mlp.linear_fc1.layer_norm_weight
0: [default0]:	module.decoder.layers.5.self_attention.linear_proj.weight
0: [default0]:	module.decoder.layers.4.mlp.linear_fc2.weight
0: [default0]:	module.decoder.layers.4.mlp.linear_fc1.weight
0: [default0]:Params for bucket 12 (49551360 elements, 49551360 padded size):
0: [default0]:	module.decoder.layers.3.self_attention.linear_qkv.layer_norm_weight
0: [default0]:	module.decoder.layers.3.self_attention.linear_proj.weight
0: [default0]:	module.decoder.layers.2.mlp.linear_fc2.weight
0: [default0]:	module.decoder.layers.2.mlp.linear_fc1.weight
0: [default0]:	module.decoder.layers.4.mlp.linear_fc1.layer_norm_weight
0: [default0]:	module.decoder.layers.4.self_attention.linear_qkv.weight
0: [default0]:	module.decoder.layers.4.self_attention.linear_qkv.layer_norm_weight
0: [default0]:	module.decoder.layers.4.self_attention.linear_proj.weight
0: [default0]:	module.decoder.layers.3.mlp.linear_fc2.weight
0: [default0]:	module.decoder.layers.3.mlp.linear_fc1.weight
0: [default0]:	module.decoder.layers.3.mlp.linear_fc1.layer_norm_weight
0: [default0]:	module.decoder.layers.3.self_attention.linear_qkv.weight
0: [default0]:Params for bucket 13 (49551360 elements, 49551360 padded size):
0: [default0]:	module.decoder.layers.2.self_attention.linear_qkv.layer_norm_weight
0: [default0]:	module.decoder.layers.2.self_attention.linear_qkv.weight
0: [default0]:	module.decoder.layers.1.mlp.linear_fc1.weight
0: [default0]:	module.decoder.layers.0.mlp.linear_fc2.weight
0: [default0]:	module.decoder.layers.0.mlp.linear_fc1.weight
0: [default0]:	module.decoder.layers.2.mlp.linear_fc1.layer_norm_weight
0: [default0]:	module.decoder.layers.1.mlp.linear_fc2.weight
0: [default0]:	module.decoder.layers.2.self_attention.linear_proj.weight
0: [default0]:	module.decoder.layers.1.mlp.linear_fc1.layer_norm_weight
0: [default0]:	module.decoder.layers.1.self_attention.linear_qkv.weight
0: [default0]:	module.decoder.layers.1.self_attention.linear_qkv.layer_norm_weight
0: [default0]:	module.decoder.layers.1.self_attention.linear_proj.weight
0: [default0]:Params for bucket 14 (83168256 elements, 83168256 padded size):
0: [default0]:	module.decoder.layers.0.mlp.linear_fc1.layer_norm_weight
0: [default0]:	module.decoder.layers.0.self_attention.linear_qkv.weight
0: [default0]:	module.decoder.layers.0.self_attention.linear_proj.weight
0: [default0]:	module.decoder.layers.0.self_attention.linear_qkv.layer_norm_weight
0: [default0]:	module.embedding.word_embeddings.weight
0: [default0]:INFO:megatron.core.optimizer:Setting up optimizer with config AdamOptimizerConfig(lr=0.0002, min_lr=2e-05, decoupled_lr=None, decoupled_min_lr=None, weight_decay=0.1, apply_wd_to_qk_layernorm=False, fp8_recipe='delayed', fp16=False, bf16=True, reuse_grad_buf_for_mxfp8_param_ag=False, params_dtype=torch.bfloat16, use_precision_aware_optimizer=True, store_param_remainders=True, main_grads_dtype=torch.bfloat16, main_params_dtype=torch.float32, exp_avg_dtype=torch.float32, exp_avg_sq_dtype=torch.float32, optimizer='adam', loss_scale=None, initial_loss_scale=4294967296, min_loss_scale=1.0, loss_scale_window=1000, hysteresis=2, adam_beta1=0.9, adam_beta2=0.95, adam_eps=1e-08, decoupled_weight_decay=True, sgd_momentum=0.9, muon_momentum=0.9, muon_split_qkv=True, muon_use_nesterov=False, muon_scale_mode='spectral', muon_fp32_matmul_prec='medium', muon_num_ns_steps=5, muon_tp_mode='blockwise', muon_extra_scale_factor=1.0, use_distributed_optimizer=True, overlap_param_gather=True, overlap_param_gather_with_o
0: ptimizer_step=False, optimizer_cpu_offload=False, optimizer_offload_fraction=1.0, use_torch_optimizer_for_cpu_offload=False, overlap_cpu_optimizer_d2h_h2d=False, pin_cpu_grads=True, pin_cpu_params=True, clip_grad=1.0, log_num_zeros_in_grad=False, barrier_with_L1_time=True, timers=<megatron.core.timers.Timers object at 0x4008f2a26f00>, config_logger_dir='')
0: [default0]:INFO:megatron.core.optimizer_param_scheduler:> learning rate decay style: cosine
0: [default0]:[after model, optimizer, and learning rate scheduler are built] datetime: 2026-05-26 14:46:13.629418 
0: [default0]:> building train, validation, and test datasets ...
0: [default0]: > datasets target sizes (minimum size):
0: [default0]:    train:      930816
0: [default0]:    validation: 20480
0: [default0]:    test:       10240
0: [default0]:INFO:megatron.core.datasets.blended_megatron_dataset_config:Let split_matrix = [(0, 0.99), (0.99, 1.0), None]
0: [default0]:> building train, validation, and test datasets for GPT ...
0: [default0]:INFO:megatron.core.datasets.blended_megatron_dataset_builder:Building GPTDataset splits with sizes=(930816, 20480, 10240) and config=GPTDatasetConfig(random_seed=42, sequence_length=4096, blend=(['/capstor/store/cscs/swissai/infra01/datasets/nvidia/Nemotron-ClimbMix/climbmix_small_megatron/climbmix_small'], None), blend_per_split=None, multiple_validation_sets=False, full_validation=False, split='99,1,0', split_matrix=[(0, 0.99), (0.99, 1.0), None], num_dataset_builder_threads=1, path_to_cache='/iopsstor/scratch/cscs/course_00179/gipfelsturm/cache', mmap_bin_files=True, mock=False, tokenizer=<megatron.core.tokenizers.text.models.default_tokenizer.DefaultTokenizerText object at 0x40099fea97f0>, mid_level_dataset_surplus=0.005, allow_ambiguous_pad_tokens=False, fast_cache_load=False, defer_npy_index_mmap=False, 
0: reset_position_ids=False, reset_attention_mask=False, eod_mask_loss=False, create_attention_mask=True, drop_last_partial_validation_sequence=True, add_extra_token_to_sequence=True, object_storage_cache_path=None, data_parallel_size=32, sequence_parallel_size=0, hybrid_context_parallel=False, sequences_per_dataset=None, token_dtype_code=8, context_parallel_size=1)
0: [default0]:INFO:megatron.core.datasets.indexed_dataset:Load the _IndexReader from /capstor/store/cscs/swissai/infra01/datasets/nvidia/Nemotron-ClimbMix/climbmix_small_megatron/climbmix_small.idx
0: [default0]:INFO:megatron.core.datasets.indexed_dataset:	Extract the sequence lengths
0: [default0]:INFO:megatron.core.datasets.indexed_dataset:	Extract the sequence pointers
0: [default0]:INFO:megatron.core.datasets.indexed_dataset:	Extract the document indices
0: [default0]:INFO:megatron.core.datasets.indexed_dataset:> total number of sequences: 48965906
0: [default0]:INFO:megatron.core.datasets.indexed_dataset:> total number of documents: 48965906
0: [default0]:INFO:megatron.core.datasets.gpt_dataset:Load the GPTDataset train indices
0: [default0]:INFO:megatron.core.datasets.gpt_dataset:	Load the document index from 6e8fd4819ae680df5c7f72d6b0949d61-GPTDataset-train-document_index.npy
0: [default0]:INFO:megatron.core.datasets.gpt_dataset:	Load the sample index from 6e8fd4819ae680df5c7f72d6b0949d61-GPTDataset-train-sample_index.npy
0: [default0]:INFO:megatron.core.datasets.gpt_dataset:	Load the shuffle index from 6e8fd4819ae680df5c7f72d6b0949d61-GPTDataset-train-shuffle_index.npy
0: [default0]:INFO:megatron.core.datasets.gpt_dataset:> total number of samples: 8612827
0: [default0]:INFO:megatron.core.datasets.gpt_dataset:Load the GPTDataset valid indices
0: [default0]:INFO:megatron.core.datasets.gpt_dataset:	Load the document index from 7583ec98884f372e0a748a954d99e6cb-GPTDataset-valid-document_index.npy
0: [default0]:INFO:megatron.core.datasets.gpt_dataset:	Load the sample index from 7583ec98884f372e0a748a954d99e6cb-GPTDataset-valid-sample_index.npy
0: [default0]:INFO:megatron.cor
0: e.datasets.gpt_dataset:	Load the shuffle index from 7583ec98884f372e0a748a954d99e6cb-GPTDataset-valid-shuffle_index.npy
0: [default0]:INFO:megatron.core.datasets.gpt_dataset:> total number of samples: 61644
0: [default0]:> finished creating GPT datasets ...
7: [default3]:INFO:megatron.core.timers:(min, max) time across ranks (ms):
7: [default3]:    model-and-optimizer-setup ......................: (1177.13, 1178.97)
7: [default3]:    train/valid/test-data-iterators-setup ..........: (1865.82, 2276.29)
0: [default0]:[after dataloaders are built] datetime: 2026-05-26 14:46:15.907866 
0: [default0]:done with setup ...
0: [default0]:training ...
0: [default0]:Overwriting rerun_state_machine.current_iteration from -1 to 0...
0: [default0]:[before the start of training step] datetime: 2026-05-26 14:46:15.985297 
5: [default3]:[rank23]:W0526 14:46:21.916000 204165 torch/_inductor/triton_bundler.py:396] [5/0] Directory /iopsstor/scratch/cscs/course_00179/gipfelsturm/.triton_cache/tmp.a2211a00-1055-43f6-ad48-16c1f787b063 is not empty - skipping!
7: [default3]:[rank31]:W0526 14:46:21.912000 25590 torch/_inductor/triton_bundler.py:396] [5/0] Directory /iopsstor/scratch/cscs/course_00179/gipfelsturm/.triton_cache/tmp.a5a2fc09-4eb9-4923-ae30-fd095eadebbc is not empty - skipping!
6: [default0]:[rank24]:W0526 14:46:22.047000 19581 torch/_inductor/triton_bundler.py:396] [6/0] Directory /iopsstor/scratch/cscs/course_00179/gipfelsturm/.triton_cache/tmp.61920d68-ce21-402a-b001-f0f18ef3970a is not empty - skipping!
6: [default1]:[rank25]:W0526 14:46:22.048000 19582 torch/_inductor/triton_bundler.py:396] [6/0] Directory /iopsstor/scratch/cscs/course_00179/gipfelsturm/.triton_cache/tmp.84dca21d-d57b-4f35-81cc-d9a915f8da04 is not empty - skipping!
5: [default3]:[rank23]:W0526 14:46:22.051000 204165 torch/_inductor/triton_bundler.py:396] [6/0] Directory /iopsstor/scratch/cscs/course_00179/gipfelsturm/.triton_cache/tmp.ae5652b2-3118-4b90-831c-a628fdefe92f is not empty - skipping!
7: [default3]:[rank31]:W0526 14:46:22.038000 25590 torch/_inductor/triton_bundler.py:396] [6/0] Directory /iopsstor/scratch/cscs/course_00179/gipfelsturm/.triton_cache/tmp.3c985439-b963-475c-993a-80eb2bc24a27 is not empty - skipping!
7: [default3]:[rank31]:W0526 14:46:22.048000 25590 torch/_inductor/triton_bundler.py:396] [6/0] Directory /iopsstor/scratch/cscs/course_00179/gipfelsturm/.triton_cache/tmp.b5393b0f-efa9-48d3-8363-aa97fe2abfa8 is not empty - skipping!
5: [default2]:[rank22]:W0526 14:46:22.054000 204164 torch/_inductor/triton_bundler.py:396] [6/0] Directory /iopsstor/scratch/cscs/course_00179/gipfelsturm/.triton_cache/tmp.a8cad260-dbf3-41c8-b62b-1e41d00db54a is not empty - skipping!
4: [default3]:[rank19]:W0526 14:46:22.049000 116163 torch/_inductor/triton_bundler.py:396] [6/0] Directory /iopsstor/scratch/cscs/course_00179/gipfelsturm/.triton_cache/tmp.3ca74f6b-8dd6-4f9e-97ee-1dd965c4c668 is not empty - skipping!
4: [default2]:[rank18]:W0526 14:46:22.047000 116162 torch/_inductor/triton_bundler.py:396] [6/0] Directory /iopsstor/scratch/cscs/course_00179/gipfelsturm/.triton_cache/tmp.b4779127-d1c6-45e0-a89f-00f02e2eace2 is not empty - skipping!
4: [default1]:[rank17]:W0526 14:46:22.049000 116161 torch/_inductor/triton_bundler.py:396] [6/0] Directory /iopsstor/scratch/cscs/course_00179/gipfelsturm/.triton_cache/tmp.d6161c75-2537-4dcb-b10d-c9fdbc68bb0c is not empty - skipping!
4: [default0]:[rank16]:W0526 14:46:22.051000 116160 torch/_inductor/triton_bundler.py:396] [6/0] Directory /iopsstor/scratch/cscs/course_00179/gipfelsturm/.triton_cache/tmp.104f7781-71b1-450f-bc2e-b2f1583a14e2 is not empty - skipping!
6: [default2]:[rank26]:W0526 14:46:22.832000 19583 torch/_inductor/triton_bundler.py:396] [7/0] Directory /iopsstor/scratch/cscs/course_00179/gipfelsturm/.triton_cache/tmp.2926fd1f-b3d6-42a9-b521-d1da2c2b7b4d is not empty - skipping!
5: [default3]:[rank23]:W0526 14:46:22.832000 204165 torch/_inductor/triton_bundler.py:396] [7/0] Directory /iopsstor/scratch/cscs/course_00179/gipfelsturm/.triton_cache/tmp.3ceddc03-2c04-4641-a830-ded130ab877d is not empty - skipping!
5: [default2]:[rank22]:W0526 14:46:22.832000 204164 torch/_inductor/triton_bundler.py:396] [7/0] Directory /iopsstor/scratch/cscs/course_00179/gipfelsturm/.triton_cache/tmp.acd81004-8575-4e87-8482-dac7497aa0c0 is not empty - skipping!
4: [default2]:[rank18]:W0526 14:46:22.829000 116162 torch/_inductor/triton_bundler.py:396] [7/0] Directory /iopsstor/scratch/cscs/course_00179/gipfelsturm/.triton_cache/tmp.df2f6dfe-51c8-4034-a196-c392bcbe9216 is not empty - skipping!
0: [default0]:/iopsstor/scratch/cscs/course_00179/lsaie-ss26-gipfelsturm/Megatron-LM/megatron/core/pipeline_parallel/schedules.py:189: UserWarning: The AccumulateGrad node's stream does not match the stream of the node that produced the incoming gradient. This may incur unnecessary synchronization and break CUDA graph capture if the AccumulateGrad node's stream is the default stream. This mismatch is caused by an AccumulateGrad node created prior to the current iteration being kept alive. This can happen if the autograd graph is still being kept alive by tensors such as the loss, or if you are using DDP, which will stash a reference to the node. To resolve the mismatch, delete all references to the autograd graph or ensure that DDP initialization is performed under the same stream as subsequent forwards. If the mismatch is intentional, you can use torch.autograd.graph.set_warn_on_accumulate_grad_stream_mismatch(False) to suppress this warning. (Triggered internally at /opt/pytorch/pytorch/torch/csrc/autograd/inp
0: ut_buffer.cpp:240.)
0: [default0]:  Variable._execution_engine.run_backward(
0: [default0]:/iopsstor/scratch/cscs/course_00179/lsaie-ss26-gipfelsturm/Megatron-LM/megatron/core/transformer/transformer_config.py:1225: UserWarning: If you are using transformer_engine as the transformer implementation, the core_attn is from transformer_engine and may be the fused version. For fused attention, you have no need to set 'core_attn' to recompute. Please check that the core_attn recompute is really needed.
0: [default0]:  warnings.warn(
0: [default0]:/usr/local/lib/python3.12/dist-packages/torch/distributed/c10d_logger.py:83: UserWarning: barrier(): using the device under current context. You can specify `device_id` in `init_process_group` to mute this warning.
0: [default0]:  return func(*args, **kwargs)
0: [default0]:Number of parameters in transformer block in billions:  0.59
0: [default0]:Number of parameters in embedding layers in billions: 0.15
0: [default0]:Total number of parameters in billions: 0.75
0: [default0]:Number of parameters in most loaded shard in billions: 0.7492
0: [default0]:compute_activation_memory_without_sp
0: [default0]:Activation memory footprint per transformer layer (precise, without SP): 816.0 MB
0: [default0]:Theoretical memory footprints: weight and optimizer=4554.60 MB, activation=22289.53 MB, total=26844.13 MB
0: [default0]:
0: [default0]:[Rank 0] (after 1 iterations) memory (MB) | allocated: 4523.07 | max allocated: 27200.12 | reserved: 30354.00 | max reserved: 30354.00
7: [default3]: [2026-05-26 14:46:26.260120] iteration        1/     909 | consumed samples:         1024 | elapsed time per iteration (ms): 10272.8 | throughput per GPU (TFLOP/s/GPU): 63.0 | tokens/sec/GPU: 12759 | learning rate: 2.000000E-06 | global batch size:  1024 | lm loss: 1.112201E+01 | loss scale: 1.0 | grad norm: 9.920 | number of skipped iterations:   0 | number of nan iterations:   0 |
0: [default0]:Number of parameters in transformer block in billions:  0.59
0: [default0]:Number of parameters in embedding layers in billions: 0.15
0: [default0]:Total number of parameters in billions: 0.75
0: [default0]:Number of parameters in most loaded shard in billions: 0.7492
0: [default0]:compute_activation_memory_without_sp
0: [default0]:Activation memory footprint per transformer layer (precise, without SP): 816.0 MB
0: [default0]:Theoretical memory footprints: weight and optimizer=4554.60 MB, activation=22289.53 MB, total=26844.13 MB
0: [default0]:
0: [default0]:[Rank 0] (after 2 iterations) memory (MB) | allocated: 4523.07 | max allocated: 27427.20 | reserved: 30354.00 | max reserved: 30354.00
7: [default3]: [2026-05-26 14:46:28.057527] iteration        2/     909 | consumed samples:         2048 | elapsed time per iteration (ms): 6034.8 | throughput per GPU (TFLOP/s/GPU): 107.2 | tokens/sec/GPU: 21719 | learning rate: 4.000000E-06 | global batch size:  1024 | lm loss: 1.111996E+01 | loss scale: 1.0 | grad norm: 14.333 | number of skipped iterations:   0 | number of nan iterations:   0 |
7: [default3]: [2026-05-26 14:46:29.842467] iteration        3/     909 | consumed samples:         3072 | elapsed time per iteration (ms): 1784.8 | throughput per GPU (TFLOP/s/GPU): 362.6 | tokens/sec/GPU: 73439 | learning rate: 6.000000E-06 | global batch size:  1024 | lm loss: 1.107056E+01 | loss scale: 1.0 | grad norm: 13.955 | number of skipped iterations:   0 | number of nan iterations:   0 |
7: [default3]: [2026-05-26 14:46:31.629959] iteration        4/     909 | consumed samples:         4096 | elapsed time per iteration (ms): 1786.9 | throughput per GPU (TFLOP/s/GPU): 362.1 | tokens/sec/GPU: 73350 | learning rate: 8.000000E-06 | global batch size:  1024 | lm loss: 1.082838E+01 | loss scale: 1.0 | grad norm: 14.060 | number of skipped iterations:   0 | number of nan iterations:   0 |
7: [default3]: [2026-05-26 14:46:33.418859] iteration        5/     909 | consumed samples:         5120 | elapsed time per iteration (ms): 1788.7 | throughput per GPU (TFLOP/s/GPU): 361.8 | tokens/sec/GPU: 73279 | learning rate: 1.000000E-05 | global batch size:  1024 | lm loss: 1.031021E+01 | loss scale: 1.0 | grad norm: 15.254 | number of skipped iterations:   0 | number of nan iterations:   0 |
7: [default3]: [2026-05-26 14:46:35.205037] iteration        6/     909 | consumed samples:         6144 | elapsed time per iteration (ms): 1786.0 | throughput per GPU (TFLOP/s/GPU): 362.3 | tokens/sec/GPU: 73389 | learning rate: 1.200000E-05 | global batch size:  1024 | lm loss: 9.873726E+00 | loss scale: 1.0 | grad norm: 21.523 | number of skipped iterations:   0 | number of nan iterations:   0 |
7: [default3]: [2026-05-26 14:46:36.989726] iteration        7/     909 | consumed samples:         7168 | elapsed time per iteration (ms): 1784.0 | throughput per GPU (TFLOP/s/GPU): 362.7 | tokens/sec/GPU: 73470 | learning rate: 1.400000E-05 | global batch size:  1024 | lm loss: 9.569078E+00 | loss scale: 1.0 | grad norm: 10.500 | number of skipped iterations:   0 | number of nan iterations:   0 |
7: [default3]: [2026-05-26 14:46:38.783280] iteration        8/     909 | consumed samples:         8192 | elapsed time per iteration (ms): 1793.4 | throughput per GPU (TFLOP/s/GPU): 360.8 | tokens/sec/GPU: 73086 | learning rate: 1.600000E-05 | global batch size:  1024 | lm loss: 9.331471E+00 | loss scale: 1.0 | grad norm: 8.782 | number of skipped iterations:   0 | number of nan iterations:   0 |
7: [default3]: [2026-05-26 14:46:40.564092] iteration        9/     909 | consumed samples:         9216 | elapsed time per iteration (ms): 1780.4 | throughput per GPU (TFLOP/s/GPU): 363.4 | tokens/sec/GPU: 73619 | learning rate: 1.800000E-05 | global batch size:  1024 | lm loss: 9.189584E+00 | loss scale: 1.0 | grad norm: 13.839 | number of skipped iterations:   0 | number of nan iterations:   0 |
7: [default3]: [2026-05-26 14:46:42.344529] iteration       10/     909 | consumed samples:        10240 | elapsed time per iteration (ms): 1780.2 | throughput per GPU (TFLOP/s/GPU): 363.5 | tokens/sec/GPU: 73627 | learning rate: 2.000000E-05 | global batch size:  1024 | lm loss: 9.134795E+00 | loss scale: 1.0 | grad norm: 6.975 | number of skipped iterations:   0 | number of nan iterations:   0 |
7: [default3]: [2026-05-26 14:46:44.122700] iteration       11/     909 | consumed samples:        11264 | elapsed time per iteration (ms): 1777.9 | throughput per GPU (TFLOP/s/GPU): 364.0 | tokens/sec/GPU: 73724 | learning rate: 2.200000E-05 | global batch size:  1024 | lm loss: 8.958611E+00 | loss scale: 1.0 | grad norm: 4.459 | number of skipped iterations:   0 | number of nan iterations:   0 |
7: [default3]: [2026-05-26 14:46:45.899703] iteration       12/     909 | consumed samples:        12288 | elapsed time per iteration (ms): 1776.7 | throughput per GPU (TFLOP/s/GPU): 364.2 | tokens/sec/GPU: 73773 | learning rate: 2.400000E-05 | global batch size:  1024 | lm loss: 8.983220E+00 | loss scale: 1.0 | grad norm: 14.007 | number of skipped iterations:   0 | number of nan iterations:   0 |
7: [default3]: [2026-05-26 14:46:47.682685] iteration       13/     909 | consumed samples:        13312 | elapsed time per iteration (ms): 1782.7 | throughput per GPU (TFLOP/s/GPU): 363.0 | tokens/sec/GPU: 73526 | learning rate: 2.600000E-05 | global batch size:  1024 | lm loss: 8.847190E+00 | loss scale: 1.0 | grad norm: 4.109 | number of skipped iterations:   0 | number of nan iterations:   0 |
7: [default3]: [2026-05-26 14:46:49.464314] iteration       14/     909 | consumed samples:        14336 | elapsed time per iteration (ms): 1781.4 | throughput per GPU (TFLOP/s/GPU): 363.2 | tokens/sec/GPU: 73578 | learning rate: 2.800000E-05 | global batch size:  1024 | lm loss: 8.880247E+00 | loss scale: 1.0 | grad norm: 6.631 | number of skipped iterations:   0 | number of nan iterations:   0 |
7: [default3]: [2026-05-26 14:46:51.245062] iteration       15/     909 | consumed samples:        15360 | elapsed time per iteration (ms): 1780.5 | throughput per GPU (TFLOP/s/GPU): 363.4 | tokens/sec/GPU: 73615 | learning rate: 3.000000E-05 | global batch size:  1024 | lm loss: 8.783780E+00 | loss scale: 1.0 | grad norm: 4.225 | number of skipped iterations:   0 | number of nan iterations:   0 |
7: [default3]: [2026-05-26 14:46:53.027189] iteration       16/     909 | consumed samples:        16384 | elapsed time per iteration (ms): 1781.8 | throughput per GPU (TFLOP/s/GPU): 363.2 | tokens/sec/GPU: 73561 | learning rate: 3.200000E-05 | global batch size:  1024 | lm loss: 8.670626E+00 | loss scale: 1.0 | grad norm: 3.736 | number of skipped iterations:   0 | number of nan iterations:   0 |
7: [default3]: [2026-05-26 14:46:54.801319] iteration       17/     909 | consumed samples:        17408 | elapsed time per iteration (ms): 1773.9 | throughput per GPU (TFLOP/s/GPU): 364.8 | tokens/sec/GPU: 73887 | learning rate: 3.400000E-05 | global batch size:  1024 | lm loss: 8.656333E+00 | loss scale: 1.0 | grad norm: 5.615 | number of skipped iterations:   0 | number of nan iterations:   0 |
7: [default3]: [2026-05-26 14:46:56.595237] iteration       18/     909 | consumed samples:        18432 | elapsed time per iteration (ms): 1793.7 | throughput per GPU (TFLOP/s/GPU): 360.8 | tokens/sec/GPU: 73075 | learning rate: 3.600000E-05 | global batch size:  1024 | lm loss: 8.585218E+00 | loss scale: 1.0 | grad norm: 3.774 | number of skipped iterations:   0 | number of nan iterations:   0 |
7: [default3]: [2026-05-26 14:46:58.383348] iteration       19/     909 | consumed samples:        19456 | elapsed time per iteration (ms): 1787.8 | throughput per GPU (TFLOP/s/GPU): 361.9 | tokens/sec/GPU: 73315 | learning rate: 3.800000E-05 | global batch size:  1024 | lm loss: 8.516472E+00 | loss scale: 1.0 | grad norm: 2.680 | number of skipped iterations:   0 | number of nan iterations:   0 |
7: [default3]: [2026-05-26 14:47:00.167488] iteration       20/     909 | consumed samples:        20480 | elapsed time per iteration (ms): 1783.1 | throughput per GPU (TFLOP/s/GPU): 362.9 | tokens/sec/GPU: 73510 | learning rate: 4.000000E-05 | global batch size:  1024 | lm loss: 8.427280E+00 | loss scale: 1.0 | grad norm: 2.679 | number of skipped iterations:   0 | number of nan iterations:   0 |
7: [default3]: [2026-05-26 14:47:01.945159] iteration       21/     909 | consumed samples:        21504 | elapsed time per iteration (ms): 1777.5 | throughput per GPU (TFLOP/s/GPU): 364.0 | tokens/sec/GPU: 73741 | learning rate: 4.200000E-05 | global batch size:  1024 | lm loss: 8.335577E+00 | loss scale: 1.0 | grad norm: 2.858 | number of skipped iterations:   0 | number of nan iterations:   0 |
7: [default3]: [2026-05-26 14:47:03.731859] iteration       22/     909 | consumed samples:        22528 | elapsed time per iteration (ms): 1786.5 | throughput per GPU (TFLOP/s/GPU): 362.2 | tokens/sec/GPU: 73368 | learning rate: 4.400000E-05 | global batch size:  1024 | lm loss: 8.209482E+00 | loss scale: 1.0 | grad norm: 2.817 | number of skipped iterations:   0 | number of nan iterations:   0 |
7: [default3]: [2026-05-26 14:47:05.516378] iteration       23/     909 | consumed samples:        23552 | elapsed time per iteration (ms): 1784.3 | throughput per GPU (TFLOP/s/GPU): 362.6 | tokens/sec/GPU: 73457 | learning rate: 4.600000E-05 | global batch size:  1024 | lm loss: 8.129082E+00 | loss scale: 1.0 | grad norm: 2.354 | number of skipped iterations:   0 | number of nan iterations:   0 |
7: [default3]: [2026-05-26 14:47:07.302957] iteration       24/     909 | consumed samples:        24576 | elapsed time per iteration (ms): 1786.3 | throughput per GPU (TFLOP/s/GPU): 362.2 | tokens/sec/GPU: 73377 | learning rate: 4.800000E-05 | global batch size:  1024 | lm loss: 8.033081E+00 | loss scale: 1.0 | grad norm: 2.497 | number of skipped iterations:   0 | number of nan iterations:   0 |
7: [default3]: [2026-05-26 14:47:09.097390] iteration       25/     909 | consumed samples:        25600 | elapsed time per iteration (ms): 1794.1 | throughput per GPU (TFLOP/s/GPU): 360.7 | tokens/sec/GPU: 73056 | learning rate: 5.000000E-05 | global batch size:  1024 | lm loss: 7.896181E+00 | loss scale: 1.0 | grad norm: 3.310 | number of skipped iterations:   0 | number of nan iterations:   0 |
7: [default3]: [2026-05-26 14:47:10.895391] iteration       26/     909 | consumed samples:        26624 | elapsed time per iteration (ms): 1797.6 | throughput per GPU (TFLOP/s/GPU): 360.0 | tokens/sec/GPU: 72917 | learning rate: 5.200000E-05 | global batch size:  1024 | lm loss: 7.879792E+00 | loss scale: 1.0 | grad norm: 5.778 | number of skipped iterations:   0 | number of nan iterations:   0 |
7: [default3]: [2026-05-26 14:47:12.682330] iteration       27/     909 | consumed samples:        27648 | elapsed time per iteration (ms): 1786.7 | throughput per GPU (TFLOP/s/GPU): 362.2 | tokens/sec/GPU: 73358 | learning rate: 5.400000E-05 | global batch size:  1024 | lm loss: 7.762726E+00 | loss scale: 1.0 | grad norm: 3.312 | number of skipped iterations:   0 | number of nan iterations:   0 |
7: [default3]: [2026-05-26 14:47:14.467268] iteration       28/     909 | consumed samples:        28672 | elapsed time per iteration (ms): 1784.6 | throughput per GPU (TFLOP/s/GPU): 362.6 | tokens/sec/GPU: 73444 | learning rate: 5.600000E-05 | global batch size:  1024 | lm loss: 7.692832E+00 | loss scale: 1.0 | grad norm: 4.354 | number of skipped iterations:   0 | number of nan iterations:   0 |
7: [default3]: [2026-05-26 14:47:16.244642] iteration       29/     909 | consumed samples:        29696 | elapsed time per iteration (ms): 1777.2 | throughput per GPU (TFLOP/s/GPU): 364.1 | tokens/sec/GPU: 73753 | learning rate: 5.800000E-05 | global batch size:  1024 | lm loss: 7.547284E+00 | loss scale: 1.0 | grad norm: 3.475 | number of skipped iterations:   0 | number of nan iterations:   0 |
7: [default3]: [2026-05-26 14:47:18.028760] iteration       30/     909 | consumed samples:        30720 | elapsed time per iteration (ms): 1783.8 | throughput per GPU (TFLOP/s/GPU): 362.8 | tokens/sec/GPU: 73479 | learning rate: 6.000000E-05 | global batch size:  1024 | lm loss: 7.460350E+00 | loss scale: 1.0 | grad norm: 2.219 | number of skipped iterations:   0 | number of nan iterations:   0 |
7: [default3]: [2026-05-26 14:47:19.823993] iteration       31/     909 | consumed samples:        31744 | elapsed time per iteration (ms): 1795.0 | throughput per GPU (TFLOP/s/GPU): 360.5 | tokens/sec/GPU: 73020 | learning rate: 6.200000E-05 | global batch size:  1024 | lm loss: 7.358574E+00 | loss scale: 1.0 | grad norm: 4.956 | number of skipped iterations:   0 | number of nan iterations:   0 |
7: [default3]: [2026-05-26 14:47:21.614345] iteration       32/     909 | consumed samples:        32768 | elapsed time per iteration (ms): 1790.0 | throughput per GPU (TFLOP/s/GPU): 361.5 | tokens/sec/GPU: 73223 | learning rate: 6.400000E-05 | global batch size:  1024 | lm loss: 7.304369E+00 | loss scale: 1.0 | grad norm: 3.238 | number of skipped iterations:   0 | number of nan iterations:   0 |
7: [default3]: [2026-05-26 14:47:23.403764] iteration       33/     909 | consumed samples:        33792 | elapsed time per iteration (ms): 1789.1 | throughput per GPU (TFLOP/s/GPU): 361.7 | tokens/sec/GPU: 73261 | learning rate: 6.600000E-05 | global batch size:  1024 | lm loss: 7.222217E+00 | loss scale: 1.0 | grad norm: 2.500 | number of skipped iterations:   0 | number of nan iterations:   0 |
7: [default3]: [2026-05-26 14:47:25.196194] iteration       34/     909 | consumed samples:        34816 | elapsed time per iteration (ms): 1792.1 | throughput per GPU (TFLOP/s/GPU): 361.1 | tokens/sec/GPU: 73138 | learning rate: 6.800000E-05 | global batch size:  1024 | lm loss: 7.107845E+00 | loss scale: 1.0 | grad norm: 1.492 | number of skipped iterations:   0 | number of nan iterations:   0 |
7: [default3]: [2026-05-26 14:47:26.984781] iteration       35/     909 | consumed samples:        35840 | elapsed time per iteration (ms): 1788.3 | throughput per GPU (TFLOP/s/GPU): 361.8 | tokens/sec/GPU: 73294 | learning rate: 7.000000E-05 | global batch size:  1024 | lm loss: 7.046297E+00 | loss scale: 1.0 | grad norm: 3.625 | number of skipped iterations:   0 | number of nan iterations:   0 |
7: [default3]: [2026-05-26 14:47:28.787033] iteration       36/     909 | consumed samples:        36864 | elapsed time per iteration (ms): 1801.9 | throughput per GPU (TFLOP/s/GPU): 359.1 | tokens/sec/GPU: 72739 | learning rate: 7.200000E-05 | global batch size:  1024 | lm loss: 7.001359E+00 | loss scale: 1.0 | grad norm: 2.020 | number of skipped iterations:   0 | number of nan iterations:   0 |
7: [default3]: [2026-05-26 14:47:30.578894] iteration       37/     909 | consumed samples:        37888 | elapsed time per iteration (ms): 1791.6 | throughput per GPU (TFLOP/s/GPU): 361.2 | tokens/sec/GPU: 73159 | learning rate: 7.400000E-05 | global batch size:  1024 | lm loss: 6.925748E+00 | loss scale: 1.0 | grad norm: 1.692 | number of skipped iterations:   0 | number of nan iterations:   0 |
7: [default3]: [2026-05-26 14:47:32.365585] iteration       38/     909 | consumed samples:        38912 | elapsed time per iteration (ms): 1786.5 | throughput per GPU (TFLOP/s/GPU): 362.2 | tokens/sec/GPU: 73369 | learning rate: 7.600000E-05 | global batch size:  1024 | lm loss: 6.881285E+00 | loss scale: 1.0 | grad norm: 2.098 | number of skipped iterations:   0 | number of nan iterations:   0 |
7: [default3]: [2026-05-26 14:47:34.157723] iteration       39/     909 | consumed samples:        39936 | elapsed time per iteration (ms): 1791.9 | throughput per GPU (TFLOP/s/GPU): 361.1 | tokens/sec/GPU: 73148 | learning rate: 7.800000E-05 | global batch size:  1024 | lm loss: 6.772771E+00 | loss scale: 1.0 | grad norm: 1.825 | number of skipped iterations:   0 | number of nan iterations:   0 |
7: [default3]: [2026-05-26 14:47:35.949723] iteration       40/     909 | consumed samples:        40960 | elapsed time per iteration (ms): 1791.8 | throughput per GPU (TFLOP/s/GPU): 361.1 | tokens/sec/GPU: 73150 | learning rate: 8.000000E-05 | global batch size:  1024 | lm loss: 6.717280E+00 | loss scale: 1.0 | grad norm: 2.074 | number of skipped iterations:   0 | number of nan iterations:   0 |
7: [default3]: [2026-05-26 14:47:37.744378] iteration       41/     909 | consumed samples:        41984 | elapsed time per iteration (ms): 1794.3 | throughput per GPU (TFLOP/s/GPU): 360.6 | tokens/sec/GPU: 73047 | learning rate: 8.200000E-05 | global batch size:  1024 | lm loss: 6.659785E+00 | loss scale: 1.0 | grad norm: 2.168 | number of skipped iterations:   0 | number of nan iterations:   0 |
7: [default3]: [2026-05-26 14:47:39.537051] iteration       42/     909 | consumed samples:        43008 | elapsed time per iteration (ms): 1792.5 | throughput per GPU (TFLOP/s/GPU): 361.0 | tokens/sec/GPU: 73122 | learning rate: 8.400000E-05 | global batch size:  1024 | lm loss: 6.603615E+00 | loss scale: 1.0 | grad norm: 1.847 | number of skipped iterations:   0 | number of nan iterations:   0 |
7: [default3]: [2026-05-26 14:47:41.324953] iteration       43/     909 | consumed samples:        44032 | elapsed time per iteration (ms): 1787.6 | throughput per GPU (TFLOP/s/GPU): 362.0 | tokens/sec/GPU: 73323 | learning rate: 8.600000E-05 | global batch size:  1024 | lm loss: 6.541097E+00 | loss scale: 1.0 | grad norm: 1.241 | number of skipped iterations:   0 | number of nan iterations:   0 |
7: [default3]: [2026-05-26 14:47:43.107460] iteration       44/     909 | consumed samples:        45056 | elapsed time per iteration (ms): 1782.2 | throughput per GPU (TFLOP/s/GPU): 363.1 | tokens/sec/GPU: 73543 | learning rate: 8.800000E-05 | global batch size:  1024 | lm loss: 6.495484E+00 | loss scale: 1.0 | grad norm: 1.481 | number of skipped iterations:   0 | number of nan iterations:   0 |
7: [default3]: [2026-05-26 14:47:44.902250] iteration       45/     909 | consumed samples:        46080 | elapsed time per iteration (ms): 1794.5 | throughput per GPU (TFLOP/s/GPU): 360.6 | tokens/sec/GPU: 73039 | learning rate: 9.000000E-05 | global batch size:  1024 | lm loss: 6.453814E+00 | loss scale: 1.0 | grad norm: 2.821 | number of skipped iterations:   0 | number of nan iterations:   0 |
7: [default3]: [2026-05-26 14:47:46.695661] iteration       46/     909 | consumed samples:        47104 | elapsed time per iteration (ms): 1793.1 | throughput per GPU (TFLOP/s/GPU): 360.9 | tokens/sec/GPU: 73097 | learning rate: 9.200000E-05 | global batch size:  1024 | lm loss: 6.394277E+00 | loss scale: 1.0 | grad norm: 1.156 | number of skipped iterations:   0 | number of nan iterations:   0 |
7: [default3]: [2026-05-26 14:47:48.484722] iteration       47/     909 | consumed samples:        48128 | elapsed time per iteration (ms): 1788.7 | throughput per GPU (TFLOP/s/GPU): 361.8 | tokens/sec/GPU: 73276 | learning rate: 9.400000E-05 | global batch size:  1024 | lm loss: 6.356944E+00 | loss scale: 1.0 | grad norm: 2.129 | number of skipped iterations:   0 | number of nan iterations:   0 |
7: [default3]: [2026-05-26 14:47:50.279938] iteration       48/     909 | consumed samples:        49152 | elapsed time per iteration (ms): 1794.9 | throughput per GPU (TFLOP/s/GPU): 360.5 | tokens/sec/GPU: 73025 | learning rate: 9.600000E-05 | global batch size:  1024 | lm loss: 6.312009E+00 | loss scale: 1.0 | grad norm: 1.442 | number of skipped iterations:   0 | number of nan iterations:   0 |
7: [default3]: [2026-05-26 14:47:52.065475] iteration       49/     909 | consumed samples:        50176 | elapsed time per iteration (ms): 1785.2 | throughput per GPU (TFLOP/s/GPU): 362.5 | tokens/sec/GPU: 73420 | learning rate: 9.800000E-05 | global batch size:  1024 | lm loss: 6.246927E+00 | loss scale: 1.0 | grad norm: 2.043 | number of skipped iterations:   0 | number of nan iterations:   0 |
7: [default3]: [2026-05-26 14:47:53.865976] iteration       50/     909 | consumed samples:        51200 | elapsed time per iteration (ms): 1800.3 | throughput per GPU (TFLOP/s/GPU): 359.4 | tokens/sec/GPU: 72805 | learning rate: 1.000000E-04 | global batch size:  1024 | lm loss: 6.179554E+00 | loss scale: 1.0 | grad norm: 1.340 | number of skipped iterations:   0 | number of nan iterations:   0 |
7: [default3]: [2026-05-26 14:47:56.181642] iteration       51/     909 | consumed samples:        52224 | elapsed time per iteration (ms): 2315.4 | throughput per GPU (TFLOP/s/GPU): 279.5 | tokens/sec/GPU: 56608 | learning rate: 1.020000E-04 | global batch size:  1024 | lm loss: 6.168466E+00 | loss scale: 1.0 | grad norm: 2.304 | number of skipped iterations:   0 | number of nan iterations:   0 |
7: [default3]: [2026-05-26 14:47:57.967461] iteration       52/     909 | consumed samples:        53248 | elapsed time per iteration (ms): 1785.6 | throughput per GPU (TFLOP/s/GPU): 362.4 | tokens/sec/GPU: 73404 | learning rate: 1.040000E-04 | global batch size:  1024 | lm loss: 6.121078E+00 | loss scale: 1.0 | grad norm: 1.305 | number of skipped iterations:   0 | number of nan iterations:   0 |
7: [default3]: [2026-05-26 14:47:59.762643] iteration       53/     909 | consumed samples:        54272 | elapsed time per iteration (ms): 1795.0 | throughput per GPU (TFLOP/s/GPU): 360.5 | tokens/sec/GPU: 73022 | learning rate: 1.060000E-04 | global batch size:  1024 | lm loss: 6.108441E+00 | loss scale: 1.0 | grad norm: 2.562 | number of skipped iterations:   0 | number of nan iterations:   0 |
7: [default3]: [2026-05-26 14:48:01.561045] iteration       54/     909 | consumed samples:        55296 | elapsed time per iteration (ms): 1798.0 | throughput per GPU (TFLOP/s/GPU): 359.9 | tokens/sec/GPU: 72897 | learning rate: 1.080000E-04 | global batch size:  1024 | lm loss: 6.051524E+00 | loss scale: 1.0 | grad norm: 1.804 | number of skipped iterations:   0 | number of nan iterations:   0 |
7: [default3]: [2026-05-26 14:48:03.349365] iteration       55/     909 | consumed samples:        56320 | elapsed time per iteration (ms): 1788.0 | throughput per GPU (TFLOP/s/GPU): 361.9 | tokens/sec/GPU: 73306 | learning rate: 1.100000E-04 | global batch size:  1024 | lm loss: 5.993628E+00 | loss scale: 1.0 | grad norm: 1.398 | number of skipped iterations:   0 | number of nan iterations:   0 |
7: [default3]: [2026-05-26 14:48:05.149902] iteration       56/     909 | consumed samples:        57344 | elapsed time per iteration (ms): 1800.3 | throughput per GPU (TFLOP/s/GPU): 359.4 | tokens/sec/GPU: 72806 | learning rate: 1.120000E-04 | global batch size:  1024 | lm loss: 5.961301E+00 | loss scale: 1.0 | grad norm: 1.406 | number of skipped iterations:   0 | number of nan iterations:   0 |
7: [default3]: [2026-05-26 14:48:06.944315] iteration       57/     909 | consumed samples:        58368 | elapsed time per iteration (ms): 1794.1 | throughput per GPU (TFLOP/s/GPU): 360.7 | tokens/sec/GPU: 73055 | learning rate: 1.140000E-04 | global batch size:  1024 | lm loss: 5.917842E+00 | loss scale: 1.0 | grad norm: 1.192 | number of skipped iterations:   0 | number of nan iterations:   0 |
7: [default3]: [2026-05-26 14:48:08.744724] iteration       58/     909 | consumed samples:        59392 | elapsed time per iteration (ms): 1800.1 | throughput per GPU (TFLOP/s/GPU): 359.5 | tokens/sec/GPU: 72816 | learning rate: 1.160000E-04 | global batch size:  1024 | lm loss: 5.923919E+00 | loss scale: 1.0 | grad norm: 1.382 | number of skipped iterations:   0 | number of nan iterations:   0 |
7: [default3]: [2026-05-26 14:48:10.543593] iteration       59/     909 | consumed samples:        60416 | elapsed time per iteration (ms): 1798.6 | throughput per GPU (TFLOP/s/GPU): 359.8 | tokens/sec/GPU: 72873 | learning rate: 1.180000E-04 | global batch size:  1024 | lm loss: 5.883031E+00 | loss scale: 1.0 | grad norm: 1.749 | number of skipped iterations:   0 | number of nan iterations:   0 |
7: [default3]: [2026-05-26 14:48:12.343633] iteration       60/     909 | consumed samples:        61440 | elapsed time per iteration (ms): 1799.8 | throughput per GPU (TFLOP/s/GPU): 359.5 | tokens/sec/GPU: 72825 | learning rate: 1.200000E-04 | global batch size:  1024 | lm loss: 5.843520E+00 | loss scale: 1.0 | grad norm: 1.133 | number of skipped iterations:   0 | number of nan iterations:   0 |
7: [default3]: [2026-05-26 14:48:14.149571] iteration       61/     909 | consumed samples:        62464 | elapsed time per iteration (ms): 1805.7 | throughput per GPU (TFLOP/s/GPU): 358.3 | tokens/sec/GPU: 72586 | learning rate: 1.220000E-04 | global batch size:  1024 | lm loss: 5.786322E+00 | loss scale: 1.0 | grad norm: 1.368 | number of skipped iterations:   0 | number of nan iterations:   0 |
7: [default3]: [2026-05-26 14:48:15.943774] iteration       62/     909 | consumed samples:        63488 | elapsed time per iteration (ms): 1794.0 | throughput per GPU (TFLOP/s/GPU): 360.7 | tokens/sec/GPU: 73063 | learning rate: 1.240000E-04 | global batch size:  1024 | lm loss: 5.749948E+00 | loss scale: 1.0 | grad norm: 1.255 | number of skipped iterations:   0 | number of nan iterations:   0 |
7: [default3]: [2026-05-26 14:48:17.739064] iteration       63/     909 | consumed samples:        64512 | elapsed time per iteration (ms): 1795.0 | throughput per GPU (TFLOP/s/GPU): 360.5 | tokens/sec/GPU: 73020 | learning rate: 1.260000E-04 | global batch size:  1024 | lm loss: 5.713955E+00 | loss scale: 1.0 | grad norm: 1.533 | number of skipped iterations:   0 | number of nan iterations:   0 |
7: [default3]: [2026-05-26 14:48:19.529238] iteration       64/     909 | consumed samples:        65536 | elapsed time per iteration (ms): 1789.9 | throughput per GPU (TFLOP/s/GPU): 361.5 | tokens/sec/GPU: 73230 | learning rate: 1.280000E-04 | global batch size:  1024 | lm loss: 5.725453E+00 | loss scale: 1.0 | grad norm: 2.128 | number of skipped iterations:   0 | number of nan iterations:   0 |
7: [default3]: [2026-05-26 14:48:21.329971] iteration       65/     909 | consumed samples:        66560 | elapsed time per iteration (ms): 1800.5 | throughput per GPU (TFLOP/s/GPU): 359.4 | tokens/sec/GPU: 72796 | learning rate: 1.300000E-04 | global batch size:  1024 | lm loss: 5.726363E+00 | loss scale: 1.0 | grad norm: 1.086 | number of skipped iterations:   0 | number of nan iterations:   0 |
7: [default3]: [2026-05-26 14:48:23.126586] iteration       66/     909 | consumed samples:        67584 | elapsed time per iteration (ms): 1796.4 | throughput per GPU (TFLOP/s/GPU): 360.2 | tokens/sec/GPU: 72964 | learning rate: 1.320000E-04 | global batch size:  1024 | lm loss: 5.634884E+00 | loss scale: 1.0 | grad norm: 1.145 | number of skipped iterations:   0 | number of nan iterations:   0 |
7: [default3]: [2026-05-26 14:48:24.923208] iteration       67/     909 | consumed samples:        68608 | elapsed time per iteration (ms): 1795.8 | throughput per GPU (TFLOP/s/GPU): 360.3 | tokens/sec/GPU: 72988 | learning rate: 1.340000E-04 | global batch size:  1024 | lm loss: 5.603844E+00 | loss scale: 1.0 | grad norm: 1.307 | number of skipped iterations:   0 | number of nan iterations:   0 |
7: [default3]: [2026-05-26 14:48:26.705347] iteration       68/     909 | consumed samples:        69632 | elapsed time per iteration (ms): 1782.0 | throughput per GPU (TFLOP/s/GPU): 363.1 | tokens/sec/GPU: 73555 | learning rate: 1.360000E-04 | global batch size:  1024 | lm loss: 5.584812E+00 | loss scale: 1.0 | grad norm: 0.942 | number of skipped iterations:   0 | number of nan iterations:   0 |
7: [default3]: [2026-05-26 14:48:28.502454] iteration       69/     909 | consumed samples:        70656 | elapsed time per iteration (ms): 1796.8 | throughput per GPU (TFLOP/s/GPU): 360.1 | tokens/sec/GPU: 72947 | learning rate: 1.380000E-04 | global batch size:  1024 | lm loss: 5.576863E+00 | loss scale: 1.0 | grad norm: 1.534 | number of skipped iterations:   0 | number of nan iterations:   0 |
7: [default3]: [2026-05-26 14:48:30.304735] iteration       70/     909 | consumed samples:        71680 | elapsed time per iteration (ms): 1802.1 | throughput per GPU (TFLOP/s/GPU): 359.1 | tokens/sec/GPU: 72733 | learning rate: 1.400000E-04 | global batch size:  1024 | lm loss: 5.573667E+00 | loss scale: 1.0 | grad norm: 2.062 | number of skipped iterations:   0 | number of nan iterations:   0 |
7: [default3]: [2026-05-26 14:48:32.110387] iteration       71/     909 | consumed samples:        72704 | elapsed time per iteration (ms): 1805.5 | throughput per GPU (TFLOP/s/GPU): 358.4 | tokens/sec/GPU: 72598 | learning rate: 1.420000E-04 | global batch size:  1024 | lm loss: 5.514358E+00 | loss scale: 1.0 | grad norm: 1.227 | number of skipped iterations:   0 | number of nan iterations:   0 |
7: [default3]: [2026-05-26 14:48:33.900766] iteration       72/     909 | consumed samples:        73728 | elapsed time per iteration (ms): 1789.7 | throughput per GPU (TFLOP/s/GPU): 361.6 | tokens/sec/GPU: 73236 | learning rate: 1.440000E-04 | global batch size:  1024 | lm loss: 5.516259E+00 | loss scale: 1.0 | grad norm: 1.352 | number of skipped iterations:   0 | number of nan iterations:   0 |
7: [default3]: [2026-05-26 14:48:35.699351] iteration       73/     909 | consumed samples:        74752 | elapsed time per iteration (ms): 1798.4 | throughput per GPU (TFLOP/s/GPU): 359.8 | tokens/sec/GPU: 72881 | learning rate: 1.460000E-04 | global batch size:  1024 | lm loss: 5.442708E+00 | loss scale: 1.0 | grad norm: 1.655 | number of skipped iterations:   0 | number of nan iterations:   0 |
7: [default3]: [2026-05-26 14:48:37.503496] iteration       74/     909 | consumed samples:        75776 | elapsed time per iteration (ms): 1803.9 | throughput per GPU (TFLOP/s/GPU): 358.7 | tokens/sec/GPU: 72660 | learning rate: 1.480000E-04 | global batch size:  1024 | lm loss: 5.413984E+00 | loss scale: 1.0 | grad norm: 1.462 | number of skipped iterations:   0 | number of nan iterations:   0 |
7: [default3]: [2026-05-26 14:48:39.316904] iteration       75/     909 | consumed samples:        76800 | elapsed time per iteration (ms): 1812.5 | throughput per GPU (TFLOP/s/GPU): 357.0 | tokens/sec/GPU: 72314 | learning rate: 1.500000E-04 | global batch size:  1024 | lm loss: 5.370553E+00 | loss scale: 1.0 | grad norm: 1.453 | number of skipped iterations:   0 | number of nan iterations:   0 |
7: [default3]: [2026-05-26 14:48:41.119267] iteration       76/     909 | consumed samples:        77824 | elapsed time per iteration (ms): 1802.2 | throughput per GPU (TFLOP/s/GPU): 359.1 | tokens/sec/GPU: 72730 | learning rate: 1.520000E-04 | global batch size:  1024 | lm loss: 5.361457E+00 | loss scale: 1.0 | grad norm: 1.274 | number of skipped iterations:   0 | number of nan iterations:   0 |
7: [default3]: [2026-05-26 14:48:42.920050] iteration       77/     909 | consumed samples:        78848 | elapsed time per iteration (ms): 1800.5 | throughput per GPU (TFLOP/s/GPU): 359.4 | tokens/sec/GPU: 72799 | learning rate: 1.540000E-04 | global batch size:  1024 | lm loss: 5.356867E+00 | loss scale: 1.0 | grad norm: 1.765 | number of skipped iterations:   0 | number of nan iterations:   0 |
7: [default3]: [2026-05-26 14:48:44.715558] iteration       78/     909 | consumed samples:        79872 | elapsed time per iteration (ms): 1795.3 | throughput per GPU (TFLOP/s/GPU): 360.4 | tokens/sec/GPU: 73008 | learning rate: 1.560000E-04 | global batch size:  1024 | lm loss: 5.314263E+00 | loss scale: 1.0 | grad norm: 1.327 | number of skipped iterations:   0 | number of nan iterations:   0 |
7: [default3]: [2026-05-26 14:48:46.515633] iteration       79/     909 | consumed samples:        80896 | elapsed time per iteration (ms): 1799.7 | throughput per GPU (TFLOP/s/GPU): 359.5 | tokens/sec/GPU: 72829 | learning rate: 1.580000E-04 | global batch size:  1024 | lm loss: 5.289434E+00 | loss scale: 1.0 | grad norm: 1.142 | number of skipped iterations:   0 | number of nan iterations:   0 |
7: [default3]: [2026-05-26 14:48:48.321758] iteration       80/     909 | consumed samples:        81920 | elapsed time per iteration (ms): 1805.9 | throughput per GPU (TFLOP/s/GPU): 358.3 | tokens/sec/GPU: 72579 | learning rate: 1.600000E-04 | global batch size:  1024 | lm loss: 5.283109E+00 | loss scale: 1.0 | grad norm: 1.517 | number of skipped iterations:   0 | number of nan iterations:   0 |
7: [default3]: [2026-05-26 14:48:50.123913] iteration       81/     909 | consumed samples:        82944 | elapsed time per iteration (ms): 1801.8 | throughput per GPU (TFLOP/s/GPU): 359.1 | tokens/sec/GPU: 72746 | learning rate: 1.620000E-04 | global batch size:  1024 | lm loss: 5.253917E+00 | loss scale: 1.0 | grad norm: 1.355 | number of skipped iterations:   0 | number of nan iterations:   0 |
7: [default3]: [2026-05-26 14:48:51.922485] iteration       82/     909 | consumed samples:        83968 | elapsed time per iteration (ms): 1797.5 | throughput per GPU (TFLOP/s/GPU): 360.0 | tokens/sec/GPU: 72919 | learning rate: 1.640000E-04 | global batch size:  1024 | lm loss: 5.222425E+00 | loss scale: 1.0 | grad norm: 0.870 | number of skipped iterations:   0 | number of nan iterations:   0 |
7: [default3]: [2026-05-26 14:48:53.724649] iteration       83/     909 | consumed samples:        84992 | elapsed time per iteration (ms): 1802.0 | throughput per GPU (TFLOP/s/GPU): 359.1 | tokens/sec/GPU: 72738 | learning rate: 1.660000E-04 | global batch size:  1024 | lm loss: 5.192671E+00 | loss scale: 1.0 | grad norm: 1.168 | number of skipped iterations:   0 | number of nan iterations:   0 |
7: [default3]: [2026-05-26 14:48:55.528656] iteration       84/     909 | consumed samples:        86016 | elapsed time per iteration (ms): 1803.8 | throughput per GPU (TFLOP/s/GPU): 358.7 | tokens/sec/GPU: 72665 | learning rate: 1.680000E-04 | global batch size:  1024 | lm loss: 5.178639E+00 | loss scale: 1.0 | grad norm: 1.338 | number of skipped iterations:   0 | number of nan iterations:   0 |
7: [default3]: [2026-05-26 14:48:57.326302] iteration       85/     909 | consumed samples:        87040 | elapsed time per iteration (ms): 1797.5 | throughput per GPU (TFLOP/s/GPU): 360.0 | tokens/sec/GPU: 72921 | learning rate: 1.700000E-04 | global batch size:  1024 | lm loss: 5.186670E+00 | loss scale: 1.0 | grad norm: 1.226 | number of skipped iterations:   0 | number of nan iterations:   0 |
7: [default3]: [2026-05-26 14:48:59.127348] iteration       86/     909 | consumed samples:        88064 | elapsed time per iteration (ms): 1800.9 | throughput per GPU (TFLOP/s/GPU): 359.3 | tokens/sec/GPU: 72783 | learning rate: 1.720000E-04 | global batch size:  1024 | lm loss: 5.148447E+00 | loss scale: 1.0 | grad norm: 1.128 | number of skipped iterations:   0 | number of nan iterations:   0 |
7: [default3]: [2026-05-26 14:49:00.930574] iteration       87/     909 | consumed samples:        89088 | elapsed time per iteration (ms): 1802.9 | throughput per GPU (TFLOP/s/GPU): 358.9 | tokens/sec/GPU: 72700 | learning rate: 1.740000E-04 | global batch size:  1024 | lm loss: 5.080883E+00 | loss scale: 1.0 | grad norm: 1.472 | number of skipped iterations:   0 | number of nan iterations:   0 |
7: [default3]: [2026-05-26 14:49:02.721383] iteration       88/     909 | consumed samples:        90112 | elapsed time per iteration (ms): 1790.6 | throughput per GPU (TFLOP/s/GPU): 361.4 | tokens/sec/GPU: 73200 | learning rate: 1.760000E-04 | global batch size:  1024 | lm loss: 5.070559E+00 | loss scale: 1.0 | grad norm: 1.296 | number of skipped iterations:   0 | number of nan iterations:   0 |
7: [default3]: [2026-05-26 14:49:04.521687] iteration       89/     909 | consumed samples:        91136 | elapsed time per iteration (ms): 1799.5 | throughput per GPU (TFLOP/s/GPU): 359.6 | tokens/sec/GPU: 72839 | learning rate: 1.780000E-04 | global batch size:  1024 | lm loss: 5.120585E+00 | loss scale: 1.0 | grad norm: 1.404 | number of skipped iterations:   0 | number of nan iterations:   0 |
7: [default3]: [2026-05-26 14:49:06.321801] iteration       90/     909 | consumed samples:        92160 | elapsed time per iteration (ms): 1800.0 | throughput per GPU (TFLOP/s/GPU): 359.5 | tokens/sec/GPU: 72820 | learning rate: 1.800000E-04 | global batch size:  1024 | lm loss: 5.044927E+00 | loss scale: 1.0 | grad norm: 0.930 | number of skipped iterations:   0 | number of nan iterations:   0 |
7: [default3]: [2026-05-26 14:49:08.129304] iteration       91/     909 | consumed samples:        93184 | elapsed time per iteration (ms): 1807.3 | throughput per GPU (TFLOP/s/GPU): 358.0 | tokens/sec/GPU: 72523 | learning rate: 1.820000E-04 | global batch size:  1024 | lm loss: 5.070764E+00 | loss scale: 1.0 | grad norm: 1.155 | number of skipped iterations:   0 | number of nan iterations:   0 |
7: [default3]: [2026-05-26 14:49:09.938223] iteration       92/     909 | consumed samples:        94208 | elapsed time per iteration (ms): 1808.5 | throughput per GPU (TFLOP/s/GPU): 357.8 | tokens/sec/GPU: 72475 | learning rate: 1.840000E-04 | global batch size:  1024 | lm loss: 4.981349E+00 | loss scale: 1.0 | grad norm: 1.055 | number of skipped iterations:   0 | number of nan iterations:   0 |
7: [default3]: [2026-05-26 14:49:11.745076] iteration       93/     909 | consumed samples:        95232 | elapsed time per iteration (ms): 1806.7 | throughput per GPU (TFLOP/s/GPU): 358.2 | tokens/sec/GPU: 72549 | learning rate: 1.860000E-04 | global batch size:  1024 | lm loss: 4.997454E+00 | loss scale: 1.0 | grad norm: 1.152 | number of skipped iterations:   0 | number of nan iterations:   0 |
7: [default3]: [2026-05-26 14:49:13.546729] iteration       94/     909 | consumed samples:        96256 | elapsed time per iteration (ms): 1801.4 | throughput per GPU (TFLOP/s/GPU): 359.2 | tokens/sec/GPU: 72761 | learning rate: 1.880000E-04 | global batch size:  1024 | lm loss: 4.909325E+00 | loss scale: 1.0 | grad norm: 0.869 | number of skipped iterations:   0 | number of nan iterations:   0 |
7: [default3]: [2026-05-26 14:49:15.345097] iteration       95/     909 | consumed samples:        97280 | elapsed time per iteration (ms): 1798.1 | throughput per GPU (TFLOP/s/GPU): 359.9 | tokens/sec/GPU: 72893 | learning rate: 1.900000E-04 | global batch size:  1024 | lm loss: 4.936323E+00 | loss scale: 1.0 | grad norm: 0.924 | number of skipped iterations:   0 | number of nan iterations:   0 |
7: [default3]: [2026-05-26 14:49:17.142992] iteration       96/     909 | consumed samples:        98304 | elapsed time per iteration (ms): 1797.6 | throughput per GPU (TFLOP/s/GPU): 360.0 | tokens/sec/GPU: 72916 | learning rate: 1.920000E-04 | global batch size:  1024 | lm loss: 4.917196E+00 | loss scale: 1.0 | grad norm: 1.042 | number of skipped iterations:   0 | number of nan iterations:   0 |
7: [default3]: [2026-05-26 14:49:18.947872] iteration       97/     909 | consumed samples:        99328 | elapsed time per iteration (ms): 1804.7 | throughput per GPU (TFLOP/s/GPU): 358.6 | tokens/sec/GPU: 72629 | learning rate: 1.940000E-04 | global batch size:  1024 | lm loss: 4.926850E+00 | loss scale: 1.0 | grad norm: 1.172 | number of skipped iterations:   0 | number of nan iterations:   0 |
7: [default3]: [2026-05-26 14:49:20.754198] iteration       98/     909 | consumed samples:       100352 | elapsed time per iteration (ms): 1806.1 | throughput per GPU (TFLOP/s/GPU): 358.3 | tokens/sec/GPU: 72573 | learning rate: 1.960000E-04 | global batch size:  1024 | lm loss: 4.966304E+00 | loss scale: 1.0 | grad norm: 1.174 | number of skipped iterations:   0 | number of nan iterations:   0 |
7: [default3]: [2026-05-26 14:49:22.560964] iteration       99/     909 | consumed samples:       101376 | elapsed time per iteration (ms): 1806.5 | throughput per GPU (TFLOP/s/GPU): 358.2 | tokens/sec/GPU: 72558 | learning rate: 1.980000E-04 | global batch size:  1024 | lm loss: 4.856395E+00 | loss scale: 1.0 | grad norm: 1.029 | number of skipped iterations:   0 | number of nan iterations:   0 |
7: [default3]: [2026-05-26 14:49:24.362312] iteration      100/     909 | consumed samples:       102400 | elapsed time per iteration (ms): 1801.0 | throughput per GPU (TFLOP/s/GPU): 359.3 | tokens/sec/GPU: 72777 | learning rate: 2.000000E-04 | global batch size:  1024 | lm loss: 4.843822E+00 | loss scale: 1.0 | grad norm: 1.223 | number of skipped iterations:   0 | number of nan iterations:   0 |
7: [default3]: [2026-05-26 14:49:26.719697] iteration      101/     909 | consumed samples:       103424 | elapsed time per iteration (ms): 2357.2 | throughput per GPU (TFLOP/s/GPU): 274.5 | tokens/sec/GPU: 55606 | learning rate: 1.999993E-04 | global batch size:  1024 | lm loss: 4.904293E+00 | loss scale: 1.0 | grad norm: 1.652 | number of skipped iterations:   0 | number of nan iterations:   0 |
7: [default3]: [2026-05-26 14:49:28.526697] iteration      102/     909 | consumed samples:       104448 | elapsed time per iteration (ms): 1806.7 | throughput per GPU (TFLOP/s/GPU): 358.2 | tokens/sec/GPU: 72548 | learning rate: 1.999973E-04 | global batch size:  1024 | lm loss: 4.839072E+00 | loss scale: 1.0 | grad norm: 0.999 | number of skipped iterations:   0 | number of nan iterations:   0 |
7: [default3]: [2026-05-26 14:49:30.339330] iteration      103/     909 | consumed samples:       105472 | elapsed time per iteration (ms): 1812.4 | throughput per GPU (TFLOP/s/GPU): 357.0 | tokens/sec/GPU: 72318 | learning rate: 1.999939E-04 | global batch size:  1024 | lm loss: 4.865531E+00 | loss scale: 1.0 | grad norm: 1.618 | number of skipped iterations:   0 | number of nan iterations:   0 |
7: [default3]: [2026-05-26 14:49:32.136330] iteration      104/     909 | consumed samples:       106496 | elapsed time per iteration (ms): 1796.7 | throughput per GPU (TFLOP/s/GPU): 360.1 | tokens/sec/GPU: 72952 | learning rate: 1.999891E-04 | global batch size:  1024 | lm loss: 4.790980E+00 | loss scale: 1.0 | grad norm: 1.128 | number of skipped iterations:   0 | number of nan iterations:   0 |
7: [default3]: [2026-05-26 14:49:33.938256] iteration      105/     909 | consumed samples:       107520 | elapsed time per iteration (ms): 1801.6 | throughput per GPU (TFLOP/s/GPU): 359.2 | tokens/sec/GPU: 72752 | learning rate: 1.999830E-04 | global batch size:  1024 | lm loss: 4.807220E+00 | loss scale: 1.0 | grad norm: 1.174 | number of skipped iterations:   0 | number of nan iterations:   0 |
7: [default3]: [2026-05-26 14:49:35.740807] iteration      106/     909 | consumed samples:       108544 | elapsed time per iteration (ms): 1802.3 | throughput per GPU (TFLOP/s/GPU): 359.0 | tokens/sec/GPU: 72724 | learning rate: 1.999756E-04 | global batch size:  1024 | lm loss: 4.767937E+00 | loss scale: 1.0 | grad norm: 1.097 | number of skipped iterations:   0 | number of nan iterations:   0 |
7: [default3]: [2026-05-26 14:49:37.541537] iteration      107/     909 | consumed samples:       109568 | elapsed time per iteration (ms): 1799.7 | throughput per GPU (TFLOP/s/GPU): 359.5 | tokens/sec/GPU: 72830 | learning rate: 1.999667E-04 | global batch size:  1024 | lm loss: 4.828306E+00 | loss scale: 1.0 | grad norm: 2.116 | number of skipped iterations:   0 | number of nan iterations:   0 |
7: [default3]: [2026-05-26 14:49:39.343861] iteration      108/     909 | consumed samples:       110592 | elapsed time per iteration (ms): 1802.1 | throughput per GPU (TFLOP/s/GPU): 359.1 | tokens/sec/GPU: 72731 | learning rate: 1.999566E-04 | global batch size:  1024 | lm loss: 4.784101E+00 | loss scale: 1.0 | grad norm: 1.175 | number of skipped iterations:   0 | number of nan iterations:   0 |
7: [default3]: [2026-05-26 14:49:41.150711] iteration      109/     909 | consumed samples:       111616 | elapsed time per iteration (ms): 1806.5 | throughput per GPU (TFLOP/s/GPU): 358.2 | tokens/sec/GPU: 72556 | learning rate: 1.999450E-04 | global batch size:  1024 | lm loss: 4.754348E+00 | loss scale: 1.0 | grad norm: 0.728 | number of skipped iterations:   0 | number of nan iterations:   0 |
7: [default3]: [2026-05-26 14:49:42.954409] iteration      110/     909 | consumed samples:       112640 | elapsed time per iteration (ms): 1803.5 | throughput per GPU (TFLOP/s/GPU): 358.8 | tokens/sec/GPU: 72678 | learning rate: 1.999322E-04 | global batch size:  1024 | lm loss: 4.743098E+00 | loss scale: 1.0 | grad norm: 1.038 | number of skipped iterations:   0 | number of nan iterations:   0 |
7: [default3]: [2026-05-26 14:49:44.751506] iteration      111/     909 | consumed samples:       113664 | elapsed time per iteration (ms): 1796.9 | throughput per GPU (TFLOP/s/GPU): 360.1 | tokens/sec/GPU: 72945 | learning rate: 1.999179E-04 | global batch size:  1024 | lm loss: 4.706896E+00 | loss scale: 1.0 | grad norm: 1.012 | number of skipped iterations:   0 | number of nan iterations:   0 |
7: [default3]: [2026-05-26 14:49:46.553945] iteration      112/     909 | consumed samples:       114688 | elapsed time per iteration (ms): 1802.3 | throughput per GPU (TFLOP/s/GPU): 359.0 | tokens/sec/GPU: 72727 | learning rate: 1.999023E-04 | global batch size:  1024 | lm loss: 4.716486E+00 | loss scale: 1.0 | grad norm: 1.830 | number of skipped iterations:   0 | number of nan iterations:   0 |
7: [default3]: [2026-05-26 14:49:48.361972] iteration      113/     909 | consumed samples:       115712 | elapsed time per iteration (ms): 1807.8 | throughput per GPU (TFLOP/s/GPU): 357.9 | tokens/sec/GPU: 72503 | learning rate: 1.998853E-04 | global batch size:  1024 | lm loss: 4.659612E+00 | loss scale: 1.0 | grad norm: 1.087 | number of skipped iterations:   0 | number of nan iterations:   0 |
7: [default3]: [2026-05-26 14:49:50.166674] iteration      114/     909 | consumed samples:       116736 | elapsed time per iteration (ms): 1804.5 | throughput per GPU (TFLOP/s/GPU): 358.6 | tokens/sec/GPU: 72637 | learning rate: 1.998670E-04 | global batch size:  1024 | lm loss: 4.703799E+00 | loss scale: 1.0 | grad norm: 1.124 | number of skipped iterations:   0 | number of nan iterations:   0 |
7: [default3]: [2026-05-26 14:49:51.969328] iteration      115/     909 | consumed samples:       117760 | elapsed time per iteration (ms): 1802.5 | throughput per GPU (TFLOP/s/GPU): 359.0 | tokens/sec/GPU: 72719 | learning rate: 1.998474E-04 | global batch size:  1024 | lm loss: 4.619016E+00 | loss scale: 1.0 | grad norm: 0.813 | number of skipped iterations:   0 | number of nan iterations:   0 |
7: [default3]: [2026-05-26 14:49:53.771646] iteration      116/     909 | consumed samples:       118784 | elapsed time per iteration (ms): 1802.0 | throughput per GPU (TFLOP/s/GPU): 359.1 | tokens/sec/GPU: 72737 | learning rate: 1.998263E-04 | global batch size:  1024 | lm loss: 4.618465E+00 | loss scale: 1.0 | grad norm: 0.887 | number of skipped iterations:   0 | number of nan iterations:   0 |
7: [default3]: [2026-05-26 14:49:55.569939] iteration      117/     909 | consumed samples:       119808 | elapsed time per iteration (ms): 1798.1 | throughput per GPU (TFLOP/s/GPU): 359.9 | tokens/sec/GPU: 72894 | learning rate: 1.998040E-04 | global batch size:  1024 | lm loss: 4.631036E+00 | loss scale: 1.0 | grad norm: 0.692 | number of skipped iterations:   0 | number of nan iterations:   0 |
7: [default3]: [2026-05-26 14:49:57.377239] iteration      118/     909 | consumed samples:       120832 | elapsed time per iteration (ms): 1807.1 | throughput per GPU (TFLOP/s/GPU): 358.1 | tokens/sec/GPU: 72534 | learning rate: 1.997802E-04 | global batch size:  1024 | lm loss: 4.648527E+00 | loss scale: 1.0 | grad norm: 0.864 | number of skipped iterations:   0 | number of nan iterations:   0 |
7: [default3]: [2026-05-26 14:49:59.181418] iteration      119/     909 | consumed samples:       121856 | elapsed time per iteration (ms): 1804.0 | throughput per GPU (TFLOP/s/GPU): 358.7 | tokens/sec/GPU: 72657 | learning rate: 1.997551E-04 | global batch size:  1024 | lm loss: 4.588087E+00 | loss scale: 1.0 | grad norm: 1.000 | number of skipped iterations:   0 | number of nan iterations:   0 |
7: [default3]: [2026-05-26 14:50:00.982483] iteration      120/     909 | consumed samples:       122880 | elapsed time per iteration (ms): 1800.9 | throughput per GPU (TFLOP/s/GPU): 359.3 | tokens/sec/GPU: 72783 | learning rate: 1.997287E-04 | global batch size:  1024 | lm loss: 4.605587E+00 | loss scale: 1.0 | grad norm: 1.069 | number of skipped iterations:   0 | number of nan iterations:   0 |
7: [default3]: [2026-05-26 14:50:02.782292] iteration      121/     909 | consumed samples:       123904 | elapsed time per iteration (ms): 1799.6 | throughput per GPU (TFLOP/s/GPU): 359.6 | tokens/sec/GPU: 72835 | learning rate: 1.997009E-04 | global batch size:  1024 | lm loss: 4.561922E+00 | loss scale: 1.0 | grad norm: 0.881 | number of skipped iterations:   0 | number of nan iterations:   0 |
7: [default3]: [2026-05-26 14:50:04.588256] iteration      122/     909 | consumed samples:       124928 | elapsed time per iteration (ms): 1805.8 | throughput per GPU (TFLOP/s/GPU): 358.3 | tokens/sec/GPU: 72585 | learning rate: 1.996718E-04 | global batch size:  1024 | lm loss: 4.560219E+00 | loss scale: 1.0 | grad norm: 1.409 | number of skipped iterations:   0 | number of nan iterations:   0 |
7: [default3]: [2026-05-26 14:50:06.390090] iteration      123/     909 | consumed samples:       125952 | elapsed time per iteration (ms): 1801.6 | throughput per GPU (TFLOP/s/GPU): 359.2 | tokens/sec/GPU: 72751 | learning rate: 1.996413E-04 | global batch size:  1024 | lm loss: 4.575236E+00 | loss scale: 1.0 | grad norm: 1.159 | number of skipped iterations:   0 | number of nan iterations:   0 |
7: [default3]: [2026-05-26 14:50:08.198560] iteration      124/     909 | consumed samples:       126976 | elapsed time per iteration (ms): 1808.2 | throughput per GPU (TFLOP/s/GPU): 357.9 | tokens/sec/GPU: 72487 | learning rate: 1.996094E-04 | global batch size:  1024 | lm loss: 4.551163E+00 | loss scale: 1.0 | grad norm: 0.774 | number of skipped iterations:   0 | number of nan iterations:   0 |
7: [default3]: [2026-05-26 14:50:10.003580] iteration      125/     909 | consumed samples:       128000 | elapsed time per iteration (ms): 1804.8 | throughput per GPU (TFLOP/s/GPU): 358.5 | tokens/sec/GPU: 72626 | learning rate: 1.995762E-04 | global batch size:  1024 | lm loss: 4.520121E+00 | loss scale: 1.0 | grad norm: 0.837 | number of skipped iterations:   0 | number of nan iterations:   0 |
7: [default3]: [2026-05-26 14:50:11.807838] iteration      126/     909 | consumed samples:       129024 | elapsed time per iteration (ms): 1804.1 | throughput per GPU (TFLOP/s/GPU): 358.7 | tokens/sec/GPU: 72654 | learning rate: 1.995417E-04 | global batch size:  1024 | lm loss: 4.544205E+00 | loss scale: 1.0 | grad norm: 0.822 | number of skipped iterations:   0 | number of nan iterations:   0 |
7: [default3]: [2026-05-26 14:50:13.616681] iteration      127/     909 | consumed samples:       130048 | elapsed time per iteration (ms): 1808.6 | throughput per GPU (TFLOP/s/GPU): 357.8 | tokens/sec/GPU: 72471 | learning rate: 1.995058E-04 | global batch size:  1024 | lm loss: 4.495509E+00 | loss scale: 1.0 | grad norm: 0.865 | number of skipped iterations:   0 | number of nan iterations:   0 |
7: [default3]: [2026-05-26 14:50:15.413730] iteration      128/     909 | consumed samples:       131072 | elapsed time per iteration (ms): 1796.8 | throughput per GPU (TFLOP/s/GPU): 360.1 | tokens/sec/GPU: 72947 | learning rate: 1.994685E-04 | global batch size:  1024 | lm loss: 4.478791E+00 | loss scale: 1.0 | grad norm: 0.949 | number of skipped iterations:   0 | number of nan iterations:   0 |
7: [default3]: [2026-05-26 14:50:17.210749] iteration      129/     909 | consumed samples:       132096 | elapsed time per iteration (ms): 1796.8 | throughput per GPU (TFLOP/s/GPU): 360.1 | tokens/sec/GPU: 72947 | learning rate: 1.994299E-04 | global batch size:  1024 | lm loss: 4.495990E+00 | loss scale: 1.0 | grad norm: 1.143 | number of skipped iterations:   0 | number of nan iterations:   0 |
7: [default3]: [2026-05-26 14:50:19.014247] iteration      130/     909 | consumed samples:       133120 | elapsed time per iteration (ms): 1803.2 | throughput per GPU (TFLOP/s/GPU): 358.8 | tokens/sec/GPU: 72688 | learning rate: 1.993899E-04 | global batch size:  1024 | lm loss: 4.492952E+00 | loss scale: 1.0 | grad norm: 1.593 | number of skipped iterations:   0 | number of nan iterations:   0 |
7: [default3]: [2026-05-26 14:50:20.809704] iteration      131/     909 | consumed samples:       134144 | elapsed time per iteration (ms): 1795.3 | throughput per GPU (TFLOP/s/GPU): 360.4 | tokens/sec/GPU: 73009 | learning rate: 1.993487E-04 | global batch size:  1024 | lm loss: 4.415812E+00 | loss scale: 1.0 | grad norm: 0.909 | number of skipped iterations:   0 | number of nan iterations:   0 |
7: [default3]: [2026-05-26 14:50:22.609812] iteration      132/     909 | consumed samples:       135168 | elapsed time per iteration (ms): 1799.9 | throughput per GPU (TFLOP/s/GPU): 359.5 | tokens/sec/GPU: 72822 | learning rate: 1.993060E-04 | global batch size:  1024 | lm loss: 4.471908E+00 | loss scale: 1.0 | grad norm: 1.558 | number of skipped iterations:   0 | number of nan iterations:   0 |
7: [default3]: [2026-05-26 14:50:24.421730] iteration      133/     909 | consumed samples:       136192 | elapsed time per iteration (ms): 1811.7 | throughput per GPU (TFLOP/s/GPU): 357.2 | tokens/sec/GPU: 72346 | learning rate: 1.992620E-04 | global batch size:  1024 | lm loss: 4.448810E+00 | loss scale: 1.0 | grad norm: 1.037 | number of skipped iterations:   0 | number of nan iterations:   0 |
7: [default3]: [2026-05-26 14:50:26.222115] iteration      134/     909 | consumed samples:       137216 | elapsed time per iteration (ms): 1799.7 | throughput per GPU (TFLOP/s/GPU): 359.5 | tokens/sec/GPU: 72829 | learning rate: 1.992167E-04 | global batch size:  1024 | lm loss: 4.406969E+00 | loss scale: 1.0 | grad norm: 1.161 | number of skipped iterations:   0 | number of nan iterations:   0 |
7: [default3]: [2026-05-26 14:50:28.027615] iteration      135/     909 | consumed samples:       138240 | elapsed time per iteration (ms): 1805.3 | throughput per GPU (TFLOP/s/GPU): 358.4 | tokens/sec/GPU: 72603 | learning rate: 1.991700E-04 | global batch size:  1024 | lm loss: 4.449028E+00 | loss scale: 1.0 | grad norm: 1.068 | number of skipped iterations:   0 | number of nan iterations:   0 |
7: [default3]: [2026-05-26 14:50:29.832433] iteration      136/     909 | consumed samples:       139264 | elapsed time per iteration (ms): 1804.6 | throughput per GPU (TFLOP/s/GPU): 358.6 | tokens/sec/GPU: 72631 | learning rate: 1.991220E-04 | global batch size:  1024 | lm loss: 4.413797E+00 | loss scale: 1.0 | grad norm: 0.957 | number of skipped iterations:   0 | number of nan iterations:   0 |
7: [default3]: [2026-05-26 14:50:31.640450] iteration      137/     909 | consumed samples:       140288 | elapsed time per iteration (ms): 1807.7 | throughput per GPU (TFLOP/s/GPU): 358.0 | tokens/sec/GPU: 72507 | learning rate: 1.990726E-04 | global batch size:  1024 | lm loss: 4.393329E+00 | loss scale: 1.0 | grad norm: 1.035 | number of skipped iterations:   0 | number of nan iterations:   0 |
7: [default3]: [2026-05-26 14:50:33.448549] iteration      138/     909 | consumed samples:       141312 | elapsed time per iteration (ms): 1807.9 | throughput per GPU (TFLOP/s/GPU): 357.9 | tokens/sec/GPU: 72500 | learning rate: 1.990219E-04 | global batch size:  1024 | lm loss: 4.346155E+00 | loss scale: 1.0 | grad norm: 0.866 | number of skipped iterations:   0 | number of nan iterations:   0 |
7: [default3]: [2026-05-26 14:50:35.251585] iteration      139/     909 | consumed samples:       142336 | elapsed time per iteration (ms): 1802.8 | throughput per GPU (TFLOP/s/GPU): 358.9 | tokens/sec/GPU: 72703 | learning rate: 1.989698E-04 | global batch size:  1024 | lm loss: 4.368676E+00 | loss scale: 1.0 | grad norm: 0.840 | number of skipped iterations:   0 | number of nan iterations:   0 |
7: [default3]: [2026-05-26 14:50:37.063580] iteration      140/     909 | consumed samples:       143360 | elapsed time per iteration (ms): 1811.8 | throughput per GPU (TFLOP/s/GPU): 357.2 | tokens/sec/GPU: 72344 | learning rate: 1.989164E-04 | global batch size:  1024 | lm loss: 4.356391E+00 | loss scale: 1.0 | grad norm: 1.111 | number of skipped iterations:   0 | number of nan iterations:   0 |
7: [default3]: [2026-05-26 14:50:38.859329] iteration      141/     909 | consumed samples:       144384 | elapsed time per iteration (ms): 1795.5 | throughput per GPU (TFLOP/s/GPU): 360.4 | tokens/sec/GPU: 73000 | learning rate: 1.988617E-04 | global batch size:  1024 | lm loss: 4.411945E+00 | loss scale: 1.0 | grad norm: 1.083 | number of skipped iterations:   0 | number of nan iterations:   0 |
7: [default3]: [2026-05-26 14:50:40.669046] iteration      142/     909 | consumed samples:       145408 | elapsed time per iteration (ms): 1809.5 | throughput per GPU (TFLOP/s/GPU): 357.6 | tokens/sec/GPU: 72434 | learning rate: 1.988056E-04 | global batch size:  1024 | lm loss: 4.363443E+00 | loss scale: 1.0 | grad norm: 1.165 | number of skipped iterations:   0 | number of nan iterations:   0 |
7: [default3]: [2026-05-26 14:50:42.464424] iteration      143/     909 | consumed samples:       146432 | elapsed time per iteration (ms): 1795.2 | throughput per GPU (TFLOP/s/GPU): 360.5 | tokens/sec/GPU: 73014 | learning rate: 1.987482E-04 | global batch size:  1024 | lm loss: 4.316023E+00 | loss scale: 1.0 | grad norm: 0.786 | number of skipped iterations:   0 | number of nan iterations:   0 |
7: [default3]: [2026-05-26 14:50:44.281757] iteration      144/     909 | consumed samples:       147456 | elapsed time per iteration (ms): 1817.1 | throughput per GPU (TFLOP/s/GPU): 356.1 | tokens/sec/GPU: 72133 | learning rate: 1.986894E-04 | global batch size:  1024 | lm loss: 4.275939E+00 | loss scale: 1.0 | grad norm: 0.693 | number of skipped iterations:   0 | number of nan iterations:   0 |
7: [default3]: [2026-05-26 14:50:46.079503] iteration      145/     909 | consumed samples:       148480 | elapsed time per iteration (ms): 1797.6 | throughput per GPU (TFLOP/s/GPU): 360.0 | tokens/sec/GPU: 72917 | learning rate: 1.986293E-04 | global batch size:  1024 | lm loss: 4.302483E+00 | loss scale: 1.0 | grad norm: 0.704 | number of skipped iterations:   0 | number of nan iterations:   0 |
7: [default3]: [2026-05-26 14:50:47.897915] iteration      146/     909 | consumed samples:       149504 | elapsed time per iteration (ms): 1818.1 | throughput per GPU (TFLOP/s/GPU): 355.9 | tokens/sec/GPU: 72093 | learning rate: 1.985679E-04 | global batch size:  1024 | lm loss: 4.265218E+00 | loss scale: 1.0 | grad norm: 0.719 | number of skipped iterations:   0 | number of nan iterations:   0 |
7: [default3]: [2026-05-26 14:50:49.702618] iteration      147/     909 | consumed samples:       150528 | elapsed time per iteration (ms): 1804.5 | throughput per GPU (TFLOP/s/GPU): 358.6 | tokens/sec/GPU: 72636 | learning rate: 1.985051E-04 | global batch size:  1024 | lm loss: 4.294621E+00 | loss scale: 1.0 | grad norm: 0.840 | number of skipped iterations:   0 | number of nan iterations:   0 |
7: [default3]: [2026-05-26 14:50:51.514921] iteration      148/     909 | consumed samples:       151552 | elapsed time per iteration (ms): 1812.1 | throughput per GPU (TFLOP/s/GPU): 357.1 | tokens/sec/GPU: 72331 | learning rate: 1.984410E-04 | global batch size:  1024 | lm loss: 4.262052E+00 | loss scale: 1.0 | grad norm: 0.734 | number of skipped iterations:   0 | number of nan iterations:   0 |
7: [default3]: [2026-05-26 14:50:53.317844] iteration      149/     909 | consumed samples:       152576 | elapsed time per iteration (ms): 1802.3 | throughput per GPU (TFLOP/s/GPU): 359.0 | tokens/sec/GPU: 72724 | learning rate: 1.983756E-04 | global batch size:  1024 | lm loss: 4.253335E+00 | loss scale: 1.0 | grad norm: 0.748 | number of skipped iterations:   0 | number of nan iterations:   0 |
7: [default3]: [2026-05-26 14:50:55.119757] iteration      150/     909 | consumed samples:       153600 | elapsed time per iteration (ms): 1801.7 | throughput per GPU (TFLOP/s/GPU): 359.1 | tokens/sec/GPU: 72748 | learning rate: 1.983088E-04 | global batch size:  1024 | lm loss: 4.233912E+00 | loss scale: 1.0 | grad norm: 1.024 | number of skipped iterations:   0 | number of nan iterations:   0 |
7: [default3]: [2026-05-26 14:50:57.479397] iteration      151/     909 | consumed samples:       154624 | elapsed time per iteration (ms): 2359.3 | throughput per GPU (TFLOP/s/GPU): 274.3 | tokens/sec/GPU: 55555 | learning rate: 1.982407E-04 | global batch size:  1024 | lm loss: 4.265199E+00 | loss scale: 1.0 | grad norm: 1.085 | number of skipped iterations:   0 | number of nan iterations:   0 |
7: [default3]: [2026-05-26 14:50:59.295101] iteration      152/     909 | consumed samples:       155648 | elapsed time per iteration (ms): 1815.5 | throughput per GPU (TFLOP/s/GPU): 356.4 | tokens/sec/GPU: 72196 | learning rate: 1.981713E-04 | global batch size:  1024 | lm loss: 4.253688E+00 | loss scale: 1.0 | grad norm: 0.883 | number of skipped iterations:   0 | number of nan iterations:   0 |
7: [default3]: [2026-05-26 14:51:01.095316] iteration      153/     909 | consumed samples:       156672 | elapsed time per iteration (ms): 1799.9 | throughput per GPU (TFLOP/s/GPU): 359.5 | tokens/sec/GPU: 72821 | learning rate: 1.981005E-04 | global batch size:  1024 | lm loss: 4.250895E+00 | loss scale: 1.0 | grad norm: 0.825 | number of skipped iterations:   0 | number of nan iterations:   0 |
7: [default3]: [2026-05-26 14:51:02.899934] iteration      154/     909 | consumed samples:       157696 | elapsed time per iteration (ms): 1804.4 | throughput per GPU (TFLOP/s/GPU): 358.6 | tokens/sec/GPU: 72641 | learning rate: 1.980284E-04 | global batch size:  1024 | lm loss: 4.220039E+00 | loss scale: 1.0 | grad norm: 0.868 | number of skipped iterations:   0 | number of nan iterations:   0 |
7: [default3]: [2026-05-26 14:51:04.703977] iteration      155/     909 | consumed samples:       158720 | elapsed time per iteration (ms): 1803.9 | throughput per GPU (TFLOP/s/GPU): 358.7 | tokens/sec/GPU: 72662 | learning rate: 1.979550E-04 | global batch size:  1024 | lm loss: 4.261613E+00 | loss scale: 1.0 | grad norm: 1.039 | number of skipped iterations:   0 | number of nan iterations:   0 |
7: [default3]: [2026-05-26 14:51:06.497901] iteration      156/     909 | consumed samples:       159744 | elapsed time per iteration (ms): 1793.6 | throughput per GPU (TFLOP/s/GPU): 360.8 | tokens/sec/GPU: 73078 | learning rate: 1.978803E-04 | global batch size:  1024 | lm loss: 4.203571E+00 | loss scale: 1.0 | grad norm: 0.951 | number of skipped iterations:   0 | number of nan iterations:   0 |
7: [default3]: [2026-05-26 14:51:08.313373] iteration      157/     909 | consumed samples:       160768 | elapsed time per iteration (ms): 1815.2 | throughput per GPU (TFLOP/s/GPU): 356.5 | tokens/sec/GPU: 72208 | learning rate: 1.978042E-04 | global batch size:  1024 | lm loss: 4.187595E+00 | loss scale: 1.0 | grad norm: 1.492 | number of skipped iterations:   0 | number of nan iterations:   0 |
7: [default3]: [2026-05-26 14:51:10.124514] iteration      158/     909 | consumed samples:       161792 | elapsed time per iteration (ms): 1810.9 | throughput per GPU (TFLOP/s/GPU): 357.3 | tokens/sec/GPU: 72381 | learning rate: 1.977268E-04 | global batch size:  1024 | lm loss: 4.205866E+00 | loss scale: 1.0 | grad norm: 0.723 | number of skipped iterations:   0 | number of nan iterations:   0 |
7: [default3]: [2026-05-26 14:51:11.925857] iteration      159/     909 | consumed samples:       162816 | elapsed time per iteration (ms): 1801.1 | throughput per GPU (TFLOP/s/GPU): 359.3 | tokens/sec/GPU: 72773 | learning rate: 1.976481E-04 | global batch size:  1024 | lm loss: 4.207735E+00 | loss scale: 1.0 | grad norm: 0.901 | number of skipped iterations:   0 | number of nan iterations:   0 |
7: [default3]: [2026-05-26 14:51:13.726285] iteration      160/     909 | consumed samples:       163840 | elapsed time per iteration (ms): 1800.2 | throughput per GPU (TFLOP/s/GPU): 359.5 | tokens/sec/GPU: 72811 | learning rate: 1.975681E-04 | global batch size:  1024 | lm loss: 4.174732E+00 | loss scale: 1.0 | grad norm: 0.679 | number of skipped iterations:   0 | number of nan iterations:   0 |
7: [default3]: [2026-05-26 14:51:15.519730] iteration      161/     909 | consumed samples:       164864 | elapsed time per iteration (ms): 1793.1 | throughput per GPU (TFLOP/s/GPU): 360.9 | tokens/sec/GPU: 73099 | learning rate: 1.974867E-04 | global batch size:  1024 | lm loss: 4.126700E+00 | loss scale: 1.0 | grad norm: 0.625 | number of skipped iterations:   0 | number of nan iterations:   0 |
7: [default3]: [2026-05-26 14:51:17.326510] iteration      162/     909 | consumed samples:       165888 | elapsed time per iteration (ms): 1806.5 | throughput per GPU (TFLOP/s/GPU): 358.2 | tokens/sec/GPU: 72557 | learning rate: 1.974040E-04 | global batch size:  1024 | lm loss: 4.137351E+00 | loss scale: 1.0 | grad norm: 0.669 | number of skipped iterations:   0 | number of nan iterations:   0 |
7: [default3]: [2026-05-26 14:51:19.123542] iteration      163/     909 | consumed samples:       166912 | elapsed time per iteration (ms): 1796.7 | throughput per GPU (TFLOP/s/GPU): 360.1 | tokens/sec/GPU: 72950 | learning rate: 1.973200E-04 | global batch size:  1024 | lm loss: 4.121196E+00 | loss scale: 1.0 | grad norm: 0.823 | number of skipped iterations:   0 | number of nan iterations:   0 |
7: [default3]: [2026-05-26 14:51:20.931983] iteration      164/     909 | consumed samples:       167936 | elapsed time per iteration (ms): 1807.8 | throughput per GPU (TFLOP/s/GPU): 357.9 | tokens/sec/GPU: 72503 | learning rate: 1.972347E-04 | global batch size:  1024 | lm loss: 4.093094E+00 | loss scale: 1.0 | grad norm: 0.789 | number of skipped iterations:   0 | number of nan iterations:   0 |
7: [default3]: [2026-05-26 14:51:23.617115] iteration      165/     909 | consumed samples:       168960 | elapsed time per iteration (ms): 2684.8 | throughput per GPU (TFLOP/s/GPU): 241.0 | tokens/sec/GPU: 48820 | learning rate: 1.971481E-04 | global batch size:  1024 | lm loss: 4.140601E+00 | loss scale: 1.0 | grad norm: 0.898 | number of skipped iterations:   0 | number of nan iterations:   0 |
7: [default3]: [2026-05-26 14:51:25.425125] iteration      166/     909 | consumed samples:       169984 | elapsed time per iteration (ms): 1807.8 | throughput per GPU (TFLOP/s/GPU): 357.9 | tokens/sec/GPU: 72504 | learning rate: 1.970602E-04 | global batch size:  1024 | lm loss: 4.138984E+00 | loss scale: 1.0 | grad norm: 0.886 | number of skipped iterations:   0 | number of nan iterations:   0 |
7: [default3]: [2026-05-26 14:51:27.359581] iteration      167/     909 | consumed samples:       171008 | elapsed time per iteration (ms): 1934.3 | throughput per GPU (TFLOP/s/GPU): 334.5 | tokens/sec/GPU: 67764 | learning rate: 1.969709E-04 | global batch size:  1024 | lm loss: 4.117551E+00 | loss scale: 1.0 | grad norm: 0.969 | number of skipped iterations:   0 | number of nan iterations:   0 |
7: [default3]: [2026-05-26 14:51:29.168837] iteration      168/     909 | consumed samples:       172032 | elapsed time per iteration (ms): 1808.8 | throughput per GPU (TFLOP/s/GPU): 357.7 | tokens/sec/GPU: 72464 | learning rate: 1.968803E-04 | global batch size:  1024 | lm loss: 4.084300E+00 | loss scale: 1.0 | grad norm: 1.039 | number of skipped iterations:   0 | number of nan iterations:   0 |
7: [default3]: [2026-05-26 14:51:30.974487] iteration      169/     909 | consumed samples:       173056 | elapsed time per iteration (ms): 1805.3 | throughput per GPU (TFLOP/s/GPU): 358.4 | tokens/sec/GPU: 72604 | learning rate: 1.967885E-04 | global batch size:  1024 | lm loss: 4.081681E+00 | loss scale: 1.0 | grad norm: 1.135 | number of skipped iterations:   0 | number of nan iterations:   0 |
7: [default3]: [2026-05-26 14:51:32.781178] iteration      170/     909 | consumed samples:       174080 | elapsed time per iteration (ms): 1806.5 | throughput per GPU (TFLOP/s/GPU): 358.2 | tokens/sec/GPU: 72557 | learning rate: 1.966953E-04 | global batch size:  1024 | lm loss: 4.093494E+00 | loss scale: 1.0 | grad norm: 1.021 | number of skipped iterations:   0 | number of nan iterations:   0 |
7: [default3]: [2026-05-26 14:51:34.590597] iteration      171/     909 | consumed samples:       175104 | elapsed time per iteration (ms): 1809.2 | throughput per GPU (TFLOP/s/GPU): 357.7 | tokens/sec/GPU: 72447 | learning rate: 1.966008E-04 | global batch size:  1024 | lm loss: 4.087111E+00 | loss scale: 1.0 | grad norm: 0.819 | number of skipped iterations:   0 | number of nan iterations:   0 |
7: [default3]: [2026-05-26 14:51:36.395291] iteration      172/     909 | consumed samples:       176128 | elapsed time per iteration (ms): 1804.5 | throughput per GPU (TFLOP/s/GPU): 358.6 | tokens/sec/GPU: 72637 | learning rate: 1.965050E-04 | global batch size:  1024 | lm loss: 4.076128E+00 | loss scale: 1.0 | grad norm: 0.820 | number of skipped iterations:   0 | number of nan iterations:   0 |
7: [default3]: [2026-05-26 14:51:38.195691] iteration      173/     909 | consumed samples:       177152 | elapsed time per iteration (ms): 1800.1 | throughput per GPU (TFLOP/s/GPU): 359.5 | tokens/sec/GPU: 72814 | learning rate: 1.964079E-04 | global batch size:  1024 | lm loss: 4.054711E+00 | loss scale: 1.0 | grad norm: 0.930 | number of skipped iterations:   0 | number of nan iterations:   0 |
7: [default3]: [2026-05-26 14:51:40.013404] iteration      174/     909 | consumed samples:       178176 | elapsed time per iteration (ms): 1817.1 | throughput per GPU (TFLOP/s/GPU): 356.1 | tokens/sec/GPU: 72133 | learning rate: 1.963095E-04 | global batch size:  1024 | lm loss: 4.064539E+00 | loss scale: 1.0 | grad norm: 0.816 | number of skipped iterations:   0 | number of nan iterations:   0 |
7: [default3]: [2026-05-26 14:51:41.816526] iteration      175/     909 | consumed samples:       179200 | elapsed time per iteration (ms): 1802.9 | throughput per GPU (TFLOP/s/GPU): 358.9 | tokens/sec/GPU: 72701 | learning rate: 1.962098E-04 | global batch size:  1024 | lm loss: 4.096757E+00 | loss scale: 1.0 | grad norm: 1.801 | number of skipped iterations:   0 | number of nan iterations:   0 |
7: [default3]: [2026-05-26 14:51:43.620076] iteration      176/     909 | consumed samples:       180224 | elapsed time per iteration (ms): 1803.4 | throughput per GPU (TFLOP/s/GPU): 358.8 | tokens/sec/GPU: 72682 | learning rate: 1.961088E-04 | global batch size:  1024 | lm loss: 4.050297E+00 | loss scale: 1.0 | grad norm: 0.815 | number of skipped iterations:   0 | number of nan iterations:   0 |
7: [default3]: [2026-05-26 14:51:45.427426] iteration      177/     909 | consumed samples:       181248 | elapsed time per iteration (ms): 1806.6 | throughput per GPU (TFLOP/s/GPU): 358.2 | tokens/sec/GPU: 72552 | learning rate: 1.960065E-04 | global batch size:  1024 | lm loss: 4.041457E+00 | loss scale: 1.0 | grad norm: 0.900 | number of skipped iterations:   0 | number of nan iterations:   0 |
7: [default3]: [2026-05-26 14:51:47.224425] iteration      178/     909 | consumed samples:       182272 | elapsed time per iteration (ms): 1796.9 | throughput per GPU (TFLOP/s/GPU): 360.1 | tokens/sec/GPU: 72945 | learning rate: 1.959029E-04 | global batch size:  1024 | lm loss: 4.029020E+00 | loss scale: 1.0 | grad norm: 0.782 | number of skipped iterations:   0 | number of nan iterations:   0 |
7: [default3]: [2026-05-26 14:51:49.016667] iteration      179/     909 | consumed samples:       183296 | elapsed time per iteration (ms): 1792.1 | throughput per GPU (TFLOP/s/GPU): 361.1 | tokens/sec/GPU: 73140 | learning rate: 1.957980E-04 | global batch size:  1024 | lm loss: 4.051862E+00 | loss scale: 1.0 | grad norm: 0.965 | number of skipped iterations:   0 | number of nan iterations:   0 |
7: [default3]: [2026-05-26 14:51:50.825079] iteration      180/     909 | consumed samples:       184320 | elapsed time per iteration (ms): 1807.3 | throughput per GPU (TFLOP/s/GPU): 358.0 | tokens/sec/GPU: 72522 | learning rate: 1.956918E-04 | global batch size:  1024 | lm loss: 4.044597E+00 | loss scale: 1.0 | grad norm: 0.919 | number of skipped iterations:   0 | number of nan iterations:   0 |
7: [default3]: [2026-05-26 14:51:52.651762] iteration      181/     909 | consumed samples:       185344 | elapsed time per iteration (ms): 1825.9 | throughput per GPU (TFLOP/s/GPU): 354.4 | tokens/sec/GPU: 71785 | learning rate: 1.955843E-04 | global batch size:  1024 | lm loss: 4.009148E+00 | loss scale: 1.0 | grad norm: 0.619 | number of skipped iterations:   0 | number of nan iterations:   0 |
7: [default3]: [2026-05-26 14:51:54.450873] iteration      182/     909 | consumed samples:       186368 | elapsed time per iteration (ms): 1798.9 | throughput per GPU (TFLOP/s/GPU): 359.7 | tokens/sec/GPU: 72863 | learning rate: 1.954755E-04 | global batch size:  1024 | lm loss: 3.999332E+00 | loss scale: 1.0 | grad norm: 0.536 | number of skipped iterations:   0 | number of nan iterations:   0 |
7: [default3]: [2026-05-26 14:51:56.254500] iteration      183/     909 | consumed samples:       187392 | elapsed time per iteration (ms): 1803.3 | throughput per GPU (TFLOP/s/GPU): 358.8 | tokens/sec/GPU: 72683 | learning rate: 1.953654E-04 | global batch size:  1024 | lm loss: 3.951953E+00 | loss scale: 1.0 | grad norm: 0.559 | number of skipped iterations:   0 | number of nan iterations:   0 |
7: [default3]: [2026-05-26 14:51:58.072037] iteration      184/     909 | consumed samples:       188416 | elapsed time per iteration (ms): 1817.1 | throughput per GPU (TFLOP/s/GPU): 356.1 | tokens/sec/GPU: 72134 | learning rate: 1.952541E-04 | global batch size:  1024 | lm loss: 3.965666E+00 | loss scale: 1.0 | grad norm: 0.483 | number of skipped iterations:   0 | number of nan iterations:   0 |
7: [default3]: [2026-05-26 14:51:59.874287] iteration      185/     909 | consumed samples:       189440 | elapsed time per iteration (ms): 1802.1 | throughput per GPU (TFLOP/s/GPU): 359.1 | tokens/sec/GPU: 72735 | learning rate: 1.951415E-04 | global batch size:  1024 | lm loss: 3.961328E+00 | loss scale: 1.0 | grad norm: 0.507 | number of skipped iterations:   0 | number of nan iterations:   0 |
7: [default3]: [2026-05-26 14:52:01.682753] iteration      186/     909 | consumed samples:       190464 | elapsed time per iteration (ms): 1808.3 | throughput per GPU (TFLOP/s/GPU): 357.8 | tokens/sec/GPU: 72485 | learning rate: 1.950275E-04 | global batch size:  1024 | lm loss: 3.926731E+00 | loss scale: 1.0 | grad norm: 0.487 | number of skipped iterations:   0 | number of nan iterations:   0 |
7: [default3]: [2026-05-26 14:52:03.482940] iteration      187/     909 | consumed samples:       191488 | elapsed time per iteration (ms): 1799.8 | throughput per GPU (TFLOP/s/GPU): 359.5 | tokens/sec/GPU: 72824 | learning rate: 1.949123E-04 | global batch size:  1024 | lm loss: 3.930877E+00 | loss scale: 1.0 | grad norm: 0.435 | number of skipped iterations:   0 | number of nan iterations:   0 |
7: [default3]: [2026-05-26 14:52:05.291683] iteration      188/     909 | consumed samples:       192512 | elapsed time per iteration (ms): 1808.5 | throughput per GPU (TFLOP/s/GPU): 357.8 | tokens/sec/GPU: 72474 | learning rate: 1.947959E-04 | global batch size:  1024 | lm loss: 3.948916E+00 | loss scale: 1.0 | grad norm: 0.480 | number of skipped iterations:   0 | number of nan iterations:   0 |
7: [default3]: [2026-05-26 14:52:07.112662] iteration      189/     909 | consumed samples:       193536 | elapsed time per iteration (ms): 1820.8 | throughput per GPU (TFLOP/s/GPU): 355.4 | tokens/sec/GPU: 71986 | learning rate: 1.946781E-04 | global batch size:  1024 | lm loss: 3.910531E+00 | loss scale: 1.0 | grad norm: 0.478 | number of skipped iterations:   0 | number of nan iterations:   0 |
7: [default3]: [2026-05-26 14:52:08.916853] iteration      190/     909 | consumed samples:       194560 | elapsed time per iteration (ms): 1804.0 | throughput per GPU (TFLOP/s/GPU): 358.7 | tokens/sec/GPU: 72657 | learning rate: 1.945590E-04 | global batch size:  1024 | lm loss: 3.945505E+00 | loss scale: 1.0 | grad norm: 0.466 | number of skipped iterations:   0 | number of nan iterations:   0 |
7: [default3]: [2026-05-26 14:52:10.716849] iteration      191/     909 | consumed samples:       195584 | elapsed time per iteration (ms): 1799.7 | throughput per GPU (TFLOP/s/GPU): 359.5 | tokens/sec/GPU: 72830 | learning rate: 1.944387E-04 | global batch size:  1024 | lm loss: 3.903848E+00 | loss scale: 1.0 | grad norm: 0.466 | number of skipped iterations:   0 | number of nan iterations:   0 |
7: [default3]: [2026-05-26 14:52:14.016205] iteration      192/     909 | consumed samples:       196608 | elapsed time per iteration (ms): 3298.6 | throughput per GPU (TFLOP/s/GPU): 196.2 | tokens/sec/GPU: 39735 | learning rate: 1.943172E-04 | global batch size:  1024 | lm loss: 3.888302E+00 | loss scale: 1.0 | grad norm: 0.459 | number of skipped iterations:   0 | number of nan iterations:   0 |
7: [default3]: [2026-05-26 14:52:15.818303] iteration      193/     909 | consumed samples:       197632 | elapsed time per iteration (ms): 1801.9 | throughput per GPU (TFLOP/s/GPU): 359.1 | tokens/sec/GPU: 72742 | learning rate: 1.941943E-04 | global batch size:  1024 | lm loss: 3.832009E+00 | loss scale: 1.0 | grad norm: 0.464 | number of skipped iterations:   0 | number of nan iterations:   0 |
7: [default3]: [2026-05-26 14:52:17.630059] iteration      194/     909 | consumed samples:       198656 | elapsed time per iteration (ms): 1811.6 | throughput per GPU (TFLOP/s/GPU): 357.2 | tokens/sec/GPU: 72352 | learning rate: 1.940702E-04 | global batch size:  1024 | lm loss: 3.868334E+00 | loss scale: 1.0 | grad norm: 0.426 | number of skipped iterations:   0 | number of nan iterations:   0 |
7: [default3]: [2026-05-26 14:52:19.432977] iteration      195/     909 | consumed samples:       199680 | elapsed time per iteration (ms): 1802.7 | throughput per GPU (TFLOP/s/GPU): 359.0 | tokens/sec/GPU: 72711 | learning rate: 1.939448E-04 | global batch size:  1024 | lm loss: 3.895316E+00 | loss scale: 1.0 | grad norm: 0.402 | number of skipped iterations:   0 | number of nan iterations:   0 |
7: [default3]: [2026-05-26 14:52:21.252034] iteration      196/     909 | consumed samples:       200704 | elapsed time per iteration (ms): 1818.8 | throughput per GPU (TFLOP/s/GPU): 355.8 | tokens/sec/GPU: 72064 | learning rate: 1.938181E-04 | global batch size:  1024 | lm loss: 3.876651E+00 | loss scale: 1.0 | grad norm: 0.426 | number of skipped iterations:   0 | number of nan iterations:   0 |
7: [default3]: [2026-05-26 14:52:23.060322] iteration      197/     909 | consumed samples:       201728 | elapsed time per iteration (ms): 1808.0 | throughput per GPU (TFLOP/s/GPU): 357.9 | tokens/sec/GPU: 72497 | learning rate: 1.936902E-04 | global batch size:  1024 | lm loss: 3.827702E+00 | loss scale: 1.0 | grad norm: 0.461 | number of skipped iterations:   0 | number of nan iterations:   0 |
7: [default3]: [2026-05-26 14:52:24.888567] iteration      198/     909 | consumed samples:       202752 | elapsed time per iteration (ms): 1827.9 | throughput per GPU (TFLOP/s/GPU): 354.0 | tokens/sec/GPU: 71705 | learning rate: 1.935610E-04 | global batch size:  1024 | lm loss: 3.829891E+00 | loss scale: 1.0 | grad norm: 0.515 | number of skipped iterations:   0 | number of nan iterations:   0 |
7: [default3]: [2026-05-26 14:52:26.697712] iteration      199/     909 | consumed samples:       203776 | elapsed time per iteration (ms): 1809.0 | throughput per GPU (TFLOP/s/GPU): 357.7 | tokens/sec/GPU: 72457 | learning rate: 1.934305E-04 | global batch size:  1024 | lm loss: 3.833842E+00 | loss scale: 1.0 | grad norm: 0.730 | number of skipped iterations:   0 | number of nan iterations:   0 |
7: [default3]: [2026-05-26 14:52:28.501766] iteration      200/     909 | consumed samples:       204800 | elapsed time per iteration (ms): 1803.8 | throughput per GPU (TFLOP/s/GPU): 358.7 | tokens/sec/GPU: 72666 | learning rate: 1.932988E-04 | global batch size:  1024 | lm loss: 3.853378E+00 | loss scale: 1.0 | grad norm: 0.848 | number of skipped iterations:   0 | number of nan iterations:   0 |
7: [default3]: [2026-05-26 14:52:30.874115] iteration      201/     909 | consumed samples:       205824 | elapsed time per iteration (ms): 2372.1 | throughput per GPU (TFLOP/s/GPU): 272.8 | tokens/sec/GPU: 55256 | learning rate: 1.931659E-04 | global batch size:  1024 | lm loss: 3.869068E+00 | loss scale: 1.0 | grad norm: 0.745 | number of skipped iterations:   0 | number of nan iterations:   0 |
7: [default3]: [2026-05-26 14:52:32.687448] iteration      202/     909 | consumed samples:       206848 | elapsed time per iteration (ms): 1813.1 | throughput per GPU (TFLOP/s/GPU): 356.9 | tokens/sec/GPU: 72290 | learning rate: 1.930317E-04 | global batch size:  1024 | lm loss: 3.877558E+00 | loss scale: 1.0 | grad norm: 0.877 | number of skipped iterations:   0 | number of nan iterations:   0 |
7: [default3]: [2026-05-26 14:52:34.494096] iteration      203/     909 | consumed samples:       207872 | elapsed time per iteration (ms): 1806.4 | throughput per GPU (TFLOP/s/GPU): 358.2 | tokens/sec/GPU: 72558 | learning rate: 1.928962E-04 | global batch size:  1024 | lm loss: 3.832068E+00 | loss scale: 1.0 | grad norm: 0.950 | number of skipped iterations:   0 | number of nan iterations:   0 |
7: [default3]: [2026-05-26 14:52:36.317733] iteration      204/     909 | consumed samples:       208896 | elapsed time per iteration (ms): 1823.4 | throughput per GPU (TFLOP/s/GPU): 354.9 | tokens/sec/GPU: 71882 | learning rate: 1.927595E-04 | global batch size:  1024 | lm loss: 3.888372E+00 | loss scale: 1.0 | grad norm: 1.075 | number of skipped iterations:   0 | number of nan iterations:   0 |
7: [default3]: [2026-05-26 14:52:38.121495] iteration      205/     909 | consumed samples:       209920 | elapsed time per iteration (ms): 1803.5 | throughput per GPU (TFLOP/s/GPU): 358.8 | tokens/sec/GPU: 72675 | learning rate: 1.926215E-04 | global batch size:  1024 | lm loss: 3.837884E+00 | loss scale: 1.0 | grad norm: 0.838 | number of skipped iterations:   0 | number of nan iterations:   0 |
7: [default3]: [2026-05-26 14:52:39.929799] iteration      206/     909 | consumed samples:       210944 | elapsed time per iteration (ms): 1808.0 | throughput per GPU (TFLOP/s/GPU): 357.9 | tokens/sec/GPU: 72495 | learning rate: 1.924823E-04 | global batch size:  1024 | lm loss: 3.796033E+00 | loss scale: 1.0 | grad norm: 0.824 | number of skipped iterations:   0 | number of nan iterations:   0 |
7: [default3]: [2026-05-26 14:52:41.735088] iteration      207/     909 | consumed samples:       211968 | elapsed time per iteration (ms): 1805.0 | throughput per GPU (TFLOP/s/GPU): 358.5 | tokens/sec/GPU: 72615 | learning rate: 1.923418E-04 | global batch size:  1024 | lm loss: 3.833341E+00 | loss scale: 1.0 | grad norm: 0.808 | number of skipped iterations:   0 | number of nan iterations:   0 |
7: [default3]: [2026-05-26 14:52:43.542538] iteration      208/     909 | consumed samples:       212992 | elapsed time per iteration (ms): 1807.3 | throughput per GPU (TFLOP/s/GPU): 358.0 | tokens/sec/GPU: 72525 | learning rate: 1.922001E-04 | global batch size:  1024 | lm loss: 3.797343E+00 | loss scale: 1.0 | grad norm: 0.733 | number of skipped iterations:   0 | number of nan iterations:   0 |
7: [default3]: [2026-05-26 14:52:45.357062] iteration      209/     909 | consumed samples:       214016 | elapsed time per iteration (ms): 1814.3 | throughput per GPU (TFLOP/s/GPU): 356.7 | tokens/sec/GPU: 72245 | learning rate: 1.920572E-04 | global batch size:  1024 | lm loss: 3.795048E+00 | loss scale: 1.0 | grad norm: 0.573 | number of skipped iterations:   0 | number of nan iterations:   0 |
7: [default3]: [2026-05-26 14:52:47.154499] iteration      210/     909 | consumed samples:       215040 | elapsed time per iteration (ms): 1797.3 | throughput per GPU (TFLOP/s/GPU): 360.0 | tokens/sec/GPU: 72929 | learning rate: 1.919130E-04 | global batch size:  1024 | lm loss: 3.798223E+00 | loss scale: 1.0 | grad norm: 0.446 | number of skipped iterations:   0 | number of nan iterations:   0 |
7: [default3]: [2026-05-26 14:52:48.956903] iteration      211/     909 | consumed samples:       216064 | elapsed time per iteration (ms): 1801.6 | throughput per GPU (TFLOP/s/GPU): 359.2 | tokens/sec/GPU: 72754 | learning rate: 1.917676E-04 | global batch size:  1024 | lm loss: 3.806438E+00 | loss scale: 1.0 | grad norm: 0.440 | number of skipped iterations:   0 | number of nan iterations:   0 |
7: [default3]: [2026-05-26 14:52:50.772580] iteration      212/     909 | consumed samples:       217088 | elapsed time per iteration (ms): 1815.5 | throughput per GPU (TFLOP/s/GPU): 356.4 | tokens/sec/GPU: 72198 | learning rate: 1.916210E-04 | global batch size:  1024 | lm loss: 3.750388E+00 | loss scale: 1.0 | grad norm: 0.433 | number of skipped iterations:   0 | number of nan iterations:   0 |
7: [default3]: [2026-05-26 14:52:52.576004] iteration      213/     909 | consumed samples:       218112 | elapsed time per iteration (ms): 1803.0 | throughput per GPU (TFLOP/s/GPU): 358.9 | tokens/sec/GPU: 72697 | learning rate: 1.914731E-04 | global batch size:  1024 | lm loss: 3.825304E+00 | loss scale: 1.0 | grad norm: 0.431 | number of skipped iterations:   0 | number of nan iterations:   0 |
7: [default3]: [2026-05-26 14:52:54.392349] iteration      214/     909 | consumed samples:       219136 | elapsed time per iteration (ms): 1816.1 | throughput per GPU (TFLOP/s/GPU): 356.3 | tokens/sec/GPU: 72174 | learning rate: 1.913240E-04 | global batch size:  1024 | lm loss: 3.743145E+00 | loss scale: 1.0 | grad norm: 0.428 | number of skipped iterations:   0 | number of nan iterations:   0 |
7: [default3]: [2026-05-26 14:52:56.197169] iteration      215/     909 | consumed samples:       220160 | elapsed time per iteration (ms): 1804.6 | throughput per GPU (TFLOP/s/GPU): 358.6 | tokens/sec/GPU: 72630 | learning rate: 1.911736E-04 | global batch size:  1024 | lm loss: 3.741861E+00 | loss scale: 1.0 | grad norm: 0.485 | number of skipped iterations:   0 | number of nan iterations:   0 |
7: [default3]: [2026-05-26 14:52:58.006663] iteration      216/     909 | consumed samples:       221184 | elapsed time per iteration (ms): 1808.7 | throughput per GPU (TFLOP/s/GPU): 357.8 | tokens/sec/GPU: 72468 | learning rate: 1.910221E-04 | global batch size:  1024 | lm loss: 3.732680E+00 | loss scale: 1.0 | grad norm: 0.514 | number of skipped iterations:   0 | number of nan iterations:   0 |
7: [default3]: [2026-05-26 14:52:59.821451] iteration      217/     909 | consumed samples:       222208 | elapsed time per iteration (ms): 1814.6 | throughput per GPU (TFLOP/s/GPU): 356.6 | tokens/sec/GPU: 72232 | learning rate: 1.908693E-04 | global batch size:  1024 | lm loss: 3.695865E+00 | loss scale: 1.0 | grad norm: 0.372 | number of skipped iterations:   0 | number of nan iterations:   0 |
7: [default3]: [2026-05-26 14:53:01.625587] iteration      218/     909 | consumed samples:       223232 | elapsed time per iteration (ms): 1804.0 | throughput per GPU (TFLOP/s/GPU): 358.7 | tokens/sec/GPU: 72658 | learning rate: 1.907153E-04 | global batch size:  1024 | lm loss: 3.699469E+00 | loss scale: 1.0 | grad norm: 0.410 | number of skipped iterations:   0 | number of nan iterations:   0 |
7: [default3]: [2026-05-26 14:53:03.434029] iteration      219/     909 | consumed samples:       224256 | elapsed time per iteration (ms): 1808.2 | throughput per GPU (TFLOP/s/GPU): 357.9 | tokens/sec/GPU: 72486 | learning rate: 1.905601E-04 | global batch size:  1024 | lm loss: 3.761035E+00 | loss scale: 1.0 | grad norm: 0.478 | number of skipped iterations:   0 | number of nan iterations:   0 |
7: [default3]: [2026-05-26 14:53:05.245575] iteration      220/     909 | consumed samples:       225280 | elapsed time per iteration (ms): 1811.3 | throughput per GPU (TFLOP/s/GPU): 357.2 | tokens/sec/GPU: 72363 | learning rate: 1.904037E-04 | global batch size:  1024 | lm loss: 3.690926E+00 | loss scale: 1.0 | grad norm: 0.603 | number of skipped iterations:   0 | number of nan iterations:   0 |
7: [default3]: [2026-05-26 14:53:07.049618] iteration      221/     909 | consumed samples:       226304 | elapsed time per iteration (ms): 1803.2 | throughput per GPU (TFLOP/s/GPU): 358.9 | tokens/sec/GPU: 72690 | learning rate: 1.902460E-04 | global batch size:  1024 | lm loss: 3.697225E+00 | loss scale: 1.0 | grad norm: 0.524 | number of skipped iterations:   0 | number of nan iterations:   0 |
7: [default3]: [2026-05-26 14:53:08.861940] iteration      222/     909 | consumed samples:       227328 | elapsed time per iteration (ms): 1812.1 | throughput per GPU (TFLOP/s/GPU): 357.1 | tokens/sec/GPU: 72330 | learning rate: 1.900872E-04 | global batch size:  1024 | lm loss: 3.691619E+00 | loss scale: 1.0 | grad norm: 0.513 | number of skipped iterations:   0 | number of nan iterations:   0 |
7: [default3]: [2026-05-26 14:53:10.663957] iteration      223/     909 | consumed samples:       228352 | elapsed time per iteration (ms): 1801.8 | throughput per GPU (TFLOP/s/GPU): 359.1 | tokens/sec/GPU: 72745 | learning rate: 1.899271E-04 | global batch size:  1024 | lm loss: 3.702991E+00 | loss scale: 1.0 | grad norm: 0.521 | number of skipped iterations:   0 | number of nan iterations:   0 |
7: [default3]: [2026-05-26 14:53:12.459831] iteration      224/     909 | consumed samples:       229376 | elapsed time per iteration (ms): 1795.7 | throughput per GPU (TFLOP/s/GPU): 360.4 | tokens/sec/GPU: 72993 | learning rate: 1.897659E-04 | global batch size:  1024 | lm loss: 3.677952E+00 | loss scale: 1.0 | grad norm: 0.543 | number of skipped iterations:   0 | number of nan iterations:   0 |
7: [default3]: [2026-05-26 14:53:14.272685] iteration      225/     909 | consumed samples:       230400 | elapsed time per iteration (ms): 1812.7 | throughput per GPU (TFLOP/s/GPU): 357.0 | tokens/sec/GPU: 72309 | learning rate: 1.896034E-04 | global batch size:  1024 | lm loss: 3.720790E+00 | loss scale: 1.0 | grad norm: 0.662 | number of skipped iterations:   0 | number of nan iterations:   0 |
7: [default3]: [2026-05-26 14:53:16.077324] iteration      226/     909 | consumed samples:       231424 | elapsed time per iteration (ms): 1804.4 | throughput per GPU (TFLOP/s/GPU): 358.6 | tokens/sec/GPU: 72639 | learning rate: 1.894397E-04 | global batch size:  1024 | lm loss: 3.707150E+00 | loss scale: 1.0 | grad norm: 0.622 | number of skipped iterations:   0 | number of nan iterations:   0 |
7: [default3]: [2026-05-26 14:53:17.889629] iteration      227/     909 | consumed samples:       232448 | elapsed time per iteration (ms): 1812.0 | throughput per GPU (TFLOP/s/GPU): 357.1 | tokens/sec/GPU: 72334 | learning rate: 1.892749E-04 | global batch size:  1024 | lm loss: 3.660728E+00 | loss scale: 1.0 | grad norm: 0.689 | number of skipped iterations:   0 | number of nan iterations:   0 |
7: [default3]: [2026-05-26 14:53:19.706154] iteration      228/     909 | consumed samples:       233472 | elapsed time per iteration (ms): 1816.3 | throughput per GPU (TFLOP/s/GPU): 356.3 | tokens/sec/GPU: 72164 | learning rate: 1.891088E-04 | global batch size:  1024 | lm loss: 3.666648E+00 | loss scale: 1.0 | grad norm: 0.602 | number of skipped iterations:   0 | number of nan iterations:   0 |
7: [default3]: [2026-05-26 14:53:21.514270] iteration      229/     909 | consumed samples:       234496 | elapsed time per iteration (ms): 1807.9 | throughput per GPU (TFLOP/s/GPU): 357.9 | tokens/sec/GPU: 72501 | learning rate: 1.889416E-04 | global batch size:  1024 | lm loss: 3.661311E+00 | loss scale: 1.0 | grad norm: 0.518 | number of skipped iterations:   0 | number of nan iterations:   0 |
7: [default3]: [2026-05-26 14:53:23.321870] iteration      230/     909 | consumed samples:       235520 | elapsed time per iteration (ms): 1807.3 | throughput per GPU (TFLOP/s/GPU): 358.0 | tokens/sec/GPU: 72525 | learning rate: 1.887731E-04 | global batch size:  1024 | lm loss: 3.690501E+00 | loss scale: 1.0 | grad norm: 0.487 | number of skipped iterations:   0 | number of nan iterations:   0 |
7: [default3]: [2026-05-26 14:53:25.137595] iteration      231/     909 | consumed samples:       236544 | elapsed time per iteration (ms): 1815.5 | throughput per GPU (TFLOP/s/GPU): 356.4 | tokens/sec/GPU: 72195 | learning rate: 1.886035E-04 | global batch size:  1024 | lm loss: 3.661946E+00 | loss scale: 1.0 | grad norm: 0.402 | number of skipped iterations:   0 | number of nan iterations:   0 |
7: [default3]: [2026-05-26 14:53:26.948481] iteration      232/     909 | consumed samples:       237568 | elapsed time per iteration (ms): 1810.6 | throughput per GPU (TFLOP/s/GPU): 357.4 | tokens/sec/GPU: 72392 | learning rate: 1.884327E-04 | global batch size:  1024 | lm loss: 3.631433E+00 | loss scale: 1.0 | grad norm: 0.510 | number of skipped iterations:   0 | number of nan iterations:   0 |
7: [default3]: [2026-05-26 14:53:28.754474] iteration      233/     909 | consumed samples:       238592 | elapsed time per iteration (ms): 1805.8 | throughput per GPU (TFLOP/s/GPU): 358.3 | tokens/sec/GPU: 72583 | learning rate: 1.882607E-04 | global batch size:  1024 | lm loss: 3.624040E+00 | loss scale: 1.0 | grad norm: 0.602 | number of skipped iterations:   0 | number of nan iterations:   0 |
7: [default3]: [2026-05-26 14:53:30.566410] iteration      234/     909 | consumed samples:       239616 | elapsed time per iteration (ms): 1811.7 | throughput per GPU (TFLOP/s/GPU): 357.2 | tokens/sec/GPU: 72347 | learning rate: 1.880875E-04 | global batch size:  1024 | lm loss: 3.700387E+00 | loss scale: 1.0 | grad norm: 0.695 | number of skipped iterations:   0 | number of nan iterations:   0 |
7: [default3]: [2026-05-26 14:53:32.379242] iteration      235/     909 | consumed samples:       240640 | elapsed time per iteration (ms): 1812.6 | throughput per GPU (TFLOP/s/GPU): 357.0 | tokens/sec/GPU: 72310 | learning rate: 1.879131E-04 | global batch size:  1024 | lm loss: 3.623314E+00 | loss scale: 1.0 | grad norm: 0.661 | number of skipped iterations:   0 | number of nan iterations:   0 |
7: [default3]: [2026-05-26 14:53:34.194919] iteration      236/     909 | consumed samples:       241664 | elapsed time per iteration (ms): 1815.4 | throughput per GPU (TFLOP/s/GPU): 356.4 | tokens/sec/GPU: 72201 | learning rate: 1.877376E-04 | global batch size:  1024 | lm loss: 3.623275E+00 | loss scale: 1.0 | grad norm: 0.828 | number of skipped iterations:   0 | number of nan iterations:   0 |
7: [default3]: [2026-05-26 14:53:36.003020] iteration      237/     909 | consumed samples:       242688 | elapsed time per iteration (ms): 1807.9 | throughput per GPU (TFLOP/s/GPU): 357.9 | tokens/sec/GPU: 72499 | learning rate: 1.875609E-04 | global batch size:  1024 | lm loss: 3.641627E+00 | loss scale: 1.0 | grad norm: 0.736 | number of skipped iterations:   0 | number of nan iterations:   0 |
7: [default3]: [2026-05-26 14:53:37.806722] iteration      238/     909 | consumed samples:       243712 | elapsed time per iteration (ms): 1803.4 | throughput per GPU (TFLOP/s/GPU): 358.8 | tokens/sec/GPU: 72679 | learning rate: 1.873830E-04 | global batch size:  1024 | lm loss: 3.648260E+00 | loss scale: 1.0 | grad norm: 0.777 | number of skipped iterations:   0 | number of nan iterations:   0 |
7: [default3]: [2026-05-26 14:53:39.625329] iteration      239/     909 | consumed samples:       244736 | elapsed time per iteration (ms): 1818.4 | throughput per GPU (TFLOP/s/GPU): 355.9 | tokens/sec/GPU: 72082 | learning rate: 1.872040E-04 | global batch size:  1024 | lm loss: 3.648266E+00 | loss scale: 1.0 | grad norm: 0.732 | number of skipped iterations:   0 | number of nan iterations:   0 |
7: [default3]: [2026-05-26 14:53:41.440366] iteration      240/     909 | consumed samples:       245760 | elapsed time per iteration (ms): 1814.2 | throughput per GPU (TFLOP/s/GPU): 356.7 | tokens/sec/GPU: 72247 | learning rate: 1.870238E-04 | global batch size:  1024 | lm loss: 3.611792E+00 | loss scale: 1.0 | grad norm: 0.746 | number of skipped iterations:   0 | number of nan iterations:   0 |
7: [default3]: [2026-05-26 14:53:43.256202] iteration      241/     909 | consumed samples:       246784 | elapsed time per iteration (ms): 1814.9 | throughput per GPU (TFLOP/s/GPU): 356.5 | tokens/sec/GPU: 72221 | learning rate: 1.868424E-04 | global batch size:  1024 | lm loss: 3.582231E+00 | loss scale: 1.0 | grad norm: 0.797 | number of skipped iterations:   0 | number of nan iterations:   0 |
7: [default3]: [2026-05-26 14:53:45.068923] iteration      242/     909 | consumed samples:       247808 | elapsed time per iteration (ms): 1812.4 | throughput per GPU (TFLOP/s/GPU): 357.0 | tokens/sec/GPU: 72318 | learning rate: 1.866599E-04 | global batch size:  1024 | lm loss: 3.647565E+00 | loss scale: 1.0 | grad norm: 0.653 | number of skipped iterations:   0 | number of nan iterations:   0 |
7: [default3]: [2026-05-26 14:53:46.876228] iteration      243/     909 | consumed samples:       248832 | elapsed time per iteration (ms): 1807.0 | throughput per GPU (TFLOP/s/GPU): 358.1 | tokens/sec/GPU: 72534 | learning rate: 1.864762E-04 | global batch size:  1024 | lm loss: 3.584581E+00 | loss scale: 1.0 | grad norm: 0.616 | number of skipped iterations:   0 | number of nan iterations:   0 |
7: [default3]: [2026-05-26 14:53:48.674795] iteration      244/     909 | consumed samples:       249856 | elapsed time per iteration (ms): 1798.3 | throughput per GPU (TFLOP/s/GPU): 359.8 | tokens/sec/GPU: 72886 | learning rate: 1.862914E-04 | global batch size:  1024 | lm loss: 3.581851E+00 | loss scale: 1.0 | grad norm: 0.554 | number of skipped iterations:   0 | number of nan iterations:   0 |
7: [default3]: [2026-05-26 14:53:50.472421] iteration      245/     909 | consumed samples:       250880 | elapsed time per iteration (ms): 1796.9 | throughput per GPU (TFLOP/s/GPU): 360.1 | tokens/sec/GPU: 72943 | learning rate: 1.861054E-04 | global batch size:  1024 | lm loss: 3.575902E+00 | loss scale: 1.0 | grad norm: 0.596 | number of skipped iterations:   0 | number of nan iterations:   0 |
7: [default3]: [2026-05-26 14:53:52.281679] iteration      246/     909 | consumed samples:       251904 | elapsed time per iteration (ms): 1809.1 | throughput per GPU (TFLOP/s/GPU): 357.7 | tokens/sec/GPU: 72453 | learning rate: 1.859183E-04 | global batch size:  1024 | lm loss: 3.602580E+00 | loss scale: 1.0 | grad norm: 0.546 | number of skipped iterations:   0 | number of nan iterations:   0 |
7: [default3]: [2026-05-26 14:53:54.094828] iteration      247/     909 | consumed samples:       252928 | elapsed time per iteration (ms): 1812.9 | throughput per GPU (TFLOP/s/GPU): 356.9 | tokens/sec/GPU: 72301 | learning rate: 1.857300E-04 | global batch size:  1024 | lm loss: 3.584790E+00 | loss scale: 1.0 | grad norm: 0.499 | number of skipped iterations:   0 | number of nan iterations:   0 |
7: [default3]: [2026-05-26 14:53:55.904781] iteration      248/     909 | consumed samples:       253952 | elapsed time per iteration (ms): 1809.8 | throughput per GPU (TFLOP/s/GPU): 357.5 | tokens/sec/GPU: 72425 | learning rate: 1.855406E-04 | global batch size:  1024 | lm loss: 3.580022E+00 | loss scale: 1.0 | grad norm: 0.427 | number of skipped iterations:   0 | number of nan iterations:   0 |
7: [default3]: [2026-05-26 14:53:57.708427] iteration      249/     909 | consumed samples:       254976 | elapsed time per iteration (ms): 1803.0 | throughput per GPU (TFLOP/s/GPU): 358.9 | tokens/sec/GPU: 72698 | learning rate: 1.853500E-04 | global batch size:  1024 | lm loss: 3.567536E+00 | loss scale: 1.0 | grad norm: 0.431 | number of skipped iterations:   0 | number of nan iterations:   0 |
7: [default3]: [2026-05-26 14:54:01.131514] iteration      250/     909 | consumed samples:       256000 | elapsed time per iteration (ms): 3422.9 | throughput per GPU (TFLOP/s/GPU): 189.0 | tokens/sec/GPU: 38293 | learning rate: 1.851583E-04 | global batch size:  1024 | lm loss: 3.563040E+00 | loss scale: 1.0 | grad norm: 0.426 | number of skipped iterations:   0 | number of nan iterations:   0 |
7: [default3]: [2026-05-26 14:54:03.501429] iteration      251/     909 | consumed samples:       257024 | elapsed time per iteration (ms): 2369.7 | throughput per GPU (TFLOP/s/GPU): 273.1 | tokens/sec/GPU: 55311 | learning rate: 1.849655E-04 | global batch size:  1024 | lm loss: 3.590665E+00 | loss scale: 1.0 | grad norm: 0.393 | number of skipped iterations:   0 | number of nan iterations:   0 |
7: [default3]: [2026-05-26 14:54:05.316034] iteration      252/     909 | consumed samples:       258048 | elapsed time per iteration (ms): 1814.3 | throughput per GPU (TFLOP/s/GPU): 356.7 | tokens/sec/GPU: 72245 | learning rate: 1.847715E-04 | global batch size:  1024 | lm loss: 3.530342E+00 | loss scale: 1.0 | grad norm: 0.400 | number of skipped iterations:   0 | number of nan iterations:   0 |
7: [default3]: [2026-05-26 14:54:07.123897] iteration      253/     909 | consumed samples:       259072 | elapsed time per iteration (ms): 1807.6 | throughput per GPU (TFLOP/s/GPU): 358.0 | tokens/sec/GPU: 72512 | learning rate: 1.845764E-04 | global batch size:  1024 | lm loss: 3.548931E+00 | loss scale: 1.0 | grad norm: 0.377 | number of skipped iterations:   0 | number of nan iterations:   0 |
7: [default3]: [2026-05-26 14:54:08.939075] iteration      254/     909 | consumed samples:       260096 | elapsed time per iteration (ms): 1815.0 | throughput per GPU (TFLOP/s/GPU): 356.5 | tokens/sec/GPU: 72216 | learning rate: 1.843802E-04 | global batch size:  1024 | lm loss: 3.516024E+00 | loss scale: 1.0 | grad norm: 0.470 | number of skipped iterations:   0 | number of nan iterations:   0 |
7: [default3]: [2026-05-26 14:54:10.731683] iteration      255/     909 | consumed samples:       261120 | elapsed time per iteration (ms): 1792.4 | throughput per GPU (TFLOP/s/GPU): 361.0 | tokens/sec/GPU: 73126 | learning rate: 1.841829E-04 | global batch size:  1024 | lm loss: 3.517643E+00 | loss scale: 1.0 | grad norm: 0.479 | number of skipped iterations:   0 | number of nan iterations:   0 |
7: [default3]: [2026-05-26 14:54:12.527184] iteration      256/     909 | consumed samples:       262144 | elapsed time per iteration (ms): 1795.3 | throughput per GPU (TFLOP/s/GPU): 360.4 | tokens/sec/GPU: 73008 | learning rate: 1.839844E-04 | global batch size:  1024 | lm loss: 3.518220E+00 | loss scale: 1.0 | grad norm: 0.540 | number of skipped iterations:   0 | number of nan iterations:   0 |
7: [default3]: [2026-05-26 14:54:14.331720] iteration      257/     909 | consumed samples:       263168 | elapsed time per iteration (ms): 1804.3 | throughput per GPU (TFLOP/s/GPU): 358.6 | tokens/sec/GPU: 72643 | learning rate: 1.837849E-04 | global batch size:  1024 | lm loss: 3.522792E+00 | loss scale: 1.0 | grad norm: 0.441 | number of skipped iterations:   0 | number of nan iterations:   0 |
7: [default3]: [2026-05-26 14:54:18.271502] iteration      258/     909 | consumed samples:       264192 | elapsed time per iteration (ms): 3939.6 | throughput per GPU (TFLOP/s/GPU): 164.3 | tokens/sec/GPU: 33271 | learning rate: 1.835842E-04 | global batch size:  1024 | lm loss: 3.495413E+00 | loss scale: 1.0 | grad norm: 0.460 | number of skipped iterations:   0 | number of nan iterations:   0 |
7: [default3]: [2026-05-26 14:54:20.072768] iteration      259/     909 | consumed samples:       265216 | elapsed time per iteration (ms): 1801.1 | throughput per GPU (TFLOP/s/GPU): 359.3 | tokens/sec/GPU: 72774 | learning rate: 1.833824E-04 | global batch size:  1024 | lm loss: 3.522458E+00 | loss scale: 1.0 | grad norm: 0.429 | number of skipped iterations:   0 | number of nan iterations:   0 |
7: [default3]: [2026-05-26 14:54:22.282328] iteration      260/     909 | consumed samples:       266240 | elapsed time per iteration (ms): 2209.3 | throughput per GPU (TFLOP/s/GPU): 292.9 | tokens/sec/GPU: 59329 | learning rate: 1.831795E-04 | global batch size:  1024 | lm loss: 3.492652E+00 | loss scale: 1.0 | grad norm: 0.477 | number of skipped iterations:   0 | number of nan iterations:   0 |
7: [default3]: [2026-05-26 14:54:24.094586] iteration      261/     909 | consumed samples:       267264 | elapsed time per iteration (ms): 1812.0 | throughput per GPU (TFLOP/s/GPU): 357.1 | tokens/sec/GPU: 72336 | learning rate: 1.829755E-04 | global batch size:  1024 | lm loss: 3.504265E+00 | loss scale: 1.0 | grad norm: 0.538 | number of skipped iterations:   0 | number of nan iterations:   0 |
7: [default3]: [2026-05-26 14:54:25.908021] iteration      262/     909 | consumed samples:       268288 | elapsed time per iteration (ms): 1813.2 | throughput per GPU (TFLOP/s/GPU): 356.9 | tokens/sec/GPU: 72287 | learning rate: 1.827704E-04 | global batch size:  1024 | lm loss: 3.474630E+00 | loss scale: 1.0 | grad norm: 0.481 | number of skipped iterations:   0 | number of nan iterations:   0 |
7: [default3]: [2026-05-26 14:54:27.726328] iteration      263/     909 | consumed samples:       269312 | elapsed time per iteration (ms): 1817.6 | throughput per GPU (TFLOP/s/GPU): 356.0 | tokens/sec/GPU: 72111 | learning rate: 1.825642E-04 | global batch size:  1024 | lm loss: 3.488878E+00 | loss scale: 1.0 | grad norm: 0.430 | number of skipped iterations:   0 | number of nan iterations:   0 |
7: [default3]: [2026-05-26 14:54:29.534123] iteration      264/     909 | consumed samples:       270336 | elapsed time per iteration (ms): 1807.6 | throughput per GPU (TFLOP/s/GPU): 358.0 | tokens/sec/GPU: 72513 | learning rate: 1.823569E-04 | global batch size:  1024 | lm loss: 3.469786E+00 | loss scale: 1.0 | grad norm: 0.525 | number of skipped iterations:   0 | number of nan iterations:   0 |
7: [default3]: [2026-05-26 14:54:31.902285] iteration      265/     909 | consumed samples:       271360 | elapsed time per iteration (ms): 2367.8 | throughput per GPU (TFLOP/s/GPU): 273.3 | tokens/sec/GPU: 55357 | learning rate: 1.821485E-04 | global batch size:  1024 | lm loss: 3.483219E+00 | loss scale: 1.0 | grad norm: 0.542 | number of skipped iterations:   0 | number of nan iterations:   0 |
7: [default3]: [2026-05-26 14:54:33.936123] iteration      266/     909 | consumed samples:       272384 | elapsed time per iteration (ms): 2033.6 | throughput per GPU (TFLOP/s/GPU): 318.2 | tokens/sec/GPU: 64454 | learning rate: 1.819391E-04 | global batch size:  1024 | lm loss: 3.510341E+00 | loss scale: 1.0 | grad norm: 0.567 | number of skipped iterations:   0 | number of nan iterations:   0 |
7: [default3]: [2026-05-26 14:54:36.893315] iteration      267/     909 | consumed samples:       273408 | elapsed time per iteration (ms): 2956.4 | throughput per GPU (TFLOP/s/GPU): 218.9 | tokens/sec/GPU: 44335 | learning rate: 1.817285E-04 | global batch size:  1024 | lm loss: 3.483557E+00 | loss scale: 1.0 | grad norm: 0.520 | number of skipped iterations:   0 | number of nan iterations:   0 |
7: [default3]: [2026-05-26 14:54:39.487373] iteration      268/     909 | consumed samples:       274432 | elapsed time per iteration (ms): 2593.8 | throughput per GPU (TFLOP/s/GPU): 249.5 | tokens/sec/GPU: 50533 | learning rate: 1.815169E-04 | global batch size:  1024 | lm loss: 3.439017E+00 | loss scale: 1.0 | grad norm: 0.517 | number of skipped iterations:   0 | number of nan iterations:   0 |
7: [default3]: [2026-05-26 14:54:41.850304] iteration      269/     909 | consumed samples:       275456 | elapsed time per iteration (ms): 2362.4 | throughput per GPU (TFLOP/s/GPU): 273.9 | tokens/sec/GPU: 55482 | learning rate: 1.813042E-04 | global batch size:  1024 | lm loss: 3.467499E+00 | loss scale: 1.0 | grad norm: 0.507 | number of skipped iterations:   0 | number of nan iterations:   0 |
7: [default3]: [2026-05-26 14:54:44.768306] iteration      270/     909 | consumed samples:       276480 | elapsed time per iteration (ms): 2917.8 | throughput per GPU (TFLOP/s/GPU): 221.8 | tokens/sec/GPU: 44921 | learning rate: 1.810904E-04 | global batch size:  1024 | lm loss: 3.480832E+00 | loss scale: 1.0 | grad norm: 0.569 | number of skipped iterations:   0 | number of nan iterations:   0 |
7: [default3]: [2026-05-26 14:54:46.874244] iteration      271/     909 | consumed samples:       277504 | elapsed time per iteration (ms): 2105.7 | throughput per GPU (TFLOP/s/GPU): 307.3 | tokens/sec/GPU: 62247 | learning rate: 1.808755E-04 | global batch size:  1024 | lm loss: 3.464002E+00 | loss scale: 1.0 | grad norm: 0.542 | number of skipped iterations:   0 | number of nan iterations:   0 |
7: [default3]: [2026-05-26 14:54:49.895692] iteration      272/     909 | consumed samples:       278528 | elapsed time per iteration (ms): 3021.3 | throughput per GPU (TFLOP/s/GPU): 214.2 | tokens/sec/GPU: 43383 | learning rate: 1.806596E-04 | global batch size:  1024 | lm loss: 3.455062E+00 | loss scale: 1.0 | grad norm: 0.524 | number of skipped iterations:   0 | number of nan iterations:   0 |
7: [default3]: [2026-05-26 14:54:51.703022] iteration      273/     909 | consumed samples:       279552 | elapsed time per iteration (ms): 1807.1 | throughput per GPU (TFLOP/s/GPU): 358.1 | tokens/sec/GPU: 72533 | learning rate: 1.804426E-04 | global batch size:  1024 | lm loss: 3.414595E+00 | loss scale: 1.0 | grad norm: 0.534 | number of skipped iterations:   0 | number of nan iterations:   0 |
7: [default3]: [2026-05-26 14:54:53.512433] iteration      274/     909 | consumed samples:       280576 | elapsed time per iteration (ms): 1809.0 | throughput per GPU (TFLOP/s/GPU): 357.7 | tokens/sec/GPU: 72455 | learning rate: 1.802245E-04 | global batch size:  1024 | lm loss: 3.393292E+00 | loss scale: 1.0 | grad norm: 0.562 | number of skipped iterations:   0 | number of nan iterations:   0 |
7: [default3]: [2026-05-26 14:54:55.315618] iteration      275/     909 | consumed samples:       281600 | elapsed time per iteration (ms): 1803.0 | throughput per GPU (TFLOP/s/GPU): 358.9 | tokens/sec/GPU: 72698 | learning rate: 1.800054E-04 | global batch size:  1024 | lm loss: 3.433708E+00 | loss scale: 1.0 | grad norm: 0.542 | number of skipped iterations:   0 | number of nan iterations:   0 |
7: [default3]: [2026-05-26 14:54:58.537008] iteration      276/     909 | consumed samples:       282624 | elapsed time per iteration (ms): 3221.2 | throughput per GPU (TFLOP/s/GPU): 200.9 | tokens/sec/GPU: 40690 | learning rate: 1.797852E-04 | global batch size:  1024 | lm loss: 3.352875E+00 | loss scale: 1.0 | grad norm: 0.564 | number of skipped iterations:   0 | number of nan iterations:   0 |
7: [default3]: [2026-05-26 14:55:00.329483] iteration      277/     909 | consumed samples:       283648 | elapsed time per iteration (ms): 1792.3 | throughput per GPU (TFLOP/s/GPU): 361.0 | tokens/sec/GPU: 73131 | learning rate: 1.795640E-04 | global batch size:  1024 | lm loss: 3.381816E+00 | loss scale: 1.0 | grad norm: 0.476 | number of skipped iterations:   0 | number of nan iterations:   0 |
7: [default3]: [2026-05-26 14:55:03.390262] iteration      278/     909 | consumed samples:       284672 | elapsed time per iteration (ms): 3060.5 | throughput per GPU (TFLOP/s/GPU): 211.4 | tokens/sec/GPU: 42826 | learning rate: 1.793417E-04 | global batch size:  1024 | lm loss: 3.386826E+00 | loss scale: 1.0 | grad norm: 0.496 | number of skipped iterations:   0 | number of nan iterations:   0 |
7: [default3]: [2026-05-26 14:55:05.181484] iteration      279/     909 | consumed samples:       285696 | elapsed time per iteration (ms): 1791.1 | throughput per GPU (TFLOP/s/GPU): 361.3 | tokens/sec/GPU: 73181 | learning rate: 1.791184E-04 | global batch size:  1024 | lm loss: 3.429283E+00 | loss scale: 1.0 | grad norm: 0.560 | number of skipped iterations:   0 | number of nan iterations:   0 |
7: [default3]: [2026-05-26 14:55:09.559290] iteration      280/     909 | consumed samples:       286720 | elapsed time per iteration (ms): 4377.6 | throughput per GPU (TFLOP/s/GPU): 147.8 | tokens/sec/GPU: 29941 | learning rate: 1.788941E-04 | global batch size:  1024 | lm loss: 3.368589E+00 | loss scale: 1.0 | grad norm: 0.593 | number of skipped iterations:   0 | number of nan iterations:   0 |
7: [default3]: [2026-05-26 14:55:11.355863] iteration      281/     909 | consumed samples:       287744 | elapsed time per iteration (ms): 1795.7 | throughput per GPU (TFLOP/s/GPU): 360.3 | tokens/sec/GPU: 72990 | learning rate: 1.786686E-04 | global batch size:  1024 | lm loss: 3.459154E+00 | loss scale: 1.0 | grad norm: 0.589 | number of skipped iterations:   0 | number of nan iterations:   0 |
7: [default3]: [2026-05-26 14:55:14.871236] iteration      282/     909 | consumed samples:       288768 | elapsed time per iteration (ms): 3514.5 | throughput per GPU (TFLOP/s/GPU): 184.1 | tokens/sec/GPU: 37295 | learning rate: 1.784422E-04 | global batch size:  1024 | lm loss: 3.380694E+00 | loss scale: 1.0 | grad norm: 0.512 | number of skipped iterations:   0 | number of nan iterations:   0 |
7: [default3]: [2026-05-26 14:55:16.667381] iteration      283/     909 | consumed samples:       289792 | elapsed time per iteration (ms): 1795.9 | throughput per GPU (TFLOP/s/GPU): 360.3 | tokens/sec/GPU: 72984 | learning rate: 1.782147E-04 | global batch size:  1024 | lm loss: 3.357202E+00 | loss scale: 1.0 | grad norm: 0.509 | number of skipped iterations:   0 | number of nan iterations:   0 |
7: [default3]: [2026-05-26 14:55:20.609570] iteration      284/     909 | consumed samples:       290816 | elapsed time per iteration (ms): 3942.0 | throughput per GPU (TFLOP/s/GPU): 164.1 | tokens/sec/GPU: 33250 | learning rate: 1.779862E-04 | global batch size:  1024 | lm loss: 3.386432E+00 | loss scale: 1.0 | grad norm: 0.520 | number of skipped iterations:   0 | number of nan iterations:   0 |
7: [default3]: [2026-05-26 14:55:22.406768] iteration      285/     909 | consumed samples:       291840 | elapsed time per iteration (ms): 1797.0 | throughput per GPU (TFLOP/s/GPU): 360.1 | tokens/sec/GPU: 72939 | learning rate: 1.777567E-04 | global batch size:  1024 | lm loss: 3.377064E+00 | loss scale: 1.0 | grad norm: 0.528 | number of skipped iterations:   0 | number of nan iterations:   0 |
7: [default3]: [2026-05-26 14:55:24.206432] iteration      286/     909 | consumed samples:       292864 | elapsed time per iteration (ms): 1799.2 | throughput per GPU (TFLOP/s/GPU): 359.6 | tokens/sec/GPU: 72848 | learning rate: 1.775262E-04 | global batch size:  1024 | lm loss: 3.401375E+00 | loss scale: 1.0 | grad norm: 0.489 | number of skipped iterations:   0 | number of nan iterations:   0 |
7: [default3]: [2026-05-26 14:55:25.996590] iteration      287/     909 | consumed samples:       293888 | elapsed time per iteration (ms): 1790.0 | throughput per GPU (TFLOP/s/GPU): 361.5 | tokens/sec/GPU: 73225 | learning rate: 1.772946E-04 | global batch size:  1024 | lm loss: 3.349457E+00 | loss scale: 1.0 | grad norm: 0.593 | number of skipped iterations:   0 | number of nan iterations:   0 |
7: [default3]: [2026-05-26 14:55:27.791110] iteration      288/     909 | consumed samples:       294912 | elapsed time per iteration (ms): 1794.2 | throughput per GPU (TFLOP/s/GPU): 360.7 | tokens/sec/GPU: 73054 | learning rate: 1.770620E-04 | global batch size:  1024 | lm loss: 3.383406E+00 | loss scale: 1.0 | grad norm: 0.608 | number of skipped iterations:   0 | number of nan iterations:   0 |
7: [default3]: [2026-05-26 14:55:31.262179] iteration      289/     909 | consumed samples:       295936 | elapsed time per iteration (ms): 3470.8 | throughput per GPU (TFLOP/s/GPU): 186.4 | tokens/sec/GPU: 37764 | learning rate: 1.768284E-04 | global batch size:  1024 | lm loss: 3.361943E+00 | loss scale: 1.0 | grad norm: 0.618 | number of skipped iterations:   0 | number of nan iterations:   0 |
7: [default3]: [2026-05-26 14:55:33.061785] iteration      290/     909 | consumed samples:       296960 | elapsed time per iteration (ms): 1799.3 | throughput per GPU (TFLOP/s/GPU): 359.6 | tokens/sec/GPU: 72844 | learning rate: 1.765938E-04 | global batch size:  1024 | lm loss: 3.372028E+00 | loss scale: 1.0 | grad norm: 0.574 | number of skipped iterations:   0 | number of nan iterations:   0 |
7: [default3]: [2026-05-26 14:55:35.638201] iteration      291/     909 | consumed samples:       297984 | elapsed time per iteration (ms): 2576.2 | throughput per GPU (TFLOP/s/GPU): 251.2 | tokens/sec/GPU: 50878 | learning rate: 1.763582E-04 | global batch size:  1024 | lm loss: 3.365690E+00 | loss scale: 1.0 | grad norm: 0.545 | number of skipped iterations:   0 | number of nan iterations:   0 |
7: [default3]: [2026-05-26 14:55:37.548298] iteration      292/     909 | consumed samples:       299008 | elapsed time per iteration (ms): 1909.9 | throughput per GPU (TFLOP/s/GPU): 338.8 | tokens/sec/GPU: 68628 | learning rate: 1.761216E-04 | global batch size:  1024 | lm loss: 3.381690E+00 | loss scale: 1.0 | grad norm: 0.494 | number of skipped iterations:   0 | number of nan iterations:   0 |
7: [default3]: [2026-05-26 14:55:39.346640] iteration      293/     909 | consumed samples:       300032 | elapsed time per iteration (ms): 1798.0 | throughput per GPU (TFLOP/s/GPU): 359.9 | tokens/sec/GPU: 72898 | learning rate: 1.758840E-04 | global batch size:  1024 | lm loss: 3.361380E+00 | loss scale: 1.0 | grad norm: 0.449 | number of skipped iterations:   0 | number of nan iterations:   0 |
7: [default3]: [2026-05-26 14:55:41.675373] iteration      294/     909 | consumed samples:       301056 | elapsed time per iteration (ms): 2328.5 | throughput per GPU (TFLOP/s/GPU): 277.9 | tokens/sec/GPU: 56291 | learning rate: 1.756454E-04 | global batch size:  1024 | lm loss: 3.360325E+00 | loss scale: 1.0 | grad norm: 0.468 | number of skipped iterations:   0 | number of nan iterations:   0 |
7: [default3]: [2026-05-26 14:55:44.657796] iteration      295/     909 | consumed samples:       302080 | elapsed time per iteration (ms): 2981.7 | throughput per GPU (TFLOP/s/GPU): 217.0 | tokens/sec/GPU: 43959 | learning rate: 1.754059E-04 | global batch size:  1024 | lm loss: 3.336684E+00 | loss scale: 1.0 | grad norm: 0.491 | number of skipped iterations:   0 | number of nan iterations:   0 |
7: [default3]: [2026-05-26 14:55:47.672608] iteration      296/     909 | consumed samples:       303104 | elapsed time per iteration (ms): 3014.6 | throughput per GPU (TFLOP/s/GPU): 214.6 | tokens/sec/GPU: 43479 | learning rate: 1.751653E-04 | global batch size:  1024 | lm loss: 3.343972E+00 | loss scale: 1.0 | grad norm: 0.485 | number of skipped iterations:   0 | number of nan iterations:   0 |
7: [default3]: [2026-05-26 14:55:49.472272] iteration      297/     909 | consumed samples:       304128 | elapsed time per iteration (ms): 1799.5 | throughput per GPU (TFLOP/s/GPU): 359.6 | tokens/sec/GPU: 72839 | learning rate: 1.749237E-04 | global batch size:  1024 | lm loss: 3.292476E+00 | loss scale: 1.0 | grad norm: 0.440 | number of skipped iterations:   0 | number of nan iterations:   0 |
7: [default3]: [2026-05-26 14:55:51.283392] iteration      298/     909 | consumed samples:       305152 | elapsed time per iteration (ms): 1810.9 | throughput per GPU (TFLOP/s/GPU): 357.3 | tokens/sec/GPU: 72380 | learning rate: 1.746812E-04 | global batch size:  1024 | lm loss: 3.372310E+00 | loss scale: 1.0 | grad norm: 0.476 | number of skipped iterations:   0 | number of nan iterations:   0 |
7: [default3]: [2026-05-26 14:55:53.417573] iteration      299/     909 | consumed samples:       306176 | elapsed time per iteration (ms): 2134.0 | throughput per GPU (TFLOP/s/GPU): 303.2 | tokens/sec/GPU: 61421 | learning rate: 1.744377E-04 | global batch size:  1024 | lm loss: 3.321220E+00 | loss scale: 1.0 | grad norm: 0.429 | number of skipped iterations:   0 | number of nan iterations:   0 |
7: [default3]: [2026-05-26 14:55:55.228025] iteration      300/     909 | consumed samples:       307200 | elapsed time per iteration (ms): 1810.2 | throughput per GPU (TFLOP/s/GPU): 357.5 | tokens/sec/GPU: 72407 | learning rate: 1.741932E-04 | global batch size:  1024 | lm loss: 3.340726E+00 | loss scale: 1.0 | grad norm: 0.458 | number of skipped iterations:   0 | number of nan iterations:   0 |
7: [default3]: [2026-05-26 14:55:57.610050] iteration      301/     909 | consumed samples:       308224 | elapsed time per iteration (ms): 2381.7 | throughput per GPU (TFLOP/s/GPU): 271.7 | tokens/sec/GPU: 55032 | learning rate: 1.739478E-04 | global batch size:  1024 | lm loss: 3.318452E+00 | loss scale: 1.0 | grad norm: 0.490 | number of skipped iterations:   0 | number of nan iterations:   0 |
7: [default3]: [2026-05-26 14:56:00.069550] iteration      302/     909 | consumed samples:       309248 | elapsed time per iteration (ms): 2459.3 | throughput per GPU (TFLOP/s/GPU): 263.1 | tokens/sec/GPU: 53296 | learning rate: 1.737014E-04 | global batch size:  1024 | lm loss: 3.305376E+00 | loss scale: 1.0 | grad norm: 0.430 | number of skipped iterations:   0 | number of nan iterations:   0 |
7: [default3]: [2026-05-26 14:56:02.117260] iteration      303/     909 | consumed samples:       310272 | elapsed time per iteration (ms): 2047.1 | throughput per GPU (TFLOP/s/GPU): 316.1 | tokens/sec/GPU: 64028 | learning rate: 1.734540E-04 | global batch size:  1024 | lm loss: 3.326119E+00 | loss scale: 1.0 | grad norm: 0.577 | number of skipped iterations:   0 | number of nan iterations:   0 |
7: [default3]: [2026-05-26 14:56:05.381877] iteration      304/     909 | consumed samples:       311296 | elapsed time per iteration (ms): 3264.4 | throughput per GPU (TFLOP/s/GPU): 198.2 | tokens/sec/GPU: 40152 | learning rate: 1.732057E-04 | global batch size:  1024 | lm loss: 3.337091E+00 | loss scale: 1.0 | grad norm: 0.412 | number of skipped iterations:   0 | number of nan iterations:   0 |
7: [default3]: [2026-05-26 14:56:07.182615] iteration      305/     909 | consumed samples:       312320 | elapsed time per iteration (ms): 1800.4 | throughput per GPU (TFLOP/s/GPU): 359.4 | tokens/sec/GPU: 72800 | learning rate: 1.729564E-04 | global batch size:  1024 | lm loss: 3.256009E+00 | loss scale: 1.0 | grad norm: 0.421 | number of skipped iterations:   0 | number of nan iterations:   0 |
7: [default3]: [2026-05-26 14:56:09.000264] iteration      306/     909 | consumed samples:       313344 | elapsed time per iteration (ms): 1817.0 | throughput per GPU (TFLOP/s/GPU): 356.1 | tokens/sec/GPU: 72135 | learning rate: 1.727061E-04 | global batch size:  1024 | lm loss: 3.321123E+00 | loss scale: 1.0 | grad norm: 0.387 | number of skipped iterations:   0 | number of nan iterations:   0 |
7: [default3]: [2026-05-26 14:56:10.807409] iteration      307/     909 | consumed samples:       314368 | elapsed time per iteration (ms): 1806.9 | throughput per GPU (TFLOP/s/GPU): 358.1 | tokens/sec/GPU: 72540 | learning rate: 1.724550E-04 | global batch size:  1024 | lm loss: 3.299093E+00 | loss scale: 1.0 | grad norm: 0.375 | number of skipped iterations:   0 | number of nan iterations:   0 |
7: [default3]: [2026-05-26 14:56:13.569360] iteration      308/     909 | consumed samples:       315392 | elapsed time per iteration (ms): 2761.8 | throughput per GPU (TFLOP/s/GPU): 234.3 | tokens/sec/GPU: 47459 | learning rate: 1.722029E-04 | global batch size:  1024 | lm loss: 3.300200E+00 | loss scale: 1.0 | grad norm: 0.402 | number of skipped iterations:   0 | number of nan iterations:   0 |
7: [default3]: [2026-05-26 14:56:15.372817] iteration      309/     909 | consumed samples:       316416 | elapsed time per iteration (ms): 1802.6 | throughput per GPU (TFLOP/s/GPU): 359.0 | tokens/sec/GPU: 72712 | learning rate: 1.719498E-04 | global batch size:  1024 | lm loss: 3.263505E+00 | loss scale: 1.0 | grad norm: 0.643 | number of skipped iterations:   0 | number of nan iterations:   0 |
7: [default3]: [2026-05-26 14:56:17.423637] iteration      310/     909 | consumed samples:       317440 | elapsed time per iteration (ms): 2050.5 | throughput per GPU (TFLOP/s/GPU): 315.6 | tokens/sec/GPU: 63921 | learning rate: 1.716958E-04 | global batch size:  1024 | lm loss: 3.253220E+00 | loss scale: 1.0 | grad norm: 0.420 | number of skipped iterations:   0 | number of nan iterations:   0 |
7: [default3]: [2026-05-26 14:56:19.229060] iteration      311/     909 | consumed samples:       318464 | elapsed time per iteration (ms): 1805.2 | throughput per GPU (TFLOP/s/GPU): 358.5 | tokens/sec/GPU: 72608 | learning rate: 1.714409E-04 | global batch size:  1024 | lm loss: 3.272440E+00 | loss scale: 1.0 | grad norm: 0.477 | number of skipped iterations:   0 | number of nan iterations:   0 |
7: [default3]: [2026-05-26 14:56:22.887726] iteration      312/     909 | consumed samples:       319488 | elapsed time per iteration (ms): 3658.5 | throughput per GPU (TFLOP/s/GPU): 176.9 | tokens/sec/GPU: 35827 | learning rate: 1.711850E-04 | global batch size:  1024 | lm loss: 3.267386E+00 | loss scale: 1.0 | grad norm: 0.572 | number of skipped iterations:   0 | number of nan iterations:   0 |
7: [default3]: [2026-05-26 14:56:24.674908] iteration      313/     909 | consumed samples:       320512 | elapsed time per iteration (ms): 1787.0 | throughput per GPU (TFLOP/s/GPU): 362.1 | tokens/sec/GPU: 73348 | learning rate: 1.709283E-04 | global batch size:  1024 | lm loss: 3.244239E+00 | loss scale: 1.0 | grad norm: 0.713 | number of skipped iterations:   0 | number of nan iterations:   0 |
7: [default3]: [2026-05-26 14:56:26.482915] iteration      314/     909 | consumed samples:       321536 | elapsed time per iteration (ms): 1807.7 | throughput per GPU (TFLOP/s/GPU): 358.0 | tokens/sec/GPU: 72509 | learning rate: 1.706706E-04 | global batch size:  1024 | lm loss: 3.280653E+00 | loss scale: 1.0 | grad norm: 0.527 | number of skipped iterations:   0 | number of nan iterations:   0 |
7: [default3]: [2026-05-26 14:56:28.291676] iteration      315/     909 | consumed samples:       322560 | elapsed time per iteration (ms): 1808.1 | throughput per GPU (TFLOP/s/GPU): 357.9 | tokens/sec/GPU: 72491 | learning rate: 1.704120E-04 | global batch size:  1024 | lm loss: 3.260894E+00 | loss scale: 1.0 | grad norm: 0.807 | number of skipped iterations:   0 | number of nan iterations:   0 |
7: [default3]: [2026-05-26 14:56:30.095211] iteration      316/     909 | consumed samples:       323584 | elapsed time per iteration (ms): 1803.2 | throughput per GPU (TFLOP/s/GPU): 358.8 | tokens/sec/GPU: 72688 | learning rate: 1.701525E-04 | global batch size:  1024 | lm loss: 3.274686E+00 | loss scale: 1.0 | grad norm: 0.475 | number of skipped iterations:   0 | number of nan iterations:   0 |
7: [default3]: [2026-05-26 14:56:32.190257] iteration      317/     909 | consumed samples:       324608 | elapsed time per iteration (ms): 2094.8 | throughput per GPU (TFLOP/s/GPU): 308.9 | tokens/sec/GPU: 62569 | learning rate: 1.698920E-04 | global batch size:  1024 | lm loss: 3.266138E+00 | loss scale: 1.0 | grad norm: 0.438 | number of skipped iterations:   0 | number of nan iterations:   0 |
7: [default3]: [2026-05-26 14:56:34.337077] iteration      318/     909 | consumed samples:       325632 | elapsed time per iteration (ms): 2146.6 | throughput per GPU (TFLOP/s/GPU): 301.4 | tokens/sec/GPU: 61060 | learning rate: 1.696307E-04 | global batch size:  1024 | lm loss: 3.206904E+00 | loss scale: 1.0 | grad norm: 0.491 | number of skipped iterations:   0 | number of nan iterations:   0 |
7: [default3]: [2026-05-26 14:56:37.883694] iteration      319/     909 | consumed samples:       326656 | elapsed time per iteration (ms): 3546.4 | throughput per GPU (TFLOP/s/GPU): 182.5 | tokens/sec/GPU: 36959 | learning rate: 1.693685E-04 | global batch size:  1024 | lm loss: 3.222512E+00 | loss scale: 1.0 | grad norm: 0.545 | number of skipped iterations:   0 | number of nan iterations:   0 |
7: [default3]: [2026-05-26 14:56:39.677144] iteration      320/     909 | consumed samples:       327680 | elapsed time per iteration (ms): 1793.3 | throughput per GPU (TFLOP/s/GPU): 360.8 | tokens/sec/GPU: 73092 | learning rate: 1.691054E-04 | global batch size:  1024 | lm loss: 3.238083E+00 | loss scale: 1.0 | grad norm: 0.531 | number of skipped iterations:   0 | number of nan iterations:   0 |
7: [default3]: [2026-05-26 14:56:43.484235] iteration      321/     909 | consumed samples:       328704 | elapsed time per iteration (ms): 3806.8 | throughput per GPU (TFLOP/s/GPU): 170.0 | tokens/sec/GPU: 34431 | learning rate: 1.688414E-04 | global batch size:  1024 | lm loss: 3.260734E+00 | loss scale: 1.0 | grad norm: 1.083 | number of skipped iterations:   0 | number of nan iterations:   0 |
7: [default3]: [2026-05-26 14:56:45.283592] iteration      322/     909 | consumed samples:       329728 | elapsed time per iteration (ms): 1797.9 | throughput per GPU (TFLOP/s/GPU): 359.9 | tokens/sec/GPU: 72905 | learning rate: 1.685765E-04 | global batch size:  1024 | lm loss: 3.223456E+00 | loss scale: 1.0 | grad norm: 0.484 | number of skipped iterations:   0 | number of nan iterations:   0 |
7: [default3]: [2026-05-26 14:56:49.495358] iteration      323/     909 | consumed samples:       330752 | elapsed time per iteration (ms): 4211.6 | throughput per GPU (TFLOP/s/GPU): 153.6 | tokens/sec/GPU: 31122 | learning rate: 1.683107E-04 | global batch size:  1024 | lm loss: 3.199809E+00 | loss scale: 1.0 | grad norm: 0.460 | number of skipped iterations:   0 | number of nan iterations:   0 |
7: [default3]: [2026-05-26 14:56:51.288314] iteration      324/     909 | consumed samples:       331776 | elapsed time per iteration (ms): 1792.7 | throughput per GPU (TFLOP/s/GPU): 360.9 | tokens/sec/GPU: 73114 | learning rate: 1.680440E-04 | global batch size:  1024 | lm loss: 3.178552E+00 | loss scale: 1.0 | grad norm: 0.470 | number of skipped iterations:   0 | number of nan iterations:   0 |
7: [default3]: [2026-05-26 14:56:53.091573] iteration      325/     909 | consumed samples:       332800 | elapsed time per iteration (ms): 1803.0 | throughput per GPU (TFLOP/s/GPU): 358.9 | tokens/sec/GPU: 72697 | learning rate: 1.677765E-04 | global batch size:  1024 | lm loss: 3.232460E+00 | loss scale: 1.0 | grad norm: 0.474 | number of skipped iterations:   0 | number of nan iterations:   0 |
7: [default3]: [2026-05-26 14:56:54.910286] iteration      326/     909 | consumed samples:       333824 | elapsed time per iteration (ms): 1818.5 | throughput per GPU (TFLOP/s/GPU): 355.8 | tokens/sec/GPU: 72076 | learning rate: 1.675081E-04 | global batch size:  1024 | lm loss: 3.183638E+00 | loss scale: 1.0 | grad norm: 0.495 | number of skipped iterations:   0 | number of nan iterations:   0 |
7: [default3]: [2026-05-26 14:56:56.726165] iteration      327/     909 | consumed samples:       334848 | elapsed time per iteration (ms): 1815.6 | throughput per GPU (TFLOP/s/GPU): 356.4 | tokens/sec/GPU: 72190 | learning rate: 1.672388E-04 | global batch size:  1024 | lm loss: 3.202447E+00 | loss scale: 1.0 | grad norm: 0.514 | number of skipped iterations:   0 | number of nan iterations:   0 |
7: [default3]: [2026-05-26 14:56:58.543851] iteration      328/     909 | consumed samples:       335872 | elapsed time per iteration (ms): 1817.5 | throughput per GPU (TFLOP/s/GPU): 356.0 | tokens/sec/GPU: 72115 | learning rate: 1.669687E-04 | global batch size:  1024 | lm loss: 3.138149E+00 | loss scale: 1.0 | grad norm: 0.498 | number of skipped iterations:   0 | number of nan iterations:   0 |
7: [default3]: [2026-05-26 14:57:00.352711] iteration      329/     909 | consumed samples:       336896 | elapsed time per iteration (ms): 1808.7 | throughput per GPU (TFLOP/s/GPU): 357.8 | tokens/sec/GPU: 72469 | learning rate: 1.666977E-04 | global batch size:  1024 | lm loss: 3.178063E+00 | loss scale: 1.0 | grad norm: 0.501 | number of skipped iterations:   0 | number of nan iterations:   0 |
7: [default3]: [2026-05-26 14:57:02.159980] iteration      330/     909 | consumed samples:       337920 | elapsed time per iteration (ms): 1806.9 | throughput per GPU (TFLOP/s/GPU): 358.1 | tokens/sec/GPU: 72539 | learning rate: 1.664258E-04 | global batch size:  1024 | lm loss: 3.192272E+00 | loss scale: 1.0 | grad norm: 0.488 | number of skipped iterations:   0 | number of nan iterations:   0 |
7: [default3]: [2026-05-26 14:57:04.454460] iteration      331/     909 | consumed samples:       338944 | elapsed time per iteration (ms): 2294.3 | throughput per GPU (TFLOP/s/GPU): 282.0 | tokens/sec/GPU: 57130 | learning rate: 1.661531E-04 | global batch size:  1024 | lm loss: 3.181909E+00 | loss scale: 1.0 | grad norm: 0.495 | number of skipped iterations:   0 | number of nan iterations:   0 |
7: [default3]: [2026-05-26 14:57:06.427120] iteration      332/     909 | consumed samples:       339968 | elapsed time per iteration (ms): 1971.7 | throughput per GPU (TFLOP/s/GPU): 328.2 | tokens/sec/GPU: 66475 | learning rate: 1.658796E-04 | global batch size:  1024 | lm loss: 3.201219E+00 | loss scale: 1.0 | grad norm: 0.516 | number of skipped iterations:   0 | number of nan iterations:   0 |
7: [default3]: [2026-05-26 14:57:08.226881] iteration      333/     909 | consumed samples:       340992 | elapsed time per iteration (ms): 1799.5 | throughput per GPU (TFLOP/s/GPU): 359.6 | tokens/sec/GPU: 72837 | learning rate: 1.656052E-04 | global batch size:  1024 | lm loss: 3.219330E+00 | loss scale: 1.0 | grad norm: 0.648 | number of skipped iterations:   0 | number of nan iterations:   0 |
7: [default3]: [2026-05-26 14:57:10.027978] iteration      334/     909 | consumed samples:       342016 | elapsed time per iteration (ms): 1800.1 | throughput per GPU (TFLOP/s/GPU): 359.5 | tokens/sec/GPU: 72815 | learning rate: 1.653299E-04 | global batch size:  1024 | lm loss: 3.186755E+00 | loss scale: 1.0 | grad norm: 0.557 | number of skipped iterations:   0 | number of nan iterations:   0 |
7: [default3]: [2026-05-26 14:57:11.855536] iteration      335/     909 | consumed samples:       343040 | elapsed time per iteration (ms): 1826.9 | throughput per GPU (TFLOP/s/GPU): 354.2 | tokens/sec/GPU: 71746 | learning rate: 1.650539E-04 | global batch size:  1024 | lm loss: 3.129356E+00 | loss scale: 1.0 | grad norm: 0.500 | number of skipped iterations:   0 | number of nan iterations:   0 |
7: [default3]: [2026-05-26 14:57:13.658405] iteration      336/     909 | consumed samples:       344064 | elapsed time per iteration (ms): 1802.5 | throughput per GPU (TFLOP/s/GPU): 359.0 | tokens/sec/GPU: 72715 | learning rate: 1.647770E-04 | global batch size:  1024 | lm loss: 3.178222E+00 | loss scale: 1.0 | grad norm: 0.536 | number of skipped iterations:   0 | number of nan iterations:   0 |
7: [default3]: [2026-05-26 14:57:15.471191] iteration      337/     909 | consumed samples:       345088 | elapsed time per iteration (ms): 1812.6 | throughput per GPU (TFLOP/s/GPU): 357.0 | tokens/sec/GPU: 72313 | learning rate: 1.644993E-04 | global batch size:  1024 | lm loss: 3.168261E+00 | loss scale: 1.0 | grad norm: 0.472 | number of skipped iterations:   0 | number of nan iterations:   0 |
7: [default3]: [2026-05-26 14:57:17.281321] iteration      338/     909 | consumed samples:       346112 | elapsed time per iteration (ms): 1809.9 | throughput per GPU (TFLOP/s/GPU): 357.5 | tokens/sec/GPU: 72419 | learning rate: 1.642207E-04 | global batch size:  1024 | lm loss: 3.142566E+00 | loss scale: 1.0 | grad norm: 0.506 | number of skipped iterations:   0 | number of nan iterations:   0 |
7: [default3]: [2026-05-26 14:57:19.090541] iteration      339/     909 | consumed samples:       347136 | elapsed time per iteration (ms): 1809.0 | throughput per GPU (TFLOP/s/GPU): 357.7 | tokens/sec/GPU: 72454 | learning rate: 1.639414E-04 | global batch size:  1024 | lm loss: 3.173961E+00 | loss scale: 1.0 | grad norm: 0.553 | number of skipped iterations:   0 | number of nan iterations:   0 |
7: [default3]: [2026-05-26 14:57:20.895279] iteration      340/     909 | consumed samples:       348160 | elapsed time per iteration (ms): 1804.5 | throughput per GPU (TFLOP/s/GPU): 358.6 | tokens/sec/GPU: 72635 | learning rate: 1.636612E-04 | global batch size:  1024 | lm loss: 3.147174E+00 | loss scale: 1.0 | grad norm: 0.471 | number of skipped iterations:   0 | number of nan iterations:   0 |
7: [default3]: [2026-05-26 14:57:22.698551] iteration      341/     909 | consumed samples:       349184 | elapsed time per iteration (ms): 1803.1 | throughput per GPU (TFLOP/s/GPU): 358.9 | tokens/sec/GPU: 72693 | learning rate: 1.633802E-04 | global batch size:  1024 | lm loss: 3.156901E+00 | loss scale: 1.0 | grad norm: 0.459 | number of skipped iterations:   0 | number of nan iterations:   0 |
7: [default3]: [2026-05-26 14:57:24.503205] iteration      342/     909 | consumed samples:       350208 | elapsed time per iteration (ms): 1804.4 | throughput per GPU (TFLOP/s/GPU): 358.6 | tokens/sec/GPU: 72640 | learning rate: 1.630984E-04 | global batch size:  1024 | lm loss: 3.155027E+00 | loss scale: 1.0 | grad norm: 0.442 | number of skipped iterations:   0 | number of nan iterations:   0 |
7: [default3]: [2026-05-26 14:57:26.304924] iteration      343/     909 | consumed samples:       351232 | elapsed time per iteration (ms): 1801.5 | throughput per GPU (TFLOP/s/GPU): 359.2 | tokens/sec/GPU: 72756 | learning rate: 1.628158E-04 | global batch size:  1024 | lm loss: 3.125607E+00 | loss scale: 1.0 | grad norm: 0.434 | number of skipped iterations:   0 | number of nan iterations:   0 |
7: [default3]: [2026-05-26 14:57:28.110617] iteration      344/     909 | consumed samples:       352256 | elapsed time per iteration (ms): 1805.5 | throughput per GPU (TFLOP/s/GPU): 358.4 | tokens/sec/GPU: 72596 | learning rate: 1.625324E-04 | global batch size:  1024 | lm loss: 3.129506E+00 | loss scale: 1.0 | grad norm: 0.435 | number of skipped iterations:   0 | number of nan iterations:   0 |
7: [default3]: [2026-05-26 14:57:29.913910] iteration      345/     909 | consumed samples:       353280 | elapsed time per iteration (ms): 1803.1 | throughput per GPU (TFLOP/s/GPU): 358.9 | tokens/sec/GPU: 72692 | learning rate: 1.622483E-04 | global batch size:  1024 | lm loss: 3.162309E+00 | loss scale: 1.0 | grad norm: 0.403 | number of skipped iterations:   0 | number of nan iterations:   0 |
7: [default3]: [2026-05-26 14:57:32.228310] iteration      346/     909 | consumed samples:       354304 | elapsed time per iteration (ms): 2314.1 | throughput per GPU (TFLOP/s/GPU): 279.6 | tokens/sec/GPU: 56641 | learning rate: 1.619633E-04 | global batch size:  1024 | lm loss: 3.089147E+00 | loss scale: 1.0 | grad norm: 0.475 | number of skipped iterations:   0 | number of nan iterations:   0 |
7: [default3]: [2026-05-26 14:57:34.586389] iteration      347/     909 | consumed samples:       355328 | elapsed time per iteration (ms): 2357.8 | throughput per GPU (TFLOP/s/GPU): 274.4 | tokens/sec/GPU: 55591 | learning rate: 1.616775E-04 | global batch size:  1024 | lm loss: 3.160537E+00 | loss scale: 1.0 | grad norm: 0.450 | number of skipped iterations:   0 | number of nan iterations:   0 |
7: [default3]: [2026-05-26 14:57:38.986950] iteration      348/     909 | consumed samples:       356352 | elapsed time per iteration (ms): 4400.4 | throughput per GPU (TFLOP/s/GPU): 147.1 | tokens/sec/GPU: 29787 | learning rate: 1.613910E-04 | global batch size:  1024 | lm loss: 3.105763E+00 | loss scale: 1.0 | grad norm: 0.530 | number of skipped iterations:   0 | number of nan iterations:   0 |
7: [default3]: [2026-05-26 14:57:40.790362] iteration      349/     909 | consumed samples:       357376 | elapsed time per iteration (ms): 1803.2 | throughput per GPU (TFLOP/s/GPU): 358.8 | tokens/sec/GPU: 72688 | learning rate: 1.611037E-04 | global batch size:  1024 | lm loss: 3.096186E+00 | loss scale: 1.0 | grad norm: 0.436 | number of skipped iterations:   0 | number of nan iterations:   0 |
7: [default3]: [2026-05-26 14:57:42.590064] iteration      350/     909 | consumed samples:       358400 | elapsed time per iteration (ms): 1799.5 | throughput per GPU (TFLOP/s/GPU): 359.6 | tokens/sec/GPU: 72840 | learning rate: 1.608156E-04 | global batch size:  1024 | lm loss: 3.095603E+00 | loss scale: 1.0 | grad norm: 0.460 | number of skipped iterations:   0 | number of nan iterations:   0 |
7: [default3]: [2026-05-26 14:57:44.990478] iteration      351/     909 | consumed samples:       359424 | elapsed time per iteration (ms): 2400.1 | throughput per GPU (TFLOP/s/GPU): 269.6 | tokens/sec/GPU: 54612 | learning rate: 1.605268E-04 | global batch size:  1024 | lm loss: 3.120685E+00 | loss scale: 1.0 | grad norm: 0.478 | number of skipped iterations:   0 | number of nan iterations:   0 |
7: [default3]: [2026-05-26 14:57:48.154579] iteration      352/     909 | consumed samples:       360448 | elapsed time per iteration (ms): 3163.9 | throughput per GPU (TFLOP/s/GPU): 204.5 | tokens/sec/GPU: 41427 | learning rate: 1.602372E-04 | global batch size:  1024 | lm loss: 3.083261E+00 | loss scale: 1.0 | grad norm: 0.419 | number of skipped iterations:   0 | number of nan iterations:   0 |
7: [default3]: [2026-05-26 14:57:49.957206] iteration      353/     909 | consumed samples:       361472 | elapsed time per iteration (ms): 1802.4 | throughput per GPU (TFLOP/s/GPU): 359.0 | tokens/sec/GPU: 72722 | learning rate: 1.599468E-04 | global batch size:  1024 | lm loss: 3.111118E+00 | loss scale: 1.0 | grad norm: 0.467 | number of skipped iterations:   0 | number of nan iterations:   0 |
7: [default3]: [2026-05-26 14:57:53.502832] iteration      354/     909 | consumed samples:       362496 | elapsed time per iteration (ms): 3544.6 | throughput per GPU (TFLOP/s/GPU): 182.6 | tokens/sec/GPU: 36977 | learning rate: 1.596557E-04 | global batch size:  1024 | lm loss: 3.069671E+00 | loss scale: 1.0 | grad norm: 0.500 | number of skipped iterations:   0 | number of nan iterations:   0 |
7: [default3]: [2026-05-26 14:57:55.766379] iteration      355/     909 | consumed samples:       363520 | elapsed time per iteration (ms): 2263.4 | throughput per GPU (TFLOP/s/GPU): 285.9 | tokens/sec/GPU: 57910 | learning rate: 1.593638E-04 | global batch size:  1024 | lm loss: 3.084098E+00 | loss scale: 1.0 | grad norm: 0.556 | number of skipped iterations:   0 | number of nan iterations:   0 |
7: [default3]: [2026-05-26 14:57:59.223333] iteration      356/     909 | consumed samples:       364544 | elapsed time per iteration (ms): 3456.8 | throughput per GPU (TFLOP/s/GPU): 187.2 | tokens/sec/GPU: 37918 | learning rate: 1.590712E-04 | global batch size:  1024 | lm loss: 3.102259E+00 | loss scale: 1.0 | grad norm: 0.561 | number of skipped iterations:   0 | number of nan iterations:   0 |
7: [default3]: [2026-05-26 14:58:01.501745] iteration      357/     909 | consumed samples:       365568 | elapsed time per iteration (ms): 2278.2 | throughput per GPU (TFLOP/s/GPU): 284.0 | tokens/sec/GPU: 57533 | learning rate: 1.587779E-04 | global batch size:  1024 | lm loss: 3.118075E+00 | loss scale: 1.0 | grad norm: 0.552 | number of skipped iterations:   0 | number of nan iterations:   0 |
7: [default3]: [2026-05-26 14:58:04.237303] iteration      358/     909 | consumed samples:       366592 | elapsed time per iteration (ms): 2735.4 | throughput per GPU (TFLOP/s/GPU): 236.6 | tokens/sec/GPU: 47917 | learning rate: 1.584838E-04 | global batch size:  1024 | lm loss: 3.106167E+00 | loss scale: 1.0 | grad norm: 0.657 | number of skipped iterations:   0 | number of nan iterations:   0 |
7: [default3]: [2026-05-26 14:58:08.144571] iteration      359/     909 | consumed samples:       367616 | elapsed time per iteration (ms): 3907.1 | throughput per GPU (TFLOP/s/GPU): 165.6 | tokens/sec/GPU: 33547 | learning rate: 1.581890E-04 | global batch size:  1024 | lm loss: 3.089686E+00 | loss scale: 1.0 | grad norm: 0.570 | number of skipped iterations:   0 | number of nan iterations:   0 |
7: [default3]: [2026-05-26 14:58:09.948377] iteration      360/     909 | consumed samples:       368640 | elapsed time per iteration (ms): 1803.6 | throughput per GPU (TFLOP/s/GPU): 358.8 | tokens/sec/GPU: 72672 | learning rate: 1.578935E-04 | global batch size:  1024 | lm loss: 3.071354E+00 | loss scale: 1.0 | grad norm: 0.572 | number of skipped iterations:   0 | number of nan iterations:   0 |
7: [default3]: [2026-05-26 14:58:13.490088] iteration      361/     909 | consumed samples:       369664 | elapsed time per iteration (ms): 3541.5 | throughput per GPU (TFLOP/s/GPU): 182.7 | tokens/sec/GPU: 37010 | learning rate: 1.575972E-04 | global batch size:  1024 | lm loss: 3.063022E+00 | loss scale: 1.0 | grad norm: 0.564 | number of skipped iterations:   0 | number of nan iterations:   0 |
7: [default3]: [2026-05-26 14:58:15.284357] iteration      362/     909 | consumed samples:       370688 | elapsed time per iteration (ms): 1794.1 | throughput per GPU (TFLOP/s/GPU): 360.7 | tokens/sec/GPU: 73059 | learning rate: 1.573002E-04 | global batch size:  1024 | lm loss: 3.032719E+00 | loss scale: 1.0 | grad norm: 0.491 | number of skipped iterations:   0 | number of nan iterations:   0 |
7: [default3]: [2026-05-26 14:58:18.173836] iteration      363/     909 | consumed samples:       371712 | elapsed time per iteration (ms): 2889.1 | throughput per GPU (TFLOP/s/GPU): 224.0 | tokens/sec/GPU: 45368 | learning rate: 1.570025E-04 | global batch size:  1024 | lm loss: 3.082938E+00 | loss scale: 1.0 | grad norm: 0.496 | number of skipped iterations:   0 | number of nan iterations:   0 |
7: [default3]: [2026-05-26 14:58:19.980395] iteration      364/     909 | consumed samples:       372736 | elapsed time per iteration (ms): 1806.2 | throughput per GPU (TFLOP/s/GPU): 358.2 | tokens/sec/GPU: 72566 | learning rate: 1.567041E-04 | global batch size:  1024 | lm loss: 3.040078E+00 | loss scale: 1.0 | grad norm: 0.414 | number of skipped iterations:   0 | number of nan iterations:   0 |
7: [default3]: [2026-05-26 14:58:24.486970] iteration      365/     909 | consumed samples:       373760 | elapsed time per iteration (ms): 4506.3 | throughput per GPU (TFLOP/s/GPU): 143.6 | tokens/sec/GPU: 29086 | learning rate: 1.564050E-04 | global batch size:  1024 | lm loss: 3.061081E+00 | loss scale: 1.0 | grad norm: 0.400 | number of skipped iterations:   0 | number of nan iterations:   0 |
7: [default3]: [2026-05-26 14:58:26.294218] iteration      366/     909 | consumed samples:       374784 | elapsed time per iteration (ms): 1807.0 | throughput per GPU (TFLOP/s/GPU): 358.1 | tokens/sec/GPU: 72535 | learning rate: 1.561052E-04 | global batch size:  1024 | lm loss: 3.059210E+00 | loss scale: 1.0 | grad norm: 0.386 | number of skipped iterations:   0 | number of nan iterations:   0 |
7: [default3]: [2026-05-26 14:58:28.250124] iteration      367/     909 | consumed samples:       375808 | elapsed time per iteration (ms): 1955.8 | throughput per GPU (TFLOP/s/GPU): 330.9 | tokens/sec/GPU: 67019 | learning rate: 1.558047E-04 | global batch size:  1024 | lm loss: 3.072758E+00 | loss scale: 1.0 | grad norm: 0.378 | number of skipped iterations:   0 | number of nan iterations:   0 |
7: [default3]: [2026-05-26 14:58:30.067085] iteration      368/     909 | consumed samples:       376832 | elapsed time per iteration (ms): 1816.7 | throughput per GPU (TFLOP/s/GPU): 356.2 | tokens/sec/GPU: 72150 | learning rate: 1.555035E-04 | global batch size:  1024 | lm loss: 3.009086E+00 | loss scale: 1.0 | grad norm: 0.349 | number of skipped iterations:   0 | number of nan iterations:   0 |
7: [default3]: [2026-05-26 14:58:32.708451] iteration      369/     909 | consumed samples:       377856 | elapsed time per iteration (ms): 2641.1 | throughput per GPU (TFLOP/s/GPU): 245.0 | tokens/sec/GPU: 49627 | learning rate: 1.552016E-04 | global batch size:  1024 | lm loss: 2.992502E+00 | loss scale: 1.0 | grad norm: 0.322 | number of skipped iterations:   0 | number of nan iterations:   0 |
7: [default3]: [2026-05-26 14:58:34.511903] iteration      370/     909 | consumed samples:       378880 | elapsed time per iteration (ms): 1803.2 | throughput per GPU (TFLOP/s/GPU): 358.9 | tokens/sec/GPU: 72689 | learning rate: 1.548991E-04 | global batch size:  1024 | lm loss: 3.049096E+00 | loss scale: 1.0 | grad norm: 0.370 | number of skipped iterations:   0 | number of nan iterations:   0 |
7: [default3]: [2026-05-26 14:58:36.662808] iteration      371/     909 | consumed samples:       379904 | elapsed time per iteration (ms): 2150.7 | throughput per GPU (TFLOP/s/GPU): 300.9 | tokens/sec/GPU: 60945 | learning rate: 1.545958E-04 | global batch size:  1024 | lm loss: 3.060812E+00 | loss scale: 1.0 | grad norm: 0.328 | number of skipped iterations:   0 | number of nan iterations:   0 |
7: [default3]: [2026-05-26 14:58:38.469320] iteration      372/     909 | consumed samples:       380928 | elapsed time per iteration (ms): 1806.3 | throughput per GPU (TFLOP/s/GPU): 358.2 | tokens/sec/GPU: 72564 | learning rate: 1.542919E-04 | global batch size:  1024 | lm loss: 3.004612E+00 | loss scale: 1.0 | grad norm: 0.354 | number of skipped iterations:   0 | number of nan iterations:   0 |
7: [default3]: [2026-05-26 14:58:42.493280] iteration      373/     909 | consumed samples:       381952 | elapsed time per iteration (ms): 4023.5 | throughput per GPU (TFLOP/s/GPU): 160.8 | tokens/sec/GPU: 32576 | learning rate: 1.539873E-04 | global batch size:  1024 | lm loss: 3.004964E+00 | loss scale: 1.0 | grad norm: 0.367 | number of skipped iterations:   0 | number of nan iterations:   0 |
7: [default3]: [2026-05-26 14:58:44.292456] iteration      374/     909 | consumed samples:       382976 | elapsed time per iteration (ms): 1798.9 | throughput per GPU (TFLOP/s/GPU): 359.7 | tokens/sec/GPU: 72863 | learning rate: 1.536821E-04 | global batch size:  1024 | lm loss: 3.010596E+00 | loss scale: 1.0 | grad norm: 0.401 | number of skipped iterations:   0 | number of nan iterations:   0 |
7: [default3]: [2026-05-26 14:58:46.590853] iteration      375/     909 | consumed samples:       384000 | elapsed time per iteration (ms): 2298.2 | throughput per GPU (TFLOP/s/GPU): 281.6 | tokens/sec/GPU: 57032 | learning rate: 1.533762E-04 | global batch size:  1024 | lm loss: 2.995108E+00 | loss scale: 1.0 | grad norm: 0.427 | number of skipped iterations:   0 | number of nan iterations:   0 |
7: [default3]: [2026-05-26 14:58:48.395118] iteration      376/     909 | consumed samples:       385024 | elapsed time per iteration (ms): 1803.2 | throughput per GPU (TFLOP/s/GPU): 358.8 | tokens/sec/GPU: 72687 | learning rate: 1.530696E-04 | global batch size:  1024 | lm loss: 3.029946E+00 | loss scale: 1.0 | grad norm: 0.460 | number of skipped iterations:   0 | number of nan iterations:   0 |
7: [default3]: [2026-05-26 14:58:52.247667] iteration      377/     909 | consumed samples:       386048 | elapsed time per iteration (ms): 3851.7 | throughput per GPU (TFLOP/s/GPU): 168.0 | tokens/sec/GPU: 34030 | learning rate: 1.527625E-04 | global batch size:  1024 | lm loss: 2.981071E+00 | loss scale: 1.0 | grad norm: 0.459 | number of skipped iterations:   0 | number of nan iterations:   0 |
7: [default3]: [2026-05-26 14:58:54.053590] iteration      378/     909 | consumed samples:       387072 | elapsed time per iteration (ms): 1805.8 | throughput per GPU (TFLOP/s/GPU): 358.3 | tokens/sec/GPU: 72586 | learning rate: 1.524546E-04 | global batch size:  1024 | lm loss: 3.031738E+00 | loss scale: 1.0 | grad norm: 0.556 | number of skipped iterations:   0 | number of nan iterations:   0 |
7: [default3]: [2026-05-26 14:58:56.001174] iteration      379/     909 | consumed samples:       388096 | elapsed time per iteration (ms): 1947.4 | throughput per GPU (TFLOP/s/GPU): 332.3 | tokens/sec/GPU: 67308 | learning rate: 1.521461E-04 | global batch size:  1024 | lm loss: 3.003899E+00 | loss scale: 1.0 | grad norm: 0.545 | number of skipped iterations:   0 | number of nan iterations:   0 |
7: [default3]: [2026-05-26 14:58:57.808308] iteration      380/     909 | consumed samples:       389120 | elapsed time per iteration (ms): 1806.9 | throughput per GPU (TFLOP/s/GPU): 358.1 | tokens/sec/GPU: 72538 | learning rate: 1.518370E-04 | global batch size:  1024 | lm loss: 3.012087E+00 | loss scale: 1.0 | grad norm: 0.449 | number of skipped iterations:   0 | number of nan iterations:   0 |
7: [default3]: [2026-05-26 14:58:59.618567] iteration      381/     909 | consumed samples:       390144 | elapsed time per iteration (ms): 1810.1 | throughput per GPU (TFLOP/s/GPU): 357.5 | tokens/sec/GPU: 72412 | learning rate: 1.515272E-04 | global batch size:  1024 | lm loss: 2.985979E+00 | loss scale: 1.0 | grad norm: 0.516 | number of skipped iterations:   0 | number of nan iterations:   0 |
7: [default3]: [2026-05-26 14:59:01.432529] iteration      382/     909 | consumed samples:       391168 | elapsed time per iteration (ms): 1813.8 | throughput per GPU (TFLOP/s/GPU): 356.8 | tokens/sec/GPU: 72265 | learning rate: 1.512169E-04 | global batch size:  1024 | lm loss: 2.990930E+00 | loss scale: 1.0 | grad norm: 0.470 | number of skipped iterations:   0 | number of nan iterations:   0 |
7: [default3]: [2026-05-26 14:59:03.248673] iteration      383/     909 | consumed samples:       392192 | elapsed time per iteration (ms): 1815.9 | throughput per GPU (TFLOP/s/GPU): 356.3 | tokens/sec/GPU: 72180 | learning rate: 1.509058E-04 | global batch size:  1024 | lm loss: 2.963071E+00 | loss scale: 1.0 | grad norm: 0.475 | number of skipped iterations:   0 | number of nan iterations:   0 |
7: [default3]: [2026-05-26 14:59:05.125920] iteration      384/     909 | consumed samples:       393216 | elapsed time per iteration (ms): 1877.0 | throughput per GPU (TFLOP/s/GPU): 344.7 | tokens/sec/GPU: 69830 | learning rate: 1.505942E-04 | global batch size:  1024 | lm loss: 3.004507E+00 | loss scale: 1.0 | grad norm: 0.502 | number of skipped iterations:   0 | number of nan iterations:   0 |
7: [default3]: [2026-05-26 14:59:08.485170] iteration      385/     909 | consumed samples:       394240 | elapsed time per iteration (ms): 3359.0 | throughput per GPU (TFLOP/s/GPU): 192.6 | tokens/sec/GPU: 39021 | learning rate: 1.502820E-04 | global batch size:  1024 | lm loss: 3.004747E+00 | loss scale: 1.0 | grad norm: 0.524 | number of skipped iterations:   0 | number of nan iterations:   0 |
7: [default3]: [2026-05-26 14:59:10.273797] iteration      386/     909 | consumed samples:       395264 | elapsed time per iteration (ms): 1788.4 | throughput per GPU (TFLOP/s/GPU): 361.8 | tokens/sec/GPU: 73290 | learning rate: 1.499692E-04 | global batch size:  1024 | lm loss: 3.007403E+00 | loss scale: 1.0 | grad norm: 0.498 | number of skipped iterations:   0 | number of nan iterations:   0 |
7: [default3]: [2026-05-26 14:59:13.025766] iteration      387/     909 | consumed samples:       396288 | elapsed time per iteration (ms): 2750.8 | throughput per GPU (TFLOP/s/GPU): 235.2 | tokens/sec/GPU: 47649 | learning rate: 1.496557E-04 | global batch size:  1024 | lm loss: 3.005657E+00 | loss scale: 1.0 | grad norm: 0.460 | number of skipped iterations:   0 | number of nan iterations:   0 |
7: [default3]: [2026-05-26 14:59:14.833578] iteration      388/     909 | consumed samples:       397312 | elapsed time per iteration (ms): 1807.6 | throughput per GPU (TFLOP/s/GPU): 358.0 | tokens/sec/GPU: 72510 | learning rate: 1.493417E-04 | global batch size:  1024 | lm loss: 2.992589E+00 | loss scale: 1.0 | grad norm: 0.468 | number of skipped iterations:   0 | number of nan iterations:   0 |
7: [default3]: [2026-05-26 14:59:17.533277] iteration      389/     909 | consumed samples:       398336 | elapsed time per iteration (ms): 2699.5 | throughput per GPU (TFLOP/s/GPU): 239.7 | tokens/sec/GPU: 48554 | learning rate: 1.490270E-04 | global batch size:  1024 | lm loss: 2.987857E+00 | loss scale: 1.0 | grad norm: 0.407 | number of skipped iterations:   0 | number of nan iterations:   0 |
7: [default3]: [2026-05-26 14:59:19.334800] iteration      390/     909 | consumed samples:       399360 | elapsed time per iteration (ms): 1801.3 | throughput per GPU (TFLOP/s/GPU): 359.2 | tokens/sec/GPU: 72765 | learning rate: 1.487118E-04 | global batch size:  1024 | lm loss: 2.980542E+00 | loss scale: 1.0 | grad norm: 0.375 | number of skipped iterations:   0 | number of nan iterations:   0 |
7: [default3]: [2026-05-26 14:59:22.864729] iteration      391/     909 | consumed samples:       400384 | elapsed time per iteration (ms): 3529.7 | throughput per GPU (TFLOP/s/GPU): 183.3 | tokens/sec/GPU: 37134 | learning rate: 1.483960E-04 | global batch size:  1024 | lm loss: 3.002689E+00 | loss scale: 1.0 | grad norm: 0.353 | number of skipped iterations:   0 | number of nan iterations:   0 |
7: [default3]: [2026-05-26 14:59:24.672650] iteration      392/     909 | consumed samples:       401408 | elapsed time per iteration (ms): 1807.7 | throughput per GPU (TFLOP/s/GPU): 358.0 | tokens/sec/GPU: 72506 | learning rate: 1.480796E-04 | global batch size:  1024 | lm loss: 2.989989E+00 | loss scale: 1.0 | grad norm: 0.359 | number of skipped iterations:   0 | number of nan iterations:   0 |
7: [default3]: [2026-05-26 14:59:27.324939] iteration      393/     909 | consumed samples:       402432 | elapsed time per iteration (ms): 2652.1 | throughput per GPU (TFLOP/s/GPU): 244.0 | tokens/sec/GPU: 49422 | learning rate: 1.477627E-04 | global batch size:  1024 | lm loss: 2.940808E+00 | loss scale: 1.0 | grad norm: 0.435 | number of skipped iterations:   0 | number of nan iterations:   0 |
7: [default3]: [2026-05-26 14:59:29.115003] iteration      394/     909 | consumed samples:       403456 | elapsed time per iteration (ms): 1789.8 | throughput per GPU (TFLOP/s/GPU): 361.5 | tokens/sec/GPU: 73232 | learning rate: 1.474451E-04 | global batch size:  1024 | lm loss: 2.964143E+00 | loss scale: 1.0 | grad norm: 0.389 | number of skipped iterations:   0 | number of nan iterations:   0 |
7: [default3]: [2026-05-26 14:59:32.121548] iteration      395/     909 | consumed samples:       404480 | elapsed time per iteration (ms): 3006.1 | throughput per GPU (TFLOP/s/GPU): 215.3 | tokens/sec/GPU: 43602 | learning rate: 1.471271E-04 | global batch size:  1024 | lm loss: 2.999979E+00 | loss scale: 1.0 | grad norm: 0.345 | number of skipped iterations:   0 | number of nan iterations:   0 |
7: [default3]: [2026-05-26 14:59:33.927833] iteration      396/     909 | consumed samples:       405504 | elapsed time per iteration (ms): 1806.1 | throughput per GPU (TFLOP/s/GPU): 358.3 | tokens/sec/GPU: 72571 | learning rate: 1.468084E-04 | global batch size:  1024 | lm loss: 3.001100E+00 | loss scale: 1.0 | grad norm: 0.382 | number of skipped iterations:   0 | number of nan iterations:   0 |
7: [default3]: [2026-05-26 14:59:35.739722] iteration      397/     909 | consumed samples:       406528 | elapsed time per iteration (ms): 1811.7 | throughput per GPU (TFLOP/s/GPU): 357.2 | tokens/sec/GPU: 72349 | learning rate: 1.464892E-04 | global batch size:  1024 | lm loss: 2.968718E+00 | loss scale: 1.0 | grad norm: 0.397 | number of skipped iterations:   0 | number of nan iterations:   0 |
7: [default3]: [2026-05-26 14:59:37.535094] iteration      398/     909 | consumed samples:       407552 | elapsed time per iteration (ms): 1795.2 | throughput per GPU (TFLOP/s/GPU): 360.5 | tokens/sec/GPU: 73014 | learning rate: 1.461694E-04 | global batch size:  1024 | lm loss: 2.953539E+00 | loss scale: 1.0 | grad norm: 0.405 | number of skipped iterations:   0 | number of nan iterations:   0 |
7: [default3]: [2026-05-26 14:59:39.580131] iteration      399/     909 | consumed samples:       408576 | elapsed time per iteration (ms): 2044.8 | throughput per GPU (TFLOP/s/GPU): 316.4 | tokens/sec/GPU: 64099 | learning rate: 1.458491E-04 | global batch size:  1024 | lm loss: 2.969728E+00 | loss scale: 1.0 | grad norm: 0.401 | number of skipped iterations:   0 | number of nan iterations:   0 |
7: [default3]: [2026-05-26 14:59:41.415980] iteration      400/     909 | consumed samples:       409600 | elapsed time per iteration (ms): 1835.7 | throughput per GPU (TFLOP/s/GPU): 352.5 | tokens/sec/GPU: 71403 | learning rate: 1.455283E-04 | global batch size:  1024 | lm loss: 2.922976E+00 | loss scale: 1.0 | grad norm: 0.389 | number of skipped iterations:   0 | number of nan iterations:   0 |
7: [default3]: [2026-05-26 14:59:44.025121] iteration      401/     909 | consumed samples:       410624 | elapsed time per iteration (ms): 2608.9 | throughput per GPU (TFLOP/s/GPU): 248.0 | tokens/sec/GPU: 50240 | learning rate: 1.452069E-04 | global batch size:  1024 | lm loss: 2.944105E+00 | loss scale: 1.0 | grad norm: 0.360 | number of skipped iterations:   0 | number of nan iterations:   0 |
7: [default3]: [2026-05-26 14:59:47.859363] iteration      402/     909 | consumed samples:       411648 | elapsed time per iteration (ms): 3834.0 | throughput per GPU (TFLOP/s/GPU): 168.8 | tokens/sec/GPU: 34187 | learning rate: 1.448850E-04 | global batch size:  1024 | lm loss: 2.899091E+00 | loss scale: 1.0 | grad norm: 0.392 | number of skipped iterations:   0 | number of nan iterations:   0 |
7: [default3]: [2026-05-26 14:59:49.665160] iteration      403/     909 | consumed samples:       412672 | elapsed time per iteration (ms): 1804.9 | throughput per GPU (TFLOP/s/GPU): 358.5 | tokens/sec/GPU: 72619 | learning rate: 1.445626E-04 | global batch size:  1024 | lm loss: 2.932912E+00 | loss scale: 1.0 | grad norm: 0.325 | number of skipped iterations:   0 | number of nan iterations:   0 |
7: [default3]: [2026-05-26 14:59:53.772888] iteration      404/     909 | consumed samples:       413696 | elapsed time per iteration (ms): 4107.5 | throughput per GPU (TFLOP/s/GPU): 157.5 | tokens/sec/GPU: 31911 | learning rate: 1.442396E-04 | global batch size:  1024 | lm loss: 2.927248E+00 | loss scale: 1.0 | grad norm: 0.335 | number of skipped iterations:   0 | number of nan iterations:   0 |
7: [default3]: [2026-05-26 14:59:55.580040] iteration      405/     909 | consumed samples:       414720 | elapsed time per iteration (ms): 1806.9 | throughput per GPU (TFLOP/s/GPU): 358.1 | tokens/sec/GPU: 72539 | learning rate: 1.439161E-04 | global batch size:  1024 | lm loss: 2.889834E+00 | loss scale: 1.0 | grad norm: 0.354 | number of skipped iterations:   0 | number of nan iterations:   0 |
7: [default3]: [2026-05-26 14:59:58.206123] iteration      406/     909 | consumed samples:       415744 | elapsed time per iteration (ms): 2625.9 | throughput per GPU (TFLOP/s/GPU): 246.4 | tokens/sec/GPU: 49916 | learning rate: 1.435921E-04 | global batch size:  1024 | lm loss: 2.959483E+00 | loss scale: 1.0 | grad norm: 0.376 | number of skipped iterations:   0 | number of nan iterations:   0 |
7: [default3]: [2026-05-26 15:00:00.002238] iteration      407/     909 | consumed samples:       416768 | elapsed time per iteration (ms): 1795.9 | throughput per GPU (TFLOP/s/GPU): 360.3 | tokens/sec/GPU: 72985 | learning rate: 1.432677E-04 | global batch size:  1024 | lm loss: 2.897175E+00 | loss scale: 1.0 | grad norm: 0.415 | number of skipped iterations:   0 | number of nan iterations:   0 |
7: [default3]: [2026-05-26 15:00:04.122814] iteration      408/     909 | consumed samples:       417792 | elapsed time per iteration (ms): 4119.7 | throughput per GPU (TFLOP/s/GPU): 157.1 | tokens/sec/GPU: 31816 | learning rate: 1.429426E-04 | global batch size:  1024 | lm loss: 2.926237E+00 | loss scale: 1.0 | grad norm: 0.432 | number of skipped iterations:   0 | number of nan iterations:   0 |
7: [default3]: [2026-05-26 15:00:05.933622] iteration      409/     909 | consumed samples:       418816 | elapsed time per iteration (ms): 1810.5 | throughput per GPU (TFLOP/s/GPU): 357.4 | tokens/sec/GPU: 72397 | learning rate: 1.426172E-04 | global batch size:  1024 | lm loss: 2.895988E+00 | loss scale: 1.0 | grad norm: 0.441 | number of skipped iterations:   0 | number of nan iterations:   0 |
7: [default3]: [2026-05-26 15:00:08.762314] iteration      410/     909 | consumed samples:       419840 | elapsed time per iteration (ms): 2828.3 | throughput per GPU (TFLOP/s/GPU): 228.8 | tokens/sec/GPU: 46343 | learning rate: 1.422912E-04 | global batch size:  1024 | lm loss: 2.925857E+00 | loss scale: 1.0 | grad norm: 0.476 | number of skipped iterations:   0 | number of nan iterations:   0 |
7: [default3]: [2026-05-26 15:00:10.563003] iteration      411/     909 | consumed samples:       420864 | elapsed time per iteration (ms): 1800.2 | throughput per GPU (TFLOP/s/GPU): 359.4 | tokens/sec/GPU: 72809 | learning rate: 1.419647E-04 | global batch size:  1024 | lm loss: 2.981111E+00 | loss scale: 1.0 | grad norm: 0.543 | number of skipped iterations:   0 | number of nan iterations:   0 |
7: [default3]: [2026-05-26 15:00:12.371094] iteration      412/     909 | consumed samples:       421888 | elapsed time per iteration (ms): 1807.9 | throughput per GPU (TFLOP/s/GPU): 357.9 | tokens/sec/GPU: 72501 | learning rate: 1.416378E-04 | global batch size:  1024 | lm loss: 2.865056E+00 | loss scale: 1.0 | grad norm: 0.775 | number of skipped iterations:   0 | number of nan iterations:   0 |
7: [default3]: [2026-05-26 15:00:14.185506] iteration      413/     909 | consumed samples:       422912 | elapsed time per iteration (ms): 1814.2 | throughput per GPU (TFLOP/s/GPU): 356.7 | tokens/sec/GPU: 72249 | learning rate: 1.413103E-04 | global batch size:  1024 | lm loss: 2.934664E+00 | loss scale: 1.0 | grad norm: 0.470 | number of skipped iterations:   0 | number of nan iterations:   0 |
7: [default3]: [2026-05-26 15:00:17.085843] iteration      414/     909 | consumed samples:       423936 | elapsed time per iteration (ms): 2900.1 | throughput per GPU (TFLOP/s/GPU): 223.1 | tokens/sec/GPU: 45195 | learning rate: 1.409824E-04 | global batch size:  1024 | lm loss: 2.892977E+00 | loss scale: 1.0 | grad norm: 0.478 | number of skipped iterations:   0 | number of nan iterations:   0 |
7: [default3]: [2026-05-26 15:00:18.897553] iteration      415/     909 | consumed samples:       424960 | elapsed time per iteration (ms): 1811.3 | throughput per GPU (TFLOP/s/GPU): 357.3 | tokens/sec/GPU: 72365 | learning rate: 1.406541E-04 | global batch size:  1024 | lm loss: 2.896335E+00 | loss scale: 1.0 | grad norm: 0.754 | number of skipped iterations:   0 | number of nan iterations:   0 |
7: [default3]: [2026-05-26 15:00:20.993861] iteration      416/     909 | consumed samples:       425984 | elapsed time per iteration (ms): 2096.0 | throughput per GPU (TFLOP/s/GPU): 308.7 | tokens/sec/GPU: 62535 | learning rate: 1.403252E-04 | global batch size:  1024 | lm loss: 2.909426E+00 | loss scale: 1.0 | grad norm: 0.633 | number of skipped iterations:   0 | number of nan iterations:   0 |
7: [default3]: [2026-05-26 15:00:22.937859] iteration      417/     909 | consumed samples:       427008 | elapsed time per iteration (ms): 1943.4 | throughput per GPU (TFLOP/s/GPU): 333.0 | tokens/sec/GPU: 67446 | learning rate: 1.399959E-04 | global batch size:  1024 | lm loss: 2.901939E+00 | loss scale: 1.0 | grad norm: 0.519 | number of skipped iterations:   0 | number of nan iterations:   0 |
7: [default3]: [2026-05-26 15:00:26.278836] iteration      418/     909 | consumed samples:       428032 | elapsed time per iteration (ms): 3340.9 | throughput per GPU (TFLOP/s/GPU): 193.7 | tokens/sec/GPU: 39233 | learning rate: 1.396662E-04 | global batch size:  1024 | lm loss: 2.897625E+00 | loss scale: 1.0 | grad norm: 0.481 | number of skipped iterations:   0 | number of nan iterations:   0 |
7: [default3]: [2026-05-26 15:00:28.083392] iteration      419/     909 | consumed samples:       429056 | elapsed time per iteration (ms): 1804.4 | throughput per GPU (TFLOP/s/GPU): 358.6 | tokens/sec/GPU: 72642 | learning rate: 1.393360E-04 | global batch size:  1024 | lm loss: 2.919450E+00 | loss scale: 1.0 | grad norm: 0.444 | number of skipped iterations:   0 | number of nan iterations:   0 |
7: [default3]: [2026-05-26 15:00:32.091563] iteration      420/     909 | consumed samples:       430080 | elapsed time per iteration (ms): 4008.0 | throughput per GPU (TFLOP/s/GPU): 161.4 | tokens/sec/GPU: 32703 | learning rate: 1.390054E-04 | global batch size:  1024 | lm loss: 2.878117E+00 | loss scale: 1.0 | grad norm: 0.408 | number of skipped iterations:   0 | number of nan iterations:   0 |
7: [default3]: [2026-05-26 15:00:33.888985] iteration      421/     909 | consumed samples:       431104 | elapsed time per iteration (ms): 1797.2 | throughput per GPU (TFLOP/s/GPU): 360.0 | tokens/sec/GPU: 72929 | learning rate: 1.386743E-04 | global batch size:  1024 | lm loss: 2.882931E+00 | loss scale: 1.0 | grad norm: 0.382 | number of skipped iterations:   0 | number of nan iterations:   0 |
7: [default3]: [2026-05-26 15:00:35.688310] iteration      422/     909 | consumed samples:       432128 | elapsed time per iteration (ms): 1799.1 | throughput per GPU (TFLOP/s/GPU): 359.7 | tokens/sec/GPU: 72854 | learning rate: 1.383428E-04 | global batch size:  1024 | lm loss: 2.908682E+00 | loss scale: 1.0 | grad norm: 0.383 | number of skipped iterations:   0 | number of nan iterations:   0 |
7: [default3]: [2026-05-26 15:00:37.493802] iteration      423/     909 | consumed samples:       433152 | elapsed time per iteration (ms): 1805.3 | throughput per GPU (TFLOP/s/GPU): 358.4 | tokens/sec/GPU: 72605 | learning rate: 1.380109E-04 | global batch size:  1024 | lm loss: 2.874385E+00 | loss scale: 1.0 | grad norm: 0.365 | number of skipped iterations:   0 | number of nan iterations:   0 |
7: [default3]: [2026-05-26 15:00:39.295076] iteration      424/     909 | consumed samples:       434176 | elapsed time per iteration (ms): 1801.1 | throughput per GPU (TFLOP/s/GPU): 359.3 | tokens/sec/GPU: 72774 | learning rate: 1.376785E-04 | global batch size:  1024 | lm loss: 2.894089E+00 | loss scale: 1.0 | grad norm: 0.332 | number of skipped iterations:   0 | number of nan iterations:   0 |
7: [default3]: [2026-05-26 15:00:41.102974] iteration      425/     909 | consumed samples:       435200 | elapsed time per iteration (ms): 1807.7 | throughput per GPU (TFLOP/s/GPU): 358.0 | tokens/sec/GPU: 72509 | learning rate: 1.373458E-04 | global batch size:  1024 | lm loss: 2.873060E+00 | loss scale: 1.0 | grad norm: 0.476 | number of skipped iterations:   0 | number of nan iterations:   0 |
7: [default3]: [2026-05-26 15:00:42.903756] iteration      426/     909 | consumed samples:       436224 | elapsed time per iteration (ms): 1800.5 | throughput per GPU (TFLOP/s/GPU): 359.4 | tokens/sec/GPU: 72796 | learning rate: 1.370126E-04 | global batch size:  1024 | lm loss: 2.844753E+00 | loss scale: 1.0 | grad norm: 0.314 | number of skipped iterations:   0 | number of nan iterations:   0 |
7: [default3]: [2026-05-26 15:00:46.039797] iteration      427/     909 | consumed samples:       437248 | elapsed time per iteration (ms): 3135.8 | throughput per GPU (TFLOP/s/GPU): 206.4 | tokens/sec/GPU: 41798 | learning rate: 1.366790E-04 | global batch size:  1024 | lm loss: 2.873959E+00 | loss scale: 1.0 | grad norm: 0.344 | number of skipped iterations:   0 | number of nan iterations:   0 |
7: [default3]: [2026-05-26 15:00:47.842035] iteration      428/     909 | consumed samples:       438272 | elapsed time per iteration (ms): 1802.0 | throughput per GPU (TFLOP/s/GPU): 359.1 | tokens/sec/GPU: 72736 | learning rate: 1.363450E-04 | global batch size:  1024 | lm loss: 2.886086E+00 | loss scale: 1.0 | grad norm: 0.334 | number of skipped iterations:   0 | number of nan iterations:   0 |
7: [default3]: [2026-05-26 15:00:51.001421] iteration      429/     909 | consumed samples:       439296 | elapsed time per iteration (ms): 3159.2 | throughput per GPU (TFLOP/s/GPU): 204.8 | tokens/sec/GPU: 41490 | learning rate: 1.360106E-04 | global batch size:  1024 | lm loss: 2.871284E+00 | loss scale: 1.0 | grad norm: 0.349 | number of skipped iterations:   0 | number of nan iterations:   0 |
7: [default3]: [2026-05-26 15:00:52.799073] iteration      430/     909 | consumed samples:       440320 | elapsed time per iteration (ms): 1797.4 | throughput per GPU (TFLOP/s/GPU): 360.0 | tokens/sec/GPU: 72923 | learning rate: 1.356759E-04 | global batch size:  1024 | lm loss: 2.900317E+00 | loss scale: 1.0 | grad norm: 0.340 | number of skipped iterations:   0 | number of nan iterations:   0 |
7: [default3]: [2026-05-26 15:00:54.943192] iteration      431/     909 | consumed samples:       441344 | elapsed time per iteration (ms): 2143.9 | throughput per GPU (TFLOP/s/GPU): 301.8 | tokens/sec/GPU: 61136 | learning rate: 1.353407E-04 | global batch size:  1024 | lm loss: 2.864924E+00 | loss scale: 1.0 | grad norm: 0.347 | number of skipped iterations:   0 | number of nan iterations:   0 |
7: [default3]: [2026-05-26 15:00:56.741653] iteration      432/     909 | consumed samples:       442368 | elapsed time per iteration (ms): 1798.2 | throughput per GPU (TFLOP/s/GPU): 359.8 | tokens/sec/GPU: 72889 | learning rate: 1.350051E-04 | global batch size:  1024 | lm loss: 2.853423E+00 | loss scale: 1.0 | grad norm: 0.315 | number of skipped iterations:   0 | number of nan iterations:   0 |
7: [default3]: [2026-05-26 15:01:00.899314] iteration      433/     909 | consumed samples:       443392 | elapsed time per iteration (ms): 4157.5 | throughput per GPU (TFLOP/s/GPU): 155.6 | tokens/sec/GPU: 31527 | learning rate: 1.346692E-04 | global batch size:  1024 | lm loss: 2.859701E+00 | loss scale: 1.0 | grad norm: 0.325 | number of skipped iterations:   0 | number of nan iterations:   0 |
7: [default3]: [2026-05-26 15:01:02.696388] iteration      434/     909 | consumed samples:       444416 | elapsed time per iteration (ms): 1796.9 | throughput per GPU (TFLOP/s/GPU): 360.1 | tokens/sec/GPU: 72944 | learning rate: 1.343329E-04 | global batch size:  1024 | lm loss: 2.858110E+00 | loss scale: 1.0 | grad norm: 0.349 | number of skipped iterations:   0 | number of nan iterations:   0 |
7: [default3]: [2026-05-26 15:01:05.220935] iteration      435/     909 | consumed samples:       445440 | elapsed time per iteration (ms): 2524.3 | throughput per GPU (TFLOP/s/GPU): 256.3 | tokens/sec/GPU: 51924 | learning rate: 1.339962E-04 | global batch size:  1024 | lm loss: 2.871553E+00 | loss scale: 1.0 | grad norm: 0.337 | number of skipped iterations:   0 | number of nan iterations:   0 |
7: [default3]: [2026-05-26 15:01:07.030980] iteration      436/     909 | consumed samples:       446464 | elapsed time per iteration (ms): 1809.9 | throughput per GPU (TFLOP/s/GPU): 357.5 | tokens/sec/GPU: 72421 | learning rate: 1.336592E-04 | global batch size:  1024 | lm loss: 2.789645E+00 | loss scale: 1.0 | grad norm: 0.348 | number of skipped iterations:   0 | number of nan iterations:   0 |
7: [default3]: [2026-05-26 15:01:09.709163] iteration      437/     909 | consumed samples:       447488 | elapsed time per iteration (ms): 2677.9 | throughput per GPU (TFLOP/s/GPU): 241.6 | tokens/sec/GPU: 48946 | learning rate: 1.333218E-04 | global batch size:  1024 | lm loss: 2.844682E+00 | loss scale: 1.0 | grad norm: 0.380 | number of skipped iterations:   0 | number of nan iterations:   0 |
7: [default3]: [2026-05-26 15:01:11.516210] iteration      438/     909 | consumed samples:       448512 | elapsed time per iteration (ms): 1806.9 | throughput per GPU (TFLOP/s/GPU): 358.1 | tokens/sec/GPU: 72541 | learning rate: 1.329841E-04 | global batch size:  1024 | lm loss: 2.845798E+00 | loss scale: 1.0 | grad norm: 0.386 | number of skipped iterations:   0 | number of nan iterations:   0 |
7: [default3]: [2026-05-26 15:01:15.039825] iteration      439/     909 | consumed samples:       449536 | elapsed time per iteration (ms): 3523.3 | throughput per GPU (TFLOP/s/GPU): 183.7 | tokens/sec/GPU: 37202 | learning rate: 1.326460E-04 | global batch size:  1024 | lm loss: 2.824049E+00 | loss scale: 1.0 | grad norm: 0.446 | number of skipped iterations:   0 | number of nan iterations:   0 |
7: [default3]: [2026-05-26 15:01:16.829993] iteration      440/     909 | consumed samples:       450560 | elapsed time per iteration (ms): 1789.8 | throughput per GPU (TFLOP/s/GPU): 361.5 | tokens/sec/GPU: 73231 | learning rate: 1.323076E-04 | global batch size:  1024 | lm loss: 2.804450E+00 | loss scale: 1.0 | grad norm: 0.625 | number of skipped iterations:   0 | number of nan iterations:   0 |
7: [default3]: [2026-05-26 15:01:21.838585] iteration      441/     909 | consumed samples:       451584 | elapsed time per iteration (ms): 5008.4 | throughput per GPU (TFLOP/s/GPU): 129.2 | tokens/sec/GPU: 26171 | learning rate: 1.319688E-04 | global batch size:  1024 | lm loss: 2.871403E+00 | loss scale: 1.0 | grad norm: 0.634 | number of skipped iterations:   0 | number of nan iterations:   0 |
7: [default3]: [2026-05-26 15:01:23.643734] iteration      442/     909 | consumed samples:       452608 | elapsed time per iteration (ms): 1804.9 | throughput per GPU (TFLOP/s/GPU): 358.5 | tokens/sec/GPU: 72619 | learning rate: 1.316298E-04 | global batch size:  1024 | lm loss: 2.865194E+00 | loss scale: 1.0 | grad norm: 0.500 | number of skipped iterations:   0 | number of nan iterations:   0 |
7: [default3]: [2026-05-26 15:01:25.445368] iteration      443/     909 | consumed samples:       453632 | elapsed time per iteration (ms): 1801.4 | throughput per GPU (TFLOP/s/GPU): 359.2 | tokens/sec/GPU: 72762 | learning rate: 1.312903E-04 | global batch size:  1024 | lm loss: 2.832553E+00 | loss scale: 1.0 | grad norm: 0.554 | number of skipped iterations:   0 | number of nan iterations:   0 |
7: [default3]: [2026-05-26 15:01:27.252226] iteration      444/     909 | consumed samples:       454656 | elapsed time per iteration (ms): 1806.6 | throughput per GPU (TFLOP/s/GPU): 358.2 | tokens/sec/GPU: 72550 | learning rate: 1.309506E-04 | global batch size:  1024 | lm loss: 2.848772E+00 | loss scale: 1.0 | grad norm: 0.473 | number of skipped iterations:   0 | number of nan iterations:   0 |
7: [default3]: [2026-05-26 15:01:29.745329] iteration      445/     909 | consumed samples:       455680 | elapsed time per iteration (ms): 2492.9 | throughput per GPU (TFLOP/s/GPU): 259.6 | tokens/sec/GPU: 52578 | learning rate: 1.306106E-04 | global batch size:  1024 | lm loss: 2.840045E+00 | loss scale: 1.0 | grad norm: 0.441 | number of skipped iterations:   0 | number of nan iterations:   0 |
7: [default3]: [2026-05-26 15:01:31.564963] iteration      446/     909 | consumed samples:       456704 | elapsed time per iteration (ms): 1819.4 | throughput per GPU (TFLOP/s/GPU): 355.7 | tokens/sec/GPU: 72041 | learning rate: 1.302702E-04 | global batch size:  1024 | lm loss: 2.855969E+00 | loss scale: 1.0 | grad norm: 0.529 | number of skipped iterations:   0 | number of nan iterations:   0 |
7: [default3]: [2026-05-26 15:01:35.147993] iteration      447/     909 | consumed samples:       457728 | elapsed time per iteration (ms): 3582.8 | throughput per GPU (TFLOP/s/GPU): 180.6 | tokens/sec/GPU: 36583 | learning rate: 1.299295E-04 | global batch size:  1024 | lm loss: 2.854326E+00 | loss scale: 1.0 | grad norm: 0.435 | number of skipped iterations:   0 | number of nan iterations:   0 |
7: [default3]: [2026-05-26 15:01:36.943340] iteration      448/     909 | consumed samples:       458752 | elapsed time per iteration (ms): 1795.2 | throughput per GPU (TFLOP/s/GPU): 360.5 | tokens/sec/GPU: 73014 | learning rate: 1.295885E-04 | global batch size:  1024 | lm loss: 2.844288E+00 | loss scale: 1.0 | grad norm: 0.428 | number of skipped iterations:   0 | number of nan iterations:   0 |
7: [default3]: [2026-05-26 15:01:39.831823] iteration      449/     909 | consumed samples:       459776 | elapsed time per iteration (ms): 2888.3 | throughput per GPU (TFLOP/s/GPU): 224.0 | tokens/sec/GPU: 45381 | learning rate: 1.292473E-04 | global batch size:  1024 | lm loss: 2.820923E+00 | loss scale: 1.0 | grad norm: 0.386 | number of skipped iterations:   0 | number of nan iterations:   0 |
7: [default3]: [2026-05-26 15:01:41.630166] iteration      450/     909 | consumed samples:       460800 | elapsed time per iteration (ms): 1798.1 | throughput per GPU (TFLOP/s/GPU): 359.9 | tokens/sec/GPU: 72895 | learning rate: 1.289057E-04 | global batch size:  1024 | lm loss: 2.849617E+00 | loss scale: 1.0 | grad norm: 0.369 | number of skipped iterations:   0 | number of nan iterations:   0 |
7: [default3]: [2026-05-26 15:01:44.366218] iteration      451/     909 | consumed samples:       461824 | elapsed time per iteration (ms): 2735.8 | throughput per GPU (TFLOP/s/GPU): 236.5 | tokens/sec/GPU: 47910 | learning rate: 1.285639E-04 | global batch size:  1024 | lm loss: 2.804744E+00 | loss scale: 1.0 | grad norm: 0.323 | number of skipped iterations:   0 | number of nan iterations:   0 |
7: [default3]: [2026-05-26 15:01:46.167088] iteration      452/     909 | consumed samples:       462848 | elapsed time per iteration (ms): 1800.7 | throughput per GPU (TFLOP/s/GPU): 359.4 | tokens/sec/GPU: 72791 | learning rate: 1.282218E-04 | global batch size:  1024 | lm loss: 2.800998E+00 | loss scale: 1.0 | grad norm: 0.328 | number of skipped iterations:   0 | number of nan iterations:   0 |
7: [default3]: [2026-05-26 15:01:47.977864] iteration      453/     909 | consumed samples:       463872 | elapsed time per iteration (ms): 1810.6 | throughput per GPU (TFLOP/s/GPU): 357.4 | tokens/sec/GPU: 72392 | learning rate: 1.278794E-04 | global batch size:  1024 | lm loss: 2.795405E+00 | loss scale: 1.0 | grad norm: 0.310 | number of skipped iterations:   0 | number of nan iterations:   0 |
7: [default3]: [2026-05-26 15:01:50.892703] iteration      454/     909 | consumed samples:       464896 | elapsed time per iteration (ms): 2914.0 | throughput per GPU (TFLOP/s/GPU): 222.1 | tokens/sec/GPU: 44980 | learning rate: 1.275367E-04 | global batch size:  1024 | lm loss: 2.807119E+00 | loss scale: 1.0 | grad norm: 0.316 | number of skipped iterations:   0 | number of nan iterations:   0 |
7: [default3]: [2026-05-26 15:01:55.261732] iteration      455/     909 | consumed samples:       465920 | elapsed time per iteration (ms): 4368.8 | throughput per GPU (TFLOP/s/GPU): 148.1 | tokens/sec/GPU: 30002 | learning rate: 1.271938E-04 | global batch size:  1024 | lm loss: 2.810612E+00 | loss scale: 1.0 | grad norm: 0.335 | number of skipped iterations:   0 | number of nan iterations:   0 |
7: [default3]: [2026-05-26 15:01:57.059740] iteration      456/     909 | consumed samples:       466944 | elapsed time per iteration (ms): 1797.8 | throughput per GPU (TFLOP/s/GPU): 359.9 | tokens/sec/GPU: 72906 | learning rate: 1.268506E-04 | global batch size:  1024 | lm loss: 2.828377E+00 | loss scale: 1.0 | grad norm: 0.355 | number of skipped iterations:   0 | number of nan iterations:   0 |
7: [default3]: [2026-05-26 15:02:00.116184] iteration      457/     909 | consumed samples:       467968 | elapsed time per iteration (ms): 3056.3 | throughput per GPU (TFLOP/s/GPU): 211.7 | tokens/sec/GPU: 42886 | learning rate: 1.265071E-04 | global batch size:  1024 | lm loss: 2.812088E+00 | loss scale: 1.0 | grad norm: 0.359 | number of skipped iterations:   0 | number of nan iterations:   0 |
7: [default3]: [2026-05-26 15:02:01.898469] iteration      458/     909 | consumed samples:       468992 | elapsed time per iteration (ms): 1782.1 | throughput per GPU (TFLOP/s/GPU): 363.1 | tokens/sec/GPU: 73548 | learning rate: 1.261634E-04 | global batch size:  1024 | lm loss: 2.780739E+00 | loss scale: 1.0 | grad norm: 0.343 | number of skipped iterations:   0 | number of nan iterations:   0 |
7: [default3]: [2026-05-26 15:02:04.707760] iteration      459/     909 | consumed samples:       470016 | elapsed time per iteration (ms): 2809.1 | throughput per GPU (TFLOP/s/GPU): 230.4 | tokens/sec/GPU: 46660 | learning rate: 1.258195E-04 | global batch size:  1024 | lm loss: 2.794072E+00 | loss scale: 1.0 | grad norm: 0.350 | number of skipped iterations:   0 | number of nan iterations:   0 |
7: [default3]: [2026-05-26 15:02:06.510488] iteration      460/     909 | consumed samples:       471040 | elapsed time per iteration (ms): 1802.5 | throughput per GPU (TFLOP/s/GPU): 359.0 | tokens/sec/GPU: 72715 | learning rate: 1.254753E-04 | global batch size:  1024 | lm loss: 2.772306E+00 | loss scale: 1.0 | grad norm: 0.350 | number of skipped iterations:   0 | number of nan iterations:   0 |
7: [default3]: [2026-05-26 15:02:09.549342] iteration      461/     909 | consumed samples:       472064 | elapsed time per iteration (ms): 3038.6 | throughput per GPU (TFLOP/s/GPU): 213.0 | tokens/sec/GPU: 43135 | learning rate: 1.251309E-04 | global batch size:  1024 | lm loss: 2.805871E+00 | loss scale: 1.0 | grad norm: 0.406 | number of skipped iterations:   0 | number of nan iterations:   0 |
7: [default3]: [2026-05-26 15:02:11.674194] iteration      462/     909 | consumed samples:       473088 | elapsed time per iteration (ms): 2124.5 | throughput per GPU (TFLOP/s/GPU): 304.6 | tokens/sec/GPU: 61696 | learning rate: 1.247863E-04 | global batch size:  1024 | lm loss: 2.778059E+00 | loss scale: 1.0 | grad norm: 0.335 | number of skipped iterations:   0 | number of nan iterations:   0 |
7: [default3]: [2026-05-26 15:02:16.082359] iteration      463/     909 | consumed samples:       474112 | elapsed time per iteration (ms): 4408.0 | throughput per GPU (TFLOP/s/GPU): 146.8 | tokens/sec/GPU: 29735 | learning rate: 1.244414E-04 | global batch size:  1024 | lm loss: 2.787911E+00 | loss scale: 1.0 | grad norm: 0.362 | number of skipped iterations:   0 | number of nan iterations:   0 |
7: [default3]: [2026-05-26 15:02:17.884159] iteration      464/     909 | consumed samples:       475136 | elapsed time per iteration (ms): 1801.6 | throughput per GPU (TFLOP/s/GPU): 359.2 | tokens/sec/GPU: 72755 | learning rate: 1.240964E-04 | global batch size:  1024 | lm loss: 2.794466E+00 | loss scale: 1.0 | grad norm: 0.384 | number of skipped iterations:   0 | number of nan iterations:   0 |
7: [default3]: [2026-05-26 15:02:19.682325] iteration      465/     909 | consumed samples:       476160 | elapsed time per iteration (ms): 1798.0 | throughput per GPU (TFLOP/s/GPU): 359.9 | tokens/sec/GPU: 72900 | learning rate: 1.237511E-04 | global batch size:  1024 | lm loss: 2.805791E+00 | loss scale: 1.0 | grad norm: 0.344 | number of skipped iterations:   0 | number of nan iterations:   0 |
7: [default3]: [2026-05-26 15:02:21.604296] iteration      466/     909 | consumed samples:       477184 | elapsed time per iteration (ms): 1921.8 | throughput per GPU (TFLOP/s/GPU): 336.7 | tokens/sec/GPU: 68203 | learning rate: 1.234056E-04 | global batch size:  1024 | lm loss: 2.808204E+00 | loss scale: 1.0 | grad norm: 0.368 | number of skipped iterations:   0 | number of nan iterations:   0 |
7: [default3]: [2026-05-26 15:02:25.635912] iteration      467/     909 | consumed samples:       478208 | elapsed time per iteration (ms): 4031.4 | throughput per GPU (TFLOP/s/GPU): 160.5 | tokens/sec/GPU: 32513 | learning rate: 1.230599E-04 | global batch size:  1024 | lm loss: 2.783026E+00 | loss scale: 1.0 | grad norm: 0.420 | number of skipped iterations:   0 | number of nan iterations:   0 |
7: [default3]: [2026-05-26 15:02:27.439773] iteration      468/     909 | consumed samples:       479232 | elapsed time per iteration (ms): 1803.2 | throughput per GPU (TFLOP/s/GPU): 358.9 | tokens/sec/GPU: 72689 | learning rate: 1.227140E-04 | global batch size:  1024 | lm loss: 2.817220E+00 | loss scale: 1.0 | grad norm: 0.470 | number of skipped iterations:   0 | number of nan iterations:   0 |
7: [default3]: [2026-05-26 15:02:32.096915] iteration      469/     909 | consumed samples:       480256 | elapsed time per iteration (ms): 4657.0 | throughput per GPU (TFLOP/s/GPU): 138.9 | tokens/sec/GPU: 28145 | learning rate: 1.223679E-04 | global batch size:  1024 | lm loss: 2.792272E+00 | loss scale: 1.0 | grad norm: 0.485 | number of skipped iterations:   0 | number of nan iterations:   0 |
7: [default3]: [2026-05-26 15:02:33.903715] iteration      470/     909 | consumed samples:       481280 | elapsed time per iteration (ms): 1806.3 | throughput per GPU (TFLOP/s/GPU): 358.2 | tokens/sec/GPU: 72563 | learning rate: 1.220216E-04 | global batch size:  1024 | lm loss: 2.755088E+00 | loss scale: 1.0 | grad norm: 0.497 | number of skipped iterations:   0 | number of nan iterations:   0 |
7: [default3]: [2026-05-26 15:02:37.976950] iteration      471/     909 | consumed samples:       482304 | elapsed time per iteration (ms): 4073.0 | throughput per GPU (TFLOP/s/GPU): 158.9 | tokens/sec/GPU: 32180 | learning rate: 1.216752E-04 | global batch size:  1024 | lm loss: 2.804370E+00 | loss scale: 1.0 | grad norm: 0.434 | number of skipped iterations:   0 | number of nan iterations:   0 |
7: [default3]: [2026-05-26 15:02:39.770986] iteration      472/     909 | consumed samples:       483328 | elapsed time per iteration (ms): 1793.9 | throughput per GPU (TFLOP/s/GPU): 360.7 | tokens/sec/GPU: 73067 | learning rate: 1.213285E-04 | global batch size:  1024 | lm loss: 2.756100E+00 | loss scale: 1.0 | grad norm: 0.408 | number of skipped iterations:   0 | number of nan iterations:   0 |
7: [default3]: [2026-05-26 15:02:44.745139] iteration      473/     909 | consumed samples:       484352 | elapsed time per iteration (ms): 4974.0 | throughput per GPU (TFLOP/s/GPU): 130.1 | tokens/sec/GPU: 26352 | learning rate: 1.209817E-04 | global batch size:  1024 | lm loss: 2.754178E+00 | loss scale: 1.0 | grad norm: 0.355 | number of skipped iterations:   0 | number of nan iterations:   0 |
7: [default3]: [2026-05-26 15:02:46.539135] iteration      474/     909 | consumed samples:       485376 | elapsed time per iteration (ms): 1793.8 | throughput per GPU (TFLOP/s/GPU): 360.7 | tokens/sec/GPU: 73069 | learning rate: 1.206348E-04 | global batch size:  1024 | lm loss: 2.758007E+00 | loss scale: 1.0 | grad norm: 0.379 | number of skipped iterations:   0 | number of nan iterations:   0 |
7: [default3]: [2026-05-26 15:02:48.334435] iteration      475/     909 | consumed samples:       486400 | elapsed time per iteration (ms): 1795.1 | throughput per GPU (TFLOP/s/GPU): 360.5 | tokens/sec/GPU: 73017 | learning rate: 1.202876E-04 | global batch size:  1024 | lm loss: 2.777352E+00 | loss scale: 1.0 | grad norm: 0.393 | number of skipped iterations:   0 | number of nan iterations:   0 |
7: [default3]: [2026-05-26 15:02:50.142164] iteration      476/     909 | consumed samples:       487424 | elapsed time per iteration (ms): 1807.4 | throughput per GPU (TFLOP/s/GPU): 358.0 | tokens/sec/GPU: 72519 | learning rate: 1.199403E-04 | global batch size:  1024 | lm loss: 2.750999E+00 | loss scale: 1.0 | grad norm: 0.397 | number of skipped iterations:   0 | number of nan iterations:   0 |
7: [default3]: [2026-05-26 15:02:51.952309] iteration      477/     909 | consumed samples:       488448 | elapsed time per iteration (ms): 1809.9 | throughput per GPU (TFLOP/s/GPU): 357.5 | tokens/sec/GPU: 72419 | learning rate: 1.195929E-04 | global batch size:  1024 | lm loss: 2.790094E+00 | loss scale: 1.0 | grad norm: 0.398 | number of skipped iterations:   0 | number of nan iterations:   0 |
7: [default3]: [2026-05-26 15:02:54.158018] iteration      478/     909 | consumed samples:       489472 | elapsed time per iteration (ms): 2205.2 | throughput per GPU (TFLOP/s/GPU): 293.4 | tokens/sec/GPU: 59437 | learning rate: 1.192453E-04 | global batch size:  1024 | lm loss: 2.750516E+00 | loss scale: 1.0 | grad norm: 0.408 | number of skipped iterations:   0 | number of nan iterations:   0 |
7: [default3]: [2026-05-26 15:02:59.211725] iteration      479/     909 | consumed samples:       490496 | elapsed time per iteration (ms): 5053.5 | throughput per GPU (TFLOP/s/GPU): 128.0 | tokens/sec/GPU: 25937 | learning rate: 1.188976E-04 | global batch size:  1024 | lm loss: 2.781025E+00 | loss scale: 1.0 | grad norm: 0.377 | number of skipped iterations:   0 | number of nan iterations:   0 |
7: [default3]: [2026-05-26 15:03:01.000084] iteration      480/     909 | consumed samples:       491520 | elapsed time per iteration (ms): 1788.2 | throughput per GPU (TFLOP/s/GPU): 361.9 | tokens/sec/GPU: 73300 | learning rate: 1.185498E-04 | global batch size:  1024 | lm loss: 2.739607E+00 | loss scale: 1.0 | grad norm: 0.555 | number of skipped iterations:   0 | number of nan iterations:   0 |
7: [default3]: [2026-05-26 15:03:02.926867] iteration      481/     909 | consumed samples:       492544 | elapsed time per iteration (ms): 1926.5 | throughput per GPU (TFLOP/s/GPU): 335.9 | tokens/sec/GPU: 68035 | learning rate: 1.182018E-04 | global batch size:  1024 | lm loss: 2.754321E+00 | loss scale: 1.0 | grad norm: 0.355 | number of skipped iterations:   0 | number of nan iterations:   0 |
7: [default3]: [2026-05-26 15:03:04.730042] iteration      482/     909 | consumed samples:       493568 | elapsed time per iteration (ms): 1803.0 | throughput per GPU (TFLOP/s/GPU): 358.9 | tokens/sec/GPU: 72698 | learning rate: 1.178537E-04 | global batch size:  1024 | lm loss: 2.739816E+00 | loss scale: 1.0 | grad norm: 0.296 | number of skipped iterations:   0 | number of nan iterations:   0 |
7: [default3]: [2026-05-26 15:03:07.454442] iteration      483/     909 | consumed samples:       494592 | elapsed time per iteration (ms): 2724.1 | throughput per GPU (TFLOP/s/GPU): 237.5 | tokens/sec/GPU: 48115 | learning rate: 1.175055E-04 | global batch size:  1024 | lm loss: 2.775213E+00 | loss scale: 1.0 | grad norm: 0.309 | number of skipped iterations:   0 | number of nan iterations:   0 |
7: [default3]: [2026-05-26 15:03:09.258395] iteration      484/     909 | consumed samples:       495616 | elapsed time per iteration (ms): 1803.7 | throughput per GPU (TFLOP/s/GPU): 358.8 | tokens/sec/GPU: 72669 | learning rate: 1.171571E-04 | global batch size:  1024 | lm loss: 2.719930E+00 | loss scale: 1.0 | grad norm: 0.309 | number of skipped iterations:   0 | number of nan iterations:   0 |
7: [default3]: [2026-05-26 15:03:11.895613] iteration      485/     909 | consumed samples:       496640 | elapsed time per iteration (ms): 2637.0 | throughput per GPU (TFLOP/s/GPU): 245.4 | tokens/sec/GPU: 49704 | learning rate: 1.168087E-04 | global batch size:  1024 | lm loss: 2.763740E+00 | loss scale: 1.0 | grad norm: 0.819 | number of skipped iterations:   0 | number of nan iterations:   0 |
7: [default3]: [2026-05-26 15:03:14.305089] iteration      486/     909 | consumed samples:       497664 | elapsed time per iteration (ms): 2409.3 | throughput per GPU (TFLOP/s/GPU): 268.6 | tokens/sec/GPU: 54404 | learning rate: 1.164601E-04 | global batch size:  1024 | lm loss: 2.777870E+00 | loss scale: 1.0 | grad norm: 0.353 | number of skipped iterations:   0 | number of nan iterations:   0 |
7: [default3]: [2026-05-26 15:03:18.368667] iteration      487/     909 | consumed samples:       498688 | elapsed time per iteration (ms): 4063.3 | throughput per GPU (TFLOP/s/GPU): 159.2 | tokens/sec/GPU: 32257 | learning rate: 1.161115E-04 | global batch size:  1024 | lm loss: 2.758099E+00 | loss scale: 1.0 | grad norm: 0.413 | number of skipped iterations:   0 | number of nan iterations:   0 |
7: [default3]: [2026-05-26 15:03:20.175560] iteration      488/     909 | consumed samples:       499712 | elapsed time per iteration (ms): 1806.7 | throughput per GPU (TFLOP/s/GPU): 358.2 | tokens/sec/GPU: 72549 | learning rate: 1.157628E-04 | global batch size:  1024 | lm loss: 2.740442E+00 | loss scale: 1.0 | grad norm: 0.446 | number of skipped iterations:   0 | number of nan iterations:   0 |
7: [default3]: [2026-05-26 15:03:23.272453] iteration      489/     909 | consumed samples:       500736 | elapsed time per iteration (ms): 3096.7 | throughput per GPU (TFLOP/s/GPU): 209.0 | tokens/sec/GPU: 42326 | learning rate: 1.154139E-04 | global batch size:  1024 | lm loss: 2.750349E+00 | loss scale: 1.0 | grad norm: 0.408 | number of skipped iterations:   0 | number of nan iterations:   0 |
7: [default3]: [2026-05-26 15:03:25.071777] iteration      490/     909 | consumed samples:       501760 | elapsed time per iteration (ms): 1799.1 | throughput per GPU (TFLOP/s/GPU): 359.7 | tokens/sec/GPU: 72852 | learning rate: 1.150650E-04 | global batch size:  1024 | lm loss: 2.743938E+00 | loss scale: 1.0 | grad norm: 0.435 | number of skipped iterations:   0 | number of nan iterations:   0 |
7: [default3]: [2026-05-26 15:03:27.654235] iteration      491/     909 | consumed samples:       502784 | elapsed time per iteration (ms): 2582.2 | throughput per GPU (TFLOP/s/GPU): 250.6 | tokens/sec/GPU: 50760 | learning rate: 1.147161E-04 | global batch size:  1024 | lm loss: 2.722885E+00 | loss scale: 1.0 | grad norm: 0.406 | number of skipped iterations:   0 | number of nan iterations:   0 |
7: [default3]: [2026-05-26 15:03:29.461034] iteration      492/     909 | consumed samples:       503808 | elapsed time per iteration (ms): 1806.5 | throughput per GPU (TFLOP/s/GPU): 358.2 | tokens/sec/GPU: 72558 | learning rate: 1.143670E-04 | global batch size:  1024 | lm loss: 2.725693E+00 | loss scale: 1.0 | grad norm: 0.359 | number of skipped iterations:   0 | number of nan iterations:   0 |
7: [default3]: [2026-05-26 15:03:32.057596] iteration      493/     909 | consumed samples:       504832 | elapsed time per iteration (ms): 2596.4 | throughput per GPU (TFLOP/s/GPU): 249.2 | tokens/sec/GPU: 50483 | learning rate: 1.140179E-04 | global batch size:  1024 | lm loss: 2.763699E+00 | loss scale: 1.0 | grad norm: 0.345 | number of skipped iterations:   0 | number of nan iterations:   0 |
7: [default3]: [2026-05-26 15:03:34.514720] iteration      494/     909 | consumed samples:       505856 | elapsed time per iteration (ms): 2456.8 | throughput per GPU (TFLOP/s/GPU): 263.4 | tokens/sec/GPU: 53350 | learning rate: 1.136687E-04 | global batch size:  1024 | lm loss: 2.727199E+00 | loss scale: 1.0 | grad norm: 0.311 | number of skipped iterations:   0 | number of nan iterations:   0 |
7: [default3]: [2026-05-26 15:03:36.311150] iteration      495/     909 | consumed samples:       506880 | elapsed time per iteration (ms): 1796.2 | throughput per GPU (TFLOP/s/GPU): 360.3 | tokens/sec/GPU: 72972 | learning rate: 1.133195E-04 | global batch size:  1024 | lm loss: 2.751492E+00 | loss scale: 1.0 | grad norm: 0.300 | number of skipped iterations:   0 | number of nan iterations:   0 |
7: [default3]: [2026-05-26 15:03:39.041845] iteration      496/     909 | consumed samples:       507904 | elapsed time per iteration (ms): 2730.5 | throughput per GPU (TFLOP/s/GPU): 237.0 | tokens/sec/GPU: 48003 | learning rate: 1.129702E-04 | global batch size:  1024 | lm loss: 2.771293E+00 | loss scale: 1.0 | grad norm: 0.294 | number of skipped iterations:   0 | number of nan iterations:   0 |
7: [default3]: [2026-05-26 15:03:40.841488] iteration      497/     909 | consumed samples:       508928 | elapsed time per iteration (ms): 1799.4 | throughput per GPU (TFLOP/s/GPU): 359.6 | tokens/sec/GPU: 72841 | learning rate: 1.126209E-04 | global batch size:  1024 | lm loss: 2.736839E+00 | loss scale: 1.0 | grad norm: 0.293 | number of skipped iterations:   0 | number of nan iterations:   0 |
7: [default3]: [2026-05-26 15:03:45.978053] iteration      498/     909 | consumed samples:       509952 | elapsed time per iteration (ms): 5136.4 | throughput per GPU (TFLOP/s/GPU): 126.0 | tokens/sec/GPU: 25518 | learning rate: 1.122715E-04 | global batch size:  1024 | lm loss: 2.748926E+00 | loss scale: 1.0 | grad norm: 0.301 | number of skipped iterations:   0 | number of nan iterations:   0 |
7: [default3]: [2026-05-26 15:03:47.769306] iteration      499/     909 | consumed samples:       510976 | elapsed time per iteration (ms): 1791.0 | throughput per GPU (TFLOP/s/GPU): 361.3 | tokens/sec/GPU: 73185 | learning rate: 1.119221E-04 | global batch size:  1024 | lm loss: 2.734554E+00 | loss scale: 1.0 | grad norm: 0.319 | number of skipped iterations:   0 | number of nan iterations:   0 |
7: [default3]: [2026-05-26 15:03:49.596004] iteration      500/     909 | consumed samples:       512000 | elapsed time per iteration (ms): 1826.5 | throughput per GPU (TFLOP/s/GPU): 354.3 | tokens/sec/GPU: 71762 | learning rate: 1.115727E-04 | global batch size:  1024 | lm loss: 2.722188E+00 | loss scale: 1.0 | grad norm: 0.433 | number of skipped iterations:   0 | number of nan iterations:   0 |
0: [default0]:[Rank 0] (before save_checkpoint for iteration 500) memory (MB) | allocated: 4523.07 | max allocated: 27427.20 | reserved: 30354.00 | max reserved: 30354.00
0: [default0]:[2026-05-26 15:03:50.163867] saving checkpoint at iteration     500 to /iopsstor/scratch/cscs/course_00179/gipfelsturm/gipfelsturm/train-760m-8n/checkpoints in torch_dist format
0: [default0]:Storing distributed optimizer sharded state of type dp_reshardable
0: [default0]:WARNING:megatron.core.dist_checkpointing.serialization:Overwriting old incomplete / corrupted checkpoint...
0: [default0]:/iopsstor/scratch/cscs/course_00179/lsaie-ss26-gipfelsturm/Megatron-LM/megatron/core/dist_checkpointing/strategies/filesystem_async.py:509: UserWarning: Detected an existing checkpoint in /iopsstor/scratch/cscs/course_00179/gipfelsturm/gipfelsturm/train-760m-8n/checkpoints/iter_0000500, overwriting since self.overwrite=True. Past version 2.5 of PyTorch, `overwrite` will default to False. Set this variable to True to maintain this functionality or False to raise when an existing checkpoint is found.
0: [default0]:  super().prepare_local_plan(plan)
0: [default0]:/usr/local/lib/python3.12/dist-packages/torch/library.py:357: UserWarning: Warning only once for all operators,  other operators may also be overridden.
0: [default0]:  Overriding a previously registered kernel for the same operator and the same dispatch key
0: [default0]:  operator: flash_attn::_flash_attn_backward(Tensor dout, Tensor q, Tensor k, Tensor v, Tensor out, Tensor softmax_lse, Tensor(a6!)? dq, Tensor(a7!)? dk, Tensor(a8!)? dv, float dropout_p, float softmax_scale, bool causal, SymInt window_size_left, SymInt window_size_right, float softcap, Tensor? alibi_slopes, bool deterministic, Tensor? rng_state=None) -> Tensor
0: [default0]:    registered at /usr/local/lib/python3.12/dist-packages/torch/_library/custom_ops.py:926
0: [default0]:  dispatch key: ADInplaceOrView
0: [default0]:  previous kernel: no debug info
0: [default0]:       new kernel: registered at /usr/local/lib/python3.12/dist-packages/torch/_library/custom_ops.py:926 (Triggered internally at /opt/pytorch/pytorch/aten/src/ATen/core/dispatch/Op
0: eratorEntry.cpp:208.)
0: [default0]:  self.m.impl(
0: [default0]:  [2026-05-26 15:04:03.555084] successfully saved checkpoint from iteration     500 to /iopsstor/scratch/cscs/course_00179/gipfelsturm/gipfelsturm/train-760m-8n/checkpoints [ t 1/1, p 1/1 ]
0: [default0]:[Rank 0] (after save_checkpoint for iteration 500) memory (MB) | allocated: 4523.07 | max allocated: 27427.20 | reserved: 30354.00 | max reserved: 30354.00
7: [default3]:INFO:megatron.core.timers:(min, max) time across ranks (ms):
7: [default3]:    save-checkpoint ................................: (13666.66, 13667.51)
7: [default3]: [2026-05-26 15:04:05.631189] iteration      501/     909 | consumed samples:       513024 | elapsed time per iteration (ms): 2355.9 | throughput per GPU (TFLOP/s/GPU): 274.7 | tokens/sec/GPU: 55635 | learning rate: 1.112232E-04 | global batch size:  1024 | lm loss: 2.734758E+00 | loss scale: 1.0 | grad norm: 0.533 | number of skipped iterations:   0 | number of nan iterations:   0 |
7: [default3]: [2026-05-26 15:04:07.437071] iteration      502/     909 | consumed samples:       514048 | elapsed time per iteration (ms): 1804.9 | throughput per GPU (TFLOP/s/GPU): 358.5 | tokens/sec/GPU: 72619 | learning rate: 1.108737E-04 | global batch size:  1024 | lm loss: 2.731764E+00 | loss scale: 1.0 | grad norm: 0.477 | number of skipped iterations:   0 | number of nan iterations:   0 |
7: [default3]: [2026-05-26 15:04:09.243341] iteration      503/     909 | consumed samples:       515072 | elapsed time per iteration (ms): 1805.9 | throughput per GPU (TFLOP/s/GPU): 358.3 | tokens/sec/GPU: 72578 | learning rate: 1.105242E-04 | global batch size:  1024 | lm loss: 2.734364E+00 | loss scale: 1.0 | grad norm: 0.466 | number of skipped iterations:   0 | number of nan iterations:   0 |
7: [default3]: [2026-05-26 15:04:11.050159] iteration      504/     909 | consumed samples:       516096 | elapsed time per iteration (ms): 1806.7 | throughput per GPU (TFLOP/s/GPU): 358.2 | tokens/sec/GPU: 72547 | learning rate: 1.101747E-04 | global batch size:  1024 | lm loss: 2.712266E+00 | loss scale: 1.0 | grad norm: 0.485 | number of skipped iterations:   0 | number of nan iterations:   0 |
7: [default3]: [2026-05-26 15:04:12.857413] iteration      505/     909 | consumed samples:       517120 | elapsed time per iteration (ms): 1807.0 | throughput per GPU (TFLOP/s/GPU): 358.1 | tokens/sec/GPU: 72536 | learning rate: 1.098253E-04 | global batch size:  1024 | lm loss: 2.728314E+00 | loss scale: 1.0 | grad norm: 0.465 | number of skipped iterations:   0 | number of nan iterations:   0 |
7: [default3]: [2026-05-26 15:04:15.130914] iteration      506/     909 | consumed samples:       518144 | elapsed time per iteration (ms): 2273.3 | throughput per GPU (TFLOP/s/GPU): 284.6 | tokens/sec/GPU: 57657 | learning rate: 1.094758E-04 | global batch size:  1024 | lm loss: 2.792692E+00 | loss scale: 1.0 | grad norm: 0.405 | number of skipped iterations:   0 | number of nan iterations:   0 |
7: [default3]: [2026-05-26 15:04:16.968799] iteration      507/     909 | consumed samples:       519168 | elapsed time per iteration (ms): 1837.7 | throughput per GPU (TFLOP/s/GPU): 352.1 | tokens/sec/GPU: 71326 | learning rate: 1.091263E-04 | global batch size:  1024 | lm loss: 2.739845E+00 | loss scale: 1.0 | grad norm: 0.571 | number of skipped iterations:   0 | number of nan iterations:   0 |
7: [default3]: [2026-05-26 15:04:19.456785] iteration      508/     909 | consumed samples:       520192 | elapsed time per iteration (ms): 2487.8 | throughput per GPU (TFLOP/s/GPU): 260.1 | tokens/sec/GPU: 52687 | learning rate: 1.087768E-04 | global batch size:  1024 | lm loss: 2.744432E+00 | loss scale: 1.0 | grad norm: 0.378 | number of skipped iterations:   0 | number of nan iterations:   0 |
7: [default3]: [2026-05-26 15:04:22.371118] iteration      509/     909 | consumed samples:       521216 | elapsed time per iteration (ms): 2914.1 | throughput per GPU (TFLOP/s/GPU): 222.1 | tokens/sec/GPU: 44978 | learning rate: 1.084273E-04 | global batch size:  1024 | lm loss: 2.732662E+00 | loss scale: 1.0 | grad norm: 0.316 | number of skipped iterations:   0 | number of nan iterations:   0 |
7: [default3]: [2026-05-26 15:04:24.895441] iteration      510/     909 | consumed samples:       522240 | elapsed time per iteration (ms): 2524.1 | throughput per GPU (TFLOP/s/GPU): 256.4 | tokens/sec/GPU: 51928 | learning rate: 1.080779E-04 | global batch size:  1024 | lm loss: 2.754642E+00 | loss scale: 1.0 | grad norm: 0.331 | number of skipped iterations:   0 | number of nan iterations:   0 |
7: [default3]: [2026-05-26 15:04:26.702461] iteration      511/     909 | consumed samples:       523264 | elapsed time per iteration (ms): 1806.8 | throughput per GPU (TFLOP/s/GPU): 358.1 | tokens/sec/GPU: 72545 | learning rate: 1.077285E-04 | global batch size:  1024 | lm loss: 2.726110E+00 | loss scale: 1.0 | grad norm: 0.318 | number of skipped iterations:   0 | number of nan iterations:   0 |
7: [default3]: [2026-05-26 15:04:30.302181] iteration      512/     909 | consumed samples:       524288 | elapsed time per iteration (ms): 3599.5 | throughput per GPU (TFLOP/s/GPU): 179.8 | tokens/sec/GPU: 36414 | learning rate: 1.073791E-04 | global batch size:  1024 | lm loss: 2.720867E+00 | loss scale: 1.0 | grad norm: 0.312 | number of skipped iterations:   0 | number of nan iterations:   0 |
7: [default3]: [2026-05-26 15:04:32.109777] iteration      513/     909 | consumed samples:       525312 | elapsed time per iteration (ms): 1807.4 | throughput per GPU (TFLOP/s/GPU): 358.0 | tokens/sec/GPU: 72518 | learning rate: 1.070298E-04 | global batch size:  1024 | lm loss: 2.714770E+00 | loss scale: 1.0 | grad norm: 0.327 | number of skipped iterations:   0 | number of nan iterations:   0 |
7: [default3]: [2026-05-26 15:04:35.520237] iteration      514/     909 | consumed samples:       526336 | elapsed time per iteration (ms): 3410.3 | throughput per GPU (TFLOP/s/GPU): 189.7 | tokens/sec/GPU: 38434 | learning rate: 1.066805E-04 | global batch size:  1024 | lm loss: 2.745658E+00 | loss scale: 1.0 | grad norm: 0.346 | number of skipped iterations:   0 | number of nan iterations:   0 |
7: [default3]: [2026-05-26 15:04:37.329329] iteration      515/     909 | consumed samples:       527360 | elapsed time per iteration (ms): 1808.9 | throughput per GPU (TFLOP/s/GPU): 357.7 | tokens/sec/GPU: 72460 | learning rate: 1.063313E-04 | global batch size:  1024 | lm loss: 2.691217E+00 | loss scale: 1.0 | grad norm: 0.335 | number of skipped iterations:   0 | number of nan iterations:   0 |
7: [default3]: [2026-05-26 15:04:39.358319] iteration      516/     909 | consumed samples:       528384 | elapsed time per iteration (ms): 2028.8 | throughput per GPU (TFLOP/s/GPU): 318.9 | tokens/sec/GPU: 64606 | learning rate: 1.059821E-04 | global batch size:  1024 | lm loss: 2.739134E+00 | loss scale: 1.0 | grad norm: 0.310 | number of skipped iterations:   0 | number of nan iterations:   0 |
7: [default3]: [2026-05-26 15:04:41.173855] iteration      517/     909 | consumed samples:       529408 | elapsed time per iteration (ms): 1815.1 | throughput per GPU (TFLOP/s/GPU): 356.5 | tokens/sec/GPU: 72212 | learning rate: 1.056330E-04 | global batch size:  1024 | lm loss: 2.721678E+00 | loss scale: 1.0 | grad norm: 0.318 | number of skipped iterations:   0 | number of nan iterations:   0 |
7: [default3]: [2026-05-26 15:04:43.322866] iteration      518/     909 | consumed samples:       530432 | elapsed time per iteration (ms): 2148.7 | throughput per GPU (TFLOP/s/GPU): 301.2 | tokens/sec/GPU: 61001 | learning rate: 1.052839E-04 | global batch size:  1024 | lm loss: 2.644525E+00 | loss scale: 1.0 | grad norm: 0.292 | number of skipped iterations:   0 | number of nan iterations:   0 |
7: [default3]: [2026-05-26 15:04:45.135029] iteration      519/     909 | consumed samples:       531456 | elapsed time per iteration (ms): 1811.9 | throughput per GPU (TFLOP/s/GPU): 357.1 | tokens/sec/GPU: 72340 | learning rate: 1.049350E-04 | global batch size:  1024 | lm loss: 2.701911E+00 | loss scale: 1.0 | grad norm: 0.297 | number of skipped iterations:   0 | number of nan iterations:   0 |
7: [default3]: [2026-05-26 15:04:48.005490] iteration      520/     909 | consumed samples:       532480 | elapsed time per iteration (ms): 2870.3 | throughput per GPU (TFLOP/s/GPU): 225.4 | tokens/sec/GPU: 45665 | learning rate: 1.045861E-04 | global batch size:  1024 | lm loss: 2.697232E+00 | loss scale: 1.0 | grad norm: 0.319 | number of skipped iterations:   0 | number of nan iterations:   0 |
7: [default3]: [2026-05-26 15:04:49.816730] iteration      521/     909 | consumed samples:       533504 | elapsed time per iteration (ms): 1811.1 | throughput per GPU (TFLOP/s/GPU): 357.3 | tokens/sec/GPU: 72373 | learning rate: 1.042372E-04 | global batch size:  1024 | lm loss: 2.704882E+00 | loss scale: 1.0 | grad norm: 0.938 | number of skipped iterations:   0 | number of nan iterations:   0 |
7: [default3]: [2026-05-26 15:04:52.120121] iteration      522/     909 | consumed samples:       534528 | elapsed time per iteration (ms): 2303.2 | throughput per GPU (TFLOP/s/GPU): 281.0 | tokens/sec/GPU: 56909 | learning rate: 1.038885E-04 | global batch size:  1024 | lm loss: 2.694978E+00 | loss scale: 1.0 | grad norm: 0.311 | number of skipped iterations:   0 | number of nan iterations:   0 |
7: [default3]: [2026-05-26 15:04:53.932750] iteration      523/     909 | consumed samples:       535552 | elapsed time per iteration (ms): 1812.4 | throughput per GPU (TFLOP/s/GPU): 357.0 | tokens/sec/GPU: 72320 | learning rate: 1.035399E-04 | global batch size:  1024 | lm loss: 2.681189E+00 | loss scale: 1.0 | grad norm: 0.327 | number of skipped iterations:   0 | number of nan iterations:   0 |
7: [default3]: [2026-05-26 15:04:55.738409] iteration      524/     909 | consumed samples:       536576 | elapsed time per iteration (ms): 1805.4 | throughput per GPU (TFLOP/s/GPU): 358.4 | tokens/sec/GPU: 72600 | learning rate: 1.031913E-04 | global batch size:  1024 | lm loss: 2.718927E+00 | loss scale: 1.0 | grad norm: 0.365 | number of skipped iterations:   0 | number of nan iterations:   0 |
7: [default3]: [2026-05-26 15:04:57.551478] iteration      525/     909 | consumed samples:       537600 | elapsed time per iteration (ms): 1812.8 | throughput per GPU (TFLOP/s/GPU): 356.9 | tokens/sec/GPU: 72302 | learning rate: 1.028429E-04 | global batch size:  1024 | lm loss: 2.723912E+00 | loss scale: 1.0 | grad norm: 0.379 | number of skipped iterations:   0 | number of nan iterations:   0 |
7: [default3]: [2026-05-26 15:04:59.592015] iteration      526/     909 | consumed samples:       538624 | elapsed time per iteration (ms): 2040.1 | throughput per GPU (TFLOP/s/GPU): 317.2 | tokens/sec/GPU: 64246 | learning rate: 1.024945E-04 | global batch size:  1024 | lm loss: 2.712439E+00 | loss scale: 1.0 | grad norm: 0.359 | number of skipped iterations:   0 | number of nan iterations:   0 |
7: [default3]: [2026-05-26 15:05:01.391429] iteration      527/     909 | consumed samples:       539648 | elapsed time per iteration (ms): 1798.9 | throughput per GPU (TFLOP/s/GPU): 359.7 | tokens/sec/GPU: 72861 | learning rate: 1.021463E-04 | global batch size:  1024 | lm loss: 2.701716E+00 | loss scale: 1.0 | grad norm: 0.332 | number of skipped iterations:   0 | number of nan iterations:   0 |
7: [default3]: [2026-05-26 15:05:03.470255] iteration      528/     909 | consumed samples:       540672 | elapsed time per iteration (ms): 2078.5 | throughput per GPU (TFLOP/s/GPU): 311.3 | tokens/sec/GPU: 63062 | learning rate: 1.017982E-04 | global batch size:  1024 | lm loss: 2.718351E+00 | loss scale: 1.0 | grad norm: 0.385 | number of skipped iterations:   0 | number of nan iterations:   0 |
7: [default3]: [2026-05-26 15:05:05.371990] iteration      529/     909 | consumed samples:       541696 | elapsed time per iteration (ms): 1901.5 | throughput per GPU (TFLOP/s/GPU): 340.3 | tokens/sec/GPU: 68930 | learning rate: 1.014502E-04 | global batch size:  1024 | lm loss: 2.672616E+00 | loss scale: 1.0 | grad norm: 0.409 | number of skipped iterations:   0 | number of nan iterations:   0 |
7: [default3]: [2026-05-26 15:05:08.088410] iteration      530/     909 | consumed samples:       542720 | elapsed time per iteration (ms): 2716.0 | throughput per GPU (TFLOP/s/GPU): 238.2 | tokens/sec/GPU: 48259 | learning rate: 1.011024E-04 | global batch size:  1024 | lm loss: 2.685544E+00 | loss scale: 1.0 | grad norm: 0.691 | number of skipped iterations:   0 | number of nan iterations:   0 |
7: [default3]: [2026-05-26 15:05:09.909583] iteration      531/     909 | consumed samples:       543744 | elapsed time per iteration (ms): 1821.0 | throughput per GPU (TFLOP/s/GPU): 355.3 | tokens/sec/GPU: 71979 | learning rate: 1.007547E-04 | global batch size:  1024 | lm loss: 2.660945E+00 | loss scale: 1.0 | grad norm: 0.411 | number of skipped iterations:   0 | number of nan iterations:   0 |
7: [default3]: [2026-05-26 15:05:11.727309] iteration      532/     909 | consumed samples:       544768 | elapsed time per iteration (ms): 1817.4 | throughput per GPU (TFLOP/s/GPU): 356.0 | tokens/sec/GPU: 72120 | learning rate: 1.004071E-04 | global batch size:  1024 | lm loss: 2.651116E+00 | loss scale: 1.0 | grad norm: 0.353 | number of skipped iterations:   0 | number of nan iterations:   0 |
7: [default3]: [2026-05-26 15:05:13.521483] iteration      533/     909 | consumed samples:       545792 | elapsed time per iteration (ms): 1793.7 | throughput per GPU (TFLOP/s/GPU): 360.7 | tokens/sec/GPU: 73072 | learning rate: 1.000596E-04 | global batch size:  1024 | lm loss: 2.734132E+00 | loss scale: 1.0 | grad norm: 0.345 | number of skipped iterations:   0 | number of nan iterations:   0 |
7: [default3]: [2026-05-26 15:05:15.334787] iteration      534/     909 | consumed samples:       546816 | elapsed time per iteration (ms): 1813.1 | throughput per GPU (TFLOP/s/GPU): 356.9 | tokens/sec/GPU: 72291 | learning rate: 9.971236E-05 | global batch size:  1024 | lm loss: 2.634410E+00 | loss scale: 1.0 | grad norm: 0.406 | number of skipped iterations:   0 | number of nan iterations:   0 |
7: [default3]: [2026-05-26 15:05:17.149177] iteration      535/     909 | consumed samples:       547840 | elapsed time per iteration (ms): 1814.1 | throughput per GPU (TFLOP/s/GPU): 356.7 | tokens/sec/GPU: 72250 | learning rate: 9.936524E-05 | global batch size:  1024 | lm loss: 2.663698E+00 | loss scale: 1.0 | grad norm: 0.544 | number of skipped iterations:   0 | number of nan iterations:   0 |
7: [default3]: [2026-05-26 15:05:18.962804] iteration      536/     909 | consumed samples:       548864 | elapsed time per iteration (ms): 1813.4 | throughput per GPU (TFLOP/s/GPU): 356.8 | tokens/sec/GPU: 72280 | learning rate: 9.901827E-05 | global batch size:  1024 | lm loss: 2.696347E+00 | loss scale: 1.0 | grad norm: 0.523 | number of skipped iterations:   0 | number of nan iterations:   0 |
7: [default3]: [2026-05-26 15:05:20.774380] iteration      537/     909 | consumed samples:       549888 | elapsed time per iteration (ms): 1811.4 | throughput per GPU (TFLOP/s/GPU): 357.2 | tokens/sec/GPU: 72361 | learning rate: 9.867147E-05 | global batch size:  1024 | lm loss: 2.658268E+00 | loss scale: 1.0 | grad norm: 0.422 | number of skipped iterations:   0 | number of nan iterations:   0 |
7: [default3]: [2026-05-26 15:05:22.575139] iteration      538/     909 | consumed samples:       550912 | elapsed time per iteration (ms): 1800.6 | throughput per GPU (TFLOP/s/GPU): 359.4 | tokens/sec/GPU: 72795 | learning rate: 9.832484E-05 | global batch size:  1024 | lm loss: 2.674994E+00 | loss scale: 1.0 | grad norm: 0.396 | number of skipped iterations:   0 | number of nan iterations:   0 |
7: [default3]: [2026-05-26 15:05:24.383284] iteration      539/     909 | consumed samples:       551936 | elapsed time per iteration (ms): 1807.9 | throughput per GPU (TFLOP/s/GPU): 357.9 | tokens/sec/GPU: 72498 | learning rate: 9.797838E-05 | global batch size:  1024 | lm loss: 2.675308E+00 | loss scale: 1.0 | grad norm: 0.420 | number of skipped iterations:   0 | number of nan iterations:   0 |
7: [default3]: [2026-05-26 15:05:26.195889] iteration      540/     909 | consumed samples:       552960 | elapsed time per iteration (ms): 1811.5 | throughput per GPU (TFLOP/s/GPU): 357.2 | tokens/sec/GPU: 72357 | learning rate: 9.763211E-05 | global batch size:  1024 | lm loss: 2.713086E+00 | loss scale: 1.0 | grad norm: 0.399 | number of skipped iterations:   0 | number of nan iterations:   0 |
7: [default3]: [2026-05-26 15:05:28.006359] iteration      541/     909 | consumed samples:       553984 | elapsed time per iteration (ms): 1810.3 | throughput per GPU (TFLOP/s/GPU): 357.4 | tokens/sec/GPU: 72405 | learning rate: 9.728602E-05 | global batch size:  1024 | lm loss: 2.712370E+00 | loss scale: 1.0 | grad norm: 0.464 | number of skipped iterations:   0 | number of nan iterations:   0 |
7: [default3]: [2026-05-26 15:05:29.813966] iteration      542/     909 | consumed samples:       555008 | elapsed time per iteration (ms): 1807.4 | throughput per GPU (TFLOP/s/GPU): 358.0 | tokens/sec/GPU: 72521 | learning rate: 9.694012E-05 | global batch size:  1024 | lm loss: 2.669716E+00 | loss scale: 1.0 | grad norm: 0.491 | number of skipped iterations:   0 | number of nan iterations:   0 |
7: [default3]: [2026-05-26 15:05:31.626129] iteration      543/     909 | consumed samples:       556032 | elapsed time per iteration (ms): 1811.7 | throughput per GPU (TFLOP/s/GPU): 357.2 | tokens/sec/GPU: 72349 | learning rate: 9.659443E-05 | global batch size:  1024 | lm loss: 2.698370E+00 | loss scale: 1.0 | grad norm: 0.439 | number of skipped iterations:   0 | number of nan iterations:   0 |
7: [default3]: [2026-05-26 15:05:33.437653] iteration      544/     909 | consumed samples:       557056 | elapsed time per iteration (ms): 1811.3 | throughput per GPU (TFLOP/s/GPU): 357.2 | tokens/sec/GPU: 72362 | learning rate: 9.624893E-05 | global batch size:  1024 | lm loss: 2.683788E+00 | loss scale: 1.0 | grad norm: 0.420 | number of skipped iterations:   0 | number of nan iterations:   0 |
7: [default3]: [2026-05-26 15:05:35.252794] iteration      545/     909 | consumed samples:       558080 | elapsed time per iteration (ms): 1814.8 | throughput per GPU (TFLOP/s/GPU): 356.5 | tokens/sec/GPU: 72222 | learning rate: 9.590364E-05 | global batch size:  1024 | lm loss: 2.693555E+00 | loss scale: 1.0 | grad norm: 0.379 | number of skipped iterations:   0 | number of nan iterations:   0 |
7: [default3]: [2026-05-26 15:05:37.067615] iteration      546/     909 | consumed samples:       559104 | elapsed time per iteration (ms): 1814.0 | throughput per GPU (TFLOP/s/GPU): 356.7 | tokens/sec/GPU: 72257 | learning rate: 9.555856E-05 | global batch size:  1024 | lm loss: 2.670959E+00 | loss scale: 1.0 | grad norm: 0.302 | number of skipped iterations:   0 | number of nan iterations:   0 |
7: [default3]: [2026-05-26 15:05:38.874559] iteration      547/     909 | consumed samples:       560128 | elapsed time per iteration (ms): 1806.7 | throughput per GPU (TFLOP/s/GPU): 358.2 | tokens/sec/GPU: 72548 | learning rate: 9.521371E-05 | global batch size:  1024 | lm loss: 2.690342E+00 | loss scale: 1.0 | grad norm: 0.342 | number of skipped iterations:   0 | number of nan iterations:   0 |
7: [default3]: [2026-05-26 15:05:40.691966] iteration      548/     909 | consumed samples:       561152 | elapsed time per iteration (ms): 1817.2 | throughput per GPU (TFLOP/s/GPU): 356.1 | tokens/sec/GPU: 72128 | learning rate: 9.486906E-05 | global batch size:  1024 | lm loss: 2.642803E+00 | loss scale: 1.0 | grad norm: 0.302 | number of skipped iterations:   0 | number of nan iterations:   0 |
7: [default3]: [2026-05-26 15:05:42.509448] iteration      549/     909 | consumed samples:       562176 | elapsed time per iteration (ms): 1817.2 | throughput per GPU (TFLOP/s/GPU): 356.1 | tokens/sec/GPU: 72127 | learning rate: 9.452466E-05 | global batch size:  1024 | lm loss: 2.659546E+00 | loss scale: 1.0 | grad norm: 0.291 | number of skipped iterations:   0 | number of nan iterations:   0 |
7: [default3]: [2026-05-26 15:05:44.336795] iteration      550/     909 | consumed samples:       563200 | elapsed time per iteration (ms): 1826.5 | throughput per GPU (TFLOP/s/GPU): 354.3 | tokens/sec/GPU: 71761 | learning rate: 9.418048E-05 | global batch size:  1024 | lm loss: 2.648743E+00 | loss scale: 1.0 | grad norm: 0.284 | number of skipped iterations:   0 | number of nan iterations:   0 |
7: [default3]: [2026-05-26 15:05:46.701864] iteration      551/     909 | consumed samples:       564224 | elapsed time per iteration (ms): 2364.8 | throughput per GPU (TFLOP/s/GPU): 273.6 | tokens/sec/GPU: 55426 | learning rate: 9.383655E-05 | global batch size:  1024 | lm loss: 2.658092E+00 | loss scale: 1.0 | grad norm: 0.271 | number of skipped iterations:   0 | number of nan iterations:   0 |
7: [default3]: [2026-05-26 15:05:48.511002] iteration      552/     909 | consumed samples:       565248 | elapsed time per iteration (ms): 1808.9 | throughput per GPU (TFLOP/s/GPU): 357.7 | tokens/sec/GPU: 72458 | learning rate: 9.349285E-05 | global batch size:  1024 | lm loss: 2.651790E+00 | loss scale: 1.0 | grad norm: 0.288 | number of skipped iterations:   0 | number of nan iterations:   0 |
7: [default3]: [2026-05-26 15:05:50.376696] iteration      553/     909 | consumed samples:       566272 | elapsed time per iteration (ms): 1865.5 | throughput per GPU (TFLOP/s/GPU): 346.9 | tokens/sec/GPU: 70262 | learning rate: 9.314941E-05 | global batch size:  1024 | lm loss: 2.634074E+00 | loss scale: 1.0 | grad norm: 0.278 | number of skipped iterations:   0 | number of nan iterations:   0 |
7: [default3]: [2026-05-26 15:05:52.195881] iteration      554/     909 | consumed samples:       567296 | elapsed time per iteration (ms): 1818.9 | throughput per GPU (TFLOP/s/GPU): 355.8 | tokens/sec/GPU: 72061 | learning rate: 9.280622E-05 | global batch size:  1024 | lm loss: 2.679069E+00 | loss scale: 1.0 | grad norm: 0.270 | number of skipped iterations:   0 | number of nan iterations:   0 |
7: [default3]: [2026-05-26 15:05:54.080746] iteration      555/     909 | consumed samples:       568320 | elapsed time per iteration (ms): 1884.5 | throughput per GPU (TFLOP/s/GPU): 343.4 | tokens/sec/GPU: 69553 | learning rate: 9.246330E-05 | global batch size:  1024 | lm loss: 2.675962E+00 | loss scale: 1.0 | grad norm: 0.284 | number of skipped iterations:   0 | number of nan iterations:   0 |
7: [default3]: [2026-05-26 15:05:57.045762] iteration      556/     909 | consumed samples:       569344 | elapsed time per iteration (ms): 2964.8 | throughput per GPU (TFLOP/s/GPU): 218.3 | tokens/sec/GPU: 44210 | learning rate: 9.212063E-05 | global batch size:  1024 | lm loss: 2.673523E+00 | loss scale: 1.0 | grad norm: 0.314 | number of skipped iterations:   0 | number of nan iterations:   0 |
7: [default3]: [2026-05-26 15:05:59.380402] iteration      557/     909 | consumed samples:       570368 | elapsed time per iteration (ms): 2333.8 | throughput per GPU (TFLOP/s/GPU): 277.3 | tokens/sec/GPU: 56162 | learning rate: 9.177823E-05 | global batch size:  1024 | lm loss: 2.659368E+00 | loss scale: 1.0 | grad norm: 0.368 | number of skipped iterations:   0 | number of nan iterations:   0 |
7: [default3]: [2026-05-26 15:06:01.955066] iteration      558/     909 | consumed samples:       571392 | elapsed time per iteration (ms): 2574.2 | throughput per GPU (TFLOP/s/GPU): 251.4 | tokens/sec/GPU: 50918 | learning rate: 9.143612E-05 | global batch size:  1024 | lm loss: 2.686631E+00 | loss scale: 1.0 | grad norm: 0.476 | number of skipped iterations:   0 | number of nan iterations:   0 |
7: [default3]: [2026-05-26 15:06:04.710944] iteration      559/     909 | consumed samples:       572416 | elapsed time per iteration (ms): 2755.9 | throughput per GPU (TFLOP/s/GPU): 234.8 | tokens/sec/GPU: 47561 | learning rate: 9.109427E-05 | global batch size:  1024 | lm loss: 2.684052E+00 | loss scale: 1.0 | grad norm: 0.486 | number of skipped iterations:   0 | number of nan iterations:   0 |
7: [default3]: [2026-05-26 15:06:07.885259] iteration      560/     909 | consumed samples:       573440 | elapsed time per iteration (ms): 3174.1 | throughput per GPU (TFLOP/s/GPU): 203.9 | tokens/sec/GPU: 41294 | learning rate: 9.075271E-05 | global batch size:  1024 | lm loss: 2.664579E+00 | loss scale: 1.0 | grad norm: 0.359 | number of skipped iterations:   0 | number of nan iterations:   0 |
7: [default3]: [2026-05-26 15:06:10.507128] iteration      561/     909 | consumed samples:       574464 | elapsed time per iteration (ms): 2621.7 | throughput per GPU (TFLOP/s/GPU): 246.8 | tokens/sec/GPU: 49995 | learning rate: 9.041145E-05 | global batch size:  1024 | lm loss: 2.636400E+00 | loss scale: 1.0 | grad norm: 0.366 | number of skipped iterations:   0 | number of nan iterations:   0 |
7: [default3]: [2026-05-26 15:06:12.311828] iteration      562/     909 | consumed samples:       575488 | elapsed time per iteration (ms): 1804.2 | throughput per GPU (TFLOP/s/GPU): 358.6 | tokens/sec/GPU: 72647 | learning rate: 9.007048E-05 | global batch size:  1024 | lm loss: 2.642400E+00 | loss scale: 1.0 | grad norm: 0.343 | number of skipped iterations:   0 | number of nan iterations:   0 |
7: [default3]: [2026-05-26 15:06:14.121239] iteration      563/     909 | consumed samples:       576512 | elapsed time per iteration (ms): 1809.2 | throughput per GPU (TFLOP/s/GPU): 357.7 | tokens/sec/GPU: 72446 | learning rate: 8.972981E-05 | global batch size:  1024 | lm loss: 2.656200E+00 | loss scale: 1.0 | grad norm: 0.310 | number of skipped iterations:   0 | number of nan iterations:   0 |
7: [default3]: [2026-05-26 15:06:17.926658] iteration      564/     909 | consumed samples:       577536 | elapsed time per iteration (ms): 3805.2 | throughput per GPU (TFLOP/s/GPU): 170.1 | tokens/sec/GPU: 34446 | learning rate: 8.938945E-05 | global batch size:  1024 | lm loss: 2.660278E+00 | loss scale: 1.0 | grad norm: 0.340 | number of skipped iterations:   0 | number of nan iterations:   0 |
7: [default3]: [2026-05-26 15:06:19.722386] iteration      565/     909 | consumed samples:       578560 | elapsed time per iteration (ms): 1795.3 | throughput per GPU (TFLOP/s/GPU): 360.4 | tokens/sec/GPU: 73008 | learning rate: 8.904940E-05 | global batch size:  1024 | lm loss: 2.657374E+00 | loss scale: 1.0 | grad norm: 0.304 | number of skipped iterations:   0 | number of nan iterations:   0 |
7: [default3]: [2026-05-26 15:06:21.530775] iteration      566/     909 | consumed samples:       579584 | elapsed time per iteration (ms): 1808.1 | throughput per GPU (TFLOP/s/GPU): 357.9 | tokens/sec/GPU: 72492 | learning rate: 8.870965E-05 | global batch size:  1024 | lm loss: 2.644271E+00 | loss scale: 1.0 | grad norm: 0.288 | number of skipped iterations:   0 | number of nan iterations:   0 |
7: [default3]: [2026-05-26 15:06:23.340946] iteration      567/     909 | consumed samples:       580608 | elapsed time per iteration (ms): 1810.0 | throughput per GPU (TFLOP/s/GPU): 357.5 | tokens/sec/GPU: 72416 | learning rate: 8.837024E-05 | global batch size:  1024 | lm loss: 2.643526E+00 | loss scale: 1.0 | grad norm: 0.284 | number of skipped iterations:   0 | number of nan iterations:   0 |
7: [default3]: [2026-05-26 15:06:25.149492] iteration      568/     909 | consumed samples:       581632 | elapsed time per iteration (ms): 1808.4 | throughput per GPU (TFLOP/s/GPU): 357.8 | tokens/sec/GPU: 72481 | learning rate: 8.803115E-05 | global batch size:  1024 | lm loss: 2.645202E+00 | loss scale: 1.0 | grad norm: 0.285 | number of skipped iterations:   0 | number of nan iterations:   0 |
7: [default3]: [2026-05-26 15:06:27.074094] iteration      569/     909 | consumed samples:       582656 | elapsed time per iteration (ms): 1924.4 | throughput per GPU (TFLOP/s/GPU): 336.3 | tokens/sec/GPU: 68111 | learning rate: 8.769240E-05 | global batch size:  1024 | lm loss: 2.655793E+00 | loss scale: 1.0 | grad norm: 0.283 | number of skipped iterations:   0 | number of nan iterations:   0 |
7: [default3]: [2026-05-26 15:06:29.597367] iteration      570/     909 | consumed samples:       583680 | elapsed time per iteration (ms): 2523.0 | throughput per GPU (TFLOP/s/GPU): 256.5 | tokens/sec/GPU: 51951 | learning rate: 8.735397E-05 | global batch size:  1024 | lm loss: 2.628055E+00 | loss scale: 1.0 | grad norm: 0.289 | number of skipped iterations:   0 | number of nan iterations:   0 |
7: [default3]: [2026-05-26 15:06:31.406489] iteration      571/     909 | consumed samples:       584704 | elapsed time per iteration (ms): 1808.9 | throughput per GPU (TFLOP/s/GPU): 357.7 | tokens/sec/GPU: 72459 | learning rate: 8.701589E-05 | global batch size:  1024 | lm loss: 2.613030E+00 | loss scale: 1.0 | grad norm: 0.294 | number of skipped iterations:   0 | number of nan iterations:   0 |
7: [default3]: [2026-05-26 15:06:33.217818] iteration      572/     909 | consumed samples:       585728 | elapsed time per iteration (ms): 1811.1 | throughput per GPU (TFLOP/s/GPU): 357.3 | tokens/sec/GPU: 72371 | learning rate: 8.667816E-05 | global batch size:  1024 | lm loss: 2.631986E+00 | loss scale: 1.0 | grad norm: 0.315 | number of skipped iterations:   0 | number of nan iterations:   0 |
7: [default3]: [2026-05-26 15:06:35.644480] iteration      573/     909 | consumed samples:       586752 | elapsed time per iteration (ms): 2426.3 | throughput per GPU (TFLOP/s/GPU): 266.7 | tokens/sec/GPU: 54020 | learning rate: 8.634077E-05 | global batch size:  1024 | lm loss: 2.614802E+00 | loss scale: 1.0 | grad norm: 0.353 | number of skipped iterations:   0 | number of nan iterations:   0 |
7: [default3]: [2026-05-26 15:06:37.459463] iteration      574/     909 | consumed samples:       587776 | elapsed time per iteration (ms): 1814.4 | throughput per GPU (TFLOP/s/GPU): 356.6 | tokens/sec/GPU: 72239 | learning rate: 8.600375E-05 | global batch size:  1024 | lm loss: 2.674597E+00 | loss scale: 1.0 | grad norm: 0.414 | number of skipped iterations:   0 | number of nan iterations:   0 |
7: [default3]: [2026-05-26 15:06:39.274626] iteration      575/     909 | consumed samples:       588800 | elapsed time per iteration (ms): 1814.7 | throughput per GPU (TFLOP/s/GPU): 356.6 | tokens/sec/GPU: 72228 | learning rate: 8.566708E-05 | global batch size:  1024 | lm loss: 2.647234E+00 | loss scale: 1.0 | grad norm: 0.440 | number of skipped iterations:   0 | number of nan iterations:   0 |
7: [default3]: [2026-05-26 15:06:41.094869] iteration      576/     909 | consumed samples:       589824 | elapsed time per iteration (ms): 1820.1 | throughput per GPU (TFLOP/s/GPU): 355.5 | tokens/sec/GPU: 72013 | learning rate: 8.533079E-05 | global batch size:  1024 | lm loss: 2.620128E+00 | loss scale: 1.0 | grad norm: 0.371 | number of skipped iterations:   0 | number of nan iterations:   0 |
7: [default3]: [2026-05-26 15:06:42.913389] iteration      577/     909 | consumed samples:       590848 | elapsed time per iteration (ms): 1818.3 | throughput per GPU (TFLOP/s/GPU): 355.9 | tokens/sec/GPU: 72087 | learning rate: 8.499486E-05 | global batch size:  1024 | lm loss: 2.630441E+00 | loss scale: 1.0 | grad norm: 0.349 | number of skipped iterations:   0 | number of nan iterations:   0 |
7: [default3]: [2026-05-26 15:06:44.769376] iteration      578/     909 | consumed samples:       591872 | elapsed time per iteration (ms): 1855.1 | throughput per GPU (TFLOP/s/GPU): 348.8 | tokens/sec/GPU: 70654 | learning rate: 8.465931E-05 | global batch size:  1024 | lm loss: 2.647422E+00 | loss scale: 1.0 | grad norm: 0.349 | number of skipped iterations:   0 | number of nan iterations:   0 |
7: [default3]: [2026-05-26 15:06:46.947931] iteration      579/     909 | consumed samples:       592896 | elapsed time per iteration (ms): 2178.4 | throughput per GPU (TFLOP/s/GPU): 297.0 | tokens/sec/GPU: 60170 | learning rate: 8.432415E-05 | global batch size:  1024 | lm loss: 2.615492E+00 | loss scale: 1.0 | grad norm: 0.423 | number of skipped iterations:   0 | number of nan iterations:   0 |
7: [default3]: [2026-05-26 15:06:49.124269] iteration      580/     909 | consumed samples:       593920 | elapsed time per iteration (ms): 2176.1 | throughput per GPU (TFLOP/s/GPU): 297.4 | tokens/sec/GPU: 60232 | learning rate: 8.398937E-05 | global batch size:  1024 | lm loss: 2.610730E+00 | loss scale: 1.0 | grad norm: 0.311 | number of skipped iterations:   0 | number of nan iterations:   0 |
7: [default3]: [2026-05-26 15:06:52.485236] iteration      581/     909 | consumed samples:       594944 | elapsed time per iteration (ms): 3360.4 | throughput per GPU (TFLOP/s/GPU): 192.6 | tokens/sec/GPU: 39005 | learning rate: 8.365498E-05 | global batch size:  1024 | lm loss: 2.598769E+00 | loss scale: 1.0 | grad norm: 0.289 | number of skipped iterations:   0 | number of nan iterations:   0 |
7: [default3]: [2026-05-26 15:06:54.299867] iteration      582/     909 | consumed samples:       595968 | elapsed time per iteration (ms): 1814.4 | throughput per GPU (TFLOP/s/GPU): 356.6 | tokens/sec/GPU: 72241 | learning rate: 8.332099E-05 | global batch size:  1024 | lm loss: 2.645264E+00 | loss scale: 1.0 | grad norm: 0.276 | number of skipped iterations:   0 | number of nan iterations:   0 |
7: [default3]: [2026-05-26 15:06:56.096434] iteration      583/     909 | consumed samples:       596992 | elapsed time per iteration (ms): 1796.4 | throughput per GPU (TFLOP/s/GPU): 360.2 | tokens/sec/GPU: 72964 | learning rate: 8.298740E-05 | global batch size:  1024 | lm loss: 2.630784E+00 | loss scale: 1.0 | grad norm: 0.292 | number of skipped iterations:   0 | number of nan iterations:   0 |
7: [default3]: [2026-05-26 15:06:57.912683] iteration      584/     909 | consumed samples:       598016 | elapsed time per iteration (ms): 1816.0 | throughput per GPU (TFLOP/s/GPU): 356.3 | tokens/sec/GPU: 72176 | learning rate: 8.265423E-05 | global batch size:  1024 | lm loss: 2.676483E+00 | loss scale: 1.0 | grad norm: 0.287 | number of skipped iterations:   0 | number of nan iterations:   0 |
7: [default3]: [2026-05-26 15:07:00.978427] iteration      585/     909 | consumed samples:       599040 | elapsed time per iteration (ms): 3065.5 | throughput per GPU (TFLOP/s/GPU): 211.1 | tokens/sec/GPU: 42757 | learning rate: 8.232146E-05 | global batch size:  1024 | lm loss: 2.631830E+00 | loss scale: 1.0 | grad norm: 0.293 | number of skipped iterations:   0 | number of nan iterations:   0 |
7: [default3]: [2026-05-26 15:07:02.791347] iteration      586/     909 | consumed samples:       600064 | elapsed time per iteration (ms): 1811.8 | throughput per GPU (TFLOP/s/GPU): 357.2 | tokens/sec/GPU: 72344 | learning rate: 8.198911E-05 | global batch size:  1024 | lm loss: 2.622859E+00 | loss scale: 1.0 | grad norm: 0.274 | number of skipped iterations:   0 | number of nan iterations:   0 |
7: [default3]: [2026-05-26 15:07:04.595746] iteration      587/     909 | consumed samples:       601088 | elapsed time per iteration (ms): 1804.1 | throughput per GPU (TFLOP/s/GPU): 358.7 | tokens/sec/GPU: 72651 | learning rate: 8.165718E-05 | global batch size:  1024 | lm loss: 2.638086E+00 | loss scale: 1.0 | grad norm: 0.293 | number of skipped iterations:   0 | number of nan iterations:   0 |
7: [default3]: [2026-05-26 15:07:06.405768] iteration      588/     909 | consumed samples:       602112 | elapsed time per iteration (ms): 1809.8 | throughput per GPU (TFLOP/s/GPU): 357.5 | tokens/sec/GPU: 72425 | learning rate: 8.132568E-05 | global batch size:  1024 | lm loss: 2.639227E+00 | loss scale: 1.0 | grad norm: 0.299 | number of skipped iterations:   0 | number of nan iterations:   0 |
7: [default3]: [2026-05-26 15:07:08.220825] iteration      589/     909 | consumed samples:       603136 | elapsed time per iteration (ms): 1814.8 | throughput per GPU (TFLOP/s/GPU): 356.6 | tokens/sec/GPU: 72223 | learning rate: 8.099461E-05 | global batch size:  1024 | lm loss: 2.629014E+00 | loss scale: 1.0 | grad norm: 0.443 | number of skipped iterations:   0 | number of nan iterations:   0 |
7: [default3]: [2026-05-26 15:07:10.021490] iteration      590/     909 | consumed samples:       604160 | elapsed time per iteration (ms): 1800.1 | throughput per GPU (TFLOP/s/GPU): 359.5 | tokens/sec/GPU: 72815 | learning rate: 8.066399E-05 | global batch size:  1024 | lm loss: 2.614321E+00 | loss scale: 1.0 | grad norm: 0.318 | number of skipped iterations:   0 | number of nan iterations:   0 |
7: [default3]: [2026-05-26 15:07:11.837181] iteration      591/     909 | consumed samples:       605184 | elapsed time per iteration (ms): 1815.5 | throughput per GPU (TFLOP/s/GPU): 356.4 | tokens/sec/GPU: 72197 | learning rate: 8.033380E-05 | global batch size:  1024 | lm loss: 2.656224E+00 | loss scale: 1.0 | grad norm: 0.327 | number of skipped iterations:   0 | number of nan iterations:   0 |
7: [default3]: [2026-05-26 15:07:13.662330] iteration      592/     909 | consumed samples:       606208 | elapsed time per iteration (ms): 1824.9 | throughput per GPU (TFLOP/s/GPU): 354.6 | tokens/sec/GPU: 71822 | learning rate: 8.000406E-05 | global batch size:  1024 | lm loss: 2.647142E+00 | loss scale: 1.0 | grad norm: 0.333 | number of skipped iterations:   0 | number of nan iterations:   0 |
7: [default3]: [2026-05-26 15:07:15.473512] iteration      593/     909 | consumed samples:       607232 | elapsed time per iteration (ms): 1810.9 | throughput per GPU (TFLOP/s/GPU): 357.3 | tokens/sec/GPU: 72378 | learning rate: 7.967477E-05 | global batch size:  1024 | lm loss: 2.600464E+00 | loss scale: 1.0 | grad norm: 0.338 | number of skipped iterations:   0 | number of nan iterations:   0 |
7: [default3]: [2026-05-26 15:07:17.281950] iteration      594/     909 | consumed samples:       608256 | elapsed time per iteration (ms): 1808.2 | throughput per GPU (TFLOP/s/GPU): 357.9 | tokens/sec/GPU: 72487 | learning rate: 7.934594E-05 | global batch size:  1024 | lm loss: 2.640985E+00 | loss scale: 1.0 | grad norm: 0.325 | number of skipped iterations:   0 | number of nan iterations:   0 |
7: [default3]: [2026-05-26 15:07:20.788687] iteration      595/     909 | consumed samples:       609280 | elapsed time per iteration (ms): 3506.6 | throughput per GPU (TFLOP/s/GPU): 184.5 | tokens/sec/GPU: 37379 | learning rate: 7.901758E-05 | global batch size:  1024 | lm loss: 2.608270E+00 | loss scale: 1.0 | grad norm: 0.316 | number of skipped iterations:   0 | number of nan iterations:   0 |
7: [default3]: [2026-05-26 15:07:23.253498] iteration      596/     909 | consumed samples:       610304 | elapsed time per iteration (ms): 2464.6 | throughput per GPU (TFLOP/s/GPU): 262.5 | tokens/sec/GPU: 53181 | learning rate: 7.868967E-05 | global batch size:  1024 | lm loss: 2.619857E+00 | loss scale: 1.0 | grad norm: 0.297 | number of skipped iterations:   0 | number of nan iterations:   0 |
7: [default3]: [2026-05-26 15:07:25.475094] iteration      597/     909 | consumed samples:       611328 | elapsed time per iteration (ms): 2221.4 | throughput per GPU (TFLOP/s/GPU): 291.3 | tokens/sec/GPU: 59004 | learning rate: 7.836225E-05 | global batch size:  1024 | lm loss: 2.609303E+00 | loss scale: 1.0 | grad norm: 0.313 | number of skipped iterations:   0 | number of nan iterations:   0 |
7: [default3]: [2026-05-26 15:07:27.286469] iteration      598/     909 | consumed samples:       612352 | elapsed time per iteration (ms): 1810.4 | throughput per GPU (TFLOP/s/GPU): 357.4 | tokens/sec/GPU: 72401 | learning rate: 7.803529E-05 | global batch size:  1024 | lm loss: 2.624125E+00 | loss scale: 1.0 | grad norm: 0.322 | number of skipped iterations:   0 | number of nan iterations:   0 |
7: [default3]: [2026-05-26 15:07:29.093266] iteration      599/     909 | consumed samples:       613376 | elapsed time per iteration (ms): 1805.9 | throughput per GPU (TFLOP/s/GPU): 358.3 | tokens/sec/GPU: 72578 | learning rate: 7.770882E-05 | global batch size:  1024 | lm loss: 2.620986E+00 | loss scale: 1.0 | grad norm: 0.318 | number of skipped iterations:   0 | number of nan iterations:   0 |
7: [default3]: [2026-05-26 15:07:31.312350] iteration      600/     909 | consumed samples:       614400 | elapsed time per iteration (ms): 2218.8 | throughput per GPU (TFLOP/s/GPU): 291.6 | tokens/sec/GPU: 59074 | learning rate: 7.738284E-05 | global batch size:  1024 | lm loss: 2.611600E+00 | loss scale: 1.0 | grad norm: 0.322 | number of skipped iterations:   0 | number of nan iterations:   0 |
7: [default3]: [2026-05-26 15:07:33.708929] iteration      601/     909 | consumed samples:       615424 | elapsed time per iteration (ms): 2396.4 | throughput per GPU (TFLOP/s/GPU): 270.0 | tokens/sec/GPU: 54695 | learning rate: 7.705735E-05 | global batch size:  1024 | lm loss: 2.580668E+00 | loss scale: 1.0 | grad norm: 0.329 | number of skipped iterations:   0 | number of nan iterations:   0 |
7: [default3]: [2026-05-26 15:07:35.519339] iteration      602/     909 | consumed samples:       616448 | elapsed time per iteration (ms): 1810.2 | throughput per GPU (TFLOP/s/GPU): 357.5 | tokens/sec/GPU: 72409 | learning rate: 7.673235E-05 | global batch size:  1024 | lm loss: 2.594026E+00 | loss scale: 1.0 | grad norm: 0.319 | number of skipped iterations:   0 | number of nan iterations:   0 |
7: [default3]: [2026-05-26 15:07:37.342173] iteration      603/     909 | consumed samples:       617472 | elapsed time per iteration (ms): 1822.5 | throughput per GPU (TFLOP/s/GPU): 355.0 | tokens/sec/GPU: 71917 | learning rate: 7.640786E-05 | global batch size:  1024 | lm loss: 2.659835E+00 | loss scale: 1.0 | grad norm: 0.306 | number of skipped iterations:   0 | number of nan iterations:   0 |
7: [default3]: [2026-05-26 15:07:39.156446] iteration      604/     909 | consumed samples:       618496 | elapsed time per iteration (ms): 1814.1 | throughput per GPU (TFLOP/s/GPU): 356.7 | tokens/sec/GPU: 72253 | learning rate: 7.608387E-05 | global batch size:  1024 | lm loss: 2.579254E+00 | loss scale: 1.0 | grad norm: 0.284 | number of skipped iterations:   0 | number of nan iterations:   0 |
7: [default3]: [2026-05-26 15:07:40.968591] iteration      605/     909 | consumed samples:       619520 | elapsed time per iteration (ms): 1812.0 | throughput per GPU (TFLOP/s/GPU): 357.1 | tokens/sec/GPU: 72337 | learning rate: 7.576040E-05 | global batch size:  1024 | lm loss: 2.592317E+00 | loss scale: 1.0 | grad norm: 0.272 | number of skipped iterations:   0 | number of nan iterations:   0 |
7: [default3]: [2026-05-26 15:07:42.782405] iteration      606/     909 | consumed samples:       620544 | elapsed time per iteration (ms): 1813.6 | throughput per GPU (TFLOP/s/GPU): 356.8 | tokens/sec/GPU: 72272 | learning rate: 7.543744E-05 | global batch size:  1024 | lm loss: 2.593020E+00 | loss scale: 1.0 | grad norm: 0.301 | number of skipped iterations:   0 | number of nan iterations:   0 |
7: [default3]: [2026-05-26 15:07:44.583178] iteration      607/     909 | consumed samples:       621568 | elapsed time per iteration (ms): 1800.5 | throughput per GPU (TFLOP/s/GPU): 359.4 | tokens/sec/GPU: 72796 | learning rate: 7.511501E-05 | global batch size:  1024 | lm loss: 2.587790E+00 | loss scale: 1.0 | grad norm: 0.364 | number of skipped iterations:   0 | number of nan iterations:   0 |
7: [default3]: [2026-05-26 15:07:46.377167] iteration      608/     909 | consumed samples:       622592 | elapsed time per iteration (ms): 1793.8 | throughput per GPU (TFLOP/s/GPU): 360.7 | tokens/sec/GPU: 73070 | learning rate: 7.479310E-05 | global batch size:  1024 | lm loss: 2.576380E+00 | loss scale: 1.0 | grad norm: 0.455 | number of skipped iterations:   0 | number of nan iterations:   0 |
7: [default3]: [2026-05-26 15:07:48.189126] iteration      609/     909 | consumed samples:       623616 | elapsed time per iteration (ms): 1811.8 | throughput per GPU (TFLOP/s/GPU): 357.2 | tokens/sec/GPU: 72345 | learning rate: 7.447172E-05 | global batch size:  1024 | lm loss: 2.620350E+00 | loss scale: 1.0 | grad norm: 0.478 | number of skipped iterations:   0 | number of nan iterations:   0 |
7: [default3]: [2026-05-26 15:07:49.997879] iteration      610/     909 | consumed samples:       624640 | elapsed time per iteration (ms): 1808.2 | throughput per GPU (TFLOP/s/GPU): 357.9 | tokens/sec/GPU: 72487 | learning rate: 7.415087E-05 | global batch size:  1024 | lm loss: 2.673528E+00 | loss scale: 1.0 | grad norm: 0.369 | number of skipped iterations:   0 | number of nan iterations:   0 |
7: [default3]: [2026-05-26 15:07:51.803013] iteration      611/     909 | consumed samples:       625664 | elapsed time per iteration (ms): 1804.8 | throughput per GPU (TFLOP/s/GPU): 358.5 | tokens/sec/GPU: 72625 | learning rate: 7.383057E-05 | global batch size:  1024 | lm loss: 2.625587E+00 | loss scale: 1.0 | grad norm: 0.339 | number of skipped iterations:   0 | number of nan iterations:   0 |
7: [default3]: [2026-05-26 15:07:54.333915] iteration      612/     909 | consumed samples:       626688 | elapsed time per iteration (ms): 2530.6 | throughput per GPU (TFLOP/s/GPU): 255.7 | tokens/sec/GPU: 51794 | learning rate: 7.351081E-05 | global batch size:  1024 | lm loss: 2.610929E+00 | loss scale: 1.0 | grad norm: 0.342 | number of skipped iterations:   0 | number of nan iterations:   0 |
7: [default3]: [2026-05-26 15:07:57.194675] iteration      613/     909 | consumed samples:       627712 | elapsed time per iteration (ms): 2860.6 | throughput per GPU (TFLOP/s/GPU): 226.2 | tokens/sec/GPU: 45820 | learning rate: 7.319160E-05 | global batch size:  1024 | lm loss: 2.588943E+00 | loss scale: 1.0 | grad norm: 0.297 | number of skipped iterations:   0 | number of nan iterations:   0 |
7: [default3]: [2026-05-26 15:07:59.016228] iteration      614/     909 | consumed samples:       628736 | elapsed time per iteration (ms): 1821.3 | throughput per GPU (TFLOP/s/GPU): 355.3 | tokens/sec/GPU: 71964 | learning rate: 7.287295E-05 | global batch size:  1024 | lm loss: 2.614872E+00 | loss scale: 1.0 | grad norm: 0.298 | number of skipped iterations:   0 | number of nan iterations:   0 |
7: [default3]: [2026-05-26 15:08:00.821571] iteration      615/     909 | consumed samples:       629760 | elapsed time per iteration (ms): 1804.5 | throughput per GPU (TFLOP/s/GPU): 358.6 | tokens/sec/GPU: 72638 | learning rate: 7.255485E-05 | global batch size:  1024 | lm loss: 2.609707E+00 | loss scale: 1.0 | grad norm: 0.309 | number of skipped iterations:   0 | number of nan iterations:   0 |
7: [default3]: [2026-05-26 15:08:02.899260] iteration      616/     909 | consumed samples:       630784 | elapsed time per iteration (ms): 2077.4 | throughput per GPU (TFLOP/s/GPU): 311.5 | tokens/sec/GPU: 63093 | learning rate: 7.223733E-05 | global batch size:  1024 | lm loss: 2.601594E+00 | loss scale: 1.0 | grad norm: 0.281 | number of skipped iterations:   0 | number of nan iterations:   0 |
7: [default3]: [2026-05-26 15:08:05.659657] iteration      617/     909 | consumed samples:       631808 | elapsed time per iteration (ms): 2759.9 | throughput per GPU (TFLOP/s/GPU): 234.5 | tokens/sec/GPU: 47491 | learning rate: 7.192037E-05 | global batch size:  1024 | lm loss: 2.568019E+00 | loss scale: 1.0 | grad norm: 0.269 | number of skipped iterations:   0 | number of nan iterations:   0 |
7: [default3]: [2026-05-26 15:08:07.481961] iteration      618/     909 | consumed samples:       632832 | elapsed time per iteration (ms): 1822.1 | throughput per GPU (TFLOP/s/GPU): 355.1 | tokens/sec/GPU: 71934 | learning rate: 7.160399E-05 | global batch size:  1024 | lm loss: 2.626192E+00 | loss scale: 1.0 | grad norm: 0.295 | number of skipped iterations:   0 | number of nan iterations:   0 |
7: [default3]: [2026-05-26 15:08:09.291006] iteration      619/     909 | consumed samples:       633856 | elapsed time per iteration (ms): 1808.7 | throughput per GPU (TFLOP/s/GPU): 357.7 | tokens/sec/GPU: 72466 | learning rate: 7.128818E-05 | global batch size:  1024 | lm loss: 2.627809E+00 | loss scale: 1.0 | grad norm: 0.261 | number of skipped iterations:   0 | number of nan iterations:   0 |
7: [default3]: [2026-05-26 15:08:12.142264] iteration      620/     909 | consumed samples:       634880 | elapsed time per iteration (ms): 2851.0 | throughput per GPU (TFLOP/s/GPU): 227.0 | tokens/sec/GPU: 45975 | learning rate: 7.097296E-05 | global batch size:  1024 | lm loss: 2.592093E+00 | loss scale: 1.0 | grad norm: 0.274 | number of skipped iterations:   0 | number of nan iterations:   0 |
7: [default3]: [2026-05-26 15:08:14.386931] iteration      621/     909 | consumed samples:       635904 | elapsed time per iteration (ms): 2244.5 | throughput per GPU (TFLOP/s/GPU): 288.3 | tokens/sec/GPU: 58397 | learning rate: 7.065832E-05 | global batch size:  1024 | lm loss: 2.578697E+00 | loss scale: 1.0 | grad norm: 0.272 | number of skipped iterations:   0 | number of nan iterations:   0 |
7: [default3]: [2026-05-26 15:08:16.188553] iteration      622/     909 | consumed samples:       636928 | elapsed time per iteration (ms): 1801.4 | throughput per GPU (TFLOP/s/GPU): 359.2 | tokens/sec/GPU: 72760 | learning rate: 7.034429E-05 | global batch size:  1024 | lm loss: 2.571144E+00 | loss scale: 1.0 | grad norm: 0.273 | number of skipped iterations:   0 | number of nan iterations:   0 |
7: [default3]: [2026-05-26 15:08:18.005406] iteration      623/     909 | consumed samples:       637952 | elapsed time per iteration (ms): 1816.6 | throughput per GPU (TFLOP/s/GPU): 356.2 | tokens/sec/GPU: 72152 | learning rate: 7.003084E-05 | global batch size:  1024 | lm loss: 2.579271E+00 | loss scale: 1.0 | grad norm: 0.274 | number of skipped iterations:   0 | number of nan iterations:   0 |
7: [default3]: [2026-05-26 15:08:19.809225] iteration      624/     909 | consumed samples:       638976 | elapsed time per iteration (ms): 1803.6 | throughput per GPU (TFLOP/s/GPU): 358.8 | tokens/sec/GPU: 72673 | learning rate: 6.971800E-05 | global batch size:  1024 | lm loss: 2.606273E+00 | loss scale: 1.0 | grad norm: 0.271 | number of skipped iterations:   0 | number of nan iterations:   0 |
7: [default3]: [2026-05-26 15:08:21.629411] iteration      625/     909 | consumed samples:       640000 | elapsed time per iteration (ms): 1820.0 | throughput per GPU (TFLOP/s/GPU): 355.5 | tokens/sec/GPU: 72018 | learning rate: 6.940577E-05 | global batch size:  1024 | lm loss: 2.610998E+00 | loss scale: 1.0 | grad norm: 0.275 | number of skipped iterations:   0 | number of nan iterations:   0 |
7: [default3]: [2026-05-26 15:08:23.445801] iteration      626/     909 | consumed samples:       641024 | elapsed time per iteration (ms): 1816.1 | throughput per GPU (TFLOP/s/GPU): 356.3 | tokens/sec/GPU: 72173 | learning rate: 6.909415E-05 | global batch size:  1024 | lm loss: 2.579478E+00 | loss scale: 1.0 | grad norm: 0.429 | number of skipped iterations:   0 | number of nan iterations:   0 |
7: [default3]: [2026-05-26 15:08:25.262958] iteration      627/     909 | consumed samples:       642048 | elapsed time per iteration (ms): 1816.8 | throughput per GPU (TFLOP/s/GPU): 356.2 | tokens/sec/GPU: 72143 | learning rate: 6.878315E-05 | global batch size:  1024 | lm loss: 2.602791E+00 | loss scale: 1.0 | grad norm: 0.309 | number of skipped iterations:   0 | number of nan iterations:   0 |
7: [default3]: [2026-05-26 15:08:27.070464] iteration      628/     909 | consumed samples:       643072 | elapsed time per iteration (ms): 1807.2 | throughput per GPU (TFLOP/s/GPU): 358.1 | tokens/sec/GPU: 72529 | learning rate: 6.847276E-05 | global batch size:  1024 | lm loss: 2.595966E+00 | loss scale: 1.0 | grad norm: 0.325 | number of skipped iterations:   0 | number of nan iterations:   0 |
7: [default3]: [2026-05-26 15:08:28.882355] iteration      629/     909 | consumed samples:       644096 | elapsed time per iteration (ms): 1811.5 | throughput per GPU (TFLOP/s/GPU): 357.2 | tokens/sec/GPU: 72357 | learning rate: 6.816301E-05 | global batch size:  1024 | lm loss: 2.590580E+00 | loss scale: 1.0 | grad norm: 0.340 | number of skipped iterations:   0 | number of nan iterations:   0 |
7: [default3]: [2026-05-26 15:08:30.698065] iteration      630/     909 | consumed samples:       645120 | elapsed time per iteration (ms): 1815.4 | throughput per GPU (TFLOP/s/GPU): 356.4 | tokens/sec/GPU: 72200 | learning rate: 6.785389E-05 | global batch size:  1024 | lm loss: 2.598501E+00 | loss scale: 1.0 | grad norm: 0.334 | number of skipped iterations:   0 | number of nan iterations:   0 |
7: [default3]: [2026-05-26 15:08:32.509310] iteration      631/     909 | consumed samples:       646144 | elapsed time per iteration (ms): 1811.0 | throughput per GPU (TFLOP/s/GPU): 357.3 | tokens/sec/GPU: 72375 | learning rate: 6.754540E-05 | global batch size:  1024 | lm loss: 2.594309E+00 | loss scale: 1.0 | grad norm: 0.297 | number of skipped iterations:   0 | number of nan iterations:   0 |
7: [default3]: [2026-05-26 15:08:34.318576] iteration      632/     909 | consumed samples:       647168 | elapsed time per iteration (ms): 1808.8 | throughput per GPU (TFLOP/s/GPU): 357.7 | tokens/sec/GPU: 72463 | learning rate: 6.723755E-05 | global batch size:  1024 | lm loss: 2.606668E+00 | loss scale: 1.0 | grad norm: 0.299 | number of skipped iterations:   0 | number of nan iterations:   0 |
7: [default3]: [2026-05-26 15:08:36.127545] iteration      633/     909 | consumed samples:       648192 | elapsed time per iteration (ms): 1808.7 | throughput per GPU (TFLOP/s/GPU): 357.8 | tokens/sec/GPU: 72467 | learning rate: 6.693035E-05 | global batch size:  1024 | lm loss: 2.609929E+00 | loss scale: 1.0 | grad norm: 0.538 | number of skipped iterations:   0 | number of nan iterations:   0 |
7: [default3]: [2026-05-26 15:08:37.937679] iteration      634/     909 | consumed samples:       649216 | elapsed time per iteration (ms): 1809.9 | throughput per GPU (TFLOP/s/GPU): 357.5 | tokens/sec/GPU: 72421 | learning rate: 6.662380E-05 | global batch size:  1024 | lm loss: 2.577903E+00 | loss scale: 1.0 | grad norm: 0.330 | number of skipped iterations:   0 | number of nan iterations:   0 |
7: [default3]: [2026-05-26 15:08:41.222478] iteration      635/     909 | consumed samples:       650240 | elapsed time per iteration (ms): 3284.5 | throughput per GPU (TFLOP/s/GPU): 197.0 | tokens/sec/GPU: 39906 | learning rate: 6.631789E-05 | global batch size:  1024 | lm loss: 2.629793E+00 | loss scale: 1.0 | grad norm: 0.379 | number of skipped iterations:   0 | number of nan iterations:   0 |
7: [default3]: [2026-05-26 15:08:43.024610] iteration      636/     909 | consumed samples:       651264 | elapsed time per iteration (ms): 1801.9 | throughput per GPU (TFLOP/s/GPU): 359.1 | tokens/sec/GPU: 72739 | learning rate: 6.601265E-05 | global batch size:  1024 | lm loss: 2.576866E+00 | loss scale: 1.0 | grad norm: 0.342 | number of skipped iterations:   0 | number of nan iterations:   0 |
7: [default3]: [2026-05-26 15:08:44.839549] iteration      637/     909 | consumed samples:       652288 | elapsed time per iteration (ms): 1814.8 | throughput per GPU (TFLOP/s/GPU): 356.6 | tokens/sec/GPU: 72226 | learning rate: 6.570807E-05 | global batch size:  1024 | lm loss: 2.584186E+00 | loss scale: 1.0 | grad norm: 0.289 | number of skipped iterations:   0 | number of nan iterations:   0 |
7: [default3]: [2026-05-26 15:08:46.651722] iteration      638/     909 | consumed samples:       653312 | elapsed time per iteration (ms): 1812.0 | throughput per GPU (TFLOP/s/GPU): 357.1 | tokens/sec/GPU: 72337 | learning rate: 6.540417E-05 | global batch size:  1024 | lm loss: 2.601841E+00 | loss scale: 1.0 | grad norm: 0.279 | number of skipped iterations:   0 | number of nan iterations:   0 |
7: [default3]: [2026-05-26 15:08:50.295027] iteration      639/     909 | consumed samples:       654336 | elapsed time per iteration (ms): 3643.1 | throughput per GPU (TFLOP/s/GPU): 177.6 | tokens/sec/GPU: 35978 | learning rate: 6.510093E-05 | global batch size:  1024 | lm loss: 2.624237E+00 | loss scale: 1.0 | grad norm: 0.297 | number of skipped iterations:   0 | number of nan iterations:   0 |
7: [default3]: [2026-05-26 15:08:52.109763] iteration      640/     909 | consumed samples:       655360 | elapsed time per iteration (ms): 1814.4 | throughput per GPU (TFLOP/s/GPU): 356.6 | tokens/sec/GPU: 72239 | learning rate: 6.479837E-05 | global batch size:  1024 | lm loss: 2.573009E+00 | loss scale: 1.0 | grad norm: 0.307 | number of skipped iterations:   0 | number of nan iterations:   0 |
7: [default3]: [2026-05-26 15:08:53.925719] iteration      641/     909 | consumed samples:       656384 | elapsed time per iteration (ms): 1815.8 | throughput per GPU (TFLOP/s/GPU): 356.4 | tokens/sec/GPU: 72186 | learning rate: 6.449649E-05 | global batch size:  1024 | lm loss: 2.579864E+00 | loss scale: 1.0 | grad norm: 0.292 | number of skipped iterations:   0 | number of nan iterations:   0 |
7: [default3]: [2026-05-26 15:08:55.741514] iteration      642/     909 | consumed samples:       657408 | elapsed time per iteration (ms): 1815.6 | throughput per GPU (TFLOP/s/GPU): 356.4 | tokens/sec/GPU: 72192 | learning rate: 6.419530E-05 | global batch size:  1024 | lm loss: 2.587063E+00 | loss scale: 1.0 | grad norm: 0.269 | number of skipped iterations:   0 | number of nan iterations:   0 |
7: [default3]: [2026-05-26 15:08:57.544467] iteration      643/     909 | consumed samples:       658432 | elapsed time per iteration (ms): 1802.7 | throughput per GPU (TFLOP/s/GPU): 358.9 | tokens/sec/GPU: 72708 | learning rate: 6.389480E-05 | global batch size:  1024 | lm loss: 2.575584E+00 | loss scale: 1.0 | grad norm: 0.260 | number of skipped iterations:   0 | number of nan iterations:   0 |
7: [default3]: [2026-05-26 15:08:59.362153] iteration      644/     909 | consumed samples:       659456 | elapsed time per iteration (ms): 1817.4 | throughput per GPU (TFLOP/s/GPU): 356.1 | tokens/sec/GPU: 72122 | learning rate: 6.359499E-05 | global batch size:  1024 | lm loss: 2.564301E+00 | loss scale: 1.0 | grad norm: 0.268 | number of skipped iterations:   0 | number of nan iterations:   0 |
7: [default3]: [2026-05-26 15:09:01.181012] iteration      645/     909 | consumed samples:       660480 | elapsed time per iteration (ms): 1818.7 | throughput per GPU (TFLOP/s/GPU): 355.8 | tokens/sec/GPU: 72070 | learning rate: 6.329588E-05 | global batch size:  1024 | lm loss: 2.581073E+00 | loss scale: 1.0 | grad norm: 0.267 | number of skipped iterations:   0 | number of nan iterations:   0 |
7: [default3]: [2026-05-26 15:09:02.987076] iteration      646/     909 | consumed samples:       661504 | elapsed time per iteration (ms): 1805.9 | throughput per GPU (TFLOP/s/GPU): 358.3 | tokens/sec/GPU: 72581 | learning rate: 6.299748E-05 | global batch size:  1024 | lm loss: 2.613280E+00 | loss scale: 1.0 | grad norm: 0.393 | number of skipped iterations:   0 | number of nan iterations:   0 |
7: [default3]: [2026-05-26 15:09:04.798253] iteration      647/     909 | consumed samples:       662528 | elapsed time per iteration (ms): 1810.9 | throughput per GPU (TFLOP/s/GPU): 357.3 | tokens/sec/GPU: 72378 | learning rate: 6.269979E-05 | global batch size:  1024 | lm loss: 2.580726E+00 | loss scale: 1.0 | grad norm: 0.373 | number of skipped iterations:   0 | number of nan iterations:   0 |
7: [default3]: [2026-05-26 15:09:06.603445] iteration      648/     909 | consumed samples:       663552 | elapsed time per iteration (ms): 1805.0 | throughput per GPU (TFLOP/s/GPU): 358.5 | tokens/sec/GPU: 72618 | learning rate: 6.240281E-05 | global batch size:  1024 | lm loss: 2.581210E+00 | loss scale: 1.0 | grad norm: 0.282 | number of skipped iterations:   0 | number of nan iterations:   0 |
7: [default3]: [2026-05-26 15:09:08.426322] iteration      649/     909 | consumed samples:       664576 | elapsed time per iteration (ms): 1822.6 | throughput per GPU (TFLOP/s/GPU): 355.0 | tokens/sec/GPU: 71914 | learning rate: 6.210655E-05 | global batch size:  1024 | lm loss: 2.591110E+00 | loss scale: 1.0 | grad norm: 0.281 | number of skipped iterations:   0 | number of nan iterations:   0 |
7: [default3]: [2026-05-26 15:09:10.229203] iteration      650/     909 | consumed samples:       665600 | elapsed time per iteration (ms): 1802.7 | throughput per GPU (TFLOP/s/GPU): 358.9 | tokens/sec/GPU: 72708 | learning rate: 6.181101E-05 | global batch size:  1024 | lm loss: 2.557015E+00 | loss scale: 1.0 | grad norm: 0.279 | number of skipped iterations:   0 | number of nan iterations:   0 |
7: [default3]: [2026-05-26 15:09:14.738628] iteration      651/     909 | consumed samples:       666624 | elapsed time per iteration (ms): 4509.1 | throughput per GPU (TFLOP/s/GPU): 143.5 | tokens/sec/GPU: 29068 | learning rate: 6.151619E-05 | global batch size:  1024 | lm loss: 2.545625E+00 | loss scale: 1.0 | grad norm: 0.263 | number of skipped iterations:   0 | number of nan iterations:   0 |
7: [default3]: [2026-05-26 15:09:17.816434] iteration      652/     909 | consumed samples:       667648 | elapsed time per iteration (ms): 3077.6 | throughput per GPU (TFLOP/s/GPU): 210.3 | tokens/sec/GPU: 42589 | learning rate: 6.122211E-05 | global batch size:  1024 | lm loss: 2.562109E+00 | loss scale: 1.0 | grad norm: 0.248 | number of skipped iterations:   0 | number of nan iterations:   0 |
7: [default3]: [2026-05-26 15:09:19.624843] iteration      653/     909 | consumed samples:       668672 | elapsed time per iteration (ms): 1808.2 | throughput per GPU (TFLOP/s/GPU): 357.9 | tokens/sec/GPU: 72486 | learning rate: 6.092876E-05 | global batch size:  1024 | lm loss: 2.597583E+00 | loss scale: 1.0 | grad norm: 0.266 | number of skipped iterations:   0 | number of nan iterations:   0 |
7: [default3]: [2026-05-26 15:09:21.437054] iteration      654/     909 | consumed samples:       669696 | elapsed time per iteration (ms): 1812.0 | throughput per GPU (TFLOP/s/GPU): 357.1 | tokens/sec/GPU: 72335 | learning rate: 6.063615E-05 | global batch size:  1024 | lm loss: 2.550038E+00 | loss scale: 1.0 | grad norm: 0.313 | number of skipped iterations:   0 | number of nan iterations:   0 |
7: [default3]: [2026-05-26 15:09:23.271764] iteration      655/     909 | consumed samples:       670720 | elapsed time per iteration (ms): 1834.5 | throughput per GPU (TFLOP/s/GPU): 352.7 | tokens/sec/GPU: 71449 | learning rate: 6.034429E-05 | global batch size:  1024 | lm loss: 2.548452E+00 | loss scale: 1.0 | grad norm: 0.357 | number of skipped iterations:   0 | number of nan iterations:   0 |
7: [default3]: [2026-05-26 15:09:25.088399] iteration      656/     909 | consumed samples:       671744 | elapsed time per iteration (ms): 1816.4 | throughput per GPU (TFLOP/s/GPU): 356.2 | tokens/sec/GPU: 72161 | learning rate: 6.005318E-05 | global batch size:  1024 | lm loss: 2.574411E+00 | loss scale: 1.0 | grad norm: 0.394 | number of skipped iterations:   0 | number of nan iterations:   0 |
7: [default3]: [2026-05-26 15:09:27.378590] iteration      657/     909 | consumed samples:       672768 | elapsed time per iteration (ms): 2290.0 | throughput per GPU (TFLOP/s/GPU): 282.6 | tokens/sec/GPU: 57236 | learning rate: 5.976282E-05 | global batch size:  1024 | lm loss: 2.570317E+00 | loss scale: 1.0 | grad norm: 0.391 | number of skipped iterations:   0 | number of nan iterations:   0 |
7: [default3]: [2026-05-26 15:09:29.176086] iteration      658/     909 | consumed samples:       673792 | elapsed time per iteration (ms): 1797.3 | throughput per GPU (TFLOP/s/GPU): 360.0 | tokens/sec/GPU: 72927 | learning rate: 5.947322E-05 | global batch size:  1024 | lm loss: 2.585770E+00 | loss scale: 1.0 | grad norm: 0.321 | number of skipped iterations:   0 | number of nan iterations:   0 |
7: [default3]: [2026-05-26 15:09:32.011785] iteration      659/     909 | consumed samples:       674816 | elapsed time per iteration (ms): 2835.3 | throughput per GPU (TFLOP/s/GPU): 228.2 | tokens/sec/GPU: 46228 | learning rate: 5.918437E-05 | global batch size:  1024 | lm loss: 2.599160E+00 | loss scale: 1.0 | grad norm: 0.284 | number of skipped iterations:   0 | number of nan iterations:   0 |
7: [default3]: [2026-05-26 15:09:33.815732] iteration      660/     909 | consumed samples:       675840 | elapsed time per iteration (ms): 1802.8 | throughput per GPU (TFLOP/s/GPU): 358.9 | tokens/sec/GPU: 72704 | learning rate: 5.889630E-05 | global batch size:  1024 | lm loss: 2.576338E+00 | loss scale: 1.0 | grad norm: 0.296 | number of skipped iterations:   0 | number of nan iterations:   0 |
7: [default3]: [2026-05-26 15:09:35.631501] iteration      661/     909 | consumed samples:       676864 | elapsed time per iteration (ms): 1815.6 | throughput per GPU (TFLOP/s/GPU): 356.4 | tokens/sec/GPU: 72193 | learning rate: 5.860900E-05 | global batch size:  1024 | lm loss: 2.584028E+00 | loss scale: 1.0 | grad norm: 0.325 | number of skipped iterations:   0 | number of nan iterations:   0 |
7: [default3]: [2026-05-26 15:09:37.431511] iteration      662/     909 | consumed samples:       677888 | elapsed time per iteration (ms): 1799.8 | throughput per GPU (TFLOP/s/GPU): 359.5 | tokens/sec/GPU: 72826 | learning rate: 5.832247E-05 | global batch size:  1024 | lm loss: 2.562719E+00 | loss scale: 1.0 | grad norm: 0.321 | number of skipped iterations:   0 | number of nan iterations:   0 |
7: [default3]: [2026-05-26 15:09:39.230432] iteration      663/     909 | consumed samples:       678912 | elapsed time per iteration (ms): 1798.3 | throughput per GPU (TFLOP/s/GPU): 359.8 | tokens/sec/GPU: 72888 | learning rate: 5.803672E-05 | global batch size:  1024 | lm loss: 2.575041E+00 | loss scale: 1.0 | grad norm: 0.288 | number of skipped iterations:   0 | number of nan iterations:   0 |
7: [default3]: [2026-05-26 15:09:42.996378] iteration      664/     909 | consumed samples:       679936 | elapsed time per iteration (ms): 3765.4 | throughput per GPU (TFLOP/s/GPU): 171.8 | tokens/sec/GPU: 34809 | learning rate: 5.775175E-05 | global batch size:  1024 | lm loss: 2.551857E+00 | loss scale: 1.0 | grad norm: 0.271 | number of skipped iterations:   0 | number of nan iterations:   0 |
7: [default3]: [2026-05-26 15:09:44.864735] iteration      665/     909 | consumed samples:       680960 | elapsed time per iteration (ms): 1868.3 | throughput per GPU (TFLOP/s/GPU): 346.4 | tokens/sec/GPU: 70157 | learning rate: 5.746757E-05 | global batch size:  1024 | lm loss: 2.559722E+00 | loss scale: 1.0 | grad norm: 0.303 | number of skipped iterations:   0 | number of nan iterations:   0 |
7: [default3]: [2026-05-26 15:09:47.768703] iteration      666/     909 | consumed samples:       681984 | elapsed time per iteration (ms): 2903.7 | throughput per GPU (TFLOP/s/GPU): 222.8 | tokens/sec/GPU: 45139 | learning rate: 5.718419E-05 | global batch size:  1024 | lm loss: 2.547983E+00 | loss scale: 1.0 | grad norm: 0.304 | number of skipped iterations:   0 | number of nan iterations:   0 |
7: [default3]: [2026-05-26 15:09:51.306735] iteration      667/     909 | consumed samples:       683008 | elapsed time per iteration (ms): 3537.8 | throughput per GPU (TFLOP/s/GPU): 182.9 | tokens/sec/GPU: 37049 | learning rate: 5.690160E-05 | global batch size:  1024 | lm loss: 2.535037E+00 | loss scale: 1.0 | grad norm: 0.268 | number of skipped iterations:   0 | number of nan iterations:   0 |
7: [default3]: [2026-05-26 15:09:53.481043] iteration      668/     909 | consumed samples:       684032 | elapsed time per iteration (ms): 2174.0 | throughput per GPU (TFLOP/s/GPU): 297.6 | tokens/sec/GPU: 60290 | learning rate: 5.661981E-05 | global batch size:  1024 | lm loss: 2.560694E+00 | loss scale: 1.0 | grad norm: 0.274 | number of skipped iterations:   0 | number of nan iterations:   0 |
7: [default3]: [2026-05-26 15:09:56.490940] iteration      669/     909 | consumed samples:       685056 | elapsed time per iteration (ms): 3009.7 | throughput per GPU (TFLOP/s/GPU): 215.0 | tokens/sec/GPU: 43550 | learning rate: 5.633883E-05 | global batch size:  1024 | lm loss: 2.573030E+00 | loss scale: 1.0 | grad norm: 0.299 | number of skipped iterations:   0 | number of nan iterations:   0 |
7: [default3]: [2026-05-26 15:09:58.302479] iteration      670/     909 | consumed samples:       686080 | elapsed time per iteration (ms): 1811.4 | throughput per GPU (TFLOP/s/GPU): 357.2 | tokens/sec/GPU: 72361 | learning rate: 5.605865E-05 | global batch size:  1024 | lm loss: 2.581332E+00 | loss scale: 1.0 | grad norm: 0.294 | number of skipped iterations:   0 | number of nan iterations:   0 |
7: [default3]: [2026-05-26 15:10:02.454270] iteration      671/     909 | consumed samples:       687104 | elapsed time per iteration (ms): 4151.5 | throughput per GPU (TFLOP/s/GPU): 155.9 | tokens/sec/GPU: 31572 | learning rate: 5.577929E-05 | global batch size:  1024 | lm loss: 2.558130E+00 | loss scale: 1.0 | grad norm: 0.286 | number of skipped iterations:   0 | number of nan iterations:   0 |
7: [default3]: [2026-05-26 15:10:04.262571] iteration      672/     909 | consumed samples:       688128 | elapsed time per iteration (ms): 1808.0 | throughput per GPU (TFLOP/s/GPU): 357.9 | tokens/sec/GPU: 72495 | learning rate: 5.550075E-05 | global batch size:  1024 | lm loss: 2.568235E+00 | loss scale: 1.0 | grad norm: 0.274 | number of skipped iterations:   0 | number of nan iterations:   0 |
7: [default3]: [2026-05-26 15:10:06.411653] iteration      673/     909 | consumed samples:       689152 | elapsed time per iteration (ms): 2148.9 | throughput per GPU (TFLOP/s/GPU): 301.1 | tokens/sec/GPU: 60996 | learning rate: 5.522303E-05 | global batch size:  1024 | lm loss: 2.559629E+00 | loss scale: 1.0 | grad norm: 0.283 | number of skipped iterations:   0 | number of nan iterations:   0 |
7: [default3]: [2026-05-26 15:10:08.221185] iteration      674/     909 | consumed samples:       690176 | elapsed time per iteration (ms): 1809.3 | throughput per GPU (TFLOP/s/GPU): 357.6 | tokens/sec/GPU: 72445 | learning rate: 5.494613E-05 | global batch size:  1024 | lm loss: 2.569605E+00 | loss scale: 1.0 | grad norm: 0.276 | number of skipped iterations:   0 | number of nan iterations:   0 |
7: [default3]: [2026-05-26 15:10:10.037856] iteration      675/     909 | consumed samples:       691200 | elapsed time per iteration (ms): 1816.5 | throughput per GPU (TFLOP/s/GPU): 356.2 | tokens/sec/GPU: 72157 | learning rate: 5.467006E-05 | global batch size:  1024 | lm loss: 2.605342E+00 | loss scale: 1.0 | grad norm: 0.288 | number of skipped iterations:   0 | number of nan iterations:   0 |
7: [default3]: [2026-05-26 15:10:11.849985] iteration      676/     909 | consumed samples:       692224 | elapsed time per iteration (ms): 1811.9 | throughput per GPU (TFLOP/s/GPU): 357.1 | tokens/sec/GPU: 72338 | learning rate: 5.439483E-05 | global batch size:  1024 | lm loss: 2.551814E+00 | loss scale: 1.0 | grad norm: 0.284 | number of skipped iterations:   0 | number of nan iterations:   0 |
7: [default3]: [2026-05-26 15:10:13.659955] iteration      677/     909 | consumed samples:       693248 | elapsed time per iteration (ms): 1809.7 | throughput per GPU (TFLOP/s/GPU): 357.6 | tokens/sec/GPU: 72426 | learning rate: 5.412044E-05 | global batch size:  1024 | lm loss: 2.563180E+00 | loss scale: 1.0 | grad norm: 0.270 | number of skipped iterations:   0 | number of nan iterations:   0 |
7: [default3]: [2026-05-26 15:10:15.460688] iteration      678/     909 | consumed samples:       694272 | elapsed time per iteration (ms): 1800.5 | throughput per GPU (TFLOP/s/GPU): 359.4 | tokens/sec/GPU: 72797 | learning rate: 5.384689E-05 | global batch size:  1024 | lm loss: 2.566246E+00 | loss scale: 1.0 | grad norm: 0.269 | number of skipped iterations:   0 | number of nan iterations:   0 |
7: [default3]: [2026-05-26 15:10:17.269839] iteration      679/     909 | consumed samples:       695296 | elapsed time per iteration (ms): 1808.9 | throughput per GPU (TFLOP/s/GPU): 357.7 | tokens/sec/GPU: 72458 | learning rate: 5.357419E-05 | global batch size:  1024 | lm loss: 2.545697E+00 | loss scale: 1.0 | grad norm: 0.254 | number of skipped iterations:   0 | number of nan iterations:   0 |
7: [default3]: [2026-05-26 15:10:19.074248] iteration      680/     909 | consumed samples:       696320 | elapsed time per iteration (ms): 1804.2 | throughput per GPU (TFLOP/s/GPU): 358.7 | tokens/sec/GPU: 72648 | learning rate: 5.330234E-05 | global batch size:  1024 | lm loss: 2.554815E+00 | loss scale: 1.0 | grad norm: 0.264 | number of skipped iterations:   0 | number of nan iterations:   0 |
7: [default3]: [2026-05-26 15:10:22.220415] iteration      681/     909 | consumed samples:       697344 | elapsed time per iteration (ms): 3145.7 | throughput per GPU (TFLOP/s/GPU): 205.7 | tokens/sec/GPU: 41667 | learning rate: 5.303134E-05 | global batch size:  1024 | lm loss: 2.572141E+00 | loss scale: 1.0 | grad norm: 0.274 | number of skipped iterations:   0 | number of nan iterations:   0 |
7: [default3]: [2026-05-26 15:10:24.036030] iteration      682/     909 | consumed samples:       698368 | elapsed time per iteration (ms): 1815.5 | throughput per GPU (TFLOP/s/GPU): 356.4 | tokens/sec/GPU: 72198 | learning rate: 5.276120E-05 | global batch size:  1024 | lm loss: 2.545406E+00 | loss scale: 1.0 | grad norm: 0.278 | number of skipped iterations:   0 | number of nan iterations:   0 |
7: [default3]: [2026-05-26 15:10:26.410692] iteration      683/     909 | consumed samples:       699392 | elapsed time per iteration (ms): 2374.5 | throughput per GPU (TFLOP/s/GPU): 272.5 | tokens/sec/GPU: 55201 | learning rate: 5.249193E-05 | global batch size:  1024 | lm loss: 2.572453E+00 | loss scale: 1.0 | grad norm: 0.286 | number of skipped iterations:   0 | number of nan iterations:   0 |
7: [default3]: [2026-05-26 15:10:28.218950] iteration      684/     909 | consumed samples:       700416 | elapsed time per iteration (ms): 1808.0 | throughput per GPU (TFLOP/s/GPU): 357.9 | tokens/sec/GPU: 72495 | learning rate: 5.222352E-05 | global batch size:  1024 | lm loss: 2.567467E+00 | loss scale: 1.0 | grad norm: 0.292 | number of skipped iterations:   0 | number of nan iterations:   0 |
7: [default3]: [2026-05-26 15:10:30.027456] iteration      685/     909 | consumed samples:       701440 | elapsed time per iteration (ms): 1807.5 | throughput per GPU (TFLOP/s/GPU): 358.0 | tokens/sec/GPU: 72517 | learning rate: 5.195598E-05 | global batch size:  1024 | lm loss: 2.570010E+00 | loss scale: 1.0 | grad norm: 0.256 | number of skipped iterations:   0 | number of nan iterations:   0 |
7: [default3]: [2026-05-26 15:10:31.854219] iteration      686/     909 | consumed samples:       702464 | elapsed time per iteration (ms): 1826.5 | throughput per GPU (TFLOP/s/GPU): 354.3 | tokens/sec/GPU: 71762 | learning rate: 5.168932E-05 | global batch size:  1024 | lm loss: 2.525420E+00 | loss scale: 1.0 | grad norm: 0.293 | number of skipped iterations:   0 | number of nan iterations:   0 |
7: [default3]: [2026-05-26 15:10:34.328120] iteration      687/     909 | consumed samples:       703488 | elapsed time per iteration (ms): 2473.7 | throughput per GPU (TFLOP/s/GPU): 261.6 | tokens/sec/GPU: 52986 | learning rate: 5.142354E-05 | global batch size:  1024 | lm loss: 2.558328E+00 | loss scale: 1.0 | grad norm: 0.251 | number of skipped iterations:   0 | number of nan iterations:   0 |
7: [default3]: [2026-05-26 15:10:36.139360] iteration      688/     909 | consumed samples:       704512 | elapsed time per iteration (ms): 1810.9 | throughput per GPU (TFLOP/s/GPU): 357.3 | tokens/sec/GPU: 72380 | learning rate: 5.115864E-05 | global batch size:  1024 | lm loss: 2.578186E+00 | loss scale: 1.0 | grad norm: 0.268 | number of skipped iterations:   0 | number of nan iterations:   0 |
7: [default3]: [2026-05-26 15:10:37.943288] iteration      689/     909 | consumed samples:       705536 | elapsed time per iteration (ms): 1803.8 | throughput per GPU (TFLOP/s/GPU): 358.7 | tokens/sec/GPU: 72665 | learning rate: 5.089463E-05 | global batch size:  1024 | lm loss: 2.537855E+00 | loss scale: 1.0 | grad norm: 0.283 | number of skipped iterations:   0 | number of nan iterations:   0 |
7: [default3]: [2026-05-26 15:10:39.762227] iteration      690/     909 | consumed samples:       706560 | elapsed time per iteration (ms): 1818.7 | throughput per GPU (TFLOP/s/GPU): 355.8 | tokens/sec/GPU: 72067 | learning rate: 5.063151E-05 | global batch size:  1024 | lm loss: 2.563890E+00 | loss scale: 1.0 | grad norm: 0.266 | number of skipped iterations:   0 | number of nan iterations:   0 |
7: [default3]: [2026-05-26 15:10:42.603229] iteration      691/     909 | consumed samples:       707584 | elapsed time per iteration (ms): 2840.8 | throughput per GPU (TFLOP/s/GPU): 227.8 | tokens/sec/GPU: 46139 | learning rate: 5.036929E-05 | global batch size:  1024 | lm loss: 2.561162E+00 | loss scale: 1.0 | grad norm: 0.273 | number of skipped iterations:   0 | number of nan iterations:   0 |
7: [default3]: [2026-05-26 15:10:44.420037] iteration      692/     909 | consumed samples:       708608 | elapsed time per iteration (ms): 1816.6 | throughput per GPU (TFLOP/s/GPU): 356.2 | tokens/sec/GPU: 72152 | learning rate: 5.010796E-05 | global batch size:  1024 | lm loss: 2.528492E+00 | loss scale: 1.0 | grad norm: 0.281 | number of skipped iterations:   0 | number of nan iterations:   0 |
7: [default3]: [2026-05-26 15:10:46.235580] iteration      693/     909 | consumed samples:       709632 | elapsed time per iteration (ms): 1815.3 | throughput per GPU (TFLOP/s/GPU): 356.5 | tokens/sec/GPU: 72204 | learning rate: 4.984754E-05 | global batch size:  1024 | lm loss: 2.538296E+00 | loss scale: 1.0 | grad norm: 0.291 | number of skipped iterations:   0 | number of nan iterations:   0 |
7: [default3]: [2026-05-26 15:10:48.048359] iteration      694/     909 | consumed samples:       710656 | elapsed time per iteration (ms): 1812.6 | throughput per GPU (TFLOP/s/GPU): 357.0 | tokens/sec/GPU: 72313 | learning rate: 4.958802E-05 | global batch size:  1024 | lm loss: 2.587813E+00 | loss scale: 1.0 | grad norm: 0.321 | number of skipped iterations:   0 | number of nan iterations:   0 |
7: [default3]: [2026-05-26 15:10:51.330011] iteration      695/     909 | consumed samples:       711680 | elapsed time per iteration (ms): 3281.5 | throughput per GPU (TFLOP/s/GPU): 197.2 | tokens/sec/GPU: 39943 | learning rate: 4.932942E-05 | global batch size:  1024 | lm loss: 2.563030E+00 | loss scale: 1.0 | grad norm: 0.900 | number of skipped iterations:   0 | number of nan iterations:   0 |
7: [default3]: [2026-05-26 15:10:53.144990] iteration      696/     909 | consumed samples:       712704 | elapsed time per iteration (ms): 1814.8 | throughput per GPU (TFLOP/s/GPU): 356.6 | tokens/sec/GPU: 72226 | learning rate: 4.907173E-05 | global batch size:  1024 | lm loss: 2.571682E+00 | loss scale: 1.0 | grad norm: 0.344 | number of skipped iterations:   0 | number of nan iterations:   0 |
7: [default3]: [2026-05-26 15:10:54.963861] iteration      697/     909 | consumed samples:       713728 | elapsed time per iteration (ms): 1818.6 | throughput per GPU (TFLOP/s/GPU): 355.8 | tokens/sec/GPU: 72072 | learning rate: 4.881496E-05 | global batch size:  1024 | lm loss: 2.566215E+00 | loss scale: 1.0 | grad norm: 0.278 | number of skipped iterations:   0 | number of nan iterations:   0 |
7: [default3]: [2026-05-26 15:10:56.780890] iteration      698/     909 | consumed samples:       714752 | elapsed time per iteration (ms): 1816.8 | throughput per GPU (TFLOP/s/GPU): 356.2 | tokens/sec/GPU: 72146 | learning rate: 4.855911E-05 | global batch size:  1024 | lm loss: 2.566671E+00 | loss scale: 1.0 | grad norm: 0.275 | number of skipped iterations:   0 | number of nan iterations:   0 |
7: [default3]: [2026-05-26 15:10:58.588446] iteration      699/     909 | consumed samples:       715776 | elapsed time per iteration (ms): 1807.4 | throughput per GPU (TFLOP/s/GPU): 358.0 | tokens/sec/GPU: 72519 | learning rate: 4.830419E-05 | global batch size:  1024 | lm loss: 2.509423E+00 | loss scale: 1.0 | grad norm: 0.309 | number of skipped iterations:   0 | number of nan iterations:   0 |
7: [default3]: [2026-05-26 15:11:00.401626] iteration      700/     909 | consumed samples:       716800 | elapsed time per iteration (ms): 1813.0 | throughput per GPU (TFLOP/s/GPU): 356.9 | tokens/sec/GPU: 72297 | learning rate: 4.805020E-05 | global batch size:  1024 | lm loss: 2.535014E+00 | loss scale: 1.0 | grad norm: 0.291 | number of skipped iterations:   0 | number of nan iterations:   0 |
7: [default3]: [2026-05-26 15:11:02.778718] iteration      701/     909 | consumed samples:       717824 | elapsed time per iteration (ms): 2376.9 | throughput per GPU (TFLOP/s/GPU): 272.2 | tokens/sec/GPU: 55145 | learning rate: 4.779714E-05 | global batch size:  1024 | lm loss: 2.521436E+00 | loss scale: 1.0 | grad norm: 0.278 | number of skipped iterations:   0 | number of nan iterations:   0 |
7: [default3]: [2026-05-26 15:11:04.584132] iteration      702/     909 | consumed samples:       718848 | elapsed time per iteration (ms): 1805.2 | throughput per GPU (TFLOP/s/GPU): 358.4 | tokens/sec/GPU: 72607 | learning rate: 4.754503E-05 | global batch size:  1024 | lm loss: 2.532774E+00 | loss scale: 1.0 | grad norm: 0.294 | number of skipped iterations:   0 | number of nan iterations:   0 |
7: [default3]: [2026-05-26 15:11:06.404017] iteration      703/     909 | consumed samples:       719872 | elapsed time per iteration (ms): 1819.7 | throughput per GPU (TFLOP/s/GPU): 355.6 | tokens/sec/GPU: 72031 | learning rate: 4.729385E-05 | global batch size:  1024 | lm loss: 2.540302E+00 | loss scale: 1.0 | grad norm: 0.285 | number of skipped iterations:   0 | number of nan iterations:   0 |
7: [default3]: [2026-05-26 15:11:08.211271] iteration      704/     909 | consumed samples:       720896 | elapsed time per iteration (ms): 1806.9 | throughput per GPU (TFLOP/s/GPU): 358.1 | tokens/sec/GPU: 72538 | learning rate: 4.704362E-05 | global batch size:  1024 | lm loss: 2.554719E+00 | loss scale: 1.0 | grad norm: 0.277 | number of skipped iterations:   0 | number of nan iterations:   0 |
7: [default3]: [2026-05-26 15:11:10.021102] iteration      705/     909 | consumed samples:       721920 | elapsed time per iteration (ms): 1809.6 | throughput per GPU (TFLOP/s/GPU): 357.6 | tokens/sec/GPU: 72432 | learning rate: 4.679434E-05 | global batch size:  1024 | lm loss: 2.564884E+00 | loss scale: 1.0 | grad norm: 0.275 | number of skipped iterations:   0 | number of nan iterations:   0 |
7: [default3]: [2026-05-26 15:11:11.846441] iteration      706/     909 | consumed samples:       722944 | elapsed time per iteration (ms): 1825.1 | throughput per GPU (TFLOP/s/GPU): 354.5 | tokens/sec/GPU: 71815 | learning rate: 4.654601E-05 | global batch size:  1024 | lm loss: 2.569432E+00 | loss scale: 1.0 | grad norm: 0.268 | number of skipped iterations:   0 | number of nan iterations:   0 |
7: [default3]: [2026-05-26 15:11:15.506370] iteration      707/     909 | consumed samples:       723968 | elapsed time per iteration (ms): 3659.7 | throughput per GPU (TFLOP/s/GPU): 176.8 | tokens/sec/GPU: 35815 | learning rate: 4.629864E-05 | global batch size:  1024 | lm loss: 2.562625E+00 | loss scale: 1.0 | grad norm: 0.282 | number of skipped iterations:   0 | number of nan iterations:   0 |
7: [default3]: [2026-05-26 15:11:17.629498] iteration      708/     909 | consumed samples:       724992 | elapsed time per iteration (ms): 2122.9 | throughput per GPU (TFLOP/s/GPU): 304.8 | tokens/sec/GPU: 61742 | learning rate: 4.605222E-05 | global batch size:  1024 | lm loss: 2.509298E+00 | loss scale: 1.0 | grad norm: 0.276 | number of skipped iterations:   0 | number of nan iterations:   0 |
7: [default3]: [2026-05-26 15:11:19.462901] iteration      709/     909 | consumed samples:       726016 | elapsed time per iteration (ms): 1833.2 | throughput per GPU (TFLOP/s/GPU): 353.0 | tokens/sec/GPU: 71498 | learning rate: 4.580678E-05 | global batch size:  1024 | lm loss: 2.501697E+00 | loss scale: 1.0 | grad norm: 0.269 | number of skipped iterations:   0 | number of nan iterations:   0 |
7: [default3]: [2026-05-26 15:11:22.595896] iteration      710/     909 | consumed samples:       727040 | elapsed time per iteration (ms): 3132.1 | throughput per GPU (TFLOP/s/GPU): 206.6 | tokens/sec/GPU: 41847 | learning rate: 4.556230E-05 | global batch size:  1024 | lm loss: 2.576576E+00 | loss scale: 1.0 | grad norm: 0.267 | number of skipped iterations:   0 | number of nan iterations:   0 |
7: [default3]: [2026-05-26 15:11:24.388992] iteration      711/     909 | consumed samples:       728064 | elapsed time per iteration (ms): 1792.6 | throughput per GPU (TFLOP/s/GPU): 361.0 | tokens/sec/GPU: 73117 | learning rate: 4.531879E-05 | global batch size:  1024 | lm loss: 2.561975E+00 | loss scale: 1.0 | grad norm: 0.257 | number of skipped iterations:   0 | number of nan iterations:   0 |
7: [default3]: [2026-05-26 15:11:26.207495] iteration      712/     909 | consumed samples:       729088 | elapsed time per iteration (ms): 1818.3 | throughput per GPU (TFLOP/s/GPU): 355.9 | tokens/sec/GPU: 72085 | learning rate: 4.507626E-05 | global batch size:  1024 | lm loss: 2.565193E+00 | loss scale: 1.0 | grad norm: 0.268 | number of skipped iterations:   0 | number of nan iterations:   0 |
7: [default3]: [2026-05-26 15:11:28.023379] iteration      713/     909 | consumed samples:       730112 | elapsed time per iteration (ms): 1815.7 | throughput per GPU (TFLOP/s/GPU): 356.4 | tokens/sec/GPU: 72188 | learning rate: 4.483471E-05 | global batch size:  1024 | lm loss: 2.534235E+00 | loss scale: 1.0 | grad norm: 0.275 | number of skipped iterations:   0 | number of nan iterations:   0 |
7: [default3]: [2026-05-26 15:11:29.841399] iteration      714/     909 | consumed samples:       731136 | elapsed time per iteration (ms): 1817.2 | throughput per GPU (TFLOP/s/GPU): 356.1 | tokens/sec/GPU: 72130 | learning rate: 4.459414E-05 | global batch size:  1024 | lm loss: 2.560061E+00 | loss scale: 1.0 | grad norm: 0.265 | number of skipped iterations:   0 | number of nan iterations:   0 |
7: [default3]: [2026-05-26 15:11:31.657906] iteration      715/     909 | consumed samples:       732160 | elapsed time per iteration (ms): 1815.5 | throughput per GPU (TFLOP/s/GPU): 356.4 | tokens/sec/GPU: 72195 | learning rate: 4.435456E-05 | global batch size:  1024 | lm loss: 2.542875E+00 | loss scale: 1.0 | grad norm: 0.268 | number of skipped iterations:   0 | number of nan iterations:   0 |
7: [default3]: [2026-05-26 15:11:33.478637] iteration      716/     909 | consumed samples:       733184 | elapsed time per iteration (ms): 1820.5 | throughput per GPU (TFLOP/s/GPU): 355.4 | tokens/sec/GPU: 71999 | learning rate: 4.411596E-05 | global batch size:  1024 | lm loss: 2.505270E+00 | loss scale: 1.0 | grad norm: 0.260 | number of skipped iterations:   0 | number of nan iterations:   0 |
7: [default3]: [2026-05-26 15:11:35.303197] iteration      717/     909 | consumed samples:       734208 | elapsed time per iteration (ms): 1824.3 | throughput per GPU (TFLOP/s/GPU): 354.7 | tokens/sec/GPU: 71848 | learning rate: 4.387836E-05 | global batch size:  1024 | lm loss: 2.557235E+00 | loss scale: 1.0 | grad norm: 0.257 | number of skipped iterations:   0 | number of nan iterations:   0 |
7: [default3]: [2026-05-26 15:11:37.111062] iteration      718/     909 | consumed samples:       735232 | elapsed time per iteration (ms): 1807.7 | throughput per GPU (TFLOP/s/GPU): 358.0 | tokens/sec/GPU: 72508 | learning rate: 4.364176E-05 | global batch size:  1024 | lm loss: 2.496680E+00 | loss scale: 1.0 | grad norm: 0.246 | number of skipped iterations:   0 | number of nan iterations:   0 |
7: [default3]: [2026-05-26 15:11:38.917868] iteration      719/     909 | consumed samples:       736256 | elapsed time per iteration (ms): 1806.6 | throughput per GPU (TFLOP/s/GPU): 358.2 | tokens/sec/GPU: 72553 | learning rate: 4.340616E-05 | global batch size:  1024 | lm loss: 2.547628E+00 | loss scale: 1.0 | grad norm: 0.239 | number of skipped iterations:   0 | number of nan iterations:   0 |
7: [default3]: [2026-05-26 15:11:40.724928] iteration      720/     909 | consumed samples:       737280 | elapsed time per iteration (ms): 1806.9 | throughput per GPU (TFLOP/s/GPU): 358.1 | tokens/sec/GPU: 72541 | learning rate: 4.317156E-05 | global batch size:  1024 | lm loss: 2.552424E+00 | loss scale: 1.0 | grad norm: 0.250 | number of skipped iterations:   0 | number of nan iterations:   0 |
7: [default3]: [2026-05-26 15:11:42.539467] iteration      721/     909 | consumed samples:       738304 | elapsed time per iteration (ms): 1814.1 | throughput per GPU (TFLOP/s/GPU): 356.7 | tokens/sec/GPU: 72252 | learning rate: 4.293797E-05 | global batch size:  1024 | lm loss: 2.517426E+00 | loss scale: 1.0 | grad norm: 0.247 | number of skipped iterations:   0 | number of nan iterations:   0 |
7: [default3]: [2026-05-26 15:11:45.216264] iteration      722/     909 | consumed samples:       739328 | elapsed time per iteration (ms): 2676.6 | throughput per GPU (TFLOP/s/GPU): 241.8 | tokens/sec/GPU: 48970 | learning rate: 4.270539E-05 | global batch size:  1024 | lm loss: 2.525540E+00 | loss scale: 1.0 | grad norm: 0.239 | number of skipped iterations:   0 | number of nan iterations:   0 |
7: [default3]: [2026-05-26 15:11:47.994184] iteration      723/     909 | consumed samples:       740352 | elapsed time per iteration (ms): 2777.7 | throughput per GPU (TFLOP/s/GPU): 233.0 | tokens/sec/GPU: 47187 | learning rate: 4.247383E-05 | global batch size:  1024 | lm loss: 2.538457E+00 | loss scale: 1.0 | grad norm: 0.251 | number of skipped iterations:   0 | number of nan iterations:   0 |
7: [default3]: [2026-05-26 15:11:50.935959] iteration      724/     909 | consumed samples:       741376 | elapsed time per iteration (ms): 2941.6 | throughput per GPU (TFLOP/s/GPU): 220.0 | tokens/sec/GPU: 44558 | learning rate: 4.224328E-05 | global batch size:  1024 | lm loss: 2.546500E+00 | loss scale: 1.0 | grad norm: 0.247 | number of skipped iterations:   0 | number of nan iterations:   0 |
7: [default3]: [2026-05-26 15:11:52.731325] iteration      725/     909 | consumed samples:       742400 | elapsed time per iteration (ms): 1795.1 | throughput per GPU (TFLOP/s/GPU): 360.5 | tokens/sec/GPU: 73015 | learning rate: 4.201376E-05 | global batch size:  1024 | lm loss: 2.532708E+00 | loss scale: 1.0 | grad norm: 0.268 | number of skipped iterations:   0 | number of nan iterations:   0 |
7: [default3]: [2026-05-26 15:11:54.544010] iteration      726/     909 | consumed samples:       743424 | elapsed time per iteration (ms): 1811.9 | throughput per GPU (TFLOP/s/GPU): 357.1 | tokens/sec/GPU: 72338 | learning rate: 4.178526E-05 | global batch size:  1024 | lm loss: 2.552276E+00 | loss scale: 1.0 | grad norm: 0.283 | number of skipped iterations:   0 | number of nan iterations:   0 |
7: [default3]: [2026-05-26 15:11:56.356795] iteration      727/     909 | consumed samples:       744448 | elapsed time per iteration (ms): 1812.6 | throughput per GPU (TFLOP/s/GPU): 357.0 | tokens/sec/GPU: 72312 | learning rate: 4.155779E-05 | global batch size:  1024 | lm loss: 2.521385E+00 | loss scale: 1.0 | grad norm: 0.315 | number of skipped iterations:   0 | number of nan iterations:   0 |
7: [default3]: [2026-05-26 15:11:58.185319] iteration      728/     909 | consumed samples:       745472 | elapsed time per iteration (ms): 1828.2 | throughput per GPU (TFLOP/s/GPU): 353.9 | tokens/sec/GPU: 71693 | learning rate: 4.133135E-05 | global batch size:  1024 | lm loss: 2.530378E+00 | loss scale: 1.0 | grad norm: 0.358 | number of skipped iterations:   0 | number of nan iterations:   0 |
7: [default3]: [2026-05-26 15:11:59.997701] iteration      729/     909 | consumed samples:       746496 | elapsed time per iteration (ms): 1811.6 | throughput per GPU (TFLOP/s/GPU): 357.2 | tokens/sec/GPU: 72352 | learning rate: 4.110595E-05 | global batch size:  1024 | lm loss: 2.519228E+00 | loss scale: 1.0 | grad norm: 0.356 | number of skipped iterations:   0 | number of nan iterations:   0 |
7: [default3]: [2026-05-26 15:12:02.606752] iteration      730/     909 | consumed samples:       747520 | elapsed time per iteration (ms): 2608.8 | throughput per GPU (TFLOP/s/GPU): 248.0 | tokens/sec/GPU: 50243 | learning rate: 4.088159E-05 | global batch size:  1024 | lm loss: 2.516674E+00 | loss scale: 1.0 | grad norm: 0.296 | number of skipped iterations:   0 | number of nan iterations:   0 |
7: [default3]: [2026-05-26 15:12:04.410401] iteration      731/     909 | consumed samples:       748544 | elapsed time per iteration (ms): 1803.4 | throughput per GPU (TFLOP/s/GPU): 358.8 | tokens/sec/GPU: 72680 | learning rate: 4.065826E-05 | global batch size:  1024 | lm loss: 2.541255E+00 | loss scale: 1.0 | grad norm: 0.252 | number of skipped iterations:   0 | number of nan iterations:   0 |
7: [default3]: [2026-05-26 15:12:07.068579] iteration      732/     909 | consumed samples:       749568 | elapsed time per iteration (ms): 2657.7 | throughput per GPU (TFLOP/s/GPU): 243.5 | tokens/sec/GPU: 49317 | learning rate: 4.043599E-05 | global batch size:  1024 | lm loss: 2.514876E+00 | loss scale: 1.0 | grad norm: 0.326 | number of skipped iterations:   0 | number of nan iterations:   0 |
7: [default3]: [2026-05-26 15:12:09.026642] iteration      733/     909 | consumed samples:       750592 | elapsed time per iteration (ms): 1957.9 | throughput per GPU (TFLOP/s/GPU): 330.5 | tokens/sec/GPU: 66944 | learning rate: 4.021476E-05 | global batch size:  1024 | lm loss: 2.509550E+00 | loss scale: 1.0 | grad norm: 0.316 | number of skipped iterations:   0 | number of nan iterations:   0 |
7: [default3]: [2026-05-26 15:12:10.838698] iteration      734/     909 | consumed samples:       751616 | elapsed time per iteration (ms): 1811.9 | throughput per GPU (TFLOP/s/GPU): 357.1 | tokens/sec/GPU: 72341 | learning rate: 3.999459E-05 | global batch size:  1024 | lm loss: 2.551699E+00 | loss scale: 1.0 | grad norm: 0.241 | number of skipped iterations:   0 | number of nan iterations:   0 |
7: [default3]: [2026-05-26 15:12:13.481293] iteration      735/     909 | consumed samples:       752640 | elapsed time per iteration (ms): 2642.0 | throughput per GPU (TFLOP/s/GPU): 244.9 | tokens/sec/GPU: 49611 | learning rate: 3.977547E-05 | global batch size:  1024 | lm loss: 2.513488E+00 | loss scale: 1.0 | grad norm: 0.327 | number of skipped iterations:   0 | number of nan iterations:   0 |
7: [default3]: [2026-05-26 15:12:15.284789] iteration      736/     909 | consumed samples:       753664 | elapsed time per iteration (ms): 1803.2 | throughput per GPU (TFLOP/s/GPU): 358.8 | tokens/sec/GPU: 72688 | learning rate: 3.955741E-05 | global batch size:  1024 | lm loss: 2.522456E+00 | loss scale: 1.0 | grad norm: 0.322 | number of skipped iterations:   0 | number of nan iterations:   0 |
7: [default3]: [2026-05-26 15:12:17.092910] iteration      737/     909 | consumed samples:       754688 | elapsed time per iteration (ms): 1807.9 | throughput per GPU (TFLOP/s/GPU): 357.9 | tokens/sec/GPU: 72499 | learning rate: 3.934041E-05 | global batch size:  1024 | lm loss: 2.491065E+00 | loss scale: 1.0 | grad norm: 0.255 | number of skipped iterations:   0 | number of nan iterations:   0 |
7: [default3]: [2026-05-26 15:12:18.897091] iteration      738/     909 | consumed samples:       755712 | elapsed time per iteration (ms): 1804.0 | throughput per GPU (TFLOP/s/GPU): 358.7 | tokens/sec/GPU: 72657 | learning rate: 3.912448E-05 | global batch size:  1024 | lm loss: 2.522825E+00 | loss scale: 1.0 | grad norm: 0.311 | number of skipped iterations:   0 | number of nan iterations:   0 |
7: [default3]: [2026-05-26 15:12:20.710423] iteration      739/     909 | consumed samples:       756736 | elapsed time per iteration (ms): 1812.6 | throughput per GPU (TFLOP/s/GPU): 357.0 | tokens/sec/GPU: 72311 | learning rate: 3.890962E-05 | global batch size:  1024 | lm loss: 2.561023E+00 | loss scale: 1.0 | grad norm: 0.295 | number of skipped iterations:   0 | number of nan iterations:   0 |
7: [default3]: [2026-05-26 15:12:22.521771] iteration      740/     909 | consumed samples:       757760 | elapsed time per iteration (ms): 1811.1 | throughput per GPU (TFLOP/s/GPU): 357.3 | tokens/sec/GPU: 72373 | learning rate: 3.869583E-05 | global batch size:  1024 | lm loss: 2.528785E+00 | loss scale: 1.0 | grad norm: 0.281 | number of skipped iterations:   0 | number of nan iterations:   0 |
7: [default3]: [2026-05-26 15:12:25.316052] iteration      741/     909 | consumed samples:       758784 | elapsed time per iteration (ms): 2794.0 | throughput per GPU (TFLOP/s/GPU): 231.6 | tokens/sec/GPU: 46911 | learning rate: 3.848311E-05 | global batch size:  1024 | lm loss: 2.528723E+00 | loss scale: 1.0 | grad norm: 0.367 | number of skipped iterations:   0 | number of nan iterations:   0 |
7: [default3]: [2026-05-26 15:12:28.017815] iteration      742/     909 | consumed samples:       759808 | elapsed time per iteration (ms): 2701.4 | throughput per GPU (TFLOP/s/GPU): 239.5 | tokens/sec/GPU: 48519 | learning rate: 3.827148E-05 | global batch size:  1024 | lm loss: 2.524750E+00 | loss scale: 1.0 | grad norm: 0.312 | number of skipped iterations:   0 | number of nan iterations:   0 |
7: [default3]: [2026-05-26 15:12:31.125474] iteration      743/     909 | consumed samples:       760832 | elapsed time per iteration (ms): 3107.5 | throughput per GPU (TFLOP/s/GPU): 208.2 | tokens/sec/GPU: 42180 | learning rate: 3.806092E-05 | global batch size:  1024 | lm loss: 2.529830E+00 | loss scale: 1.0 | grad norm: 0.297 | number of skipped iterations:   0 | number of nan iterations:   0 |
7: [default3]: [2026-05-26 15:12:32.919926] iteration      744/     909 | consumed samples:       761856 | elapsed time per iteration (ms): 1794.2 | throughput per GPU (TFLOP/s/GPU): 360.6 | tokens/sec/GPU: 73052 | learning rate: 3.785145E-05 | global batch size:  1024 | lm loss: 2.486833E+00 | loss scale: 1.0 | grad norm: 0.335 | number of skipped iterations:   0 | number of nan iterations:   0 |
7: [default3]: [2026-05-26 15:12:34.742600] iteration      745/     909 | consumed samples:       762880 | elapsed time per iteration (ms): 1822.4 | throughput per GPU (TFLOP/s/GPU): 355.1 | tokens/sec/GPU: 71922 | learning rate: 3.764307E-05 | global batch size:  1024 | lm loss: 2.576205E+00 | loss scale: 1.0 | grad norm: 0.332 | number of skipped iterations:   0 | number of nan iterations:   0 |
7: [default3]: [2026-05-26 15:12:36.545877] iteration      746/     909 | consumed samples:       763904 | elapsed time per iteration (ms): 1803.0 | throughput per GPU (TFLOP/s/GPU): 358.9 | tokens/sec/GPU: 72696 | learning rate: 3.743578E-05 | global batch size:  1024 | lm loss: 2.524108E+00 | loss scale: 1.0 | grad norm: 0.318 | number of skipped iterations:   0 | number of nan iterations:   0 |
7: [default3]: [2026-05-26 15:12:38.351700] iteration      747/     909 | consumed samples:       764928 | elapsed time per iteration (ms): 1805.6 | throughput per GPU (TFLOP/s/GPU): 358.4 | tokens/sec/GPU: 72592 | learning rate: 3.722958E-05 | global batch size:  1024 | lm loss: 2.533155E+00 | loss scale: 1.0 | grad norm: 0.301 | number of skipped iterations:   0 | number of nan iterations:   0 |
7: [default3]: [2026-05-26 15:12:40.164755] iteration      748/     909 | consumed samples:       765952 | elapsed time per iteration (ms): 1812.9 | throughput per GPU (TFLOP/s/GPU): 356.9 | tokens/sec/GPU: 72300 | learning rate: 3.702448E-05 | global batch size:  1024 | lm loss: 2.535372E+00 | loss scale: 1.0 | grad norm: 0.272 | number of skipped iterations:   0 | number of nan iterations:   0 |
7: [default3]: [2026-05-26 15:12:41.985481] iteration      749/     909 | consumed samples:       766976 | elapsed time per iteration (ms): 1820.5 | throughput per GPU (TFLOP/s/GPU): 355.4 | tokens/sec/GPU: 71998 | learning rate: 3.682048E-05 | global batch size:  1024 | lm loss: 2.516390E+00 | loss scale: 1.0 | grad norm: 0.313 | number of skipped iterations:   0 | number of nan iterations:   0 |
7: [default3]: [2026-05-26 15:12:43.798052] iteration      750/     909 | consumed samples:       768000 | elapsed time per iteration (ms): 1812.4 | throughput per GPU (TFLOP/s/GPU): 357.0 | tokens/sec/GPU: 72320 | learning rate: 3.661758E-05 | global batch size:  1024 | lm loss: 2.486738E+00 | loss scale: 1.0 | grad norm: 0.255 | number of skipped iterations:   0 | number of nan iterations:   0 |
7: [default3]: [2026-05-26 15:12:46.167687] iteration      751/     909 | consumed samples:       769024 | elapsed time per iteration (ms): 2369.4 | throughput per GPU (TFLOP/s/GPU): 273.1 | tokens/sec/GPU: 55318 | learning rate: 3.641579E-05 | global batch size:  1024 | lm loss: 2.532878E+00 | loss scale: 1.0 | grad norm: 0.255 | number of skipped iterations:   0 | number of nan iterations:   0 |
7: [default3]: [2026-05-26 15:12:47.981349] iteration      752/     909 | consumed samples:       770048 | elapsed time per iteration (ms): 1813.4 | throughput per GPU (TFLOP/s/GPU): 356.8 | tokens/sec/GPU: 72281 | learning rate: 3.621511E-05 | global batch size:  1024 | lm loss: 2.537338E+00 | loss scale: 1.0 | grad norm: 0.258 | number of skipped iterations:   0 | number of nan iterations:   0 |
7: [default3]: [2026-05-26 15:12:49.796284] iteration      753/     909 | consumed samples:       771072 | elapsed time per iteration (ms): 1814.7 | throughput per GPU (TFLOP/s/GPU): 356.6 | tokens/sec/GPU: 72227 | learning rate: 3.601555E-05 | global batch size:  1024 | lm loss: 2.522896E+00 | loss scale: 1.0 | grad norm: 0.256 | number of skipped iterations:   0 | number of nan iterations:   0 |
7: [default3]: [2026-05-26 15:12:51.603584] iteration      754/     909 | consumed samples:       772096 | elapsed time per iteration (ms): 1807.1 | throughput per GPU (TFLOP/s/GPU): 358.1 | tokens/sec/GPU: 72532 | learning rate: 3.581710E-05 | global batch size:  1024 | lm loss: 2.500249E+00 | loss scale: 1.0 | grad norm: 0.257 | number of skipped iterations:   0 | number of nan iterations:   0 |
7: [default3]: [2026-05-26 15:12:53.408725] iteration      755/     909 | consumed samples:       773120 | elapsed time per iteration (ms): 1804.9 | throughput per GPU (TFLOP/s/GPU): 358.5 | tokens/sec/GPU: 72619 | learning rate: 3.561976E-05 | global batch size:  1024 | lm loss: 2.489754E+00 | loss scale: 1.0 | grad norm: 0.249 | number of skipped iterations:   0 | number of nan iterations:   0 |
7: [default3]: [2026-05-26 15:12:55.238401] iteration      756/     909 | consumed samples:       774144 | elapsed time per iteration (ms): 1829.5 | throughput per GPU (TFLOP/s/GPU): 353.7 | tokens/sec/GPU: 71645 | learning rate: 3.542355E-05 | global batch size:  1024 | lm loss: 2.533791E+00 | loss scale: 1.0 | grad norm: 0.240 | number of skipped iterations:   0 | number of nan iterations:   0 |
7: [default3]: [2026-05-26 15:12:57.036364] iteration      757/     909 | consumed samples:       775168 | elapsed time per iteration (ms): 1797.8 | throughput per GPU (TFLOP/s/GPU): 359.9 | tokens/sec/GPU: 72908 | learning rate: 3.522847E-05 | global batch size:  1024 | lm loss: 2.489420E+00 | loss scale: 1.0 | grad norm: 0.247 | number of skipped iterations:   0 | number of nan iterations:   0 |
7: [default3]: [2026-05-26 15:13:00.490232] iteration      758/     909 | consumed samples:       776192 | elapsed time per iteration (ms): 3453.6 | throughput per GPU (TFLOP/s/GPU): 187.4 | tokens/sec/GPU: 37953 | learning rate: 3.503451E-05 | global batch size:  1024 | lm loss: 2.503427E+00 | loss scale: 1.0 | grad norm: 0.246 | number of skipped iterations:   0 | number of nan iterations:   0 |
7: [default3]: [2026-05-26 15:13:02.302529] iteration      759/     909 | consumed samples:       777216 | elapsed time per iteration (ms): 1812.1 | throughput per GPU (TFLOP/s/GPU): 357.1 | tokens/sec/GPU: 72332 | learning rate: 3.484168E-05 | global batch size:  1024 | lm loss: 2.510439E+00 | loss scale: 1.0 | grad norm: 0.252 | number of skipped iterations:   0 | number of nan iterations:   0 |
7: [default3]: [2026-05-26 15:13:04.896821] iteration      760/     909 | consumed samples:       778240 | elapsed time per iteration (ms): 2593.6 | throughput per GPU (TFLOP/s/GPU): 249.5 | tokens/sec/GPU: 50536 | learning rate: 3.464999E-05 | global batch size:  1024 | lm loss: 2.507599E+00 | loss scale: 1.0 | grad norm: 0.249 | number of skipped iterations:   0 | number of nan iterations:   0 |
7: [default3]: [2026-05-26 15:13:06.705578] iteration      761/     909 | consumed samples:       779264 | elapsed time per iteration (ms): 1808.5 | throughput per GPU (TFLOP/s/GPU): 357.8 | tokens/sec/GPU: 72475 | learning rate: 3.445943E-05 | global batch size:  1024 | lm loss: 2.479072E+00 | loss scale: 1.0 | grad norm: 0.235 | number of skipped iterations:   0 | number of nan iterations:   0 |
7: [default3]: [2026-05-26 15:13:08.516500] iteration      762/     909 | consumed samples:       780288 | elapsed time per iteration (ms): 1810.8 | throughput per GPU (TFLOP/s/GPU): 357.4 | tokens/sec/GPU: 72385 | learning rate: 3.427001E-05 | global batch size:  1024 | lm loss: 2.503835E+00 | loss scale: 1.0 | grad norm: 0.245 | number of skipped iterations:   0 | number of nan iterations:   0 |
7: [default3]: [2026-05-26 15:13:10.322359] iteration      763/     909 | consumed samples:       781312 | elapsed time per iteration (ms): 1805.6 | throughput per GPU (TFLOP/s/GPU): 358.4 | tokens/sec/GPU: 72590 | learning rate: 3.408173E-05 | global batch size:  1024 | lm loss: 2.547837E+00 | loss scale: 1.0 | grad norm: 0.337 | number of skipped iterations:   0 | number of nan iterations:   0 |
7: [default3]: [2026-05-26 15:13:13.537928] iteration      764/     909 | consumed samples:       782336 | elapsed time per iteration (ms): 3215.3 | throughput per GPU (TFLOP/s/GPU): 201.2 | tokens/sec/GPU: 40765 | learning rate: 3.389460E-05 | global batch size:  1024 | lm loss: 2.510554E+00 | loss scale: 1.0 | grad norm: 0.237 | number of skipped iterations:   0 | number of nan iterations:   0 |
7: [default3]: [2026-05-26 15:13:15.352501] iteration      765/     909 | consumed samples:       783360 | elapsed time per iteration (ms): 1814.3 | throughput per GPU (TFLOP/s/GPU): 356.6 | tokens/sec/GPU: 72242 | learning rate: 3.370862E-05 | global batch size:  1024 | lm loss: 2.505132E+00 | loss scale: 1.0 | grad norm: 0.244 | number of skipped iterations:   0 | number of nan iterations:   0 |
7: [default3]: [2026-05-26 15:13:17.164433] iteration      766/     909 | consumed samples:       784384 | elapsed time per iteration (ms): 1811.7 | throughput per GPU (TFLOP/s/GPU): 357.2 | tokens/sec/GPU: 72346 | learning rate: 3.352378E-05 | global batch size:  1024 | lm loss: 2.540956E+00 | loss scale: 1.0 | grad norm: 0.236 | number of skipped iterations:   0 | number of nan iterations:   0 |
7: [default3]: [2026-05-26 15:13:18.968876] iteration      767/     909 | consumed samples:       785408 | elapsed time per iteration (ms): 1804.3 | throughput per GPU (TFLOP/s/GPU): 358.6 | tokens/sec/GPU: 72646 | learning rate: 3.334010E-05 | global batch size:  1024 | lm loss: 2.512499E+00 | loss scale: 1.0 | grad norm: 0.245 | number of skipped iterations:   0 | number of nan iterations:   0 |
7: [default3]: [2026-05-26 15:13:20.783560] iteration      768/     909 | consumed samples:       786432 | elapsed time per iteration (ms): 1814.5 | throughput per GPU (TFLOP/s/GPU): 356.6 | tokens/sec/GPU: 72237 | learning rate: 3.315758E-05 | global batch size:  1024 | lm loss: 2.463719E+00 | loss scale: 1.0 | grad norm: 0.237 | number of skipped iterations:   0 | number of nan iterations:   0 |
7: [default3]: [2026-05-26 15:13:22.599627] iteration      769/     909 | consumed samples:       787456 | elapsed time per iteration (ms): 1815.8 | throughput per GPU (TFLOP/s/GPU): 356.4 | tokens/sec/GPU: 72183 | learning rate: 3.297621E-05 | global batch size:  1024 | lm loss: 2.561319E+00 | loss scale: 1.0 | grad norm: 0.236 | number of skipped iterations:   0 | number of nan iterations:   0 |
7: [default3]: [2026-05-26 15:13:24.407044] iteration      770/     909 | consumed samples:       788480 | elapsed time per iteration (ms): 1807.2 | throughput per GPU (TFLOP/s/GPU): 358.1 | tokens/sec/GPU: 72529 | learning rate: 3.279600E-05 | global batch size:  1024 | lm loss: 2.525770E+00 | loss scale: 1.0 | grad norm: 0.243 | number of skipped iterations:   0 | number of nan iterations:   0 |
7: [default3]: [2026-05-26 15:13:28.464637] iteration      771/     909 | consumed samples:       789504 | elapsed time per iteration (ms): 4057.3 | throughput per GPU (TFLOP/s/GPU): 159.5 | tokens/sec/GPU: 32305 | learning rate: 3.261696E-05 | global batch size:  1024 | lm loss: 2.495182E+00 | loss scale: 1.0 | grad norm: 0.237 | number of skipped iterations:   0 | number of nan iterations:   0 |
7: [default3]: [2026-05-26 15:13:30.757762] iteration      772/     909 | consumed samples:       790528 | elapsed time per iteration (ms): 2292.9 | throughput per GPU (TFLOP/s/GPU): 282.2 | tokens/sec/GPU: 57164 | learning rate: 3.243909E-05 | global batch size:  1024 | lm loss: 2.505446E+00 | loss scale: 1.0 | grad norm: 0.243 | number of skipped iterations:   0 | number of nan iterations:   0 |
7: [default3]: [2026-05-26 15:13:33.360624] iteration      773/     909 | consumed samples:       791552 | elapsed time per iteration (ms): 2602.7 | throughput per GPU (TFLOP/s/GPU): 248.6 | tokens/sec/GPU: 50361 | learning rate: 3.226239E-05 | global batch size:  1024 | lm loss: 2.473354E+00 | loss scale: 1.0 | grad norm: 0.244 | number of skipped iterations:   0 | number of nan iterations:   0 |
7: [default3]: [2026-05-26 15:13:35.169208] iteration      774/     909 | consumed samples:       792576 | elapsed time per iteration (ms): 1808.0 | throughput per GPU (TFLOP/s/GPU): 357.9 | tokens/sec/GPU: 72494 | learning rate: 3.208685E-05 | global batch size:  1024 | lm loss: 2.478208E+00 | loss scale: 1.0 | grad norm: 0.261 | number of skipped iterations:   0 | number of nan iterations:   0 |
7: [default3]: [2026-05-26 15:13:36.984396] iteration      775/     909 | consumed samples:       793600 | elapsed time per iteration (ms): 1814.9 | throughput per GPU (TFLOP/s/GPU): 356.5 | tokens/sec/GPU: 72219 | learning rate: 3.191250E-05 | global batch size:  1024 | lm loss: 2.499181E+00 | loss scale: 1.0 | grad norm: 0.255 | number of skipped iterations:   0 | number of nan iterations:   0 |
7: [default3]: [2026-05-26 15:13:39.853936] iteration      776/     909 | consumed samples:       794624 | elapsed time per iteration (ms): 2869.5 | throughput per GPU (TFLOP/s/GPU): 225.5 | tokens/sec/GPU: 45678 | learning rate: 3.173932E-05 | global batch size:  1024 | lm loss: 2.487143E+00 | loss scale: 1.0 | grad norm: 0.244 | number of skipped iterations:   0 | number of nan iterations:   0 |
7: [default3]: [2026-05-26 15:13:41.659476] iteration      777/     909 | consumed samples:       795648 | elapsed time per iteration (ms): 1805.4 | throughput per GPU (TFLOP/s/GPU): 358.4 | tokens/sec/GPU: 72602 | learning rate: 3.156732E-05 | global batch size:  1024 | lm loss: 2.479395E+00 | loss scale: 1.0 | grad norm: 0.235 | number of skipped iterations:   0 | number of nan iterations:   0 |
7: [default3]: [2026-05-26 15:13:43.462812] iteration      778/     909 | consumed samples:       796672 | elapsed time per iteration (ms): 1803.1 | throughput per GPU (TFLOP/s/GPU): 358.9 | tokens/sec/GPU: 72693 | learning rate: 3.139650E-05 | global batch size:  1024 | lm loss: 2.515094E+00 | loss scale: 1.0 | grad norm: 0.247 | number of skipped iterations:   0 | number of nan iterations:   0 |
7: [default3]: [2026-05-26 15:13:45.269583] iteration      779/     909 | consumed samples:       797696 | elapsed time per iteration (ms): 1806.5 | throughput per GPU (TFLOP/s/GPU): 358.2 | tokens/sec/GPU: 72554 | learning rate: 3.122687E-05 | global batch size:  1024 | lm loss: 2.469248E+00 | loss scale: 1.0 | grad norm: 0.257 | number of skipped iterations:   0 | number of nan iterations:   0 |
7: [default3]: [2026-05-26 15:13:47.086080] iteration      780/     909 | consumed samples:       798720 | elapsed time per iteration (ms): 1816.3 | throughput per GPU (TFLOP/s/GPU): 356.3 | tokens/sec/GPU: 72164 | learning rate: 3.105843E-05 | global batch size:  1024 | lm loss: 2.507166E+00 | loss scale: 1.0 | grad norm: 0.238 | number of skipped iterations:   0 | number of nan iterations:   0 |
7: [default3]: [2026-05-26 15:13:48.894932] iteration      781/     909 | consumed samples:       799744 | elapsed time per iteration (ms): 1808.6 | throughput per GPU (TFLOP/s/GPU): 357.8 | tokens/sec/GPU: 72471 | learning rate: 3.089118E-05 | global batch size:  1024 | lm loss: 2.514549E+00 | loss scale: 1.0 | grad norm: 0.248 | number of skipped iterations:   0 | number of nan iterations:   0 |
7: [default3]: [2026-05-26 15:13:50.707402] iteration      782/     909 | consumed samples:       800768 | elapsed time per iteration (ms): 1812.3 | throughput per GPU (TFLOP/s/GPU): 357.1 | tokens/sec/GPU: 72325 | learning rate: 3.072512E-05 | global batch size:  1024 | lm loss: 2.521594E+00 | loss scale: 1.0 | grad norm: 0.252 | number of skipped iterations:   0 | number of nan iterations:   0 |
7: [default3]: [2026-05-26 15:13:52.522021] iteration      783/     909 | consumed samples:       801792 | elapsed time per iteration (ms): 1814.4 | throughput per GPU (TFLOP/s/GPU): 356.6 | tokens/sec/GPU: 72239 | learning rate: 3.056026E-05 | global batch size:  1024 | lm loss: 2.503921E+00 | loss scale: 1.0 | grad norm: 0.259 | number of skipped iterations:   0 | number of nan iterations:   0 |
7: [default3]: [2026-05-26 15:13:54.349366] iteration      784/     909 | consumed samples:       802816 | elapsed time per iteration (ms): 1827.1 | throughput per GPU (TFLOP/s/GPU): 354.1 | tokens/sec/GPU: 71736 | learning rate: 3.039659E-05 | global batch size:  1024 | lm loss: 2.474814E+00 | loss scale: 1.0 | grad norm: 0.258 | number of skipped iterations:   0 | number of nan iterations:   0 |
7: [default3]: [2026-05-26 15:13:56.181445] iteration      785/     909 | consumed samples:       803840 | elapsed time per iteration (ms): 1831.8 | throughput per GPU (TFLOP/s/GPU): 353.2 | tokens/sec/GPU: 71554 | learning rate: 3.023412E-05 | global batch size:  1024 | lm loss: 2.494000E+00 | loss scale: 1.0 | grad norm: 0.251 | number of skipped iterations:   0 | number of nan iterations:   0 |
7: [default3]: [2026-05-26 15:13:58.877958] iteration      786/     909 | consumed samples:       804864 | elapsed time per iteration (ms): 2696.3 | throughput per GPU (TFLOP/s/GPU): 240.0 | tokens/sec/GPU: 48611 | learning rate: 3.007286E-05 | global batch size:  1024 | lm loss: 2.517480E+00 | loss scale: 1.0 | grad norm: 0.249 | number of skipped iterations:   0 | number of nan iterations:   0 |
7: [default3]: [2026-05-26 15:14:01.676007] iteration      787/     909 | consumed samples:       805888 | elapsed time per iteration (ms): 2797.9 | throughput per GPU (TFLOP/s/GPU): 231.3 | tokens/sec/GPU: 46847 | learning rate: 2.991280E-05 | global batch size:  1024 | lm loss: 2.520692E+00 | loss scale: 1.0 | grad norm: 0.241 | number of skipped iterations:   0 | number of nan iterations:   0 |
7: [default3]: [2026-05-26 15:14:03.902615] iteration      788/     909 | consumed samples:       806912 | elapsed time per iteration (ms): 2226.4 | throughput per GPU (TFLOP/s/GPU): 290.6 | tokens/sec/GPU: 58871 | learning rate: 2.975395E-05 | global batch size:  1024 | lm loss: 2.476022E+00 | loss scale: 1.0 | grad norm: 0.241 | number of skipped iterations:   0 | number of nan iterations:   0 |
7: [default3]: [2026-05-26 15:14:05.723224] iteration      789/     909 | consumed samples:       807936 | elapsed time per iteration (ms): 1820.4 | throughput per GPU (TFLOP/s/GPU): 355.5 | tokens/sec/GPU: 72003 | learning rate: 2.959631E-05 | global batch size:  1024 | lm loss: 2.498548E+00 | loss scale: 1.0 | grad norm: 0.239 | number of skipped iterations:   0 | number of nan iterations:   0 |
7: [default3]: [2026-05-26 15:14:07.527148] iteration      790/     909 | consumed samples:       808960 | elapsed time per iteration (ms): 1803.7 | throughput per GPU (TFLOP/s/GPU): 358.7 | tokens/sec/GPU: 72668 | learning rate: 2.943989E-05 | global batch size:  1024 | lm loss: 2.519385E+00 | loss scale: 1.0 | grad norm: 0.243 | number of skipped iterations:   0 | number of nan iterations:   0 |
7: [default3]: [2026-05-26 15:14:09.344120] iteration      791/     909 | consumed samples:       809984 | elapsed time per iteration (ms): 1816.8 | throughput per GPU (TFLOP/s/GPU): 356.2 | tokens/sec/GPU: 72145 | learning rate: 2.928467E-05 | global batch size:  1024 | lm loss: 2.489207E+00 | loss scale: 1.0 | grad norm: 0.243 | number of skipped iterations:   0 | number of nan iterations:   0 |
7: [default3]: [2026-05-26 15:14:11.156366] iteration      792/     909 | consumed samples:       811008 | elapsed time per iteration (ms): 1812.0 | throughput per GPU (TFLOP/s/GPU): 357.1 | tokens/sec/GPU: 72335 | learning rate: 2.913068E-05 | global batch size:  1024 | lm loss: 2.497067E+00 | loss scale: 1.0 | grad norm: 0.248 | number of skipped iterations:   0 | number of nan iterations:   0 |
7: [default3]: [2026-05-26 15:14:12.985613] iteration      793/     909 | consumed samples:       812032 | elapsed time per iteration (ms): 1829.0 | throughput per GPU (TFLOP/s/GPU): 353.8 | tokens/sec/GPU: 71663 | learning rate: 2.897790E-05 | global batch size:  1024 | lm loss: 2.503398E+00 | loss scale: 1.0 | grad norm: 0.260 | number of skipped iterations:   0 | number of nan iterations:   0 |
7: [default3]: [2026-05-26 15:14:14.801123] iteration      794/     909 | consumed samples:       813056 | elapsed time per iteration (ms): 1815.3 | throughput per GPU (TFLOP/s/GPU): 356.5 | tokens/sec/GPU: 72205 | learning rate: 2.882635E-05 | global batch size:  1024 | lm loss: 2.512996E+00 | loss scale: 1.0 | grad norm: 0.254 | number of skipped iterations:   0 | number of nan iterations:   0 |
7: [default3]: [2026-05-26 15:14:16.616414] iteration      795/     909 | consumed samples:       814080 | elapsed time per iteration (ms): 1814.8 | throughput per GPU (TFLOP/s/GPU): 356.6 | tokens/sec/GPU: 72225 | learning rate: 2.867602E-05 | global batch size:  1024 | lm loss: 2.504003E+00 | loss scale: 1.0 | grad norm: 0.233 | number of skipped iterations:   0 | number of nan iterations:   0 |
7: [default3]: [2026-05-26 15:14:18.421783] iteration      796/     909 | consumed samples:       815104 | elapsed time per iteration (ms): 1805.3 | throughput per GPU (TFLOP/s/GPU): 358.4 | tokens/sec/GPU: 72604 | learning rate: 2.852692E-05 | global batch size:  1024 | lm loss: 2.506825E+00 | loss scale: 1.0 | grad norm: 0.256 | number of skipped iterations:   0 | number of nan iterations:   0 |
7: [default3]: [2026-05-26 15:14:20.240634] iteration      797/     909 | consumed samples:       816128 | elapsed time per iteration (ms): 1818.6 | throughput per GPU (TFLOP/s/GPU): 355.8 | tokens/sec/GPU: 72071 | learning rate: 2.837904E-05 | global batch size:  1024 | lm loss: 2.515721E+00 | loss scale: 1.0 | grad norm: 0.246 | number of skipped iterations:   0 | number of nan iterations:   0 |
7: [default3]: [2026-05-26 15:14:22.063294] iteration      798/     909 | consumed samples:       817152 | elapsed time per iteration (ms): 1822.5 | throughput per GPU (TFLOP/s/GPU): 355.1 | tokens/sec/GPU: 71921 | learning rate: 2.823240E-05 | global batch size:  1024 | lm loss: 2.491890E+00 | loss scale: 1.0 | grad norm: 0.241 | number of skipped iterations:   0 | number of nan iterations:   0 |
7: [default3]: [2026-05-26 15:14:23.880347] iteration      799/     909 | consumed samples:       818176 | elapsed time per iteration (ms): 1816.8 | throughput per GPU (TFLOP/s/GPU): 356.2 | tokens/sec/GPU: 72143 | learning rate: 2.808699E-05 | global batch size:  1024 | lm loss: 2.471897E+00 | loss scale: 1.0 | grad norm: 0.235 | number of skipped iterations:   0 | number of nan iterations:   0 |
7: [default3]: [2026-05-26 15:14:25.699742] iteration      800/     909 | consumed samples:       819200 | elapsed time per iteration (ms): 1819.1 | throughput per GPU (TFLOP/s/GPU): 355.7 | tokens/sec/GPU: 72052 | learning rate: 2.794281E-05 | global batch size:  1024 | lm loss: 2.531585E+00 | loss scale: 1.0 | grad norm: 0.253 | number of skipped iterations:   0 | number of nan iterations:   0 |
7: [default3]: [2026-05-26 15:14:28.087814] iteration      801/     909 | consumed samples:       820224 | elapsed time per iteration (ms): 2387.9 | throughput per GPU (TFLOP/s/GPU): 271.0 | tokens/sec/GPU: 54891 | learning rate: 2.779987E-05 | global batch size:  1024 | lm loss: 2.483289E+00 | loss scale: 1.0 | grad norm: 0.236 | number of skipped iterations:   0 | number of nan iterations:   0 |
7: [default3]: [2026-05-26 15:14:29.907315] iteration      802/     909 | consumed samples:       821248 | elapsed time per iteration (ms): 1819.3 | throughput per GPU (TFLOP/s/GPU): 355.7 | tokens/sec/GPU: 72047 | learning rate: 2.765818E-05 | global batch size:  1024 | lm loss: 2.505031E+00 | loss scale: 1.0 | grad norm: 0.240 | number of skipped iterations:   0 | number of nan iterations:   0 |
7: [default3]: [2026-05-26 15:14:31.727740] iteration      803/     909 | consumed samples:       822272 | elapsed time per iteration (ms): 1820.2 | throughput per GPU (TFLOP/s/GPU): 355.5 | tokens/sec/GPU: 72009 | learning rate: 2.751772E-05 | global batch size:  1024 | lm loss: 2.493616E+00 | loss scale: 1.0 | grad norm: 0.246 | number of skipped iterations:   0 | number of nan iterations:   0 |
7: [default3]: [2026-05-26 15:14:33.549474] iteration      804/     909 | consumed samples:       823296 | elapsed time per iteration (ms): 1821.5 | throughput per GPU (TFLOP/s/GPU): 355.2 | tokens/sec/GPU: 71958 | learning rate: 2.737850E-05 | global batch size:  1024 | lm loss: 2.516654E+00 | loss scale: 1.0 | grad norm: 0.237 | number of skipped iterations:   0 | number of nan iterations:   0 |
7: [default3]: [2026-05-26 15:14:35.360019] iteration      805/     909 | consumed samples:       824320 | elapsed time per iteration (ms): 1810.4 | throughput per GPU (TFLOP/s/GPU): 357.4 | tokens/sec/GPU: 72401 | learning rate: 2.724054E-05 | global batch size:  1024 | lm loss: 2.503847E+00 | loss scale: 1.0 | grad norm: 0.236 | number of skipped iterations:   0 | number of nan iterations:   0 |
7: [default3]: [2026-05-26 15:14:37.165402] iteration      806/     909 | consumed samples:       825344 | elapsed time per iteration (ms): 1805.2 | throughput per GPU (TFLOP/s/GPU): 358.5 | tokens/sec/GPU: 72608 | learning rate: 2.710382E-05 | global batch size:  1024 | lm loss: 2.509076E+00 | loss scale: 1.0 | grad norm: 0.241 | number of skipped iterations:   0 | number of nan iterations:   0 |
7: [default3]: [2026-05-26 15:14:38.981528] iteration      807/     909 | consumed samples:       826368 | elapsed time per iteration (ms): 1815.9 | throughput per GPU (TFLOP/s/GPU): 356.3 | tokens/sec/GPU: 72181 | learning rate: 2.696835E-05 | global batch size:  1024 | lm loss: 2.528944E+00 | loss scale: 1.0 | grad norm: 0.256 | number of skipped iterations:   0 | number of nan iterations:   0 |
7: [default3]: [2026-05-26 15:14:41.134004] iteration      808/     909 | consumed samples:       827392 | elapsed time per iteration (ms): 2151.9 | throughput per GPU (TFLOP/s/GPU): 300.7 | tokens/sec/GPU: 60909 | learning rate: 2.683413E-05 | global batch size:  1024 | lm loss: 2.482824E+00 | loss scale: 1.0 | grad norm: 0.604 | number of skipped iterations:   0 | number of nan iterations:   0 |
7: [default3]: [2026-05-26 15:14:42.953142] iteration      809/     909 | consumed samples:       828416 | elapsed time per iteration (ms): 1818.9 | throughput per GPU (TFLOP/s/GPU): 355.8 | tokens/sec/GPU: 72063 | learning rate: 2.670117E-05 | global batch size:  1024 | lm loss: 2.496602E+00 | loss scale: 1.0 | grad norm: 0.268 | number of skipped iterations:   0 | number of nan iterations:   0 |
7: [default3]: [2026-05-26 15:14:45.096782] iteration      810/     909 | consumed samples:       829440 | elapsed time per iteration (ms): 2143.2 | throughput per GPU (TFLOP/s/GPU): 301.9 | tokens/sec/GPU: 61158 | learning rate: 2.656946E-05 | global batch size:  1024 | lm loss: 2.488948E+00 | loss scale: 1.0 | grad norm: 0.256 | number of skipped iterations:   0 | number of nan iterations:   0 |
7: [default3]: [2026-05-26 15:14:46.912320] iteration      811/     909 | consumed samples:       830464 | elapsed time per iteration (ms): 1815.3 | throughput per GPU (TFLOP/s/GPU): 356.5 | tokens/sec/GPU: 72202 | learning rate: 2.643902E-05 | global batch size:  1024 | lm loss: 2.491621E+00 | loss scale: 1.0 | grad norm: 0.241 | number of skipped iterations:   0 | number of nan iterations:   0 |
7: [default3]: [2026-05-26 15:14:48.730341] iteration      812/     909 | consumed samples:       831488 | elapsed time per iteration (ms): 1817.6 | throughput per GPU (TFLOP/s/GPU): 356.0 | tokens/sec/GPU: 72114 | learning rate: 2.630983E-05 | global batch size:  1024 | lm loss: 2.508382E+00 | loss scale: 1.0 | grad norm: 0.238 | number of skipped iterations:   0 | number of nan iterations:   0 |
7: [default3]: [2026-05-26 15:14:50.559551] iteration      813/     909 | consumed samples:       832512 | elapsed time per iteration (ms): 1829.0 | throughput per GPU (TFLOP/s/GPU): 353.8 | tokens/sec/GPU: 71663 | learning rate: 2.618190E-05 | global batch size:  1024 | lm loss: 2.459246E+00 | loss scale: 1.0 | grad norm: 0.235 | number of skipped iterations:   0 | number of nan iterations:   0 |
7: [default3]: [2026-05-26 15:14:52.367570] iteration      814/     909 | consumed samples:       833536 | elapsed time per iteration (ms): 1807.6 | throughput per GPU (TFLOP/s/GPU): 358.0 | tokens/sec/GPU: 72513 | learning rate: 2.605524E-05 | global batch size:  1024 | lm loss: 2.494659E+00 | loss scale: 1.0 | grad norm: 0.240 | number of skipped iterations:   0 | number of nan iterations:   0 |
7: [default3]: [2026-05-26 15:14:54.180059] iteration      815/     909 | consumed samples:       834560 | elapsed time per iteration (ms): 1812.3 | throughput per GPU (TFLOP/s/GPU): 357.0 | tokens/sec/GPU: 72322 | learning rate: 2.592984E-05 | global batch size:  1024 | lm loss: 2.492563E+00 | loss scale: 1.0 | grad norm: 0.231 | number of skipped iterations:   0 | number of nan iterations:   0 |
7: [default3]: [2026-05-26 15:14:55.986541] iteration      816/     909 | consumed samples:       835584 | elapsed time per iteration (ms): 1806.3 | throughput per GPU (TFLOP/s/GPU): 358.2 | tokens/sec/GPU: 72564 | learning rate: 2.580571E-05 | global batch size:  1024 | lm loss: 2.532799E+00 | loss scale: 1.0 | grad norm: 0.239 | number of skipped iterations:   0 | number of nan iterations:   0 |
7: [default3]: [2026-05-26 15:14:57.799052] iteration      817/     909 | consumed samples:       836608 | elapsed time per iteration (ms): 1812.3 | throughput per GPU (TFLOP/s/GPU): 357.0 | tokens/sec/GPU: 72324 | learning rate: 2.568286E-05 | global batch size:  1024 | lm loss: 2.517690E+00 | loss scale: 1.0 | grad norm: 0.242 | number of skipped iterations:   0 | number of nan iterations:   0 |
7: [default3]: [2026-05-26 15:14:59.618531] iteration      818/     909 | consumed samples:       837632 | elapsed time per iteration (ms): 1819.3 | throughput per GPU (TFLOP/s/GPU): 355.7 | tokens/sec/GPU: 72047 | learning rate: 2.556127E-05 | global batch size:  1024 | lm loss: 2.500312E+00 | loss scale: 1.0 | grad norm: 0.257 | number of skipped iterations:   0 | number of nan iterations:   0 |
7: [default3]: [2026-05-26 15:15:01.426710] iteration      819/     909 | consumed samples:       838656 | elapsed time per iteration (ms): 1807.7 | throughput per GPU (TFLOP/s/GPU): 358.0 | tokens/sec/GPU: 72507 | learning rate: 2.544095E-05 | global batch size:  1024 | lm loss: 2.511965E+00 | loss scale: 1.0 | grad norm: 0.251 | number of skipped iterations:   0 | number of nan iterations:   0 |
7: [default3]: [2026-05-26 15:15:03.240457] iteration      820/     909 | consumed samples:       839680 | elapsed time per iteration (ms): 1813.7 | throughput per GPU (TFLOP/s/GPU): 356.8 | tokens/sec/GPU: 72269 | learning rate: 2.532192E-05 | global batch size:  1024 | lm loss: 2.497950E+00 | loss scale: 1.0 | grad norm: 0.239 | number of skipped iterations:   0 | number of nan iterations:   0 |
7: [default3]: [2026-05-26 15:15:05.054390] iteration      821/     909 | consumed samples:       840704 | elapsed time per iteration (ms): 1813.8 | throughput per GPU (TFLOP/s/GPU): 356.8 | tokens/sec/GPU: 72266 | learning rate: 2.520415E-05 | global batch size:  1024 | lm loss: 2.468295E+00 | loss scale: 1.0 | grad norm: 0.259 | number of skipped iterations:   0 | number of nan iterations:   0 |
7: [default3]: [2026-05-26 15:15:06.867057] iteration      822/     909 | consumed samples:       841728 | elapsed time per iteration (ms): 1811.8 | throughput per GPU (TFLOP/s/GPU): 357.1 | tokens/sec/GPU: 72343 | learning rate: 2.508767E-05 | global batch size:  1024 | lm loss: 2.488467E+00 | loss scale: 1.0 | grad norm: 0.280 | number of skipped iterations:   0 | number of nan iterations:   0 |
7: [default3]: [2026-05-26 15:15:08.678356] iteration      823/     909 | consumed samples:       842752 | elapsed time per iteration (ms): 1811.1 | throughput per GPU (TFLOP/s/GPU): 357.3 | tokens/sec/GPU: 72372 | learning rate: 2.497247E-05 | global batch size:  1024 | lm loss: 2.496543E+00 | loss scale: 1.0 | grad norm: 0.259 | number of skipped iterations:   0 | number of nan iterations:   0 |
7: [default3]: [2026-05-26 15:15:10.487415] iteration      824/     909 | consumed samples:       843776 | elapsed time per iteration (ms): 1808.8 | throughput per GPU (TFLOP/s/GPU): 357.7 | tokens/sec/GPU: 72462 | learning rate: 2.485855E-05 | global batch size:  1024 | lm loss: 2.518571E+00 | loss scale: 1.0 | grad norm: 0.233 | number of skipped iterations:   0 | number of nan iterations:   0 |
7: [default3]: [2026-05-26 15:15:12.302590] iteration      825/     909 | consumed samples:       844800 | elapsed time per iteration (ms): 1814.7 | throughput per GPU (TFLOP/s/GPU): 356.6 | tokens/sec/GPU: 72227 | learning rate: 2.474591E-05 | global batch size:  1024 | lm loss: 2.484772E+00 | loss scale: 1.0 | grad norm: 0.261 | number of skipped iterations:   0 | number of nan iterations:   0 |
7: [default3]: [2026-05-26 15:15:14.118333] iteration      826/     909 | consumed samples:       845824 | elapsed time per iteration (ms): 1815.2 | throughput per GPU (TFLOP/s/GPU): 356.5 | tokens/sec/GPU: 72207 | learning rate: 2.463456E-05 | global batch size:  1024 | lm loss: 2.498097E+00 | loss scale: 1.0 | grad norm: 0.288 | number of skipped iterations:   0 | number of nan iterations:   0 |
7: [default3]: [2026-05-26 15:15:15.922297] iteration      827/     909 | consumed samples:       846848 | elapsed time per iteration (ms): 1803.7 | throughput per GPU (TFLOP/s/GPU): 358.8 | tokens/sec/GPU: 72669 | learning rate: 2.452450E-05 | global batch size:  1024 | lm loss: 2.504962E+00 | loss scale: 1.0 | grad norm: 0.257 | number of skipped iterations:   0 | number of nan iterations:   0 |
7: [default3]: [2026-05-26 15:15:17.734836] iteration      828/     909 | consumed samples:       847872 | elapsed time per iteration (ms): 1812.3 | throughput per GPU (TFLOP/s/GPU): 357.1 | tokens/sec/GPU: 72325 | learning rate: 2.441572E-05 | global batch size:  1024 | lm loss: 2.465296E+00 | loss scale: 1.0 | grad norm: 0.242 | number of skipped iterations:   0 | number of nan iterations:   0 |
7: [default3]: [2026-05-26 15:15:19.554918] iteration      829/     909 | consumed samples:       848896 | elapsed time per iteration (ms): 1819.9 | throughput per GPU (TFLOP/s/GPU): 355.6 | tokens/sec/GPU: 72021 | learning rate: 2.430824E-05 | global batch size:  1024 | lm loss: 2.512096E+00 | loss scale: 1.0 | grad norm: 0.276 | number of skipped iterations:   0 | number of nan iterations:   0 |
7: [default3]: [2026-05-26 15:15:22.245454] iteration      830/     909 | consumed samples:       849920 | elapsed time per iteration (ms): 2690.3 | throughput per GPU (TFLOP/s/GPU): 240.5 | tokens/sec/GPU: 48719 | learning rate: 2.420204E-05 | global batch size:  1024 | lm loss: 2.481292E+00 | loss scale: 1.0 | grad norm: 0.277 | number of skipped iterations:   0 | number of nan iterations:   0 |
7: [default3]: [2026-05-26 15:15:24.052011] iteration      831/     909 | consumed samples:       850944 | elapsed time per iteration (ms): 1806.3 | throughput per GPU (TFLOP/s/GPU): 358.2 | tokens/sec/GPU: 72562 | learning rate: 2.409715E-05 | global batch size:  1024 | lm loss: 2.435722E+00 | loss scale: 1.0 | grad norm: 0.226 | number of skipped iterations:   0 | number of nan iterations:   0 |
7: [default3]: [2026-05-26 15:15:26.302220] iteration      832/     909 | consumed samples:       851968 | elapsed time per iteration (ms): 2250.0 | throughput per GPU (TFLOP/s/GPU): 287.6 | tokens/sec/GPU: 58254 | learning rate: 2.399354E-05 | global batch size:  1024 | lm loss: 2.487399E+00 | loss scale: 1.0 | grad norm: 0.279 | number of skipped iterations:   0 | number of nan iterations:   0 |
7: [default3]: [2026-05-26 15:15:29.272298] iteration      833/     909 | consumed samples:       852992 | elapsed time per iteration (ms): 2969.8 | throughput per GPU (TFLOP/s/GPU): 217.9 | tokens/sec/GPU: 44135 | learning rate: 2.389124E-05 | global batch size:  1024 | lm loss: 2.512559E+00 | loss scale: 1.0 | grad norm: 0.296 | number of skipped iterations:   0 | number of nan iterations:   0 |
7: [default3]: [2026-05-26 15:15:31.081341] iteration      834/     909 | consumed samples:       854016 | elapsed time per iteration (ms): 1808.9 | throughput per GPU (TFLOP/s/GPU): 357.7 | tokens/sec/GPU: 72461 | learning rate: 2.379023E-05 | global batch size:  1024 | lm loss: 2.497959E+00 | loss scale: 1.0 | grad norm: 0.240 | number of skipped iterations:   0 | number of nan iterations:   0 |
7: [default3]: [2026-05-26 15:15:33.350896] iteration      835/     909 | consumed samples:       855040 | elapsed time per iteration (ms): 2269.3 | throughput per GPU (TFLOP/s/GPU): 285.1 | tokens/sec/GPU: 57758 | learning rate: 2.369052E-05 | global batch size:  1024 | lm loss: 2.498526E+00 | loss scale: 1.0 | grad norm: 0.240 | number of skipped iterations:   0 | number of nan iterations:   0 |
7: [default3]: [2026-05-26 15:15:35.164914] iteration      836/     909 | consumed samples:       856064 | elapsed time per iteration (ms): 1813.7 | throughput per GPU (TFLOP/s/GPU): 356.8 | tokens/sec/GPU: 72269 | learning rate: 2.359212E-05 | global batch size:  1024 | lm loss: 2.482291E+00 | loss scale: 1.0 | grad norm: 0.275 | number of skipped iterations:   0 | number of nan iterations:   0 |
7: [default3]: [2026-05-26 15:15:36.974554] iteration      837/     909 | consumed samples:       857088 | elapsed time per iteration (ms): 1809.2 | throughput per GPU (TFLOP/s/GPU): 357.7 | tokens/sec/GPU: 72449 | learning rate: 2.349501E-05 | global batch size:  1024 | lm loss: 2.497425E+00 | loss scale: 1.0 | grad norm: 0.233 | number of skipped iterations:   0 | number of nan iterations:   0 |
7: [default3]: [2026-05-26 15:15:38.786164] iteration      838/     909 | consumed samples:       858112 | elapsed time per iteration (ms): 1811.4 | throughput per GPU (TFLOP/s/GPU): 357.2 | tokens/sec/GPU: 72361 | learning rate: 2.339922E-05 | global batch size:  1024 | lm loss: 2.475452E+00 | loss scale: 1.0 | grad norm: 0.243 | number of skipped iterations:   0 | number of nan iterations:   0 |
7: [default3]: [2026-05-26 15:15:40.597718] iteration      839/     909 | consumed samples:       859136 | elapsed time per iteration (ms): 1811.4 | throughput per GPU (TFLOP/s/GPU): 357.2 | tokens/sec/GPU: 72361 | learning rate: 2.330472E-05 | global batch size:  1024 | lm loss: 2.507983E+00 | loss scale: 1.0 | grad norm: 0.241 | number of skipped iterations:   0 | number of nan iterations:   0 |
7: [default3]: [2026-05-26 15:15:42.405526] iteration      840/     909 | consumed samples:       860160 | elapsed time per iteration (ms): 1806.8 | throughput per GPU (TFLOP/s/GPU): 358.1 | tokens/sec/GPU: 72545 | learning rate: 2.321154E-05 | global batch size:  1024 | lm loss: 2.481075E+00 | loss scale: 1.0 | grad norm: 0.228 | number of skipped iterations:   0 | number of nan iterations:   0 |
7: [default3]: [2026-05-26 15:15:44.221721] iteration      841/     909 | consumed samples:       861184 | elapsed time per iteration (ms): 1815.9 | throughput per GPU (TFLOP/s/GPU): 356.3 | tokens/sec/GPU: 72180 | learning rate: 2.311966E-05 | global batch size:  1024 | lm loss: 2.500815E+00 | loss scale: 1.0 | grad norm: 0.251 | number of skipped iterations:   0 | number of nan iterations:   0 |
7: [default3]: [2026-05-26 15:15:46.034867] iteration      842/     909 | consumed samples:       862208 | elapsed time per iteration (ms): 1812.9 | throughput per GPU (TFLOP/s/GPU): 356.9 | tokens/sec/GPU: 72298 | learning rate: 2.302910E-05 | global batch size:  1024 | lm loss: 2.494143E+00 | loss scale: 1.0 | grad norm: 0.235 | number of skipped iterations:   0 | number of nan iterations:   0 |
7: [default3]: [2026-05-26 15:15:47.848715] iteration      843/     909 | consumed samples:       863232 | elapsed time per iteration (ms): 1813.6 | throughput per GPU (TFLOP/s/GPU): 356.8 | tokens/sec/GPU: 72270 | learning rate: 2.293984E-05 | global batch size:  1024 | lm loss: 2.494066E+00 | loss scale: 1.0 | grad norm: 0.242 | number of skipped iterations:   0 | number of nan iterations:   0 |
7: [default3]: [2026-05-26 15:15:49.672306] iteration      844/     909 | consumed samples:       864256 | elapsed time per iteration (ms): 1823.4 | throughput per GPU (TFLOP/s/GPU): 354.9 | tokens/sec/GPU: 71883 | learning rate: 2.285190E-05 | global batch size:  1024 | lm loss: 2.498239E+00 | loss scale: 1.0 | grad norm: 0.238 | number of skipped iterations:   0 | number of nan iterations:   0 |
7: [default3]: [2026-05-26 15:15:51.501435] iteration      845/     909 | consumed samples:       865280 | elapsed time per iteration (ms): 1828.9 | throughput per GPU (TFLOP/s/GPU): 353.8 | tokens/sec/GPU: 71668 | learning rate: 2.276528E-05 | global batch size:  1024 | lm loss: 2.493700E+00 | loss scale: 1.0 | grad norm: 0.231 | number of skipped iterations:   0 | number of nan iterations:   0 |
7: [default3]: [2026-05-26 15:15:53.316305] iteration      846/     909 | consumed samples:       866304 | elapsed time per iteration (ms): 1814.7 | throughput per GPU (TFLOP/s/GPU): 356.6 | tokens/sec/GPU: 72230 | learning rate: 2.267997E-05 | global batch size:  1024 | lm loss: 2.478092E+00 | loss scale: 1.0 | grad norm: 0.238 | number of skipped iterations:   0 | number of nan iterations:   0 |
7: [default3]: [2026-05-26 15:15:55.128107] iteration      847/     909 | consumed samples:       867328 | elapsed time per iteration (ms): 1811.6 | throughput per GPU (TFLOP/s/GPU): 357.2 | tokens/sec/GPU: 72351 | learning rate: 2.259597E-05 | global batch size:  1024 | lm loss: 2.465444E+00 | loss scale: 1.0 | grad norm: 0.229 | number of skipped iterations:   0 | number of nan iterations:   0 |
7: [default3]: [2026-05-26 15:15:56.951216] iteration      848/     909 | consumed samples:       868352 | elapsed time per iteration (ms): 1822.9 | throughput per GPU (TFLOP/s/GPU): 355.0 | tokens/sec/GPU: 71903 | learning rate: 2.251329E-05 | global batch size:  1024 | lm loss: 2.495262E+00 | loss scale: 1.0 | grad norm: 0.234 | number of skipped iterations:   0 | number of nan iterations:   0 |
7: [default3]: [2026-05-26 15:15:58.751438] iteration      849/     909 | consumed samples:       869376 | elapsed time per iteration (ms): 1799.9 | throughput per GPU (TFLOP/s/GPU): 359.5 | tokens/sec/GPU: 72822 | learning rate: 2.243194E-05 | global batch size:  1024 | lm loss: 2.520459E+00 | loss scale: 1.0 | grad norm: 0.242 | number of skipped iterations:   0 | number of nan iterations:   0 |
7: [default3]: [2026-05-26 15:16:00.567271] iteration      850/     909 | consumed samples:       870400 | elapsed time per iteration (ms): 1815.6 | throughput per GPU (TFLOP/s/GPU): 356.4 | tokens/sec/GPU: 72190 | learning rate: 2.235190E-05 | global batch size:  1024 | lm loss: 2.466433E+00 | loss scale: 1.0 | grad norm: 0.249 | number of skipped iterations:   0 | number of nan iterations:   0 |
7: [default3]: [2026-05-26 15:16:02.964013] iteration      851/     909 | consumed samples:       871424 | elapsed time per iteration (ms): 2396.5 | throughput per GPU (TFLOP/s/GPU): 270.0 | tokens/sec/GPU: 54694 | learning rate: 2.227318E-05 | global batch size:  1024 | lm loss: 2.460176E+00 | loss scale: 1.0 | grad norm: 0.253 | number of skipped iterations:   0 | number of nan iterations:   0 |
7: [default3]: [2026-05-26 15:16:04.766110] iteration      852/     909 | consumed samples:       872448 | elapsed time per iteration (ms): 1801.9 | throughput per GPU (TFLOP/s/GPU): 359.1 | tokens/sec/GPU: 72742 | learning rate: 2.219579E-05 | global batch size:  1024 | lm loss: 2.504160E+00 | loss scale: 1.0 | grad norm: 0.232 | number of skipped iterations:   0 | number of nan iterations:   0 |
7: [default3]: [2026-05-26 15:16:06.579181] iteration      853/     909 | consumed samples:       873472 | elapsed time per iteration (ms): 1812.8 | throughput per GPU (TFLOP/s/GPU): 357.0 | tokens/sec/GPU: 72304 | learning rate: 2.211972E-05 | global batch size:  1024 | lm loss: 2.478698E+00 | loss scale: 1.0 | grad norm: 0.244 | number of skipped iterations:   0 | number of nan iterations:   0 |
7: [default3]: [2026-05-26 15:16:08.397054] iteration      854/     909 | consumed samples:       874496 | elapsed time per iteration (ms): 1817.6 | throughput per GPU (TFLOP/s/GPU): 356.0 | tokens/sec/GPU: 72112 | learning rate: 2.204498E-05 | global batch size:  1024 | lm loss: 2.470639E+00 | loss scale: 1.0 | grad norm: 0.253 | number of skipped iterations:   0 | number of nan iterations:   0 |
7: [default3]: [2026-05-26 15:16:10.209079] iteration      855/     909 | consumed samples:       875520 | elapsed time per iteration (ms): 1811.5 | throughput per GPU (TFLOP/s/GPU): 357.2 | tokens/sec/GPU: 72354 | learning rate: 2.197156E-05 | global batch size:  1024 | lm loss: 2.477557E+00 | loss scale: 1.0 | grad norm: 0.253 | number of skipped iterations:   0 | number of nan iterations:   0 |
7: [default3]: [2026-05-26 15:16:12.030060] iteration      856/     909 | consumed samples:       876544 | elapsed time per iteration (ms): 1820.8 | throughput per GPU (TFLOP/s/GPU): 355.4 | tokens/sec/GPU: 71987 | learning rate: 2.189947E-05 | global batch size:  1024 | lm loss: 2.497087E+00 | loss scale: 1.0 | grad norm: 0.228 | number of skipped iterations:   0 | number of nan iterations:   0 |
7: [default3]: [2026-05-26 15:16:13.848365] iteration      857/     909 | consumed samples:       877568 | elapsed time per iteration (ms): 1817.3 | throughput per GPU (TFLOP/s/GPU): 356.1 | tokens/sec/GPU: 72124 | learning rate: 2.182871E-05 | global batch size:  1024 | lm loss: 2.503857E+00 | loss scale: 1.0 | grad norm: 0.235 | number of skipped iterations:   0 | number of nan iterations:   0 |
7: [default3]: [2026-05-26 15:16:15.672106] iteration      858/     909 | consumed samples:       878592 | elapsed time per iteration (ms): 1823.4 | throughput per GPU (TFLOP/s/GPU): 354.9 | tokens/sec/GPU: 71884 | learning rate: 2.175928E-05 | global batch size:  1024 | lm loss: 2.447273E+00 | loss scale: 1.0 | grad norm: 0.243 | number of skipped iterations:   0 | number of nan iterations:   0 |
7: [default3]: [2026-05-26 15:16:17.488212] iteration      859/     909 | consumed samples:       879616 | elapsed time per iteration (ms): 1815.9 | throughput per GPU (TFLOP/s/GPU): 356.3 | tokens/sec/GPU: 72179 | learning rate: 2.169118E-05 | global batch size:  1024 | lm loss: 2.492305E+00 | loss scale: 1.0 | grad norm: 0.235 | number of skipped iterations:   0 | number of nan iterations:   0 |
7: [default3]: [2026-05-26 15:16:19.307597] iteration      860/     909 | consumed samples:       880640 | elapsed time per iteration (ms): 1818.8 | throughput per GPU (TFLOP/s/GPU): 355.8 | tokens/sec/GPU: 72067 | learning rate: 2.162441E-05 | global batch size:  1024 | lm loss: 2.486381E+00 | loss scale: 1.0 | grad norm: 0.683 | number of skipped iterations:   0 | number of nan iterations:   0 |
7: [default3]: [2026-05-26 15:16:21.114213] iteration      861/     909 | consumed samples:       881664 | elapsed time per iteration (ms): 1806.3 | throughput per GPU (TFLOP/s/GPU): 358.2 | tokens/sec/GPU: 72562 | learning rate: 2.155898E-05 | global batch size:  1024 | lm loss: 2.489332E+00 | loss scale: 1.0 | grad norm: 0.233 | number of skipped iterations:   0 | number of nan iterations:   0 |
7: [default3]: [2026-05-26 15:16:22.928387] iteration      862/     909 | consumed samples:       882688 | elapsed time per iteration (ms): 1813.9 | throughput per GPU (TFLOP/s/GPU): 356.7 | tokens/sec/GPU: 72261 | learning rate: 2.149488E-05 | global batch size:  1024 | lm loss: 2.488319E+00 | loss scale: 1.0 | grad norm: 0.236 | number of skipped iterations:   0 | number of nan iterations:   0 |
7: [default3]: [2026-05-26 15:16:24.730272] iteration      863/     909 | consumed samples:       883712 | elapsed time per iteration (ms): 1801.7 | throughput per GPU (TFLOP/s/GPU): 359.2 | tokens/sec/GPU: 72750 | learning rate: 2.143211E-05 | global batch size:  1024 | lm loss: 2.487613E+00 | loss scale: 1.0 | grad norm: 0.246 | number of skipped iterations:   0 | number of nan iterations:   0 |
7: [default3]: [2026-05-26 15:16:26.526814] iteration      864/     909 | consumed samples:       884736 | elapsed time per iteration (ms): 1795.9 | throughput per GPU (TFLOP/s/GPU): 360.3 | tokens/sec/GPU: 72983 | learning rate: 2.137068E-05 | global batch size:  1024 | lm loss: 2.517345E+00 | loss scale: 1.0 | grad norm: 0.246 | number of skipped iterations:   0 | number of nan iterations:   0 |
7: [default3]: [2026-05-26 15:16:28.330687] iteration      865/     909 | consumed samples:       885760 | elapsed time per iteration (ms): 1803.6 | throughput per GPU (TFLOP/s/GPU): 358.8 | tokens/sec/GPU: 72671 | learning rate: 2.131058E-05 | global batch size:  1024 | lm loss: 2.523672E+00 | loss scale: 1.0 | grad norm: 0.230 | number of skipped iterations:   0 | number of nan iterations:   0 |
7: [default3]: [2026-05-26 15:16:30.111996] iteration      866/     909 | consumed samples:       886784 | elapsed time per iteration (ms): 1781.1 | throughput per GPU (TFLOP/s/GPU): 363.3 | tokens/sec/GPU: 73590 | learning rate: 2.125182E-05 | global batch size:  1024 | lm loss: 2.458553E+00 | loss scale: 1.0 | grad norm: 0.260 | number of skipped iterations:   0 | number of nan iterations:   0 |
7: [default3]: [2026-05-26 15:16:32.915288] iteration      867/     909 | consumed samples:       887808 | elapsed time per iteration (ms): 2803.0 | throughput per GPU (TFLOP/s/GPU): 230.9 | tokens/sec/GPU: 46761 | learning rate: 2.119440E-05 | global batch size:  1024 | lm loss: 2.453681E+00 | loss scale: 1.0 | grad norm: 0.238 | number of skipped iterations:   0 | number of nan iterations:   0 |
7: [default3]: [2026-05-26 15:16:35.695047] iteration      868/     909 | consumed samples:       888832 | elapsed time per iteration (ms): 2779.6 | throughput per GPU (TFLOP/s/GPU): 232.8 | tokens/sec/GPU: 47156 | learning rate: 2.113832E-05 | global batch size:  1024 | lm loss: 2.462441E+00 | loss scale: 1.0 | grad norm: 0.234 | number of skipped iterations:   0 | number of nan iterations:   0 |
7: [default3]: [2026-05-26 15:16:38.637542] iteration      869/     909 | consumed samples:       889856 | elapsed time per iteration (ms): 2941.7 | throughput per GPU (TFLOP/s/GPU): 220.0 | tokens/sec/GPU: 44557 | learning rate: 2.108358E-05 | global batch size:  1024 | lm loss: 2.490104E+00 | loss scale: 1.0 | grad norm: 0.249 | number of skipped iterations:   0 | number of nan iterations:   0 |
7: [default3]: [2026-05-26 15:16:40.448577] iteration      870/     909 | consumed samples:       890880 | elapsed time per iteration (ms): 1810.7 | throughput per GPU (TFLOP/s/GPU): 357.4 | tokens/sec/GPU: 72386 | learning rate: 2.103018E-05 | global batch size:  1024 | lm loss: 2.483028E+00 | loss scale: 1.0 | grad norm: 0.252 | number of skipped iterations:   0 | number of nan iterations:   0 |
7: [default3]: [2026-05-26 15:16:44.045306] iteration      871/     909 | consumed samples:       891904 | elapsed time per iteration (ms): 3596.5 | throughput per GPU (TFLOP/s/GPU): 179.9 | tokens/sec/GPU: 36444 | learning rate: 2.097812E-05 | global batch size:  1024 | lm loss: 2.453523E+00 | loss scale: 1.0 | grad norm: 0.237 | number of skipped iterations:   0 | number of nan iterations:   0 |
7: [default3]: [2026-05-26 15:16:45.858237] iteration      872/     909 | consumed samples:       892928 | elapsed time per iteration (ms): 1812.6 | throughput per GPU (TFLOP/s/GPU): 357.0 | tokens/sec/GPU: 72311 | learning rate: 2.092741E-05 | global batch size:  1024 | lm loss: 2.419666E+00 | loss scale: 1.0 | grad norm: 0.245 | number of skipped iterations:   0 | number of nan iterations:   0 |
7: [default3]: [2026-05-26 15:16:47.666943] iteration      873/     909 | consumed samples:       893952 | elapsed time per iteration (ms): 1808.4 | throughput per GPU (TFLOP/s/GPU): 357.8 | tokens/sec/GPU: 72478 | learning rate: 2.087804E-05 | global batch size:  1024 | lm loss: 2.487548E+00 | loss scale: 1.0 | grad norm: 0.242 | number of skipped iterations:   0 | number of nan iterations:   0 |
7: [default3]: [2026-05-26 15:16:49.468683] iteration      874/     909 | consumed samples:       894976 | elapsed time per iteration (ms): 1801.6 | throughput per GPU (TFLOP/s/GPU): 359.2 | tokens/sec/GPU: 72755 | learning rate: 2.083001E-05 | global batch size:  1024 | lm loss: 2.487456E+00 | loss scale: 1.0 | grad norm: 0.242 | number of skipped iterations:   0 | number of nan iterations:   0 |
7: [default3]: [2026-05-26 15:16:51.274026] iteration      875/     909 | consumed samples:       896000 | elapsed time per iteration (ms): 1805.2 | throughput per GPU (TFLOP/s/GPU): 358.5 | tokens/sec/GPU: 72609 | learning rate: 2.078333E-05 | global batch size:  1024 | lm loss: 2.482103E+00 | loss scale: 1.0 | grad norm: 0.253 | number of skipped iterations:   0 | number of nan iterations:   0 |
7: [default3]: [2026-05-26 15:16:53.091001] iteration      876/     909 | consumed samples:       897024 | elapsed time per iteration (ms): 1816.8 | throughput per GPU (TFLOP/s/GPU): 356.2 | tokens/sec/GPU: 72146 | learning rate: 2.073799E-05 | global batch size:  1024 | lm loss: 2.525743E+00 | loss scale: 1.0 | grad norm: 0.260 | number of skipped iterations:   0 | number of nan iterations:   0 |
7: [default3]: [2026-05-26 15:16:54.908766] iteration      877/     909 | consumed samples:       898048 | elapsed time per iteration (ms): 1817.5 | throughput per GPU (TFLOP/s/GPU): 356.0 | tokens/sec/GPU: 72116 | learning rate: 2.069399E-05 | global batch size:  1024 | lm loss: 2.480553E+00 | loss scale: 1.0 | grad norm: 0.243 | number of skipped iterations:   0 | number of nan iterations:   0 |
7: [default3]: [2026-05-26 15:16:56.720767] iteration      878/     909 | consumed samples:       899072 | elapsed time per iteration (ms): 1811.8 | throughput per GPU (TFLOP/s/GPU): 357.2 | tokens/sec/GPU: 72345 | learning rate: 2.065135E-05 | global batch size:  1024 | lm loss: 2.502954E+00 | loss scale: 1.0 | grad norm: 0.234 | number of skipped iterations:   0 | number of nan iterations:   0 |
7: [default3]: [2026-05-26 15:16:58.531047] iteration      879/     909 | consumed samples:       900096 | elapsed time per iteration (ms): 1810.0 | throughput per GPU (TFLOP/s/GPU): 357.5 | tokens/sec/GPU: 72417 | learning rate: 2.061005E-05 | global batch size:  1024 | lm loss: 2.521338E+00 | loss scale: 1.0 | grad norm: 0.234 | number of skipped iterations:   0 | number of nan iterations:   0 |
7: [default3]: [2026-05-26 15:17:00.337413] iteration      880/     909 | consumed samples:       901120 | elapsed time per iteration (ms): 1806.0 | throughput per GPU (TFLOP/s/GPU): 358.3 | tokens/sec/GPU: 72574 | learning rate: 2.057010E-05 | global batch size:  1024 | lm loss: 2.496310E+00 | loss scale: 1.0 | grad norm: 0.234 | number of skipped iterations:   0 | number of nan iterations:   0 |
7: [default3]: [2026-05-26 15:17:02.803185] iteration      881/     909 | consumed samples:       902144 | elapsed time per iteration (ms): 2465.5 | throughput per GPU (TFLOP/s/GPU): 262.5 | tokens/sec/GPU: 53163 | learning rate: 2.053150E-05 | global batch size:  1024 | lm loss: 2.453110E+00 | loss scale: 1.0 | grad norm: 0.234 | number of skipped iterations:   0 | number of nan iterations:   0 |
7: [default3]: [2026-05-26 15:17:04.617153] iteration      882/     909 | consumed samples:       903168 | elapsed time per iteration (ms): 1813.7 | throughput per GPU (TFLOP/s/GPU): 356.8 | tokens/sec/GPU: 72266 | learning rate: 2.049425E-05 | global batch size:  1024 | lm loss: 2.475229E+00 | loss scale: 1.0 | grad norm: 0.240 | number of skipped iterations:   0 | number of nan iterations:   0 |
7: [default3]: [2026-05-26 15:17:06.418586] iteration      883/     909 | consumed samples:       904192 | elapsed time per iteration (ms): 1801.2 | throughput per GPU (TFLOP/s/GPU): 359.2 | tokens/sec/GPU: 72768 | learning rate: 2.045834E-05 | global batch size:  1024 | lm loss: 2.466482E+00 | loss scale: 1.0 | grad norm: 0.233 | number of skipped iterations:   0 | number of nan iterations:   0 |
7: [default3]: [2026-05-26 15:17:08.236132] iteration      884/     909 | consumed samples:       905216 | elapsed time per iteration (ms): 1817.3 | throughput per GPU (TFLOP/s/GPU): 356.1 | tokens/sec/GPU: 72126 | learning rate: 2.042379E-05 | global batch size:  1024 | lm loss: 2.460771E+00 | loss scale: 1.0 | grad norm: 0.233 | number of skipped iterations:   0 | number of nan iterations:   0 |
7: [default3]: [2026-05-26 15:17:10.039452] iteration      885/     909 | consumed samples:       906240 | elapsed time per iteration (ms): 1803.0 | throughput per GPU (TFLOP/s/GPU): 358.9 | tokens/sec/GPU: 72697 | learning rate: 2.039059E-05 | global batch size:  1024 | lm loss: 2.511985E+00 | loss scale: 1.0 | grad norm: 0.230 | number of skipped iterations:   0 | number of nan iterations:   0 |
7: [default3]: [2026-05-26 15:17:11.859319] iteration      886/     909 | consumed samples:       907264 | elapsed time per iteration (ms): 1819.5 | throughput per GPU (TFLOP/s/GPU): 355.6 | tokens/sec/GPU: 72036 | learning rate: 2.035874E-05 | global batch size:  1024 | lm loss: 2.485145E+00 | loss scale: 1.0 | grad norm: 0.238 | number of skipped iterations:   0 | number of nan iterations:   0 |
7: [default3]: [2026-05-26 15:17:13.670577] iteration      887/     909 | consumed samples:       908288 | elapsed time per iteration (ms): 1810.5 | throughput per GPU (TFLOP/s/GPU): 357.4 | tokens/sec/GPU: 72396 | learning rate: 2.032824E-05 | global batch size:  1024 | lm loss: 2.447692E+00 | loss scale: 1.0 | grad norm: 0.242 | number of skipped iterations:   0 | number of nan iterations:   0 |
7: [default3]: [2026-05-26 15:17:15.485131] iteration      888/     909 | consumed samples:       909312 | elapsed time per iteration (ms): 1814.4 | throughput per GPU (TFLOP/s/GPU): 356.6 | tokens/sec/GPU: 72239 | learning rate: 2.029910E-05 | global batch size:  1024 | lm loss: 2.440864E+00 | loss scale: 1.0 | grad norm: 0.239 | number of skipped iterations:   0 | number of nan iterations:   0 |
7: [default3]: [2026-05-26 15:17:18.015556] iteration      889/     909 | consumed samples:       910336 | elapsed time per iteration (ms): 2529.6 | throughput per GPU (TFLOP/s/GPU): 255.8 | tokens/sec/GPU: 51815 | learning rate: 2.027130E-05 | global batch size:  1024 | lm loss: 2.480604E+00 | loss scale: 1.0 | grad norm: 0.241 | number of skipped iterations:   0 | number of nan iterations:   0 |
7: [default3]: [2026-05-26 15:17:19.834010] iteration      890/     909 | consumed samples:       911360 | elapsed time per iteration (ms): 1818.3 | throughput per GPU (TFLOP/s/GPU): 355.9 | tokens/sec/GPU: 72087 | learning rate: 2.024486E-05 | global batch size:  1024 | lm loss: 2.471783E+00 | loss scale: 1.0 | grad norm: 0.284 | number of skipped iterations:   0 | number of nan iterations:   0 |
7: [default3]: [2026-05-26 15:17:21.652235] iteration      891/     909 | consumed samples:       912384 | elapsed time per iteration (ms): 1818.0 | throughput per GPU (TFLOP/s/GPU): 355.9 | tokens/sec/GPU: 72095 | learning rate: 2.021978E-05 | global batch size:  1024 | lm loss: 2.497273E+00 | loss scale: 1.0 | grad norm: 0.292 | number of skipped iterations:   0 | number of nan iterations:   0 |
7: [default3]: [2026-05-26 15:17:23.464241] iteration      892/     909 | consumed samples:       913408 | elapsed time per iteration (ms): 1811.8 | throughput per GPU (TFLOP/s/GPU): 357.1 | tokens/sec/GPU: 72344 | learning rate: 2.019604E-05 | global batch size:  1024 | lm loss: 2.458488E+00 | loss scale: 1.0 | grad norm: 0.239 | number of skipped iterations:   0 | number of nan iterations:   0 |
7: [default3]: [2026-05-26 15:17:25.281530] iteration      893/     909 | consumed samples:       914432 | elapsed time per iteration (ms): 1816.4 | throughput per GPU (TFLOP/s/GPU): 356.2 | tokens/sec/GPU: 72161 | learning rate: 2.017367E-05 | global batch size:  1024 | lm loss: 2.453117E+00 | loss scale: 1.0 | grad norm: 0.258 | number of skipped iterations:   0 | number of nan iterations:   0 |
7: [default3]: [2026-05-26 15:17:27.202909] iteration      894/     909 | consumed samples:       915456 | elapsed time per iteration (ms): 1921.2 | throughput per GPU (TFLOP/s/GPU): 336.8 | tokens/sec/GPU: 68225 | learning rate: 2.015264E-05 | global batch size:  1024 | lm loss: 2.475859E+00 | loss scale: 1.0 | grad norm: 0.299 | number of skipped iterations:   0 | number of nan iterations:   0 |
7: [default3]: [2026-05-26 15:17:29.028412] iteration      895/     909 | consumed samples:       916480 | elapsed time per iteration (ms): 1825.3 | throughput per GPU (TFLOP/s/GPU): 354.5 | tokens/sec/GPU: 71808 | learning rate: 2.013297E-05 | global batch size:  1024 | lm loss: 2.480212E+00 | loss scale: 1.0 | grad norm: 0.253 | number of skipped iterations:   0 | number of nan iterations:   0 |
7: [default3]: [2026-05-26 15:17:30.833096] iteration      896/     909 | consumed samples:       917504 | elapsed time per iteration (ms): 1804.5 | throughput per GPU (TFLOP/s/GPU): 358.6 | tokens/sec/GPU: 72637 | learning rate: 2.011466E-05 | global batch size:  1024 | lm loss: 2.449453E+00 | loss scale: 1.0 | grad norm: 0.250 | number of skipped iterations:   0 | number of nan iterations:   0 |
7: [default3]: [2026-05-26 15:17:32.641358] iteration      897/     909 | consumed samples:       918528 | elapsed time per iteration (ms): 1808.0 | throughput per GPU (TFLOP/s/GPU): 357.9 | tokens/sec/GPU: 72497 | learning rate: 2.009770E-05 | global batch size:  1024 | lm loss: 2.510767E+00 | loss scale: 1.0 | grad norm: 0.280 | number of skipped iterations:   0 | number of nan iterations:   0 |
7: [default3]: [2026-05-26 15:17:34.449925] iteration      898/     909 | consumed samples:       919552 | elapsed time per iteration (ms): 1808.4 | throughput per GPU (TFLOP/s/GPU): 357.8 | tokens/sec/GPU: 72480 | learning rate: 2.008210E-05 | global batch size:  1024 | lm loss: 2.493042E+00 | loss scale: 1.0 | grad norm: 0.244 | number of skipped iterations:   0 | number of nan iterations:   0 |
7: [default3]: [2026-05-26 15:17:36.257235] iteration      899/     909 | consumed samples:       920576 | elapsed time per iteration (ms): 1807.1 | throughput per GPU (TFLOP/s/GPU): 358.1 | tokens/sec/GPU: 72533 | learning rate: 2.006785E-05 | global batch size:  1024 | lm loss: 2.451670E+00 | loss scale: 1.0 | grad norm: 0.246 | number of skipped iterations:   0 | number of nan iterations:   0 |
7: [default3]: [2026-05-26 15:17:38.071055] iteration      900/     909 | consumed samples:       921600 | elapsed time per iteration (ms): 1813.6 | throughput per GPU (TFLOP/s/GPU): 356.8 | tokens/sec/GPU: 72271 | learning rate: 2.005496E-05 | global batch size:  1024 | lm loss: 2.455170E+00 | loss scale: 1.0 | grad norm: 0.246 | number of skipped iterations:   0 | number of nan iterations:   0 |
7: [default3]: [2026-05-26 15:17:40.483641] iteration      901/     909 | consumed samples:       922624 | elapsed time per iteration (ms): 2412.3 | throughput per GPU (TFLOP/s/GPU): 268.2 | tokens/sec/GPU: 54334 | learning rate: 2.004343E-05 | global batch size:  1024 | lm loss: 2.525154E+00 | loss scale: 1.0 | grad norm: 0.248 | number of skipped iterations:   0 | number of nan iterations:   0 |
7: [default3]: [2026-05-26 15:17:42.301889] iteration      902/     909 | consumed samples:       923648 | elapsed time per iteration (ms): 1817.9 | throughput per GPU (TFLOP/s/GPU): 355.9 | tokens/sec/GPU: 72099 | learning rate: 2.003325E-05 | global batch size:  1024 | lm loss: 2.473493E+00 | loss scale: 1.0 | grad norm: 0.255 | number of skipped iterations:   0 | number of nan iterations:   0 |
7: [default3]: [2026-05-26 15:17:44.119008] iteration      903/     909 | consumed samples:       924672 | elapsed time per iteration (ms): 1816.9 | throughput per GPU (TFLOP/s/GPU): 356.2 | tokens/sec/GPU: 72142 | learning rate: 2.002443E-05 | global batch size:  1024 | lm loss: 2.498076E+00 | loss scale: 1.0 | grad norm: 0.251 | number of skipped iterations:   0 | number of nan iterations:   0 |
7: [default3]: [2026-05-26 15:17:45.918883] iteration      904/     909 | consumed samples:       925696 | elapsed time per iteration (ms): 1799.6 | throughput per GPU (TFLOP/s/GPU): 359.6 | tokens/sec/GPU: 72834 | learning rate: 2.001697E-05 | global batch size:  1024 | lm loss: 2.494526E+00 | loss scale: 1.0 | grad norm: 0.255 | number of skipped iterations:   0 | number of nan iterations:   0 |
7: [default3]: [2026-05-26 15:17:47.733903] iteration      905/     909 | consumed samples:       926720 | elapsed time per iteration (ms): 1814.9 | throughput per GPU (TFLOP/s/GPU): 356.5 | tokens/sec/GPU: 72222 | learning rate: 2.001086E-05 | global batch size:  1024 | lm loss: 2.447484E+00 | loss scale: 1.0 | grad norm: 0.255 | number of skipped iterations:   0 | number of nan iterations:   0 |
7: [default3]: [2026-05-26 15:17:49.555064] iteration      906/     909 | consumed samples:       927744 | elapsed time per iteration (ms): 1820.8 | throughput per GPU (TFLOP/s/GPU): 355.4 | tokens/sec/GPU: 71984 | learning rate: 2.000611E-05 | global batch size:  1024 | lm loss: 2.459819E+00 | loss scale: 1.0 | grad norm: 0.258 | number of skipped iterations:   0 | number of nan iterations:   0 |
7: [default3]: [2026-05-26 15:17:51.364754] iteration      907/     909 | consumed samples:       928768 | elapsed time per iteration (ms): 1809.4 | throughput per GPU (TFLOP/s/GPU): 357.6 | tokens/sec/GPU: 72439 | learning rate: 2.000272E-05 | global batch size:  1024 | lm loss: 2.470243E+00 | loss scale: 1.0 | grad norm: 0.254 | number of skipped iterations:   0 | number of nan iterations:   0 |
7: [default3]: [2026-05-26 15:17:53.182684] iteration      908/     909 | consumed samples:       929792 | elapsed time per iteration (ms): 1817.8 | throughput per GPU (TFLOP/s/GPU): 356.0 | tokens/sec/GPU: 72107 | learning rate: 2.000068E-05 | global batch size:  1024 | lm loss: 2.482626E+00 | loss scale: 1.0 | grad norm: 0.245 | number of skipped iterations:   0 | number of nan iterations:   0 |
7: [default3]: [2026-05-26 15:17:55.105603] iteration      909/     909 | consumed samples:       930816 | elapsed time per iteration (ms): 1922.7 | throughput per GPU (TFLOP/s/GPU): 336.5 | tokens/sec/GPU: 68171 | learning rate: 2.000000E-05 | global batch size:  1024 | lm loss: 2.474320E+00 | loss scale: 1.0 | grad norm: 0.243 | number of skipped iterations:   0 | number of nan iterations:   0 |
0: [default0]:WARNING:megatron.core.rerun_state_machine:Setting RerunStateMachine mode RerunMode.DISABLED
0: [default0]:/iopsstor/scratch/cscs/course_00179/lsaie-ss26-gipfelsturm/Megatron-LM/megatron/core/transformer/transformer_config.py:1225: UserWarning: If you are using transformer_engine as the transformer implementation, the core_attn is from transformer_engine and may be the fused version. For fused attention, you have no need to set 'core_attn' to recompute. Please check that the core_attn recompute is really needed.
0: [default0]:  warnings.warn(
7: [default3]:INFO:megatron.core.timers:(min, max) time across ranks (ms):
7: [default3]:    evaluate .......................................: (7340.25, 7340.76)
7: [default3]:-----------------------------------------------------------------------------------------------
7: [default3]: validation loss at iteration 909 | lm loss value: 2.426545E+00 | lm loss PPL: 1.131970E+01 | 
7: [default3]:-----------------------------------------------------------------------------------------------
0: [default0]:WARNING:megatron.core.rerun_state_machine:Setting RerunStateMachine mode RerunMode.VALIDATE_RESULTS
0: [default0]:WARNING:megatron.core.rerun_state_machine:Setting RerunStateMachine mode RerunMode.VALIDATE_RESULTS
0: [default0]:/usr/local/lib/python3.12/dist-packages/torch/distributed/c10d_logger.py:83: UserWarning: barrier(): using the device under current context. You can specify `device_id` in `init_process_group` to mute this warning.
0: [default0]:  return func(*args, **kwargs)
0: [default0]:[after training is done] datetime: 2026-05-26 15:18:02.806315 
0: [default0]:[2026-05-26 15:18:02.806442] saving checkpoint at iteration     909 to /iopsstor/scratch/cscs/course_00179/gipfelsturm/gipfelsturm/train-760m-8n/checkpoints in torch_dist format
0: [default0]:Storing distributed optimizer sharded state of type dp_reshardable
0: [default0]:  [2026-05-26 15:18:03.341306] successfully saved checkpoint from iteration     909 to /iopsstor/scratch/cscs/course_00179/gipfelsturm/gipfelsturm/train-760m-8n/checkpoints [ t 1/1, p 1/1 ]
0: [default0]:WARNING:megatron.core.rerun_state_machine:Setting RerunStateMachine mode RerunMode.DISABLED
0: [default0]:Evaluating on 10240 samples
0: [default0]:Evaluating iter 1/10
0: [default0]:Evaluating iter 2/10
0: [default0]:Evaluating iter 3/10
0: [default0]:Evaluating iter 4/10
0: [default0]:Evaluating iter 5/10
0: [default0]:Evaluating iter 6/10
0: [default0]:Evaluating iter 7/10
0: [default0]:Evaluating iter 8/10
0: [default0]:Evaluating iter 9/10
0: [default0]:Evaluating iter 10/10
7: [default3]:INFO:megatron.core.timers:(min, max) time across ranks (ms):
7: [default3]:    evaluate .......................................: (11210.19, 11210.44)
7: [default3]:-----------------------------------------------------------------------------------------------------------------
7: [default3]: validation loss at iteration 909 on validation set | lm loss value: 2.433547E+00 | lm loss PPL: 1.139925E+01 | 
7: [default3]:-----------------------------------------------------------------------------------------------------------------
0: [default0]:WARNING:megatron.core.rerun_state_machine:Setting RerunStateMachine mode RerunMode.VALIDATE_RESULTS
0: [default0]:WARNING:megatron.core.rerun_state_machine:Setting RerunStateMachine mode RerunMode.VALIDATE_RESULTS
1: [default0]:[rank4]:[W526 15:18:16.740777551 ProcessGroupNCCL.cpp:1565] Warning: WARNING: destroy_process_group() was not called before program exit, which can leak resources. For more info, please see https://pytorch.org/docs/stable/distributed.html#shutdown (function operator())
4: [default0]:[rank16]:[W526 15:18:16.628997262 ProcessGroupNCCL.cpp:1565] Warning: WARNING: destroy_process_group() was not called before program exit, which can leak resources. For more info, please see https://pytorch.org/docs/stable/distributed.html#shutdown (function operator())
5: [default0]:[rank20]:[W526 15:18:16.445690993 ProcessGroupNCCL.cpp:1565] Warning: WARNING: destroy_process_group() was not called before program exit, which can leak resources. For more info, please see https://pytorch.org/docs/stable/distributed.html#shutdown (function operator())
2: [default0]:[rank8]:[W526 15:18:16.771184213 ProcessGroupNCCL.cpp:1565] Warning: WARNING: destroy_process_group() was not called before program exit, which can leak resources. For more info, please see https://pytorch.org/docs/stable/distributed.html#shutdown (function operator())
7: [default0]:[rank28]:[W526 15:18:16.017251529 ProcessGroupNCCL.cpp:1565] Warning: WARNING: destroy_process_group() was not called before program exit, which can leak resources. For more info, please see https://pytorch.org/docs/stable/distributed.html#shutdown (function operator())
3: [default0]:[rank12]:[W526 15:18:17.285886074 ProcessGroupNCCL.cpp:1565] Warning: WARNING: destroy_process_group() was not called before program exit, which can leak resources. For more info, please see https://pytorch.org/docs/stable/distributed.html#shutdown (function operator())
0: [default0]:[rank0]:[W526 15:18:17.671234522 ProcessGroupNCCL.cpp:1565] Warning: WARNING: destroy_process_group() was not called before program exit, which can leak resources. For more info, please see https://pytorch.org/docs/stable/distributed.html#shutdown (function operator())
6: [default0]:[rank24]:[W526 15:18:17.426870166 ProcessGroupNCCL.cpp:1565] Warning: WARNING: destroy_process_group() was not called before program exit, which can leak resources. For more info, please see https://pytorch.org/docs/stable/distributed.html#shutdown (function operator())
1: [default1]:[rank5]:[W526 15:18:17.349879092 ProcessGroupNCCL.cpp:1565] Warning: WARNING: destroy_process_group() was not called before program exit, which can leak resources. For more info, please see https://pytorch.org/docs/stable/distributed.html#shutdown (function operator())
2: [default1]:[rank9]:[W526 15:18:17.249018728 ProcessGroupNCCL.cpp:1565] Warning: WARNING: destroy_process_group() was not called before program exit, which can leak resources. For more info, please see https://pytorch.org/docs/stable/distributed.html#shutdown (function operator())
2: [default3]:[rank11]:[W526 15:18:17.263338574 ProcessGroupNCCL.cpp:1565] Warning: WARNING: destroy_process_group() was not called before program exit, which can leak resources. For more info, please see https://pytorch.org/docs/stable/distributed.html#shutdown (function operator())
1: [default3]:[rank7]:[W526 15:18:17.364191299 ProcessGroupNCCL.cpp:1565] Warning: WARNING: destroy_process_group() was not called before program exit, which can leak resources. For more info, please see https://pytorch.org/docs/stable/distributed.html#shutdown (function operator())
2: [default2]:[rank10]:[W526 15:18:17.259089745 ProcessGroupNCCL.cpp:1565] Warning: WARNING: destroy_process_group() was not called before program exit, which can leak resources. For more info, please see https://pytorch.org/docs/stable/distributed.html#shutdown (function operator())
4: [default3]:[rank19]:[W526 15:18:17.330909237 ProcessGroupNCCL.cpp:1565] Warning: WARNING: destroy_process_group() was not called before program exit, which can leak resources. For more info, please see https://pytorch.org/docs/stable/distributed.html#shutdown (function operator())
5: [default1]:[rank21]:[W526 15:18:17.161199306 ProcessGroupNCCL.cpp:1565] Warning: WARNING: destroy_process_group() was not called before program exit, which can leak resources. For more info, please see https://pytorch.org/docs/stable/distributed.html#shutdown (function operator())
4: [default1]:[rank17]:[W526 15:18:17.320863711 ProcessGroupNCCL.cpp:1565] Warning: WARNING: destroy_process_group() was not called before program exit, which can leak resources. For more info, please see https://pytorch.org/docs/stable/distributed.html#shutdown (function operator())
5: [default3]:[rank23]:[W526 15:18:17.171229015 ProcessGroupNCCL.cpp:1565] Warning: WARNING: destroy_process_group() was not called before program exit, which can leak resources. For more info, please see https://pytorch.org/docs/stable/distributed.html#shutdown (function operator())
5: [default2]:[rank22]:[W526 15:18:17.161182666 ProcessGroupNCCL.cpp:1565] Warning: WARNING: destroy_process_group() was not called before program exit, which can leak resources. For more info, please see https://pytorch.org/docs/stable/distributed.html#shutdown (function operator())
7: [default1]:[rank29]:[W526 15:18:17.543805518 ProcessGroupNCCL.cpp:1565] Warning: WARNING: destroy_process_group() was not called before program exit, which can leak resources. For more info, please see https://pytorch.org/docs/stable/distributed.html#shutdown (function operator())
7: [default2]:[rank30]:[W526 15:18:17.553956931 ProcessGroupNCCL.cpp:1565] Warning: WARNING: destroy_process_group() was not called before program exit, which can leak resources. For more info, please see https://pytorch.org/docs/stable/distributed.html#shutdown (function operator())
7: [default3]:[rank31]:[W526 15:18:17.563986396 ProcessGroupNCCL.cpp:1565] Warning: WARNING: destroy_process_group() was not called before program exit, which can leak resources. For more info, please see https://pytorch.org/docs/stable/distributed.html#shutdown (function operator())
0: [default2]:[rank2]:[W526 15:18:17.018612069 ProcessGroupNCCL.cpp:1565] Warning: WARNING: destroy_process_group() was not called before program exit, which can leak resources. For more info, please see https://pytorch.org/docs/stable/distributed.html#shutdown (function operator())
1: [default2]:[rank6]:[W526 15:18:17.595573035 ProcessGroupNCCL.cpp:1565] Warning: WARNING: destroy_process_group() was not called before program exit, which can leak resources. For more info, please see https://pytorch.org/docs/stable/distributed.html#shutdown (function operator())
3: [default3]:[rank15]:[W526 15:18:17.663200577 ProcessGroupNCCL.cpp:1565] Warning: WARNING: destroy_process_group() was not called before program exit, which can leak resources. For more info, please see https://pytorch.org/docs/stable/distributed.html#shutdown (function operator())
3: [default1]:[rank13]:[W526 15:18:17.643114214 ProcessGroupNCCL.cpp:1565] Warning: WARNING: destroy_process_group() was not called before program exit, which can leak resources. For more info, please see https://pytorch.org/docs/stable/distributed.html#shutdown (function operator())
6: [default1]:[rank25]:[W526 15:18:17.838836477 ProcessGroupNCCL.cpp:1565] Warning: WARNING: destroy_process_group() was not called before program exit, which can leak resources. For more info, please see https://pytorch.org/docs/stable/distributed.html#shutdown (function operator())
6: [default2]:[rank26]:[W526 15:18:17.848824407 ProcessGroupNCCL.cpp:1565] Warning: WARNING: destroy_process_group() was not called before program exit, which can leak resources. For more info, please see https://pytorch.org/docs/stable/distributed.html#shutdown (function operator())
6: [default3]:[rank27]:[W526 15:18:17.848991250 ProcessGroupNCCL.cpp:1565] Warning: WARNING: destroy_process_group() was not called before program exit, which can leak resources. For more info, please see https://pytorch.org/docs/stable/distributed.html#shutdown (function operator())
4: [default2]:[rank18]:[W526 15:18:17.508338555 ProcessGroupNCCL.cpp:1565] Warning: WARNING: destroy_process_group() was not called before program exit, which can leak resources. For more info, please see https://pytorch.org/docs/stable/distributed.html#shutdown (function operator())
0: [default3]:[rank3]:[W526 15:18:17.028629775 ProcessGroupNCCL.cpp:1565] Warning: WARNING: destroy_process_group() was not called before program exit, which can leak resources. For more info, please see https://pytorch.org/docs/stable/distributed.html#shutdown (function operator())
3: [default2]:[rank14]:[W526 15:18:17.653101973 ProcessGroupNCCL.cpp:1565] Warning: WARNING: destroy_process_group() was not called before program exit, which can leak resources. For more info, please see https://pytorch.org/docs/stable/distributed.html#shutdown (function operator())
0: [default1]:[rank1]:[W526 15:18:17.240066759 ProcessGroupNCCL.cpp:1565] Warning: WARNING: destroy_process_group() was not called before program exit, which can leak resources. For more info, please see https://pytorch.org/docs/stable/distributed.html#shutdown (function operator())
5: [W526 15:18:20.502736880 TCPStore.cpp:115] [c10d] recvVector failed on SocketImpl(fd=45, addr=[nid007314]:46548, remote=[nid007249]:25678): Failed to recv, got 0 bytes. Connection was likely closed. Did the remote server shutdown or crash?
5: Exception raised from recvBytes at /opt/pytorch/pytorch/torch/csrc/distributed/c10d/Utils.hpp:682 (most recent call first):
5: frame #0: c10::Error::Error(c10::SourceLocation, std::__cxx11::basic_string<char, std::char_traits<char>, std::allocator<char> >) + 0xd4 (0x400106b13a04 in /usr/local/lib/python3.12/dist-packages/torch/lib/libc10.so)
5: frame #1: <unknown function> + 0x6475104 (0x400112075104 in /usr/local/lib/python3.12/dist-packages/torch/lib/libtorch_cpu.so)
5: frame #2: <unknown function> + 0x6478850 (0x400112078850 in /usr/local/lib/python3.12/dist-packages/torch/lib/libtorch_cpu.so)
5: frame #3: c10d::TCPStore::doGet(std::__cxx11::basic_string<char, std::char_traits<char>, std::allocator<char> > const&) + 0x74 (0x40011207c9d4 in /usr/local/lib/python3.12/dist-packages/tor
5: ch/lib/libtorch_cpu.so)
5: frame #4: c10d::TCPStore::get(std::__cxx11::basic_string<char, std::char_traits<char>, std::allocator<char> > const&) + 0x88 (0x40011207e378 in /usr/local/lib/python3.12/dist-packages/torch/lib/libtorch_cpu.so)
5: frame #5: <unknown function> + 0x123f430 (0x4001063cf430 in /usr/local/lib/python3.12/dist-packages/torch/lib/libtorch_python.so)
5: frame #6: <unknown function> + 0x5cb9f8 (0x40010575b9f8 in /usr/local/lib/python3.12/dist-packages/torch/lib/libtorch_python.so)
5: frame #7: /usr/bin/python() [0x503884]
5: frame #8: _PyObject_MakeTpCall + 0x78 (0x4c2e78 in /usr/bin/python)
5: frame #9: /usr/bin/python() [0x4c715c]
5: frame #10: _PyEval_EvalFrameDefault + 0x3cf8 (0x56832c in /usr/bin/python)
5: frame #11: _PyObject_Call_Prepend + 0xc4 (0x4c4954 in /usr/bin/python)
5: frame #12: /usr/bin/python() [0x528f50]
5: frame #13: PyObject_Call + 0x6c (0x4c535c in /usr/bin/python)
5: frame #14: _PyEval_EvalFrameDefault + 0x3cf8 (0x56832c in /usr/bin/python)
5: frame #15: PyEval_EvalCode + 0x130 (0x563224 in /usr/bin/pyth
5: on)
5: frame #16: /usr/bin/python() [0x59c144]
5: frame #17: /usr/bin/python() [0x680e34]
5: frame #18: _PyRun_SimpleFileObject + 0x194 (0x680a08 in /usr/bin/python)
5: frame #19: _PyRun_AnyFileObject + 0x54 (0x6807d4 in /usr/bin/python)
5: frame #20: Py_RunMain + 0x2dc (0x68b7dc in /usr/bin/python)
5: frame #21: Py_BytesMain + 0x28 (0x68b398 in /usr/bin/python)
5: frame #22: <unknown function> + 0x284c4 (0x4001024384c4 in /usr/lib/aarch64-linux-gnu/libc.so.6)
5: frame #23: __libc_start_main + 0x98 (0x400102438598 in /usr/lib/aarch64-linux-gnu/libc.so.6)
5: frame #24: _start + 0x30 (0x5f6bb0 in /usr/bin/python)
5: 
5: W0526 15:18:20.612000 203663 torch/distributed/elastic/rendezvous/dynamic_rendezvous.py:1293] The node 'nid007314_203663_0' has failed to shutdown the rendezvous 'none' due to an error of type RendezvousConnectionError.
END TIME: Tue May 26 03:18:23 PM CEST 2026
