START TIME: $(date)
[Fri May 22 15:14:50 CEST 2026] WANDB disabled.
CMD: torchrun --nproc-per-node 4 --nnodes 4 --rdzv_endpoint nid007645:25678 --rdzv_backend c10d --max_restarts 0 --tee 3 /iopsstor/scratch/cscs/course_00179/lsaie-ss26-gipfelsturm/Megatron-LM/pretrain_gpt.py     --transformer-impl transformer_engine --use-precision-aware-optimizer --main-grads-dtype bf16 --fp8-format hybrid --fp8-margin 0 --fp8-amax-history-len 1024 --fp8-amax-compute-algo max     --num-layers 32 --hidden-size 4096 --ffn-hidden-size 14336 --num-attention-heads 32 --group-query-attention --num-query-groups 8 --max-position-embeddings 4096 --position-embedding-type rope --normalization RMSNorm --swiglu --untie-embeddings-and-output-weights --seq-length 4096 --use-mcore-models     --micro-batch-size 2 --global-batch-size 32 --train-iters 50 --log-interval 1 --eval-interval 50 --eval-iters 0 --cross-entropy-loss-fusion --disable-bias-linear --optimizer adam --dataloader-type single --no-check-for-nan-in-loss-and-grad --manual-gc --manual-gc-interval 50 --exit-signal-handler --recompute-granularity selective     --attention-dropout 0.0 --hidden-dropout 0.0 --weight-decay 0.1 --clip-grad 1.0 --adam-beta1 0.9 --adam-beta2 0.95     --lr 1e-4 --min-lr 1e-5 --lr-decay-style cosine --lr-decay-iters 50 --lr-warmup-iters 10     --seed 42 --init-method-std 0.02     --bf16     --tensor-model-parallel-size 4 --pipeline-model-parallel-size 2 --use-distributed-optimizer --overlap-grad-reduce --overlap-param-gather     --log-throughput --log-progress     --save /iopsstor/scratch/cscs/course_00179/gipfelsturm/gipfelsturm/throughput-8b-4n/checkpoints --save-interval 50     --tokenizer-type GPT2BPETokenizer --vocab-file /iopsstor/scratch/cscs/course_00179/lsaie-ss26-gipfelsturm/data/gpt2-vocab.json --merge-file /iopsstor/scratch/cscs/course_00179/lsaie-ss26-gipfelsturm/data/gpt2-merges.txt     --data-path /capstor/store/cscs/swissai/infra01/datasets/nvidia/Nemotron-ClimbMix/climbmix_small_megatron/climbmix_small --data-cache-path /iopsstor/scratch/cscs/course_00179/gipfelsturm/cache --split 99,1,0 --num-workers 16
0: [default0]:/usr/local/lib/python3.12/dist-packages/torch/library.py:357: UserWarning: Warning only once for all operators,  other operators may also be overridden.
0: [default0]:  Overriding a previously registered kernel for the same operator and the same dispatch key
0: [default0]:  operator: flash_attn::_flash_attn_backward(Tensor dout, Tensor q, Tensor k, Tensor v, Tensor out, Tensor softmax_lse, Tensor(a6!)? dq, Tensor(a7!)? dk, Tensor(a8!)? dv, float dropout_p, float softmax_scale, bool causal, SymInt window_size_left, SymInt window_size_right, float softcap, Tensor? alibi_slopes, bool deterministic, Tensor? rng_state=None) -> Tensor
0: [default0]:    registered at /usr/local/lib/python3.12/dist-packages/torch/_library/custom_ops.py:926
0: [default0]:  dispatch key: ADInplaceOrView
0: [default0]:  previous kernel: no debug info
0: [default0]:       new kernel: registered at /usr/local/lib/python3.12/dist-packages/torch/_library/custom_ops.py:926 (Triggered internally at /opt/pytorch/pytorch/aten/src/ATen/core/dispatch/Op
0: eratorEntry.cpp:208.)
0: [default0]:  self.m.impl(
2: [default0]:[W522 15:15:32.099467068 ProcessGroupNCCL.cpp:941] Warning: TORCH_NCCL_AVOID_RECORD_STREAMS is the default now, this environment variable is thus deprecated. (function operator())
2: [default3]:[W522 15:15:32.101343592 ProcessGroupNCCL.cpp:941] Warning: TORCH_NCCL_AVOID_RECORD_STREAMS is the default now, this environment variable is thus deprecated. (function operator())
2: [default1]:[W522 15:15:32.073494597 ProcessGroupNCCL.cpp:941] Warning: TORCH_NCCL_AVOID_RECORD_STREAMS is the default now, this environment variable is thus deprecated. (function operator())
2: [default2]:[W522 15:15:32.098711120 ProcessGroupNCCL.cpp:941] Warning: TORCH_NCCL_AVOID_RECORD_STREAMS is the default now, this environment variable is thus deprecated. (function operator())
3: [default3]:WARNING: one_logger package is required to enable e2e metrics tracking. please go to https://confluence.nvidia.com/display/MLWFO/Package+Repositories for details to install it
3: [default1]:[Gloo] Rank 1 is connected to 1 peer ranks. Expected number of connected peer ranks is : 1
3: [default0]:[W522 15:15:34.885786228 ProcessGroupNCCL.cpp:941] Warning: TORCH_NCCL_AVOID_RECORD_STREAMS is the default now, this environment variable is thus deprecated. (function operator())
3: [default0]:[Gloo] Rank 1 is connected to 1 peer ranks. Expected number of connected peer ranks is : 1
3: [default0]:[rank12]:[W522 15:15:34.924379863 ProcessGroupNCCL.cpp:5163] Guessing device ID based on global rank. This can cause a hang if rank to GPU mapping is heterogeneous. You can specify device_id in init_process_group()
3: [default0]:[Gloo] Rank 1 is connected to 1 peer ranks. Expected number of connected peer ranks is : 1
3: [default2]:[W522 15:15:34.883637236 ProcessGroupNCCL.cpp:941] Warning: TORCH_NCCL_AVOID_RECORD_STREAMS is the default now, this environment variable is thus deprecated. (function operator())
3: [default0]:[Gloo] Rank 1 is connected to 1 peer ranks. Expected number of connected peer ranks is : 1
3: [default3]:[W522 15:15:34.883637268 ProcessGroupNCCL.cpp:941] Warning: TORCH_NCCL_AVOID_RECORD_STREAMS is the default now, this environment variable is thus deprecated. (function operator())
3: [default2]:[Gloo] Rank 1 is connected to 1 peer ranks. Expected number of connected peer ranks is : 1
3: [default1]:[W522 15:15:34.883637204 ProcessGroupNCCL.cpp:941] Warning: TORCH_NCCL_AVOID_RECORD_STREAMS is the default now, this environment variable is thus deprecated. (function operator())
2: [default0]:[Gloo] Rank 0 is connected to 1 peer ranks. Expected number of connected peer ranks is : 1
2: [default0]:[Gloo] Rank 0 is connected to 1 peer ranks. Expected number of connected peer ranks is : 1
2: [default0]:[Gloo] Rank 0 is connected to 1 peer ranks. Expected number of connected peer ranks is : 1
2: [default1]:[Gloo] Rank 0 is connected to 1 peer ranks. Expected number of connected peer ranks is : 1
2: [default2]:[Gloo] Rank 0 is connected to 1 peer ranks. Expected number of connected peer ranks is : 1
2: [default0]:[rank8]:[W522 15:15:34.617687027 ProcessGroupNCCL.cpp:5163] Guessing device ID based on global rank. This can cause a hang if rank to GPU mapping is heterogeneous. You can specify device_id in init_process_group()
1: [default2]:[W522 15:15:34.015729430 ProcessGroupNCCL.cpp:941] Warning: TORCH_NCCL_AVOID_RECORD_STREAMS is the default now, this environment variable is thus deprecated. (function operator())
1: [default3]:[W522 15:15:34.015728886 ProcessGroupNCCL.cpp:941] Warning: TORCH_NCCL_AVOID_RECORD_STREAMS is the default now, this environment variable is thus deprecated. (function operator())
1: [default1]:[W522 15:15:34.015728918 ProcessGroupNCCL.cpp:941] Warning: TORCH_NCCL_AVOID_RECORD_STREAMS is the default now, this environment variable is thus deprecated. (function operator())
0: [default0]:/iopsstor/scratch/cscs/course_00179/lsaie-ss26-gipfelsturm/Megatron-LM/megatron/training/utils.py:411: UserWarning: Overriding default arguments for tokenizer_type:GPT2BPETokenizer with tokenizer_type:GPT2BPETokenizer
0: [default0]:  warnings.warn(message)
0: [default0]:using world size: 16, data-parallel size: 2, context-parallel size: 1, hierarchical context-parallel sizes: None, tensor-model-parallel size: 4, pipeline-model-parallel size: 2
0: [default0]:WARNING: Setting args.overlap_p2p_comm and args.align_param_gather to False since non-interleaved schedule does not support overlapping p2p communication and aligned param AG
0: [default0]:Number of virtual stages per pipeline stage: None
0: [default0]:using torch.bfloat16 for parameters ...
0: [default0]:------------------------ arguments ------------------------
0: [default0]:  account_for_embedding_in_pipeline_split ......... False
0: [default0]:  account_for_loss_in_pipeline_split .............. False
0: [default0]:  accumulate_allreduce_grads_in_fp32 .............. False
0: [default0]:  activation_func_clamp_value ..................... None
0: [default0]:  adam_beta1 ...................................... 0.9
0: [default0]:  adam_beta2 ...................................... 0.95
0: [default0]:  adam_eps ........................................ 1e-08
0: [default0]:  add_bias_linear ................................. False
0: [default0]:  add_position_embedding .......................... True
0: [default0]:  add_qkv_bias .................................... False
0: [default0]:  adlr_autoresume ................................. False
0: [default0]:  adlr_autoresume_interval ........................ 1000
0: [default0]:  align_grad_reduce ............................... True
0: [default0]: 
0:  align_param_gather .............................. False
0: [default0]:  allow_ambiguous_pad_tokens ...................... False
0: [default0]:  app_tag_run_name ................................ None
0: [default0]:  app_tag_run_version ............................. 0.0.0
0: [default0]:  apply_query_key_layer_scaling ................... False
0: [default0]:  apply_residual_connection_post_layernorm ........ False
0: [default0]:  apply_rope_fusion ............................... True
0: [default0]:  apply_wd_to_qk_layernorm ........................ False
0: [default0]:  async_save ...................................... False
0: [default0]:  async_tensor_model_parallel_allreduce ........... True
0: [default0]:  attention_backend ............................... AttnBackend.auto
0: [default0]:  attention_dropout ............................... 0.0
0: [default0]:  attention_output_gate ........................... False
0: [default0]:  attention_softmax_in_fp32 ....................... False
0: [default0]:  auto_detect_ckpt_format ......................... False
0: [default0]:  barrier_with_L1_time ............................ True
0: [default0]:  batch_invariant_mode ............................ False
0: [default0]:  bert_binary_head ................................ True
0: [default0]:  bert_embedder_type .............................. megatron
0: [default0]:  bert_load ...........................
0: ............ None
0: [default0]:  bf16 ............................................ True
0: [default0]:  bias_dropout_fusion ............................. True
0: [default0]:  bias_gelu_fusion ................................ False
0: [default0]:  bias_swiglu_fusion .............................. True
0: [default0]:  biencoder_projection_dim ........................ 0
0: [default0]:  biencoder_shared_query_context_model ............ False
0: [default0]:  block_data_path ................................. None
0: [default0]:  cache_mla_latents ............................... False
0: [default0]:  calc_ft_timeouts ................................ False
0: [default0]:  calculate_per_token_loss ........................ False
0: [default0]:  check_for_large_grads ........................... False
0: [default0]:  check_for_nan_in_loss_and_grad .................. False
0: [default0]:  check_for_spiky_loss ............................ False
0: [default0]:  check_weight_hash_across_dp_replicas_interval ... None
0: [default0]:  ckpt_assume_constant_structure .................. False
0: [default0]:  ckpt_convert_format ............................. None
0: [default0]:  ckpt_convert_save ............................... None
0: [default0]:  ckpt_convert_update_legacy_dist_opt_format ...... False
0: [default0]:  ckpt_format ..................................... torch_dist
0: [default0]:  ckpt_fully_parallel_load ........................ False
0: [default0]:  ckpt_fully_parallel_save ...................
0: ..... True
0: [default0]:  ckpt_fully_parallel_save_deprecated ............. False
0: [default0]:  ckpt_step ....................................... None
0: [default0]:  classes_fraction ................................ 1.0
0: [default0]:  clip_grad ....................................... 1.0
0: [default0]:  clone_scatter_output_in_embedding ............... True
0: [default0]:  config_logger_dir ............................... 
0: [default0]:  consumed_train_samples .......................... 0
0: [default0]:  consumed_valid_samples .......................... 0
0: [default0]:  context_parallel_size ........................... 1
0: [default0]:  cp_comm_type .................................... ['p2p']
0: [default0]:  cpu_offloading_num_layers ....................... 0
0: [default0]:  create_all_gather_group ......................... False
0: [default0]:  create_attention_mask_in_dataloader ............. True
0: [default0]:  cross_entropy_fusion_impl ....................... native
0: [default0]:  cross_entropy_loss_fusion ....................... True
0: [default0]:  cuda_graph_impl ................................. none
0: [default0]:  cuda_graph_scope ................................ []
0: [default0]:  cuda_graph_warmup_steps ......................... 3
0: [default0]:  data_args_path .................................. None
0: [default0]:  data_cache_path ................................. /iopsstor/scratch/cscs/course_00179/gipfelsturm/cache
0: [default0]:  data_parallel_random_init ....................... False
0: [default0]:  data_parallel_sharding_strategy ................. no_shard
0: [default0]:  data_parallel_size .............................. 2
0: [default0]:  data_path ....................................... ['/capstor/store/cscs/swissai/infra01/datasets/nvidia/Nemotron-ClimbMix/climbmix_small_megatron/climbmix_small']
0: [default0]:  data_per_class_fraction ......................... 1.0
0: [default0]:  data_sharding ................................... True
0: [default0]:  dataloader_defer_npy_index_mmap ................. False
0: [default0]:  dataloader_fast_cache_load ...................... False
0: [default0]:  dataloader_type ................................. single
0: [default0]:  ddp_average_in_collective ....................... False
0: [default0]:  ddp_bucket_size ................
0: ................. None
0: [default0]:  ddp_num_buckets ................................. None
0: [default0]:  ddp_pad_buckets_for_high_nccl_busbw ............. False
0: [default0]:  ddp_reduce_scatter_with_fp32_accumulation ....... False
0: [default0]:  decode_only_cuda_graphs ......................... False
0: [default0]:  decoder_first_pipeline_num_layers ............... None
0: [default0]:  decoder_last_pipeline_num_layers ................ None
0: [default0]:  decoder_num_layers .............................. None
0: [default0]:  decoder_seq_length .............................. None
0: [default0]:  decoupled_lr .................................... None
0: [default0]:  decoupled_min_lr ................................ None
0: [default0]:  decrease_batch_size_if_needed ................... False
0: [default0]:  defer_embedding_wgrad_compute ................... False
0: [default0]:  delay_wgrad_compute ............................. False
0: [default0]:  deprecated_use_mcore_models ..................... True
0: [default0]:  deterministic_mode .............................. False
0: [default0]:  dino_bottleneck_size ............................ 256
0: [default0]:  dino_freeze_last_layer .......................... 1
0: [default0]:  dino_head_hidden_size ........................... 2048
0: [default0]:  dino_local_crops_number ......................... 10
0: [default0]:  dino_local_img_size ............................. 96
0: [default0]:  dino_norm_last_layer ............................ False
0: [default0]:  dino_teacher_temp ............................... 0.07
0: [default0]:  dino_warmup_teacher_temp ........................ 0.04
0: [default0]:  dino_warmup_teacher_temp_epochs ................. 30
0: [default0]:  disable_bf16_reduced_precision_matmul ........... False
0: [default0]:  disable_chunked_prefill ......................... True
0: [default0]:  disable_jit_fuser ............................... False
0: [default0]:  disable_straggler_on_startup .................... False
0: [default0]:  disable_symmetric_registration .................. False
0: [default0]:  dist_ckpt_format_deprecated ..................... None
0: [default0]:  dist_ckpt_optim_fully_reshardable ............... False
0: [default0]:  dist_ckpt_save_pre_mcore_014 .................... False
0: [default0]:  dist_ckpt_strictness ............................ assume_ok_unexpected
0: [default0]:  distrib_optim_fully_reshardable_mem_efficient ... False
0: [default0]:  distribute_saved_activations .................... False
0: [default0]:  distributed_backend ............................. nccl
0: [default0]:  distributed_timeout_minutes ..................... 10
0: [default0]:  distributed_timeout_seconds_after_init 
0: .......... None
0: [default0]:  dsa_indexer_head_dim ............................ None
0: [default0]:  dsa_indexer_loss_coeff .......................... None
0: [default0]:  dsa_indexer_n_heads ............................. None
0: [default0]:  dsa_indexer_topk ................................ None
0: [default0]:  dsa_indexer_use_sparse_loss ..................... False
0: [default0]:  dump_param_to_param_group_map ................... None
0: [default0]:  embedding_init_method_std ....................... None
0: [default0]:  embedding_path .................................. None
0: [default0]:  empty_unused_memory_level ....................... 0
0: [default0]:  enable_cuda_graph ............................... False
0: [default0]:  enable_experimental ............................. False
0: [default0]:  enable_ft_package ............................... False
0: [default0]:  enable_full_sharding_in_hsdp .................... False
0: [default0]:  enable_gloo_process_groups ...................... True
0: [default0]:  enable_gpt_oss .................................. False
0: [default0]:  enable_msc ...................................... True
0: [default0]:  enable_one_logger ............................... True
0: [default0]:  encoder_num_layers .............................. 32
0: [default0]:  encoder_seq_length .............................. 4096
0: [default0]:  end_weight_decay ................................ 0.1
0: [default0]:  eod_mask_loss ................................... False
0: [default0]:  ep_overlap_early_attn_memory_release ............ False
0: [default0]:  error_injection_rate ............................ 0
0: [defau
0: lt0]:  error_injection_type ............................ transient_error
0: [default0]:  eval_interval ................................... 50
0: [default0]:  eval_iters ...................................... 0
0: [default0]:  evidence_data_path .............................. None
0: [default0]:  exit_duration_in_mins ........................... None
0: [default0]:  exit_interval ................................... None
0: [default0]:  exit_on_missing_checkpoint ...................... False
0: [default0]:  exit_signal ..................................... 15
0: [default0]:  exit_signal_handler ............................. True
0: [default0]:  exit_signal_handler_for_dataloader .............. False
0: [default0]:  exp_avg_dtype ................................... torch.float32
0: [default0]:  exp_avg_sq_dtype ................................ torch.float32
0: [default0]:  experimental_attention_variant .................. None
0: [default0]:  expert_model_parallel_size ...................... 1
0: [default0]:  expert_tensor_parallel_size ..................... 4
0: [default0]:  export_force_local_attention .................... False
0: [default0]:  export_kd_cfg ................................... None
0: [default0]:  export_kd_teacher_ckpt_format ................... None
0: [default0]:  export_kd_teacher_load .......................... None
0: [default0]:  export_kd_teacher_model_config .................. None
0: [default0]:  export_kv_cache_quant ........................... none
0: [default0]:  export_legacy_megatron .......................... False
0: [default0]:  export_model_type ............................... GPTModel
0: [default0]:  export_moe_apply_probs_on_input ................. False
0: [default0]:  export_offline_model ............................ False
0: [default0]:  export_qk_l2_norm ............................... False
0: [default0]:  export_quant_cfg ................................ None
0: [default0]:  export_real_quant_cfg ........................... None
0: [default0]:  export_te_mcore_model ........................... False
0: [default0]:  external_cuda_graph ............................. False
0: [default0]:  fake_process_group ..............................
0:  False
0: [default0]:  ffn_hidden_size ................................. 14336
0: [default0]:  fim_data ........................................ False
0: [default0]:  fim_eod_token ................................... <|endoftext|>
0: [default0]:  fim_fragment_rate ............................... None
0: [default0]:  fim_middle_token ................................ <fim_middle>
0: [default0]:  fim_no_prefix ................................... None
0: [default0]:  fim_pad_token ................................... <fim_pad>
0: [default0]:  fim_prefix_token ................................ <fim_prefix>
0: [default0]:  fim_rate ........................................ 0.5
0: [default0]:  fim_split_sample ................................ None
0: [default0]:  fim_spm_rate .................................... 0.5
0: [default0]:  fim_suffix_token ................................ <fim_suffix>
0: [default0]:  fine_grained_activation_offloading .............. False
0: [default0]:  finetune ........................................ False
0: [default0]:  finetune_data_split ............................. train
0: [default0]:  finetune_hf_dataset ............................. None
0: [default0]:  first_last_layers_bf16 .......................... False
0: [default0]:  flash_decode .................................... False
0: [default0]:  fp16 ............................................ False
0: [default0]:  fp16_lm_cross_entropy ........................... False
0: [default0]:  fp32_residual_connection ........................ False
0: [default0]:  fp4 ............................................. None
0: [default0]:  fp4_param ....................................... False
0: [default0]:  fp4_quantizer_factory ........................... None
0: [default0]:  fp4_recipe ...................................... nvfp4
0: [default0]:  fp8 ............................................. hybrid
0: [default0]:  fp8_amax_compute_algo ........................... max
0: [default0]:  fp8_amax_history_len ............................ 1024
0: [default0]:  fp8_interval .................................... 1
0: [default0]:  fp8_margin ...................................... 0
0: [default0]:  fp8_param_gather ................................ False
0: [default0]:  fp8_quantizer_factory ........................... None
0: [default0]:  fp8_recipe ...................................... delayed
0: [default0]:  fp8_wgrad ....................................... True
0: [default0]:  fsdp_double_buffer .............................. False
0: [default0]:  fsdp_manual_registration ........................ False
0: [default0]:  ft_num_warmup_iters ............................. 5
0: [default0]:  full_validation ................................. False
0: [default0]:  global_batch_size ............................... 32
0: [default0]:  glu_linear_offset ............................... 0.0
0: [default0]:  grad_reduce_in_bf16 ............................. False
0: [default0]:  gradient_accumulation_fusion .................... True
0: [default0]:  gradient_reduce_div_fusion ...................... True
0: [default0]:  group_query_attention ........................... True
0: [default0]:  grpo_clamp_eps_lower ............................ 0.01
0: [default0]:  grpo_clamp_eps_upper ............................ 0.01
0: [default0]:  grpo_entropy_term_weight ........................ 0.0
0: [default0]:  grpo_filter_groups_with_same_reward ............. False
0: [default0]:  grpo_group_size ................................. 2
0: [default0]:  grpo_iterations ................................. 2
0: [default0]:  grpo_kl_beta .................................... 0.001
0: [default0]:  grpo_prompts_per_step ........................... 32
0: [default0]:  head_lr_mult .................................... 1.0
0: [default0]:  heterogeneous_layers_config_encoded_json ........ None
0: [default0]:  heterogeneous_layers_config_path ................ None
0: [default0]:  hidden_dropout .................................. 0.0
0: [default0]:  hidden_size ..................................... 4096
0: [default0]:  hierarchical_context_parallel_sizes ............. None
0: [default0]:  high_priority_stream_groups ..................... []
0: [default0]:  hybrid_attention_ratio .......................... 0.0
0: [default0]:  hybrid_context_parallel ......................... False
0: [default0]:  hybrid_mlp_ratio ................................ 0.0
0: [default0]:  hybrid_override_pattern ......................... None
0: [default0]:  hysteresis ...................................... 2
0: [default0]:  ict_head_size ................................... None
0: [default0]:  ict_load ........................................ None
0: [default0]:  img_h ........................................... 224
0: [default0]:  img_w ........................................... 224
0: [default0]:  indexer_batch_size .............................. 128
0: [default0]:  indexer_log_interval ............................ 1000
0: [default0]:  inference_batch_times_seqlen_threshold .......... -1
0: [default0]:  inference_coordinator_port ...................... 12346
0: [default0]:  i
0: nference_dynamic_batching ...................... False
0: [default0]:  inference_dynamic_batching_block_size ........... 256
0: [default0]:  inference_dynamic_batching_buffer_size_gb ....... 40.0
0: [default0]:  inference_dynamic_batching_cuda_graph_max_tokens  16384
0: [default0]:  inference_dynamic_batching_cuda_graph_mixed_prefill_count  16
0: [default0]:  inference_dynamic_batching_max_requests ......... None
0: [default0]:  inference_dynamic_batching_max_tokens ........... None
0: [default0]:  inference_dynamic_batching_num_cuda_graphs ...... 16
0: [default0]:  inference_dynamic_batching_paused_buffer_size_gb  None
0: [default0]:  inference_dynamic_batching_track_paused_request_events  False
0: [default0]:  inference_dynamic_batching_unified_memory_level . 0
0: [default0]:  inference_fuse_tp_communication ................. False
0: [default0]:  inference_logging_step_interval ................. 0
0: [default0]:  inference_max_batch_size ........................ 8
0: [default0]:  inference_max_seq_length ........................ 2560
0: [default0]:  inference_rng_tracker ........................... False
0: [default0]:  inference_wandb_logging ......................... False
0: [default0]:  init_method_std ................................. 0.02
0: [default0]:  init_method_xavier_uniform ...................... False
0: [default0]:  init_model_with_meta_device ..................... False
0: [default0]:  initial_loss_scale .............................. 4294967296
0: [default0]:  inprocess_active_world_size ..................... 16
0: [default0]:  inprocess_barrier_timeout ....................... 120
0: [default0]:  inprocess_completion_timeout .................... 120
0: [default0]:  inprocess_empty_cuda_cache ...................... False
0: [default0]:  inprocess_granularity ........................... node
0: [default0]:  inprocess_hard_timeout .......................... 90
0: [default0]:  inprocess_heartbeat_interval .................... 30
0: [default0]:  inprocess_heartbeat_timeout ..................... 60
0: [default0]:  inprocess_last_call_wait ........................ 1
0: [default0]:  inprocess_max_iterations ........................ None
0: [default0]:  inprocess_monitor_process_interval .............. 1.0
0: [default0]:  inprocess_monitor_thread_interval ............... 1.0
0: [default0]:  inprocess_progress_watchdog_interval ............ 1.0
0: [default0]:  inprocess_restart ............................... False
0: [default0]:  inprocess_soft_timeout .......................... 60
0: [default0]:  inprocess_termination_grace_time ................ 1
0: [default0]:  is_hybrid_model ................................. False
0: [default0]:  iter_per_epoch .................................. 1250
0: [default0]:  itera
0: tions_to_skip .............................. []
0: [default0]:  keep_fp8_transpose_cache ........................ False
0: [default0]:  kitchen_attention_backend ....................... sdpa
0: [default0]:  kv_channels ..................................... 128
0: [default0]:  kv_lora_rank .................................... 32
0: [default0]:  langrl_env_config ............................... None
0: [default0]:  langrl_external_server .......................... False
0: [default0]:  langrl_inference_server_conversation_template ... None
0: [default0]:  langrl_inference_server_type .................... inplace_megatron
0: [default0]:  layernorm_epsilon ............................... 1e-05
0: [default0]:  layernorm_zero_centered_gamma ................... False
0: [default0]:  lazy_mpu_init ................................... None
0: [default0]:  legacy_tokenizer ................................ False
0: [default0]:  linear_attention_freq ........................... None
0: [default0]:  linear_conv_kernel_dim .......................... 4
0: [default0]:  linear_key_head_dim ............................. 128
0: [default0]:  linear_num_key_heads ............................ 16
0: [default0]:  linear_num_value_heads .......................... 32
0: [default0]:  linear_value_head_dim ........................... 128
0: [default0]:  load ............................................ None
0: [default0]:  load_main_params_from_ckpt ...................... False
0: [default0]:  local_rank ...................................... 0
0: [default0]:  log_device_memory_used .......................... False
0: [default0]:  log_energy ...................................... False
0: [default0]
0: :  log_interval .................................... 1
0: [default0]:  log_loss_scale_to_tensorboard ................... True
0: [default0]:  log_max_attention_logit ......................... False
0: [default0]:  log_memory_interval ............................. None
0: [default0]:  log_memory_to_tensorboard ....................... False
0: [default0]:  log_num_zeros_in_grad ........................... False
0: [default0]:  log_params_norm ................................. False
0: [default0]:  log_progress .................................... True
0: [default0]:  log_straggler ................................... False
0: [default0]:  log_throughput .................................. True
0: [default0]:  log_timers_to_tensorboard ....................... False
0: [default0]:  log_validation_ppl_to_tensorboard ............... False
0: [default0]:  log_world_size_to_tensorboard ................... False
0: [default0]:  logging_level ................................... None
0: [default0]:  loss_scale ...................................... None
0: [default0]:  loss_scale_window ............................... 1000
0: [default0]:  lr .............................................. 0.0001
0: [default0]:  lr_decay_iters .................................. 50
0: [default0]:  lr_decay_samples ................................ None
0: [default0]:  lr_decay_style .................................. cosine
0: [default0]:  lr_warmup_fraction .............................. None
0: [default0]:  lr_warmup_init .................................. 0.0
0: [default0]:  lr_warmup_iters ................................. 10
0: [default0]:  lr_warmup_samples ............................... 0
0: [default0]:  lr_wsd_decay_iters .............................. None
0: [default0]:  lr_wsd_decay_samples ............................ None
0: [default0]:  lr_wsd_decay_style .............................. exponential
0: [default0]:  main_grads_dtype ................................ torch.bfloat16
0: [default0]:  main_params_dtype ............................... torch.float32
0: [default0]:  make_vocab_size_divisible_by .................... 128
0: [default0]:  mamba_head_dim .................................. 64
0: [default0]:  mamba_num_groups ................................ 8
0: [default0]:  mamba_num_heads ................................. None
0: [default0]:  mamba_state_dim ................................. 128
0: [default0]:  manual_gc ....................................... True
0: [default0]:  manual_gc_eval .................................. True
0: [default0]:  manual_gc_interval .............................. 50
0: [default0]:  mask_factor ..................................... 1.0
0: [default0]:  mask_prob ....................................... 0.15
0: [default0]:  mask_type ....................................... random
0: [default0]:  masked_softmax_fusion ........................... True
0: [default0]:  max_position_embeddings ......................... 4096
0: [default0]:  max_seqlen_per_dp_cp_rank ....................... None
0: [default0]:  max_tokens_to_oom ............................... 12000
0: [default0]:  memory_snapshot_path ............................ snapshot.pickle
0: [default0]:  merge_file ...................................... /iopsstor/scratch/cscs/course_00179/lsaie-ss26-gipfelsturm/data/gpt2-merges.txt
0: [default0]:  micro_batch_size ................................ 2
0: [default0]:  microbatch_group_size_per_vp_stage .............. None
0: [default0]:  mid_level_dataset_surplus ....................... 0.005
0: [default0]:  min_loss_scale .................................. 1.0
0: [default0]:  min_lr .......................................... 1e-05
0: [default0]:  min_offloaded_tensor_size ....................... 1048576
0: [default0]:  mlp_chunks_for_prefill .......................... 1
0: [default0]:  mmap_bin_files .................................. True
0: [default0]:  mock_data ....................................... False
0: [default0]:  modelopt_enabled ................................ False
0: [default0]:  moe_apply_probs_on_input ........................ False
0: [default0]:  moe_aux_loss_coeff .............................. 0.0
0: [default0]:  moe_deepep_num_sms .............................. 20
0: [default0]:  moe_enable_deepep ............................... False
0: [default0]:  moe_enable_routing_replay ....................... False
0: [default0]:  moe_expert_capacity_factor ...................... None
0: [default0]:  moe_extended_tp ................................. False
0: [default0]:  moe_ffn_hidden_size ............................. None
0: [default0]:  moe_flex_dispatcher_backend ..................... deepep
0: [default0]:  moe_grouped_gemm ................................ False
0: [default0]:  moe_hybridep_num_sms ............................ 16
0: [default0]:  moe_input_jitter_eps ............................ None
0: [default0]:  moe_latent_size ................................. None
0: [default0]:  moe_layer_freq .................................. 1
0: [default0]:  moe_layer_recompute ............................. False
0: [default0]:  moe_pad_expert_input_to_capacity ................ False
0: [default0]:  moe_pad_experts_for_cuda_graph_inference ........ False
0: [default0]:  moe_per_layer_logging ........................... False
0: [default0]:  moe_permute_fusion .............................. False
0: [default0]:  moe_router_bias_update_rate ..................... 0.001
0: [default0]:  moe_router_dtype ................................ None
0: [default0]:  moe_router_enable_expert_bias ................... False
0: [default0]:  moe_router_force_load_balancing ................. False
0: [default0]:  moe_router_fusion ............................... False
0: [default0]:  moe_router_group_topk ........................... None
0: [default0]:  moe_router_load_balancing_type .................. aux_loss
0: [default0]:  moe_router_num_groups ........................... None
0: [default0]:  moe_router_padding_for_fp8 ...................... False
0: [default0]:  moe_router_padding_for_quantization ............. False
0: [default0]:  moe_router_pre_softmax .......................... False
0: [default0]:  moe_router_score_function ....................... softmax
0: [default0]:  moe_router_topk ................................. 2
0: [default0]:  moe_router_topk_scaling_factor .................. None
0: [default0]:  moe_shared_expert_gate .......................... False
0: [default0]:  moe_shared_expert_intermediate_size ............. None
0: [default0]:  moe_shared_expert_overlap ....................... False
0: [default0]:  moe_token_dispatcher_type ....................... allgather
0: [default0]:  moe_token_drop_policy ........................... probs
0: [default0]:  moe_upcycling_granularity ....................... 1
0: [default0]:  moe_use_legacy_grouped_gemm ..................... False
0: [default0]:  moe_use_upcycling ............................... False
0: [default0]:  moe_z_loss_coeff ................................ None
0: [default0]:  mrope_section ................................... None
0: [default0]:  mscale .......................................... 1.0
0: [default0]:  mscale_all_dim .................................. 0.0
0: [default0]:  mtp_loss_scaling_factor ......................... 0.1
0: [default0]:  mtp_num_layers .................................. None
0: [default0]:  mtp_standalone .................................. False
0: [default0]:  multi_latent_attention .......................... False
0: [default0]:  multiple_validation_sets ........................ False
0: [default0]:  muon_extra_scale_factor ......................... 1.0
0: [default0]:  muon_fp32_matmul_prec ........................... medium
0: [default0]:  muon_momentum ................................... 0.9
0: [default0]:  muon_num_ns_steps ............................... 5
0: [default0]:  muon_scale_mode ................................. spectral
0: [default0]:  muon_split_qkv .................................. True
0: [default0]:  muon_tp_mode .................................... blockwise
0: [default0]:  muon_use_nesterov ............................... False
0: [default0]:  nccl_all_reduce_for_prefill ..................... False
0: [default0]:  nccl_communicator_config_path ................... None
0: [default0]:  nccl_ub ......................................... False
0: [default0]:  no_load_optim .................................
0: .. None
0: [default0]:  no_load_rng ..................................... None
0: [default0]:  no_persist_layer_norm ........................... False
0: [default0]:  no_rope_freq .................................... None
0: [default0]:  no_save_optim ................................... None
0: [default0]:  no_save_rng ..................................... None
0: [default0]:  no_weight_decay_cond_type ....................... None
0: [default0]:  non_persistent_ckpt_type ........................ None
0: [default0]:  non_persistent_global_ckpt_dir .................. None
0: [default0]:  non_persistent_local_ckpt_algo .................. fully_parallel
0: [default0]:  non_persistent_local_ckpt_dir ................... None
0: [default0]:  non_persistent_save_interval .................... None
0: [default0]:  normalization ................................... RMSNorm
0: [default0]:  num_attention_heads ............................. 32
0: [default0]:  num_channels .................................... 3
0: [default0]:  num_classes ..................................... 1000
0: [default0]:  num_dataset_builder_threads ..................... 1
0: [default0]:  num_distributed_optimizer_instances ............. 1
0: [d
0: efault0]:  num_experts ..................................... None
0: [default0]:  num_layers ...................................... 32
0: [default0]:  num_layers_at_end_in_bf16 ....................... 1
0: [default0]:  num_layers_at_start_in_bf16 ..................... 1
0: [default0]:  num_layers_per_virtual_pipeline_stage ........... None
0: [default0]:  num_query_groups ................................ 8
0: [default0]:  num_virtual_stages_per_pipeline_rank ............ None
0: [default0]:  num_workers ..................................... 16
0: [default0]:  object_storage_cache_path ....................... None
0: [default0]:  offload_modules ................................. []
0: [default0]:  one_logger_async ................................ False
0: [default0]:  one_logger_project .............................. megatron-lm
0: [default0]:  one_logger_run_name ............................. None
0: [default0]:  onnx_safe ....................................... None
0: [default0]:  openai_gelu ..................................... False
0: [default0]:  optimizer ....................................... adam
0: [default0]:  optimizer_cpu_offload ........................... False
0: [default0]:  optimizer_offload_fraction ...................... 1.0
0: [default0]:  outer_dp_sharding_strategy ...................... no_shard
0: [default0]:  output_bert_embeddings .......................... False
0: [default0]:  overlap_cpu_optimizer_d2h_h2d ................... False
0: [default0]:  overlap_grad_reduce ............................. True
0: [default0]:  overlap_moe_expert_parallel_comm ................ False
0: [default0]:  overlap_p2p_comm ................................ False
0: [default0]:  overlap_p2p_comm_warmup_flush ................... False
0: [default0]:  overlap_param_gather ............................ True
0: [default0]:  overlap_param_gather_with_optimizer_step ........ False
0: [default0]:  override_opt_param_scheduler .................... False
0: [default0]:  padded_vocab_size ............................... None
0: [default0]:  params_dtype .................................... torch.bfloat16
0: [default0]:  patch_dim ....................................... 16
0: [default0]:  per_dataset_sequences_path ...................... None
0: [default0]:  per_split_data_args_path ........................ None
0: [default0]:  perform_initialization .......................... True
0: [default0]:  perform_rl_step ................................. False
0: [default0]:  phase_transition_iterations ..................... None
0: [default0]:  pin_cpu_grads ................................... True
0: [default0]:  pin_cpu_params .................................. True
0: [default0]:  pipeline_model_parallel_comm_backend ............ None
0: [default0]:  pipeline_model_parallel_layout .................. None
0: [default0]:  pipeline_model_parallel_size .................... 2
0: [default0]:  position_embedding_type ......................... rope
0: [default0]:  pretrained_checkpoint ........................... None
0: [default0]:  profile ......................................... False
0: [default0]:  profile_ranks ................................... [0]
0: [default0]:  profile_step_end ................................ 12
0: [default0]:  profile_step_start .............................. 10
0: [default0]:  q_lora_rank ..................................... None
0: [default0]:  qk_clip ......................................... False
0: [default0]:  qk_clip_alpha ................................... 0.5
0: [default0]:  qk_clip_threshold ............................... 100
0: [default0]:  qk_head_dim ..................................... 128
0: [default0]:  qk_l2_norm ...................................... False
0: [default0]:  qk_layernorm .................................... False
0: [default0]:  qk_pos_emb_head_dim ............................. 64
0: [default0]:  query_in_block_prob ............................. 0.1
0: [default0]:  quick_geglu ..................................... False
0: [default0]:  rampup_batch_size ............................... None
0: [default0]:  rank ............................................ 0
0: [default0]:  recompute_granularity ........................... selective
0: [default0]:  recompute_method ................................ None
0: [default0]:  recompute_modules ............................... None
0: [default0]:  recompute_num_layers ............................ None
0: [default0]:  record_memory_history ........................... False
0: [default0]:  refit_method .................................... gloo
0: [default0]:  relative_attention_max_distance ................. 128
0: [default0]:  relative_attention_num_buckets .................. 32
0: [default0]:  replication ..................................... False
0: [default0]:  replication_factor .............................. 2
0: [default
0: 0]:  replication_jump ................................ None
0: [default0]:  rerun_mode ...................................... validate_results
0: [default0]:  reset_attention_mask ............................ False
0: [default0]:  reset_position_ids .............................. False
0: [default0]:  result_rejected_tracker_filename ................ None
0: [default0]:  retriever_report_topk_accuracies ................ []
0: [default0]:  retriever_score_scaling ......................... False
0: [default0]:  reuse_grad_buf_for_mxfp8_param_ag ............... False
0: [default0]:  rl_default_temperature .......................... 1.0
0: [default0]:  rl_default_top_k ................................ -1
0: [default0]:  rl_default_top_p ................................ 0
0: [default0]:  rl_importance_sampling_truncation_coef .......... None
0: [default0]:  rl_inference_expert_model_parallel_size ......... None
0: [default0]:  rl_inference_expert_tensor_model_parallel_size .. None
0: [default0]:  rl_inference_logprobs_is_correction ............. False
0: [default0]:  rl_inference_model_unified_memory_level ......... 0
0: [default0]:  rl_inference_pipeline_model_parallel_size ....... None
0: [default0]:  rl_inference_tensor_model_parallel_size ......... None
0: [default0]:  rl_offload_inference_model_weights_when_idle .... False
0: [default0]:  rl_offload_kv_cache_during_training ............. False
0: [default0]:  rl_offload_optimizer_during_inference ........... False
0: [default0]:  rl_parallel_generation_tasks .................... 512
0: [default0]:  rl_partial_rollouts ............................. False
0: [default0]:  rl_prompts_per_eval ............................. 32
0: [default0]:  rl_remove_kv_cache_during_training .............. False
0: [default0]:  rl_reset_cuda_graphs ............................ False
0: [default0]:  rl_sequence_packing_algo ........................ fifo
0: [default0]:  rl_sequence_packing_max_sequences_per_bin ....... 50
0: [default0]:  rl_skip_bos_token ............................... False
0: [default0]:  rl_training_cuda_graphs ......................... False
0: [default0]:  rl_use_sequence_packing ......................... False
0: [default0]:  rl_verify_model_weights_swap .................... False
0: [default0]:  rope_scaling_factor ............................. 8.0
0: [default0]:  rope_type ....................................... None
0: [default0]:  rotary_base ..................................... 10000
0: [default0]:  rotary_interleaved .............................. False
0: [default0]:  rotary_percent .................................. 1.0
0: [default0]:  rotary_scaling_factor ........................... 1.0
0: [de
0: fault0]:  rotary_seq_len_interpolation_factor ............. None
0: [default0]:  run_workload_inspector_server ................... False
0: [default0]:  sample_rate ..................................... 1.0
0: [default0]:  save ............................................ /iopsstor/scratch/cscs/course_00179/gipfelsturm/gipfelsturm/throughput-8b-4n/checkpoints
0: [default0]:  save_dgrads_interval ............................ None
0: [default0]:  save_interval ................................... 50
0: [default0]:  save_retain_interval ............................ None
0: [default0]:  save_wgrads_interval ............................ None
0: [default0]:  scatter_gather_tensors_in_pipeline .............. True
0: [default0]:  seed ............................................ 42
0: [default0]:  seq_length ...................................... 4096
0: [default0]:  sequence_parallel ............................... False
0: [default0]:  sft ............................................. False
0: [default0]:  sft_tokenizer_prompt_format ..................... nemotron-h-aligned
0: [default0]:  sgd_momentum .................................... 0.9
0: [default0]:  sharp_enabled_group ............................. None
0: [default0]:  short_seq_prob .................................. 0.1
0: [default0]:  skip_train ...................................... False
0: [default0]:  skipped_train_samples ........................... 0
0: [default0]:  softmax_type .................................... vanilla
0: [default0]:  spec ............................................ None
0: [default0]:  split ........................................... 99,1,0
0: [default0]:  squared_relu .................................... False
0: [default0]:  start_weight_decay .............................. 0.1
0: [default0]:  straggler_ctrlr_port ............................ 65535
0: [default0]:  straggler_minmax_count .......................... 1
0: [default0]:  strict_fsdp_dtensor_load ........................ True
0: [default0]:  suggested_communication_unit_size ............... None
0: [default0]:  swiglu .......................................... True
0: [default0]:  swin_backbone_type .............................. tiny
0: [default0]:  symmetric_ar_type ............................... None
0: [default0]:  te_precision_config_file ........................ None
0: [default0]:  te_rng_tracker .................................. False
0: [default0]:  tensor_model_parallel_size ...................... 4
0: [default0]:  tensorboard_dir ................................. None
0: [default0]:  tensorboard_log_interval ........................ 1
0: [default0]:  tensorboard_queue_size .......................... 1000
0: [default0]:  test_data_path .................................. None
0: [default0]:  test_mode ....................................... False
0: [default0]:  tiktoken_num_special_tokens ..................... 1000
0: [default0]:  tiktoken_pattern ................................ None
0: [default0]:  tiktoken_special_tokens ......................... None
0: [default0]:  timing_log_level ................................ 0
0: [default0]:  timing_log_option ............................... minmax
0: [default0]:  titles_data_path ................................ None
0: [default0]:  tokenizer_hf_include_special_tokens ............. False
0: [default0]:  tokenizer_hf_use_fast ........................... False
0: [default0]:  tokenizer_metadata .............................. None
0: [default0]:  tokenizer_model ................................. None
0: [default0]:  tokenizer_sentencepiece_legacy .................. False
0: [default0]:  tokenizer_special_tokens ........................ None
0: [default0]:  tokenizer_type .................................. GPT2BPETokenizer
0: [default0]:  torch_fsdp2_reshard_after_forward ............... True
0: [default0]:  tp_comm_bootstrap_backend ....................... nccl
0: [default0]:  tp_comm_bulk_dgrad .............................. True
0: [default0]:  tp_comm_bulk_wgrad .............................. True
0: [default0]:  tp_comm_overlap ................................. False
0: [default0]:  tp_comm_overlap_ag .............................. True
0: [default0]:  tp_comm_overlap_cfg ............................. None
0: [default0]:  tp_comm_overlap_rs .............................. True
0: [default0]:  tp_comm_overlap_rs_dgrad ........................ False
0: [default0]:  tp_comm_split_ag ................................ True
0: [default0]:  tp_comm_split_rs ...........................
0: ..... True
0: [default0]:  train_data_path ................................. None
0: [default0]:  train_iters ..................................... 50
0: [default0]:  train_samples ................................... None
0: [default0]:  train_sync_interval ............................. None
0: [default0]:  transformer_impl ................................ transformer_engine
0: [default0]:  transformer_pipeline_model_parallel_size ........ 2
0: [default0]:  trust_remote_code ............................... False
0: [default0]:  untie_embeddings_and_output_weights ............. True
0: [default0]:  use_checkpoint_args ............................. False
0: [default0]:  use_checkpoint_opt_param_scheduler .............. False
0: [default0]:  use_cpu_initialization .......................... None
0: [default0]:  use_dist_ckpt ................................... True
0: [default0]:  use_dist_ckpt_deprecated ........................ False
0: [default0]:  use_distributed_optimizer ....................... True
0: [default0]:  use_flash_attn ...............................
0: ... False
0: [default0]:  use_fused_weighted_squared_relu ................. False
0: [default0]:  use_kitchen_attention ........................... False
0: [default0]:  use_legacy_models ............................... False
0: [default0]:  use_legacy_static_engine ........................ False
0: [default0]:  use_mamba_mem_eff_path .......................... True
0: [default0]:  use_megatron_fsdp ............................... False
0: [default0]:  use_mp_args_from_checkpoint_args ................ False
0: [default0]:  use_one_sent_docs ............................... False
0: [default0]:  use_persistent_ckpt_worker ...................... False
0: [default0]:  use_precision_aware_optimizer ................... True
0: [default0]:  use_pytorch_profiler ............................ False
0: [default0]:  use_ring_exchange_p2p ........................... False
0: [default0]:  use_rope_scaling ................................ False
0: [default0]:  use_rotary_position_embeddings .................. False
0: [default0]:  use_sharp ....................................... False
0: [default0]:  use_te_activation_func .......................... False
0: [default0]:  use_tokenizer_model_from_checkpoint_args ........ True
0: [default0]:  use_torch_fsdp2 ................................. False
0: [default0]:  use_torch_optimizer_for_cpu_offload ............. False
0: [default0]:  use_tp_pp_dp_mapping ............................ False
0: [default0]:  v_head_dim ...................................... 128
0: [default0]:  valid_data_path ................................. None
0: [default0]:  variable_seq_lengths ............................ False
0: [default0]:  virtual_pipeline_model_parallel_size ............ None
0: [default0]:  vision_backbone_type ............................ vit
0: [default0]:  vision_pretraining .............................. False
0: [default0]:  vision_pretraining_type ......................... classify
0: [default0]:  vocab_extra_ids ................................. 0
0: [default0]:  vocab_file ...................................... /iopsstor/scratch/cscs/course_00179/lsaie-ss26-gipfelsturm/data/gpt2-vocab.json
0: [default0]:  vocab_size ...................................... None
0: [default0]:  wandb_entity .................................... None
0: [default0]:  wandb_exp_name .................................. None
0: [default0]:  wandb_project ................................... None
0: [default0]:  wandb_save_dir .................................. None
0: [default0]:  weight_decay .................................... 0.1
0: [default0]:  weight_decay_incr_style ......................... constant
0: [default0]:  wgrad_deferral_limit ............................ 0
0: [default0]:  window_attn_skip_freq ........................... None
0: [default0]:  window_size ..................................... None
0: [default0]:  world_size ...................................... 16
0: [default0]:  yaml_cfg ........................................ None
0: [default0]:-------------------- end of arguments ---------------------
0: [default0]:INFO:megatron.core.num_microbatches_calculator:setting number of microbatches to constant 8
0: [default0]:> building GPT2BPETokenizer tokenizer ...
0: [default0]:WARNING:megatron.core.datasets.megatron_tokenizer:You're using the legacy tokenizer system, which is deprecated and will be removed in a future release. Please migrate to the new tokenizer system (`megatron.core.tokenizers.MegatronTokenizer`).
0: [default0]: > padded vocab (size: 50257) with 431 dummy tokens (new size: 50688)
0: [default0]:WARNING:megatron.core.rerun_state_machine:RerunStateMachine initialized in mode RerunMode.VALIDATE_RESULTS
0: [default0]:> initializing torch distributed ...
0: [default2]:[W522 15:15:38.632689658 ProcessGroupNCCL.cpp:941] Warning: TORCH_NCCL_AVOID_RECORD_STREAMS is the default now, this environment variable is thus deprecated. (function operator())
1: [default2]:[Gloo] Rank 1 is connected to 1 peer ranks. Expected number of connected peer ranks is : 1
1: [default2]:[Gloo] Rank 1 is connected to 1 peer ranks. Expected number of connected peer ranks is : 1
1: [default2]:[Gloo] Rank 1 is connected to 1 peer ranks. Expected number of connected peer ranks is : 1
1: [default3]:[Gloo] Rank 1 is connected to 1 peer ranks. Expected number of connected peer ranks is : 1
1: [default3]:[Gloo] Rank 1 is connected to 1 peer ranks. Expected number of connected peer ranks is : 1
1: [default3]:[Gloo] Rank 1 is connected to 1 peer ranks. Expected number of connected peer ranks is : 1
0: [default3]:[Gloo] Rank 0 is connected to 1 peer ranks. Expected number of connected peer ranks is : 1
0: [default3]:[Gloo] Rank 0 is connected to 1 peer ranks. Expected number of connected peer ranks is : 1
0: [default3]:[Gloo] Rank 0 is connected to 1 peer ranks. Expected number of connected peer ranks is : 1
0: [default1]:[W522 15:15:38.629203390 ProcessGroupNCCL.cpp:941] Warning: TORCH_NCCL_AVOID_RECORD_STREAMS is the default now, this environment variable is thus deprecated. (function operator())
0: [default3]:[W522 15:15:38.629203326 ProcessGroupNCCL.cpp:941] Warning: TORCH_NCCL_AVOID_RECORD_STREAMS is the default now, this environment variable is thus deprecated. (function operator())
0: [default2]:[Gloo] Rank 0 is connected to 1 peer ranks. Expected number of connected peer ranks is : 1
0: [default2]:[Gloo] Rank 0 is connected to 1 peer ranks. Expected number of connected peer ranks is : 1
0: [default2]:[Gloo] Rank 0 is connected to 1 peer ranks. Expected number of connected peer ranks is : 1
3: [default1]:[Gloo] Rank 1 is connected to 1 peer ranks. Expected number of connected peer ranks is : 1
3: [default1]:[Gloo] Rank 1 is connected to 1 peer ranks. Expected number of connected peer ranks is : 1
3: [default3]:[Gloo] Rank 1 is connected to 1 peer ranks. Expected number of connected peer ranks is : 1
3: [default3]:[Gloo] Rank 1 is connected to 1 peer ranks. Expected number of connected peer ranks is : 1
3: [default3]:[Gloo] Rank 1 is connected to 1 peer ranks. Expected number of connected peer ranks is : 1
3: [default2]:[Gloo] Rank 1 is connected to 1 peer ranks. Expected number of connected peer ranks is : 1
3: [default2]:[Gloo] Rank 1 is connected to 1 peer ranks. Expected number of connected peer ranks is : 1
2: [default1]:[Gloo] Rank 0 is connected to 1 peer ranks. Expected number of connected peer ranks is : 1
2: [default1]:[Gloo] Rank 0 is connected to 1 peer ranks. Expected number of connected peer ranks is : 1
2: [default3]:[Gloo] Rank 0 is connected to 1 peer ranks. Expected number of connected peer ranks is : 1
2: [default3]:[Gloo] Rank 0 is connected to 1 peer ranks. Expected number of connected peer ranks is : 1
2: [default3]:[Gloo] Rank 0 is connected to 1 peer ranks. Expected number of connected peer ranks is : 1
2: [default2]:[Gloo] Rank 0 is connected to 1 peer ranks. Expected number of connected peer ranks is : 1
2: [default2]:[Gloo] Rank 0 is connected to 1 peer ranks. Expected number of connected peer ranks is : 1
1: [default0]:[W522 15:15:39.020088320 ProcessGroupNCCL.cpp:941] Warning: TORCH_NCCL_AVOID_RECORD_STREAMS is the default now, this environment variable is thus deprecated. (function operator())
1: [default1]:[Gloo] Rank 1 is connected to 1 peer ranks. Expected number of connected peer ranks is : 1
1: [default1]:[Gloo] Rank 1 is connected to 1 peer ranks. Expected number of connected peer ranks is : 1
1: [default1]:[Gloo] Rank 1 is connected to 1 peer ranks. Expected number of connected peer ranks is : 1
0: [default1]:[Gloo] Rank 0 is connected to 1 peer ranks. Expected number of connected peer ranks is : 1
0: [default1]:[Gloo] Rank 0 is connected to 1 peer ranks. Expected number of connected peer ranks is : 1
0: [default1]:[Gloo] Rank 0 is connected to 1 peer ranks. Expected number of connected peer ranks is : 1
0: [default0]:[W522 15:15:43.633306979 ProcessGroupNCCL.cpp:941] Warning: TORCH_NCCL_AVOID_RECORD_STREAMS is the default now, this environment variable is thus deprecated. (function operator())
0: [default0]:/iopsstor/scratch/cscs/course_00179/lsaie-ss26-gipfelsturm/Megatron-LM/megatron/core/transformer/transformer_config.py:1225: UserWarning: If you are using transformer_engine as the transformer implementation, the core_attn is from transformer_engine and may be the fused version. For fused attention, you have no need to set 'core_attn' to recompute. Please check that the core_attn recompute is really needed.
0: [default0]:  warnings.warn(
1: [default0]:[Gloo] Rank 1 is connected to 1 peer ranks. Expected number of connected peer ranks is : 1
1: [default0]:[Gloo] Rank 1 is connected to 1 peer ranks. Expected number of connected peer ranks is : 1
1: [default0]:[Gloo] Rank 1 is connected to 1 peer ranks. Expected number of connected peer ranks is : 1
1: [default0]:[rank4]:[W522 15:15:44.060272250 ProcessGroupNCCL.cpp:5163] Guessing device ID based on global rank. This can cause a hang if rank to GPU mapping is heterogeneous. You can specify device_id in init_process_group()
0: [default0]:[Gloo] Rank 0 is connected to 1 peer ranks. Expected number of connected peer ranks is : 1
0: [default0]:[Gloo] Rank 0 is connected to 1 peer ranks. Expected number of connected peer ranks is : 1
0: [default0]:[Gloo] Rank 0 is connected to 1 peer ranks. Expected number of connected peer ranks is : 1
0: [default0]:> initialized tensor model parallel with size 4
0: [default0]:> initialized pipeline model parallel with size 2
0: [default0]:> setting random seeds to 42 ...
0: [default0]:> compiling dataset index builder ...
0: [default0]:make: Entering directory '/iopsstor/scratch/cscs/course_00179/lsaie-ss26-gipfelsturm/Megatron-LM/megatron/core/datasets'
0: [default0]:make: Nothing to be done for 'default'.
0: [default0]:make: Leaving directory '/iopsstor/scratch/cscs/course_00179/lsaie-ss26-gipfelsturm/Megatron-LM/megatron/core/datasets'
0: [default0]:>>> done with dataset index builder. Compilation time: 0.092 seconds
0: [default0]:> compiling and loading fused kernels ...
0: [default0]:/usr/local/lib/python3.12/dist-packages/torch/distributed/c10d_logger.py:83: UserWarning: barrier(): using the device under current context. You can specify `device_id` in `init_process_group` to mute this warning.
0: [default0]:  return func(*args, **kwargs)
0: [default0]:[rank0]:[W522 15:15:44.182793338 ProcessGroupNCCL.cpp:5163] Guessing device ID based on global rank. This can cause a hang if rank to GPU mapping is heterogeneous. You can specify device_id in init_process_group()
0: [default0]:>>> done with compiling and loading fused kernels. Compilation time: 2.496 seconds
0: [default0]:/usr/local/lib/python3.12/dist-packages/torch/distributed/c10d_logger.py:83: UserWarning: barrier(): using the device under current context. You can specify `device_id` in `init_process_group` to mute this warning.
0: [default0]:  return func(*args, **kwargs)
0: [default0]:time to initialize megatron (seconds): 19.094
0: [default0]:[after in-process setup and before initialize_megatron] datetime: 2026-05-22 15:15:37.728958 
0: [default0]:[after in-job setup and before initialize_megatron] datetime: 2026-05-22 15:15:37.763057 
0: [default0]:/iopsstor/scratch/cscs/course_00179/lsaie-ss26-gipfelsturm/Megatron-LM/megatron/core/transformer/transformer_config.py:1225: UserWarning: If you are using transformer_engine as the transformer implementation, the core_attn is from transformer_engine and may be the fused version. For fused attention, you have no need to set 'core_attn' to recompute. Please check that the core_attn recompute is really needed.
0: [default0]:  warnings.warn(
0: [default0]:[before library-setup] datetime: 2026-05-22 15:15:12.745175
0: [default0]:[after library-setup] datetime: 2026-05-22 15:15:37.681085
0: [default0]:[before megatron-init] datetime: 2026-05-22 15:15:37.728958
0: [default0]:[after megatron is initialized] datetime: 2026-05-22 15:15:51.585829 
0: [default0]:building GPT model ...
3: [default3]:INFO:megatron.core.timers:(min, max) time across ranks (ms):
3: [default3]:    startup-program-entry-spread ...................: (0.39, 6.13)
3: [default3]:    startup-library-setup ..........................: (19710.80, 24936.08)
3: [default3]:    startup-program-setup ..........................: (47.51, 51.73)
3: [default3]:    startup-in-process-setup .......................: (0.00, 0.00)
3: [default3]:    startup-in-job-setup ...........................: (32.52, 36.69)
3: [default3]:    startup-initialize-megatron ....................: (9272.18, 14493.34)
3: [default3]:    startup-set-jit-fusion-options .................: (3228.21, 4183.22)
3: [default3]:    all-reduce-start-timestamps-tensor .............: (1.75, 956.79)
3: [default3]:    startup-megatron-init-local ....................: (13491.04, 18710.98)
3: [default3]:    startup-megatron-init-global ...................: (38476.23, 38476.44)
0: [default3]: > number of parameters on (tensor, pipeline) model parallel rank (3, 0): 924450816
0: [default1]: > number of parameters on (tensor, pipeline) model parallel rank (1, 0): 924450816
0: [default0]: > number of parameters on (tensor, pipeline) model parallel rank (0, 0): 924450816
0: [default0]:INFO:megatron.core.distributed.distributed_data_parallel:Setting up DistributedDataParallel with config DistributedDataParallelConfig(grad_reduce_in_fp32=False, overlap_grad_reduce=True, overlap_param_gather=True, align_param_gather=False, use_distributed_optimizer=True, num_distributed_optimizer_instances=1, check_for_nan_in_grad=False, check_for_large_grads=False, bucket_size=40000000, pad_buckets_for_high_nccl_busbw=False, reduce_scatter_with_fp32_accumulation=False, average_in_collective=False, fp8_param_gather=False, reuse_grad_buf_for_mxfp8_param_ag=False, use_megatron_fsdp=False, use_custom_fsdp=False, data_parallel_sharding_strategy='no_shard', gradient_reduce_div_fusion=True, suggested_communication_unit_size=None, preserve_fp32_weights=True, keep_fp8_transpose_cache=False, nccl_ub=False, fsdp_double_buffer=False, outer_dp_sharding_strategy='no_shard', disable_symmetric_registration=False, fsdp_manual_registration=False, delay_wgrad_compute=False)
0: [default0]:INFO:megatron.core.distributed.
0: param_and_grad_buffer:Number of buckets for gradient all-reduce / reduce-scatter: 17
0: [default0]:Params for bucket 1 (44040192 elements, 44040192 padded size):
0: [default0]:	module.decoder.layers.15.mlp.linear_fc2.weight
0: [default0]:	module.decoder.layers.15.mlp.linear_fc1.weight
0: [default0]:Params for bucket 2 (54534144 elements, 54534144 padded size):
0: [default0]:	module.decoder.layers.15.self_attention.linear_qkv.weight
0: [default0]:	module.decoder.layers.15.self_attention.linear_proj.weight
0: [default0]:	module.decoder.layers.14.mlp.linear_fc2.weight
0: [default0]:	module.decoder.layers.15.self_attention.linear_qkv.layer_norm_weight
0: [default0]:	module.decoder.layers.15.mlp.linear_fc1.layer_norm_weight
0: [default0]:	module.decoder.layers.14.mlp.linear_fc1.weight
0: [default0]:Params for bucket 3 (54534144 elements, 54534144 padded size):
0: [default0]:	module.decoder.layers.14.self_attention.linear_qkv.layer_norm_weight
0: [default0]:	module.decoder.layers.13.mlp.linear_fc2.weight
0: [default0]:	module.decoder.layers.14.self_attention.linear_qkv.weight
0: [default0]:	module.decoder.layers.14.self_attention.linear_proj.weight
0: [default0]:	module.decoder.layers.13.mlp.linear_fc1.weight
0: [default0]:	module.decoder.layers.14.mlp.linear_fc1.layer_norm_weight
0: [default0]:Params for bucket 4 (54534144 elements, 54534144 padded size):
0: [default0]:	module.decoder.layers.13.mlp.linear_fc1.layer_norm_weight
0: [default0]:	module.decoder.layers.12.mlp.linear_fc2.weight
0: [default0]:	module.decoder.layers.13.self_attention.linear_qkv.weight
0: [default0]:	module.decoder.layers.13.self_attention.linear_proj.weight
0: [default0]:	module.decoder.layers.13.self_attention.linear_qkv.layer_norm_weight
0: [default0]:	module.decoder.layers.12.mlp.linear_fc1.weight
0: [default0]:Params for bucket 5 (54534144 elements, 54534144 padded size):
0: [default0]:	module.decoder.layers.12.mlp.linear_fc1.layer_norm_weight
0: [default0]:	module.decoder.layers.12.self_attention.linear_qkv.weight
0: [default0]:	module.decoder.layers.11.mlp.linear_fc2.weight
0: [default0]:	module.decoder.layers.12.self_attention.linear_proj.weight
0: [default0]:	module.decoder.layers.12.self_attention.linear_qkv.layer_norm_weight
0: [default0]:	module.decoder.layers.11.mlp.linear_fc1.weight
0: [default0]:Params for bucket 6 (54534144 elements, 54534144 padded size):
0: [default0]:	module.decoder.layers.11.self_attention.linear_qkv.layer_norm_weight
0: [default0]:	module.decoder.layers.11.mlp.line
0: ar_fc1.layer_norm_weight
0: [default0]:	module.decoder.layers.11.self_attention.linear_qkv.weight
0: [default0]:	module.decoder.layers.10.mlp.linear_fc2.weight
0: [default0]:	module.decoder.layers.11.self_attention.linear_proj.weight
0: [default0]:	module.decoder.layers.10.mlp.linear_fc1.weight
0: [default0]:Params for bucket 7 (54534144 elements, 54534144 padded size):
0: [default0]:	module.decoder.layers.10.mlp.linear_fc1.layer_norm_weight
0: [default0]:	module.decoder.layers.10.self_attention.linear_proj.weight
0: [default0]:	module.decoder.layers.9.mlp.linear_fc1.weight
0: [default0]:	module.decoder.layers.9.mlp.linear_fc2.weight
0: [default0]:	module.decoder.layers.10.self_attention.linear_qkv.layer_norm_weight
0: [default0]:	module.decoder.layers.10.self_attention.linear_qkv.weight
0: [default0]:Params for bucket 8 (54534144 elements, 54534144 padded size):
0: [default0]:	module.decoder.layers.9.self_attention.linear_proj.weight
0: [default0]:	module.decoder.layers.9.self_attention.linear_qkv.layer_norm_weight
0: [default0]:	module.decoder.layers.8.mlp.linear_fc1.weight
0: [default0]:	module.decoder.layers.9.mlp.linear_fc1.layer_norm_weight
0: [default0]:	module.decoder.layers.9.self_attention.linear_qkv.weight
0: [default0]:	module.decoder.layers.8.mlp.linear_fc2.weight
0: [default0]:Params for bucket 9 (54534144 elements, 54534144 padded size):
0: [default0]:	module.decoder.layers.8.self_attention.linear_qkv.weight
0: [default0]:	module.decoder.layers.7.mlp.linear_fc1.weight
0: [default0]:	module.decoder.layers.8.mlp.linear_fc1.layer_norm_weight
0: [default0]:	module.decoder.layers.7.mlp.linear_fc2.weight
0: [default0]:	module.decoder.layers.8.self_attention.linear_qkv.layer_norm_weight
0: [default0]:	module.decoder.layers.8.self_attention.linear_proj.weight
0: [default0]:Params for bucket 10 (54534144 elements, 54534144 padded size):
0: [default0]:	module.decoder.layers.7.self_attention.linear_qkv.weight
0: [default0]:	module.decoder.layers.7.self_attention.linear_proj.weight
0: [default0]:	module.decoder.layers.6.mlp.linear_fc1.weight
0: [default0]:	module.d
0: ecoder.layers.7.mlp.linear_fc1.layer_norm_weight
0: [default0]:	module.decoder.layers.7.self_attention.linear_qkv.layer_norm_weight
0: [default0]:	module.decoder.layers.6.mlp.linear_fc2.weight
0: [default0]:Params for bucket 11 (54534144 elements, 54534144 padded size):
0: [default0]:	module.decoder.layers.6.mlp.linear_fc1.layer_norm_weight
0: [default0]:	module.decoder.layers.6.self_attention.linear_qkv.weight
0: [default0]:	module.decoder.layers.6.self_attention.linear_qkv.layer_norm_weight
0: [default0]:	module.decoder.layers.5.mlp.linear_fc2.weight
0: [default0]:	module.decoder.layers.6.self_attention.linear_proj.weight
0: [default0]:	module.decoder.layers.5.mlp.linear_fc1.weight
0: [default0]:Params for bucket 12 (54534144 elements, 54534144 padded size):
0: [default0]:	module.decoder.layers.4.mlp.linear_fc2.weight
0: [default0]:	module.decoder.layers.5.self_attention.linear_qkv.layer_norm_weight
0: [default0]:	module.decoder.layers.4.mlp.linear_fc1.weight
0: [default0]:	module.decoder.layers.5.mlp.linear_fc1.layer_norm_weight
0: [default0]:	module.decoder.layers.5.self_attention.linear_proj.weight
0: [default0]:	module.decoder.layers.5.self_attention.linear_qkv.weight
0: [default0]:Params for bucket 13 (54534144 elements, 54534144 padded size):
0: [default0]:	module.decoder.layers.4.mlp.linear_fc1.layer_norm_weight
0: [default0]:	module.decoder.layers.4.self_attention.linear_qkv.weight
0: [default0]:	module.decoder.layers.4.self_attention.linear_qkv.layer_norm_weight
0: [default0]:	module.decoder.layers.4.self_attention.linear_proj.weight
0: [default0]:	module.decoder.layers.3.mlp.linear_fc2.weight
0: [default0]:	module.decoder.layers.3.mlp.linear_fc1.weight
0: [default0]:Params for bucket 14 (54534144 elements, 54534144 padded size):
0: [default0]:	module.decoder.layers.3.mlp.linear_fc1.layer_norm_weight
0: [default0]:	module.decoder.layers.3.self_attention.linear_qkv.weight
0: [default0]:	module.decoder.layers.3.self_attention.linear_proj.wei
0: ght
0: [default0]:	module.decoder.layers.3.self_attention.linear_qkv.layer_norm_weight
0: [default0]:	module.decoder.layers.2.mlp.linear_fc1.weight
0: [default0]:	module.decoder.layers.2.mlp.linear_fc2.weight
0: [default0]:Params for bucket 15 (54534144 elements, 54534144 padded size):
0: [default0]:	module.decoder.layers.2.mlp.linear_fc1.layer_norm_weight
0: [default0]:	module.decoder.layers.1.mlp.linear_fc2.weight
0: [default0]:	module.decoder.layers.2.self_attention.linear_proj.weight
0: [default0]:	module.decoder.layers.2.self_attention.linear_qkv.layer_norm_weight
0: [default0]:	module.decoder.layers.1.mlp.linear_fc1.weight
0: [default0]:	module.decoder.layers.2.self_attention.linear_qkv.weight
0: [default0]:Params for bucket 16 (54534144 elements, 54534144 padded size):
0: [default0]:	module.decoder.layers.0.mlp.linear_fc1.weight
0: [default0]:	module.decoder.layers.1.mlp.linear_fc1.layer_norm_weight
0: [default0]:	module.decoder.layers.0.mlp.linear_fc2.weight
0: [default0]:	module.decoder.layers.1.self_attention.linear_proj.weight
0: [default0]:	module.decoder.layers.1.self_attention.linear_qkv.layer_norm_weight
0: [default0]:	module.decoder.layers.1.self_attention.linear_qkv.weight
0: [default0]:Params for bucket 17 (62398464 elements, 62398464 padded size):
0: [default0]:	module.decoder.layers.0.self_attention.linear_proj.weight
0: [default0]:	module.embedding.word_embeddings.weight
0: [default0]:	module.decoder.layers.0.self_attention.linear_qkv.layer_norm_weight
0: [default0]:	module.decoder.layers.0.self_attention.linear_qkv.weight
0: [default0]:	module.decoder.layers.0.mlp.linear_fc1.layer_norm_weight
0: [default0]:INFO:megatron.core.optimizer:Setting up optimizer with config AdamOptimizerConfig(lr=0.0001, min_lr=1e-05, decoupled_lr=None, decoupled_min_lr=None, weight_decay=0.1, apply_wd_to_qk_layernorm=False, fp8_recipe='delayed', fp16=False, bf16=True, reuse_grad_buf_for_mxfp8_param_ag=False, params_dtype=torch.bfloat16, use_precision_aware_optimizer=True, store_param_remainders=True, main_grads_dtype=torch.bfloat16, main_params_dtype=torch.float32, exp_avg_dtype=torch.float32, exp_avg_sq_dtype=torch.float32, optimizer='adam', loss_scale=None, initial_loss_scale=4294967296, min_loss_scale=1.0, loss_scale_window=1000, hysteresis=2, adam_beta1=0.9, adam_beta2=0.95, adam_eps=1e-08, decoupled_weight_decay=True, sgd_momentum=0.9, muon_momentum=0.9, muon_split_qkv=True, muon_use_nesterov=False, muon_scale_mode='spectral', muon_fp32_matmul_prec='medium', muon_num_ns_steps=5, muon_tp_mode='blockwise', muon_extra_scale_factor=1.0, use_distributed_optimizer=True, overlap_param_gather=True, overlap_param_gather_with_o
0: ptimizer_step=False, optimizer_cpu_offload=False, optimizer_offload_fraction=1.0, use_torch_optimizer_for_cpu_offload=False, overlap_cpu_optimizer_d2h_h2d=False, pin_cpu_grads=True, pin_cpu_params=True, clip_grad=1.0, log_num_zeros_in_grad=False, barrier_with_L1_time=True, timers=<megatron.core.timers.Timers object at 0x40075a0b9f70>, config_logger_dir='')
2: [default3]: > number of parameters on (tensor, pipeline) model parallel rank (3, 1): 924454912
2: [default0]: > number of parameters on (tensor, pipeline) model parallel rank (0, 1): 924454912
2: [default1]: > number of parameters on (tensor, pipeline) model parallel rank (1, 1): 924454912
2: [default0]:INFO:megatron.core.distributed.param_and_grad_buffer:Number of buckets for gradient all-reduce / reduce-scatter: 1
2: [default0]:Params for bucket 1 (924454912 elements, 924454912 padded size):
2: [default0]:	module.decoder.layers.4.self_attention.linear_proj.weight
2: [default0]:	module.decoder.layers.3.self_attention.linear_proj.weight
2: [default0]:	module.decoder.layers.2.self_attention.linear_proj.weight
2: [default0]:	module.decoder.layers.0.self_attention.linear_proj.weight
2: [default0]:	module.decoder.layers.12.self_attention.linear_qkv.layer_norm_weight
2: [default0]:	module.decoder.layers.5.self_attention.linear_qkv.weight
2: [default0]:	module.decoder.layers.2.mlp.linear_fc1.layer_norm_weight
2: [default0]:	module.decoder.layers.14.self_attention.linear_qkv.layer_norm_weight
2: [default0]:	module.decoder.layers.1.mlp.linear_fc1.weight
2: [default0]:	module.decoder.layers.7.self_attention.linear_qkv.weight
2: [default0]:	module.decoder.layers.14.mlp.linear_fc2.weight
2: [default0]:	module.decoder.layers.9.self_attention.linear_qkv.layer_norm_weight
2: [default0]:	module.decoder.layers.1.self_attention.linear_proj.weight
2: [default0]:	module.decoder.layer
2: s.0.mlp.linear_fc1.layer_norm_weight
2: [default0]:	module.output_layer.weight
2: [default0]:	module.decoder.layers.11.self_attention.linear_qkv.weight
2: [default0]:	module.decoder.layers.10.mlp.linear_fc2.weight
2: [default0]:	module.decoder.layers.15.self_attention.linear_proj.weight
2: [default0]:	module.decoder.layers.13.self_attention.linear_proj.weight
2: [default0]:	module.decoder.layers.10.self_attention.linear_qkv.weight
2: [default0]:	module.decoder.layers.9.mlp.linear_fc1.weight
2: [default0]:	module.decoder.layers.12.mlp.linear_fc2.weight
2: [default0]:	module.decoder.layers.2.self_attention.linear_qkv.weight
2: [default0]:	module.decoder.layers.11.mlp.linear_fc2.weight
2: [default0]:	module.decoder.layers.5.mlp.linear_fc1.weight
2: [default0]:	module.decoder.layers.5.mlp.linear_fc2.weight
2: [default0]:	module.decoder.layers.5.self_attention.linear_proj.weight
2: [default0]:	module.decoder.layers.14.mlp.linear_fc1.weight
2: [default0]:	module.decoder.layers.12.self_attention.linear_proj.weight
2: [default0]:	module.decoder.layers.6.mlp.linear_fc2.weight
2: [default0]:	module.decoder.layers.1.mlp.linear_fc2.weight
2: [default0]:	module.decoder.layers.12.mlp.linear_fc1.layer_norm_weight
2: [default0]:	module.decoder.layers.11.mlp.linear_fc1.weight
2: [default0]:	module.decoder.layers.6.mlp.linear_fc1.layer_norm_weight
2: [default0]:	module.decoder.layers.0.mlp.linear_fc2.weight
2: [default0]:	module.decoder.layers.15.self_attention.linear_qkv.layer_norm_weight
2: [default0]:	module.decoder.layers.3.mlp.linear_fc1.weight
2: [default0]:	module.decoder.layers.6.self_attention.linear_qkv.layer_norm_weight
2: [default0]:	module.decoder.layers.6.self_attention.linear_proj.weight
2: [default0]:	module.decoder.layers.5.self_attention.linear_qkv.layer_norm_weight
2: [default0]:	module.decoder.layers.3.self_attention.linear_qkv.weight
2: [default0]:	module.decoder.layers.9.self_attention.linear_proj.weight
2: [default0]:	module.decoder.layers.8.self_attention.linear_qkv.layer_norm_weight
2: [default0]:	module.decoder.layers.7.self_attention.linear_qkv.layer_norm_weight
2: [default0]:	module.decoder.layers.13.self_attention.linear_qkv.layer_norm_weight
2: [default0]:	module.decoder.layers.11.mlp.linear_fc1.layer_norm_weight
2: [default0]:	module.decoder.layers.9.mlp.linear_fc2.weight
2: [default0]:	module.decoder.layers.7.mlp.linear_fc2.weight
2: [default0]:	module.decoder.layers.11.self_attention.linear_proj.weight
2: [default0]:	module.decoder.layers.10.mlp.linear_fc1.weight
2: [default0]:	module.decoder.layers.2.mlp.linear_fc2.weight
2: [default0]:	module.decoder.layers.1.mlp.linear_fc1.layer_norm_weight
2: [default0]:	module.decoder.layers.15.mlp.linear_fc1.weight
2: [default0]:	module.decoder.layers.15.mlp.linear_fc1.layer_norm_weight
2: [default0]:	module.decoder.layers.7.mlp.linear_fc1.weight
2: [default0]:	module.decoder.layers.5.mlp.linear_fc1.layer_norm_weight
2: [default0]:	module.decoder.layers.2.mlp.linear_fc1.weight
2: [default0]:	module.decoder.layers.10.mlp.linear_fc1.layer_norm_weight
2: [default0]:	module.decoder.layers.9.mlp.linear_fc1.layer_norm_weight
2: [default0]:	module.decoder.layers.7.mlp.linear_fc1.layer_norm_weight
2: [default0]:	module.decoder.layers.4.self_attention.linear_qkv.weight
2: [default0]:	module.decoder.layers.4.mlp.linear_fc2.weight
2: [default0]:	module.decoder.layers.0.self_attention.linear_qk
2: v.weight
2: [default0]:	module.decoder.layers.0.self_attention.linear_qkv.layer_norm_weight
2: [default0]:	module.decoder.layers.13.mlp.linear_fc1.weight
2: [default0]:	module.decoder.layers.4.mlp.linear_fc1.layer_norm_weight
2: [default0]:	module.decoder.layers.12.self_attention.linear_qkv.weight
2: [default0]:	module.decoder.layers.8.mlp.linear_fc1.weight
2: [default0]:	module.decoder.layers.3.mlp.linear_fc1.layer_norm_weight
2: [default0]:	module.decoder.layers.4.self_attention.linear_qkv.layer_norm_weight
2: [default0]:	module.decoder.layers.13.mlp.linear_fc2.weight
2: [default0]:	module.decoder.layers.8.mlp.linear_fc1.layer_norm_weight
2: [default0]:	module.decoder.layers.7.self_attention.linear_proj.weight
2: [default0]:	module.decoder.layers.4.mlp.linear_fc1.weight
2: [default0]:	module.decoder.layers.14.self_attention.linear_proj.weight
2: [default0]:	module.decoder.layers.13.mlp.linear_fc1.layer_norm_weight
2: [default0]:	module.decoder.layers.10.self_attention.linear_proj.weight
2: [default0]:	module.decoder.layers.3.self_attention.linear_qkv.layer_norm_weight
2: [default0]:	module.decoder.layers.9.self_attention.linear_qkv.weight
2: [default0]:	module.decoder.layers.8.self_attention.linear_proj.weight
2: [default0]:	module.decoder.layers.1.self_attention.linear_qk
2: v.layer_norm_weight
2: [default0]:	module.decoder.final_layernorm.weight
2: [default0]:	module.decoder.layers.14.mlp.linear_fc1.layer_norm_weight
2: [default0]:	module.decoder.layers.11.self_attention.linear_qkv.layer_norm_weight
2: [default0]:	module.decoder.layers.8.self_attention.linear_qkv.weight
2: [default0]:	module.decoder.layers.6.self_attention.linear_qkv.weight
2: [default0]:	module.decoder.layers.15.mlp.linear_fc2.weight
2: [default0]:	module.decoder.layers.14.self_attention.linear_qkv.weight
2: [default0]:	module.decoder.layers.13.self_attention.linear_qkv.weight
2: [default0]:	module.decoder.layers.0.mlp.linear_fc1.weight
2: [default0]:	module.decoder.layers.12.mlp.linear_fc1.weight
2: [default0]:	module.decoder.layers.8.mlp.linear_fc2.weight
2: [default0]:	module.decoder.layers.6.mlp.linear_fc1.weight
2: [default0]:	module.decoder.layers.2.self_attention.linear_qkv.layer_norm_weight
2: [default0]:	module.decoder.layers.3.mlp.linear_fc2.weight
2: [default0]:	module.decoder.layers.15.self_attention.linear_qkv.weight
2: [default0]:	module.decoder.layers.10.self_attention.linear_qkv.layer_norm_weight
2: [default0]:	module.decoder.layers.1.self_attention.linear_qkv.weight
2: [default2]: > number of parameters on (tensor, pipeline) model parallel rank (2, 1): 924454912
0: [default2]: > number of parameters on (tensor, pipeline) model parallel rank (2, 0): 924450816
0: [default0]:INFO:megatron.core.optimizer_param_scheduler:> learning rate decay style: cosine
0: [default0]:[after model, optimizer, and learning rate scheduler are built] datetime: 2026-05-22 15:15:52.315797 
0: [default0]:> building train, validation, and test datasets ...
0: [default0]: > datasets target sizes (minimum size):
0: [default0]:    train:      1600
0: [default0]:    validation: 0
0: [default0]:    test:       0
0: [default0]:INFO:megatron.core.datasets.blended_megatron_dataset_config:Let split_matrix = [(0, 0.99), (0.99, 1.0), None]
0: [default0]:> building train, validation, and test datasets for GPT ...
0: [default0]:INFO:megatron.core.datasets.blended_megatron_dataset_builder:Building GPTDataset splits with sizes=(1600, 0, 0) and config=GPTDatasetConfig(random_seed=42, sequence_length=4096, blend=(['/capstor/store/cscs/swissai/infra01/datasets/nvidia/Nemotron-ClimbMix/climbmix_small_megatron/climbmix_small'], None), blend_per_split=None, multiple_validation_sets=False, full_validation=False, split='99,1,0', split_matrix=[(0, 0.99), (0.99, 1.0), None], num_dataset_builder_threads=1, path_to_cache='/iopsstor/scratch/cscs/course_00179/gipfelsturm/cache', mmap_bin_files=True, mock=False, tokenizer=<megatron.core.tokenizers.text.models.default_tokenizer.DefaultTokenizerText object at 0x4008775886e0>, mid_level_dataset_surplus=0.005, allow_ambiguous_pad_tokens=False, fast_cache_load=False, defer_npy_index_mmap=False, reset_posi
0: tion_ids=False, reset_attention_mask=False, eod_mask_loss=False, create_attention_mask=True, drop_last_partial_validation_sequence=True, add_extra_token_to_sequence=True, object_storage_cache_path=None, data_parallel_size=2, sequence_parallel_size=0, hybrid_context_parallel=False, sequences_per_dataset=None, token_dtype_code=8, context_parallel_size=1)
0: [default0]:INFO:megatron.core.datasets.indexed_dataset:Load the _IndexReader from /capstor/store/cscs/swissai/infra01/datasets/nvidia/Nemotron-ClimbMix/climbmix_small_megatron/climbmix_small.idx
0: [default0]:INFO:megatron.core.datasets.indexed_dataset:	Extract the sequence lengths
0: [default0]:INFO:megatron.core.datasets.indexed_dataset:	Extract the sequence pointers
0: [default0]:INFO:megatron.core.datasets.indexed_dataset:	Extract the document indices
0: [default0]:INFO:megatron.core.datasets.indexed_dataset:> total number of sequences: 48965906
0: [default0]:INFO:megatron.core.datasets.indexed_dataset:> total number of documents: 48965906
0: [default0]:INFO:megatron.core.datasets.gpt_dataset:Build and save the GPTDataset train indices
0: [default0]:INFO:megatron.core.datasets.gpt_dataset:> total number of samples: 8612827
0: [default0]:INFO:megatron.core.datasets.gpt_dataset:> total number of epochs: 1
0: [default0]:INFO:megatron.core.datasets.gpt_dataset:Load the GPTDataset valid indices
0: [default0]:INFO:megatron.core.datasets.gpt_dataset:	Load the document index from 82cd368e4aef803ca8b39674ba7388f1-GPTDataset-valid-document_index.npy
0: [default0]:INFO:megatron.core.datasets.gpt_dataset:	Load the sample index from 82cd368e4aef803ca8b39674ba7388f1-GPTDataset-valid-sample_index.npy
0: [default0]:INFO:megatron.core.datasets.gpt_dataset:	Load the shuffle index from 82cd368e4aef803ca8b39674ba7388f1-GPTDataset-valid-shuffle_index.npy
0: [default0]:INFO:megatron.core.datasets.gpt_dataset:> total number of samples: 61644
0: [default0]:> finished creating GPT datasets ...
0: [default0]:[after dataloaders are built] datetime: 2026-05-22 15:15:57.645826 
0: [default0]:done with setup ...
0: [default0]:training ...
0: [default0]:Overwriting rerun_state_machine.current_iteration from -1 to 0...
0: [default0]:[before the start of training step] datetime: 2026-05-22 15:15:57.651914 
3: [default3]:INFO:megatron.core.timers:(min, max) time across ranks (ms):
3: [default3]:    model-and-optimizer-setup ......................: (728.46, 729.14)
3: [default3]:    train/valid/test-data-iterators-setup ..........: (4197.99, 5326.07)
0: [default0]:[rank0]:[W522 15:16:01.310503089 ProcessGroupNCCL.cpp:4231] Warning: TORCH_NCCL_AVOID_RECORD_STREAMS=1 is not supported for batch P2P. Consider switching to non-batched isend/irecv for better memory usage. (function operator())
0: [default0]:/iopsstor/scratch/cscs/course_00179/lsaie-ss26-gipfelsturm/Megatron-LM/megatron/core/transformer/transformer_config.py:1225: UserWarning: If you are using transformer_engine as the transformer implementation, the core_attn is from transformer_engine and may be the fused version. For fused attention, you have no need to set 'core_attn' to recompute. Please check that the core_attn recompute is really needed.
0: [default0]:  warnings.warn(
1: [default1]:[rank5]:[W522 15:16:01.299574123 ProcessGroupNCCL.cpp:4231] Warning: TORCH_NCCL_AVOID_RECORD_STREAMS=1 is not supported for batch P2P. Consider switching to non-batched isend/irecv for better memory usage. (function operator())
0: [default3]:[rank3]:[W522 15:16:01.309303508 ProcessGroupNCCL.cpp:4231] Warning: TORCH_NCCL_AVOID_RECORD_STREAMS=1 is not supported for batch P2P. Consider switching to non-batched isend/irecv for better memory usage. (function operator())
0: [default1]:[rank1]:[W522 15:16:01.294840691 ProcessGroupNCCL.cpp:4231] Warning: TORCH_NCCL_AVOID_RECORD_STREAMS=1 is not supported for batch P2P. Consider switching to non-batched isend/irecv for better memory usage. (function operator())
0: [default2]:[rank2]:[W522 15:16:01.302914539 ProcessGroupNCCL.cpp:4231] Warning: TORCH_NCCL_AVOID_RECORD_STREAMS=1 is not supported for batch P2P. Consider switching to non-batched isend/irecv for better memory usage. (function operator())
1: [default3]:[rank7]:[W522 15:16:01.299243159 ProcessGroupNCCL.cpp:4231] Warning: TORCH_NCCL_AVOID_RECORD_STREAMS=1 is not supported for batch P2P. Consider switching to non-batched isend/irecv for better memory usage. (function operator())
1: [default2]:[rank6]:[W522 15:16:01.288511067 ProcessGroupNCCL.cpp:4231] Warning: TORCH_NCCL_AVOID_RECORD_STREAMS=1 is not supported for batch P2P. Consider switching to non-batched isend/irecv for better memory usage. (function operator())
1: [default0]:[rank4]:[W522 15:16:01.292716035 ProcessGroupNCCL.cpp:4231] Warning: TORCH_NCCL_AVOID_RECORD_STREAMS=1 is not supported for batch P2P. Consider switching to non-batched isend/irecv for better memory usage. (function operator())
3: [default3]:[rank15]:[W522 15:16:01.254533138 ProcessGroupNCCL.cpp:4231] Warning: TORCH_NCCL_AVOID_RECORD_STREAMS=1 is not supported for batch P2P. Consider switching to non-batched isend/irecv for better memory usage. (function operator())
3: [default1]:[rank13]:[W522 15:16:01.259411745 ProcessGroupNCCL.cpp:4231] Warning: TORCH_NCCL_AVOID_RECORD_STREAMS=1 is not supported for batch P2P. Consider switching to non-batched isend/irecv for better memory usage. (function operator())
3: [default0]:[rank12]:[W522 15:16:01.247103568 ProcessGroupNCCL.cpp:4231] Warning: TORCH_NCCL_AVOID_RECORD_STREAMS=1 is not supported for batch P2P. Consider switching to non-batched isend/irecv for better memory usage. (function operator())
3: [default2]:[rank14]:[W522 15:16:01.257912878 ProcessGroupNCCL.cpp:4231] Warning: TORCH_NCCL_AVOID_RECORD_STREAMS=1 is not supported for batch P2P. Consider switching to non-batched isend/irecv for better memory usage. (function operator())
2: [default0]:[rank8]:[W522 15:16:01.965704597 ProcessGroupNCCL.cpp:4231] Warning: TORCH_NCCL_AVOID_RECORD_STREAMS=1 is not supported for batch P2P. Consider switching to non-batched isend/irecv for better memory usage. (function operator())
2: [default2]:[rank10]:[W522 15:16:01.949719788 ProcessGroupNCCL.cpp:4231] Warning: TORCH_NCCL_AVOID_RECORD_STREAMS=1 is not supported for batch P2P. Consider switching to non-batched isend/irecv for better memory usage. (function operator())
2: [default1]:[rank9]:[W522 15:16:01.960835482 ProcessGroupNCCL.cpp:4231] Warning: TORCH_NCCL_AVOID_RECORD_STREAMS=1 is not supported for batch P2P. Consider switching to non-batched isend/irecv for better memory usage. (function operator())
2: [default3]:[rank11]:[W522 15:16:01.966993137 ProcessGroupNCCL.cpp:4231] Warning: TORCH_NCCL_AVOID_RECORD_STREAMS=1 is not supported for batch P2P. Consider switching to non-batched isend/irecv for better memory usage. (function operator())
0: [default0]:[rank0]:[W522 15:16:01.535538777 ProcessGroupNCCL.cpp:4231] Warning: TORCH_NCCL_AVOID_RECORD_STREAMS=1 is not supported for batch P2P. Consider switching to non-batched isend/irecv for better memory usage. (function operator())
1: [default1]:[rank5]:[W522 15:16:01.513938754 ProcessGroupNCCL.cpp:4231] Warning: TORCH_NCCL_AVOID_RECORD_STREAMS=1 is not supported for batch P2P. Consider switching to non-batched isend/irecv for better memory usage. (function operator())
0: [default3]:[rank3]:[W522 15:16:01.529541125 ProcessGroupNCCL.cpp:4231] Warning: TORCH_NCCL_AVOID_RECORD_STREAMS=1 is not supported for batch P2P. Consider switching to non-batched isend/irecv for better memory usage. (function operator())
0: [default1]:[rank1]:[W522 15:16:01.539465576 ProcessGroupNCCL.cpp:4231] Warning: TORCH_NCCL_AVOID_RECORD_STREAMS=1 is not supported for batch P2P. Consider switching to non-batched isend/irecv for better memory usage. (function operator())
0: [default2]:[rank2]:[W522 15:16:01.537884085 ProcessGroupNCCL.cpp:4231] Warning: TORCH_NCCL_AVOID_RECORD_STREAMS=1 is not supported for batch P2P. Consider switching to non-batched isend/irecv for better memory usage. (function operator())
1: [default3]:[rank7]:[W522 15:16:01.522482925 ProcessGroupNCCL.cpp:4231] Warning: TORCH_NCCL_AVOID_RECORD_STREAMS=1 is not supported for batch P2P. Consider switching to non-batched isend/irecv for better memory usage. (function operator())
1: [default2]:[rank6]:[W522 15:16:01.522509772 ProcessGroupNCCL.cpp:4231] Warning: TORCH_NCCL_AVOID_RECORD_STREAMS=1 is not supported for batch P2P. Consider switching to non-batched isend/irecv for better memory usage. (function operator())
1: [default0]:[rank4]:[W522 15:16:01.512280862 ProcessGroupNCCL.cpp:4231] Warning: TORCH_NCCL_AVOID_RECORD_STREAMS=1 is not supported for batch P2P. Consider switching to non-batched isend/irecv for better memory usage. (function operator())
3: [default2]:[rank14]:[W522 15:16:10.779331136 ProcessGroupNCCL.cpp:4231] Warning: TORCH_NCCL_AVOID_RECORD_STREAMS=1 is not supported for batch P2P. Consider switching to non-batched isend/irecv for better memory usage. (function operator())
3: [default1]:[rank13]:[W522 15:16:10.777193087 ProcessGroupNCCL.cpp:4231] Warning: TORCH_NCCL_AVOID_RECORD_STREAMS=1 is not supported for batch P2P. Consider switching to non-batched isend/irecv for better memory usage. (function operator())
3: [default3]:[rank15]:[W522 15:16:10.808405438 ProcessGroupNCCL.cpp:4231] Warning: TORCH_NCCL_AVOID_RECORD_STREAMS=1 is not supported for batch P2P. Consider switching to non-batched isend/irecv for better memory usage. (function operator())
2: [default0]:[rank8]:[W522 15:16:10.488122986 ProcessGroupNCCL.cpp:4231] Warning: TORCH_NCCL_AVOID_RECORD_STREAMS=1 is not supported for batch P2P. Consider switching to non-batched isend/irecv for better memory usage. (function operator())
3: [default0]:[rank12]:[W522 15:16:10.793366910 ProcessGroupNCCL.cpp:4231] Warning: TORCH_NCCL_AVOID_RECORD_STREAMS=1 is not supported for batch P2P. Consider switching to non-batched isend/irecv for better memory usage. (function operator())
2: [default1]:[rank9]:[W522 15:16:10.469138490 ProcessGroupNCCL.cpp:4231] Warning: TORCH_NCCL_AVOID_RECORD_STREAMS=1 is not supported for batch P2P. Consider switching to non-batched isend/irecv for better memory usage. (function operator())
2: [default2]:[rank10]:[W522 15:16:10.513253807 ProcessGroupNCCL.cpp:4231] Warning: TORCH_NCCL_AVOID_RECORD_STREAMS=1 is not supported for batch P2P. Consider switching to non-batched isend/irecv for better memory usage. (function operator())
2: [default3]:[rank11]:[W522 15:16:10.482947354 ProcessGroupNCCL.cpp:4231] Warning: TORCH_NCCL_AVOID_RECORD_STREAMS=1 is not supported for batch P2P. Consider switching to non-batched isend/irecv for better memory usage. (function operator())
0: [default0]:/iopsstor/scratch/cscs/course_00179/lsaie-ss26-gipfelsturm/Megatron-LM/megatron/core/pipeline_parallel/schedules.py:189: UserWarning: The AccumulateGrad node's stream does not match the stream of the node that produced the incoming gradient. This may incur unnecessary synchronization and break CUDA graph capture if the AccumulateGrad node's stream is the default stream. This mismatch is caused by an AccumulateGrad node created prior to the current iteration being kept alive. This can happen if the autograd graph is still being kept alive by tensors such as the loss, or if you are using DDP, which will stash a reference to the node. To resolve the mismatch, delete all references to the autograd graph or ensure that DDP initialization is performed under the same stream as subsequent forwards. If the mismatch is intentional, you can use torch.autograd.graph.set_warn_on_accumulate_grad_stream_mismatch(False) to suppress this warning. (Triggered internally at /opt/pytorch/pytorch/torch/csrc/autograd/inp
0: ut_buffer.cpp:240.)
0: [default0]:  Variable._execution_engine.run_backward(
0: [default0]:/iopsstor/scratch/cscs/course_00179/lsaie-ss26-gipfelsturm/Megatron-LM/megatron/core/transformer/transformer_config.py:1225: UserWarning: If you are using transformer_engine as the transformer implementation, the core_attn is from transformer_engine and may be the fused version. For fused attention, you have no need to set 'core_attn' to recompute. Please check that the core_attn recompute is really needed.
0: [default0]:  warnings.warn(
0: [default0]:/usr/local/lib/python3.12/dist-packages/torch/distributed/c10d_logger.py:83: UserWarning: barrier(): using the device under current context. You can specify `device_id` in `init_process_group` to mute this warning.
0: [default0]:  return func(*args, **kwargs)
0: [default3]:[Rank 3] (after 1 iterations) memory (MB) | allocated: 9740.79 | max allocated: 17936.70 | reserved: 18506.00 | max reserved: 18506.00
0: [default1]:[Rank 1] (after 1 iterations) memory (MB) | allocated: 9740.79 | max allocated: 17936.70 | reserved: 18506.00 | max reserved: 18506.00
0: [default0]:Number of parameters in transformer block in billions:  6.98
0: [default0]:Number of parameters in embedding layers in billions: 0.42
0: [default0]:Total number of parameters in billions: 7.39
0: [default0]:Number of parameters in most loaded shard in billions: 0.9244
0: [default0]:Number of parameters in other shards in billions: 0.8724
0: [default0]:compute_activation_memory_without_sp
0: [default0]:Activation memory footprint per transformer layer (precise, without SP): 512.0 MB
0: [default0]:Number of in-flight microbatches: 2
0: [default0]:Theoretical memory footprints: weight and optimizer=10578.38 MB, activation=17270.53 MB, total=27848.91 MB
0: [default0]:
0: [default0]:[Rank 0] (after 1 iterations) memory (MB) | allocated: 9740.79 | max allocated: 17936.70 | reserved: 18506.00 | max reserved: 18506.00
0: [default2]:[Rank 2] (after 1 iterations) memory (MB) | allocated: 9740.79 | max allocated: 17936.70 | reserved: 18506.00 | max reserved: 18506.00
3: [default3]: [2026-05-22 15:16:14.093271] iteration        1/      50 | consumed samples:           32 | elapsed time per iteration (ms): 16441.4 | throughput per GPU (TFLOP/s/GPU): 23.1 | tokens/sec/GPU: 498 | learning rate: 1.000000E-05 | global batch size:    32 | lm loss: 1.165857E+01 | loss scale: 1.0 | grad norm: 15.874 | number of skipped iterations:   0 | number of nan iterations:   0 |
2: [default0]:[Rank 8] (after 1 iterations) memory (MB) | allocated: 10032.45 | max allocated: 12918.88 | reserved: 13554.00 | max reserved: 13554.00
2: [default1]:[Rank 9] (after 1 iterations) memory (MB) | allocated: 10032.45 | max allocated: 12918.75 | reserved: 13554.00 | max reserved: 13554.00
2: [default3]:[Rank 11] (after 1 iterations) memory (MB) | allocated: 10032.45 | max allocated: 12918.75 | reserved: 13554.00 | max reserved: 13554.00
2: [default2]:[Rank 10] (after 1 iterations) memory (MB) | allocated: 10032.45 | max allocated: 12918.75 | reserved: 13554.00 | max reserved: 13554.00
0: [default3]:[Rank 3] (after 2 iterations) memory (MB) | allocated: 9740.79 | max allocated: 22345.70 | reserved: 22886.00 | max reserved: 22886.00
0: [default1]:[Rank 1] (after 2 iterations) memory (MB) | allocated: 9740.79 | max allocated: 22345.70 | reserved: 22886.00 | max reserved: 22886.00
0: [default0]:Number of parameters in transformer block in billions:  6.98
0: [default0]:Number of parameters in embedding layers in billions: 0.42
0: [default0]:Total number of parameters in billions: 7.39
0: [default0]:Number of parameters in most loaded shard in billions: 0.9244
0: [default0]:Number of parameters in other shards in billions: 0.8724
0: [default0]:compute_activation_memory_without_sp
0: [default0]:Activation memory footprint per transformer layer (precise, without SP): 512.0 MB
0: [default0]:Number of in-flight microbatches: 2
0: [default0]:Theoretical memory footprints: weight and optimizer=10578.38 MB, activation=17270.53 MB, total=27848.91 MB
0: [default0]:
0: [default0]:[Rank 0] (after 2 iterations) memory (MB) | allocated: 9740.79 | max allocated: 22345.70 | reserved: 22886.00 | max reserved: 22886.00
0: [default2]:[Rank 2] (after 2 iterations) memory (MB) | allocated: 9740.79 | max allocated: 22345.70 | reserved: 22886.00 | max reserved: 22886.00
3: [default3]: [2026-05-22 15:16:15.216624] iteration        2/      50 | consumed samples:           64 | elapsed time per iteration (ms): 8782.3 | throughput per GPU (TFLOP/s/GPU): 43.2 | tokens/sec/GPU: 933 | learning rate: 2.000000E-05 | global batch size:    32 | lm loss: 1.166438E+01 | loss scale: 1.0 | grad norm: 17.864 | number of skipped iterations:   0 | number of nan iterations:   0 |
2: [default1]:[Rank 9] (after 2 iterations) memory (MB) | allocated: 10032.45 | max allocated: 17327.90 | reserved: 17970.00 | max reserved: 17970.00
2: [default3]:[Rank 11] (after 2 iterations) memory (MB) | allocated: 10032.45 | max allocated: 17327.90 | reserved: 17970.00 | max reserved: 17970.00
2: [default0]:[Rank 8] (after 2 iterations) memory (MB) | allocated: 10032.45 | max allocated: 17328.02 | reserved: 17970.00 | max reserved: 17970.00
2: [default2]:[Rank 10] (after 2 iterations) memory (MB) | allocated: 10032.45 | max allocated: 17327.90 | reserved: 17970.00 | max reserved: 17970.00
3: [default3]: [2026-05-22 15:16:16.273913] iteration        3/      50 | consumed samples:           96 | elapsed time per iteration (ms): 1057.1 | throughput per GPU (TFLOP/s/GPU): 359.1 | tokens/sec/GPU: 7749 | learning rate: 3.000000E-05 | global batch size:    32 | lm loss: 1.041209E+01 | loss scale: 1.0 | grad norm: 18.405 | number of skipped iterations:   0 | number of nan iterations:   0 |
3: [default3]: [2026-05-22 15:16:17.325922] iteration        4/      50 | consumed samples:          128 | elapsed time per iteration (ms): 1051.8 | throughput per GPU (TFLOP/s/GPU): 360.9 | tokens/sec/GPU: 7788 | learning rate: 4.000000E-05 | global batch size:    32 | lm loss: 1.835867E+01 | loss scale: 1.0 | grad norm: 150.348 | number of skipped iterations:   0 | number of nan iterations:   0 |
3: [default3]: [2026-05-22 15:16:18.380445] iteration        5/      50 | consumed samples:          160 | elapsed time per iteration (ms): 1054.4 | throughput per GPU (TFLOP/s/GPU): 360.1 | tokens/sec/GPU: 7769 | learning rate: 5.000000E-05 | global batch size:    32 | lm loss: 1.289848E+01 | loss scale: 1.0 | grad norm: 168.365 | number of skipped iterations:   0 | number of nan iterations:   0 |
3: [default3]: [2026-05-22 15:16:19.434013] iteration        6/      50 | consumed samples:          192 | elapsed time per iteration (ms): 1053.4 | throughput per GPU (TFLOP/s/GPU): 360.4 | tokens/sec/GPU: 7777 | learning rate: 6.000000E-05 | global batch size:    32 | lm loss: 1.591472E+01 | loss scale: 1.0 | grad norm: 28.841 | number of skipped iterations:   0 | number of nan iterations:   0 |
3: [default3]: [2026-05-22 15:16:20.492352] iteration        7/      50 | consumed samples:          224 | elapsed time per iteration (ms): 1058.2 | throughput per GPU (TFLOP/s/GPU): 358.8 | tokens/sec/GPU: 7742 | learning rate: 7.000000E-05 | global batch size:    32 | lm loss: 1.363374E+01 | loss scale: 1.0 | grad norm: 205.298 | number of skipped iterations:   0 | number of nan iterations:   0 |
3: [default3]: [2026-05-22 15:16:21.556043] iteration        8/      50 | consumed samples:          256 | elapsed time per iteration (ms): 1063.5 | throughput per GPU (TFLOP/s/GPU): 357.0 | tokens/sec/GPU: 7703 | learning rate: 8.000000E-05 | global batch size:    32 | lm loss: 1.838523E+01 | loss scale: 1.0 | grad norm: 502.030 | number of skipped iterations:   0 | number of nan iterations:   0 |
3: [default3]: [2026-05-22 15:16:22.609742] iteration        9/      50 | consumed samples:          288 | elapsed time per iteration (ms): 1053.5 | throughput per GPU (TFLOP/s/GPU): 360.3 | tokens/sec/GPU: 7776 | learning rate: 9.000000E-05 | global batch size:    32 | lm loss: 1.332100E+01 | loss scale: 1.0 | grad norm: 37.056 | number of skipped iterations:   0 | number of nan iterations:   0 |
3: [default3]: [2026-05-22 15:16:23.665039] iteration       10/      50 | consumed samples:          320 | elapsed time per iteration (ms): 1055.1 | throughput per GPU (TFLOP/s/GPU): 359.8 | tokens/sec/GPU: 7764 | learning rate: 1.000000E-04 | global batch size:    32 | lm loss: 1.215629E+01 | loss scale: 1.0 | grad norm: 17.247 | number of skipped iterations:   0 | number of nan iterations:   0 |
3: [default3]: [2026-05-22 15:16:24.720934] iteration       11/      50 | consumed samples:          352 | elapsed time per iteration (ms): 1055.8 | throughput per GPU (TFLOP/s/GPU): 359.6 | tokens/sec/GPU: 7759 | learning rate: 9.986128E-05 | global batch size:    32 | lm loss: 1.225194E+01 | loss scale: 1.0 | grad norm: 54.304 | number of skipped iterations:   0 | number of nan iterations:   0 |
3: [default3]: [2026-05-22 15:16:25.779920] iteration       12/      50 | consumed samples:          384 | elapsed time per iteration (ms): 1058.8 | throughput per GPU (TFLOP/s/GPU): 358.6 | tokens/sec/GPU: 7737 | learning rate: 9.944598E-05 | global batch size:    32 | lm loss: 1.160374E+01 | loss scale: 1.0 | grad norm: 25.946 | number of skipped iterations:   0 | number of nan iterations:   0 |
3: [default3]: [2026-05-22 15:16:26.834755] iteration       13/      50 | consumed samples:          416 | elapsed time per iteration (ms): 1054.7 | throughput per GPU (TFLOP/s/GPU): 360.0 | tokens/sec/GPU: 7767 | learning rate: 9.875665E-05 | global batch size:    32 | lm loss: 1.126975E+01 | loss scale: 1.0 | grad norm: 6.424 | number of skipped iterations:   0 | number of nan iterations:   0 |
3: [default3]: [2026-05-22 15:16:27.883751] iteration       14/      50 | consumed samples:          448 | elapsed time per iteration (ms): 1048.8 | throughput per GPU (TFLOP/s/GPU): 362.0 | tokens/sec/GPU: 7811 | learning rate: 9.779754E-05 | global batch size:    32 | lm loss: 1.070071E+01 | loss scale: 1.0 | grad norm: 8.971 | number of skipped iterations:   0 | number of nan iterations:   0 |
3: [default3]: [2026-05-22 15:16:28.934061] iteration       15/      50 | consumed samples:          480 | elapsed time per iteration (ms): 1050.1 | throughput per GPU (TFLOP/s/GPU): 361.5 | tokens/sec/GPU: 7801 | learning rate: 9.657458E-05 | global batch size:    32 | lm loss: 9.762881E+00 | loss scale: 1.0 | grad norm: 7.197 | number of skipped iterations:   0 | number of nan iterations:   0 |
3: [default3]: [2026-05-22 15:16:29.982715] iteration       16/      50 | consumed samples:          512 | elapsed time per iteration (ms): 1048.5 | throughput per GPU (TFLOP/s/GPU): 362.1 | tokens/sec/GPU: 7813 | learning rate: 9.509530E-05 | global batch size:    32 | lm loss: 9.257500E+00 | loss scale: 1.0 | grad norm: 8.608 | number of skipped iterations:   0 | number of nan iterations:   0 |
3: [default3]: [2026-05-22 15:16:31.039254] iteration       17/      50 | consumed samples:          544 | elapsed time per iteration (ms): 1056.4 | throughput per GPU (TFLOP/s/GPU): 359.4 | tokens/sec/GPU: 7755 | learning rate: 9.336881E-05 | global batch size:    32 | lm loss: 1.016170E+01 | loss scale: 1.0 | grad norm: 50.596 | number of skipped iterations:   0 | number of nan iterations:   0 |
3: [default3]: [2026-05-22 15:16:32.091277] iteration       18/      50 | consumed samples:          576 | elapsed time per iteration (ms): 1051.8 | throughput per GPU (TFLOP/s/GPU): 360.9 | tokens/sec/GPU: 7788 | learning rate: 9.140577E-05 | global batch size:    32 | lm loss: 9.835896E+00 | loss scale: 1.0 | grad norm: 47.274 | number of skipped iterations:   0 | number of nan iterations:   0 |
3: [default3]: [2026-05-22 15:16:33.150963] iteration       19/      50 | consumed samples:          608 | elapsed time per iteration (ms): 1059.5 | throughput per GPU (TFLOP/s/GPU): 358.3 | tokens/sec/GPU: 7732 | learning rate: 8.921827E-05 | global batch size:    32 | lm loss: 8.601562E+00 | loss scale: 1.0 | grad norm: 5.647 | number of skipped iterations:   0 | number of nan iterations:   0 |
3: [default3]: [2026-05-22 15:16:34.207425] iteration       20/      50 | consumed samples:          640 | elapsed time per iteration (ms): 1056.3 | throughput per GPU (TFLOP/s/GPU): 359.4 | tokens/sec/GPU: 7755 | learning rate: 8.681980E-05 | global batch size:    32 | lm loss: 8.518408E+00 | loss scale: 1.0 | grad norm: 5.031 | number of skipped iterations:   0 | number of nan iterations:   0 |
3: [default3]: [2026-05-22 15:16:35.264482] iteration       21/      50 | consumed samples:          672 | elapsed time per iteration (ms): 1056.9 | throughput per GPU (TFLOP/s/GPU): 359.2 | tokens/sec/GPU: 7751 | learning rate: 8.422516E-05 | global batch size:    32 | lm loss: 8.312630E+00 | loss scale: 1.0 | grad norm: 4.645 | number of skipped iterations:   0 | number of nan iterations:   0 |
3: [default3]: [2026-05-22 15:16:36.312674] iteration       22/      50 | consumed samples:          704 | elapsed time per iteration (ms): 1048.0 | throughput per GPU (TFLOP/s/GPU): 362.2 | tokens/sec/GPU: 7816 | learning rate: 8.145034E-05 | global batch size:    32 | lm loss: 8.235045E+00 | loss scale: 1.0 | grad norm: 12.175 | number of skipped iterations:   0 | number of nan iterations:   0 |
3: [default3]: [2026-05-22 15:16:37.367359] iteration       23/      50 | consumed samples:          736 | elapsed time per iteration (ms): 1054.5 | throughput per GPU (TFLOP/s/GPU): 360.0 | tokens/sec/GPU: 7769 | learning rate: 7.851244E-05 | global batch size:    32 | lm loss: 8.242789E+00 | loss scale: 1.0 | grad norm: 9.183 | number of skipped iterations:   0 | number of nan iterations:   0 |
3: [default3]: [2026-05-22 15:16:38.429739] iteration       24/      50 | consumed samples:          768 | elapsed time per iteration (ms): 1062.2 | throughput per GPU (TFLOP/s/GPU): 357.4 | tokens/sec/GPU: 7712 | learning rate: 7.542958E-05 | global batch size:    32 | lm loss: 8.192959E+00 | loss scale: 1.0 | grad norm: 10.335 | number of skipped iterations:   0 | number of nan iterations:   0 |
3: [default3]: [2026-05-22 15:16:39.483953] iteration       25/      50 | consumed samples:          800 | elapsed time per iteration (ms): 1054.0 | throughput per GPU (TFLOP/s/GPU): 360.2 | tokens/sec/GPU: 7772 | learning rate: 7.222076E-05 | global batch size:    32 | lm loss: 7.959110E+00 | loss scale: 1.0 | grad norm: 6.577 | number of skipped iterations:   0 | number of nan iterations:   0 |
3: [default3]: [2026-05-22 15:16:40.538255] iteration       26/      50 | consumed samples:          832 | elapsed time per iteration (ms): 1054.1 | throughput per GPU (TFLOP/s/GPU): 360.2 | tokens/sec/GPU: 7771 | learning rate: 6.890576E-05 | global batch size:    32 | lm loss: 7.816272E+00 | loss scale: 1.0 | grad norm: 4.895 | number of skipped iterations:   0 | number of nan iterations:   0 |
3: [default3]: [2026-05-22 15:16:41.588173] iteration       27/      50 | consumed samples:          864 | elapsed time per iteration (ms): 1049.8 | throughput per GPU (TFLOP/s/GPU): 361.6 | tokens/sec/GPU: 7804 | learning rate: 6.550504E-05 | global batch size:    32 | lm loss: 7.709841E+00 | loss scale: 1.0 | grad norm: 3.337 | number of skipped iterations:   0 | number of nan iterations:   0 |
3: [default3]: [2026-05-22 15:16:42.639047] iteration       28/      50 | consumed samples:          896 | elapsed time per iteration (ms): 1050.7 | throughput per GPU (TFLOP/s/GPU): 361.3 | tokens/sec/GPU: 7797 | learning rate: 6.203955E-05 | global batch size:    32 | lm loss: 7.778700E+00 | loss scale: 1.0 | grad norm: 10.727 | number of skipped iterations:   0 | number of nan iterations:   0 |
3: [default3]: [2026-05-22 15:16:43.697252] iteration       29/      50 | consumed samples:          928 | elapsed time per iteration (ms): 1058.1 | throughput per GPU (TFLOP/s/GPU): 358.8 | tokens/sec/GPU: 7742 | learning rate: 5.853066E-05 | global batch size:    32 | lm loss: 7.758383E+00 | loss scale: 1.0 | grad norm: 15.795 | number of skipped iterations:   0 | number of nan iterations:   0 |
3: [default3]: [2026-05-22 15:16:44.751285] iteration       30/      50 | consumed samples:          960 | elapsed time per iteration (ms): 1053.7 | throughput per GPU (TFLOP/s/GPU): 360.3 | tokens/sec/GPU: 7775 | learning rate: 5.500000E-05 | global batch size:    32 | lm loss: 7.618184E+00 | loss scale: 1.0 | grad norm: 8.092 | number of skipped iterations:   0 | number of nan iterations:   0 |
3: [default3]: [2026-05-22 15:16:45.802413] iteration       31/      50 | consumed samples:          992 | elapsed time per iteration (ms): 1051.0 | throughput per GPU (TFLOP/s/GPU): 361.2 | tokens/sec/GPU: 7795 | learning rate: 5.146934E-05 | global batch size:    32 | lm loss: 7.731734E+00 | loss scale: 1.0 | grad norm: 2.632 | number of skipped iterations:   0 | number of nan iterations:   0 |
3: [default3]: [2026-05-22 15:16:46.854558] iteration       32/      50 | consumed samples:         1024 | elapsed time per iteration (ms): 1052.0 | throughput per GPU (TFLOP/s/GPU): 360.9 | tokens/sec/GPU: 7787 | learning rate: 4.796045E-05 | global batch size:    32 | lm loss: 7.527281E+00 | loss scale: 1.0 | grad norm: 3.441 | number of skipped iterations:   0 | number of nan iterations:   0 |
3: [default3]: [2026-05-22 15:16:47.909352] iteration       33/      50 | consumed samples:         1056 | elapsed time per iteration (ms): 1054.6 | throughput per GPU (TFLOP/s/GPU): 360.0 | tokens/sec/GPU: 7768 | learning rate: 4.449496E-05 | global batch size:    32 | lm loss: 7.711338E+00 | loss scale: 1.0 | grad norm: 3.177 | number of skipped iterations:   0 | number of nan iterations:   0 |
3: [default3]: [2026-05-22 15:16:48.964163] iteration       34/      50 | consumed samples:         1088 | elapsed time per iteration (ms): 1054.6 | throughput per GPU (TFLOP/s/GPU): 360.0 | tokens/sec/GPU: 7768 | learning rate: 4.109423E-05 | global batch size:    32 | lm loss: 7.602313E+00 | loss scale: 1.0 | grad norm: 2.958 | number of skipped iterations:   0 | number of nan iterations:   0 |
3: [default3]: [2026-05-22 15:16:50.022237] iteration       35/      50 | consumed samples:         1120 | elapsed time per iteration (ms): 1057.9 | throughput per GPU (TFLOP/s/GPU): 358.9 | tokens/sec/GPU: 7743 | learning rate: 3.777925E-05 | global batch size:    32 | lm loss: 7.258530E+00 | loss scale: 1.0 | grad norm: 3.025 | number of skipped iterations:   0 | number of nan iterations:   0 |
3: [default3]: [2026-05-22 15:16:51.080125] iteration       36/      50 | consumed samples:         1152 | elapsed time per iteration (ms): 1057.7 | throughput per GPU (TFLOP/s/GPU): 358.9 | tokens/sec/GPU: 7745 | learning rate: 3.457043E-05 | global batch size:    32 | lm loss: 7.426850E+00 | loss scale: 1.0 | grad norm: 1.848 | number of skipped iterations:   0 | number of nan iterations:   0 |
3: [default3]: [2026-05-22 15:16:52.133966] iteration       37/      50 | consumed samples:         1184 | elapsed time per iteration (ms): 1053.7 | throughput per GPU (TFLOP/s/GPU): 360.3 | tokens/sec/GPU: 7775 | learning rate: 3.148757E-05 | global batch size:    32 | lm loss: 7.509600E+00 | loss scale: 1.0 | grad norm: 2.970 | number of skipped iterations:   0 | number of nan iterations:   0 |
3: [default3]: [2026-05-22 15:16:53.192015] iteration       38/      50 | consumed samples:         1216 | elapsed time per iteration (ms): 1057.9 | throughput per GPU (TFLOP/s/GPU): 358.9 | tokens/sec/GPU: 7744 | learning rate: 2.854966E-05 | global batch size:    32 | lm loss: 7.619477E+00 | loss scale: 1.0 | grad norm: 3.765 | number of skipped iterations:   0 | number of nan iterations:   0 |
3: [default3]: [2026-05-22 15:16:54.243701] iteration       39/      50 | consumed samples:         1248 | elapsed time per iteration (ms): 1051.5 | throughput per GPU (TFLOP/s/GPU): 361.0 | tokens/sec/GPU: 7791 | learning rate: 2.577484E-05 | global batch size:    32 | lm loss: 7.394413E+00 | loss scale: 1.0 | grad norm: 2.758 | number of skipped iterations:   0 | number of nan iterations:   0 |
3: [default3]: [2026-05-22 15:16:55.299540] iteration       40/      50 | consumed samples:         1280 | elapsed time per iteration (ms): 1055.7 | throughput per GPU (TFLOP/s/GPU): 359.6 | tokens/sec/GPU: 7760 | learning rate: 2.318020E-05 | global batch size:    32 | lm loss: 7.467290E+00 | loss scale: 1.0 | grad norm: 2.381 | number of skipped iterations:   0 | number of nan iterations:   0 |
3: [default3]: [2026-05-22 15:16:56.348504] iteration       41/      50 | consumed samples:         1312 | elapsed time per iteration (ms): 1048.8 | throughput per GPU (TFLOP/s/GPU): 362.0 | tokens/sec/GPU: 7811 | learning rate: 2.078173E-05 | global batch size:    32 | lm loss: 7.498177E+00 | loss scale: 1.0 | grad norm: 1.951 | number of skipped iterations:   0 | number of nan iterations:   0 |
3: [default3]: [2026-05-22 15:16:57.404526] iteration       42/      50 | consumed samples:         1344 | elapsed time per iteration (ms): 1055.8 | throughput per GPU (TFLOP/s/GPU): 359.6 | tokens/sec/GPU: 7759 | learning rate: 1.859424E-05 | global batch size:    32 | lm loss: 7.515042E+00 | loss scale: 1.0 | grad norm: 1.561 | number of skipped iterations:   0 | number of nan iterations:   0 |
3: [default3]: [2026-05-22 15:16:58.456711] iteration       43/      50 | consumed samples:         1376 | elapsed time per iteration (ms): 1052.0 | throughput per GPU (TFLOP/s/GPU): 360.9 | tokens/sec/GPU: 7787 | learning rate: 1.663119E-05 | global batch size:    32 | lm loss: 7.449026E+00 | loss scale: 1.0 | grad norm: 1.519 | number of skipped iterations:   0 | number of nan iterations:   0 |
3: [default3]: [2026-05-22 15:16:59.508878] iteration       44/      50 | consumed samples:         1408 | elapsed time per iteration (ms): 1052.0 | throughput per GPU (TFLOP/s/GPU): 360.9 | tokens/sec/GPU: 7787 | learning rate: 1.490471E-05 | global batch size:    32 | lm loss: 7.633882E+00 | loss scale: 1.0 | grad norm: 1.040 | number of skipped iterations:   0 | number of nan iterations:   0 |
3: [default3]: [2026-05-22 15:17:00.564621] iteration       45/      50 | consumed samples:         1440 | elapsed time per iteration (ms): 1055.6 | throughput per GPU (TFLOP/s/GPU): 359.6 | tokens/sec/GPU: 7761 | learning rate: 1.342542E-05 | global batch size:    32 | lm loss: 7.366864E+00 | loss scale: 1.0 | grad norm: 1.304 | number of skipped iterations:   0 | number of nan iterations:   0 |
3: [default3]: [2026-05-22 15:17:01.615986] iteration       46/      50 | consumed samples:         1472 | elapsed time per iteration (ms): 1051.2 | throughput per GPU (TFLOP/s/GPU): 361.1 | tokens/sec/GPU: 7793 | learning rate: 1.220246E-05 | global batch size:    32 | lm loss: 7.365999E+00 | loss scale: 1.0 | grad norm: 1.113 | number of skipped iterations:   0 | number of nan iterations:   0 |
3: [default3]: [2026-05-22 15:17:02.667526] iteration       47/      50 | consumed samples:         1504 | elapsed time per iteration (ms): 1051.4 | throughput per GPU (TFLOP/s/GPU): 361.1 | tokens/sec/GPU: 7792 | learning rate: 1.124335E-05 | global batch size:    32 | lm loss: 7.387660E+00 | loss scale: 1.0 | grad norm: 1.437 | number of skipped iterations:   0 | number of nan iterations:   0 |
3: [default3]: [2026-05-22 15:17:03.721107] iteration       48/      50 | consumed samples:         1536 | elapsed time per iteration (ms): 1053.4 | throughput per GPU (TFLOP/s/GPU): 360.4 | tokens/sec/GPU: 7777 | learning rate: 1.055402E-05 | global batch size:    32 | lm loss: 7.545514E+00 | loss scale: 1.0 | grad norm: 1.312 | number of skipped iterations:   0 | number of nan iterations:   0 |
3: [default3]: [2026-05-22 15:17:04.772914] iteration       49/      50 | consumed samples:         1568 | elapsed time per iteration (ms): 1051.7 | throughput per GPU (TFLOP/s/GPU): 361.0 | tokens/sec/GPU: 7790 | learning rate: 1.013872E-05 | global batch size:    32 | lm loss: 7.279408E+00 | loss scale: 1.0 | grad norm: 1.474 | number of skipped iterations:   0 | number of nan iterations:   0 |
3: [default3]: [2026-05-22 15:17:05.825189] iteration       50/      50 | consumed samples:         1600 | elapsed time per iteration (ms): 1052.1 | throughput per GPU (TFLOP/s/GPU): 360.8 | tokens/sec/GPU: 7787 | learning rate: 1.000000E-05 | global batch size:    32 | lm loss: 7.566567E+00 | loss scale: 1.0 | grad norm: 0.778 | number of skipped iterations:   0 | number of nan iterations:   0 |
0: [default2]:[Rank 2] (before save_checkpoint for iteration 50) memory (MB) | allocated: 9740.79 | max allocated: 22345.70 | reserved: 22886.00 | max reserved: 22886.00
2: [default3]:[Rank 11] (before save_checkpoint for iteration 50) memory (MB) | allocated: 10032.45 | max allocated: 17327.90 | reserved: 17970.00 | max reserved: 17970.00
2: [default1]:[Rank 9] (before save_checkpoint for iteration 50) memory (MB) | allocated: 10032.45 | max allocated: 17327.90 | reserved: 17970.00 | max reserved: 17970.00
2: [default0]:[Rank 8] (before save_checkpoint for iteration 50) memory (MB) | allocated: 10032.45 | max allocated: 17328.02 | reserved: 17970.00 | max reserved: 17970.00
2: [default2]:[Rank 10] (before save_checkpoint for iteration 50) memory (MB) | allocated: 10032.45 | max allocated: 17327.90 | reserved: 17970.00 | max reserved: 17970.00
0: [default3]:[Rank 3] (before save_checkpoint for iteration 50) memory (MB) | allocated: 9740.79 | max allocated: 22345.70 | reserved: 22886.00 | max reserved: 22886.00
0: [default1]:[Rank 1] (before save_checkpoint for iteration 50) memory (MB) | allocated: 9740.79 | max allocated: 22345.70 | reserved: 22886.00 | max reserved: 22886.00
0: [default0]:[Rank 0] (before save_checkpoint for iteration 50) memory (MB) | allocated: 9740.79 | max allocated: 22345.70 | reserved: 22886.00 | max reserved: 22886.00
0: [default0]:[2026-05-22 15:17:06.511085] saving checkpoint at iteration      50 to /iopsstor/scratch/cscs/course_00179/gipfelsturm/gipfelsturm/throughput-8b-4n/checkpoints in torch_dist format
0: [default0]:Storing distributed optimizer sharded state of type dp_reshardable
0: [default0]:/usr/local/lib/python3.12/dist-packages/torch/library.py:357: UserWarning: Warning only once for all operators,  other operators may also be overridden.
0: [default0]:  Overriding a previously registered kernel for the same operator and the same dispatch key
0: [default0]:  operator: flash_attn::_flash_attn_backward(Tensor dout, Tensor q, Tensor k, Tensor v, Tensor out, Tensor softmax_lse, Tensor(a6!)? dq, Tensor(a7!)? dk, Tensor(a8!)? dv, float dropout_p, float softmax_scale, bool causal, SymInt window_size_left, SymInt window_size_right, float softcap, Tensor? alibi_slopes, bool deterministic, Tensor? rng_state=None) -> Tensor
0: [default0]:    registered at /usr/local/lib/python3.12/dist-packages/torch/_library/custom_ops.py:926
0: [default0]:  dispatch key: ADInplaceOrView
0: [default0]:  previous kernel: no debug info
0: [default0]:       new kernel: registered at /usr/local/lib/python3.12/dist-packages/torch/_library/custom_ops.py:926 (Triggered internally at /opt/pytorch/pytorch/aten/src/ATen/core/dispatch/Op
0: eratorEntry.cpp:208.)
0: [default0]:  self.m.impl(
0: [default3]:[Rank 3] (after save_checkpoint for iteration 50) memory (MB) | allocated: 9740.79 | max allocated: 22345.70 | reserved: 22886.00 | max reserved: 22886.00
0: [default1]:[Rank 1] (after save_checkpoint for iteration 50) memory (MB) | allocated: 9740.79 | max allocated: 22345.70 | reserved: 22886.00 | max reserved: 22886.00
0: [default0]:  [2026-05-22 15:17:20.784691] successfully saved checkpoint from iteration      50 to /iopsstor/scratch/cscs/course_00179/gipfelsturm/gipfelsturm/throughput-8b-4n/checkpoints [ t 1/4, p 1/2 ]
0: [default0]:[Rank 0] (after save_checkpoint for iteration 50) memory (MB) | allocated: 9740.79 | max allocated: 22345.70 | reserved: 22886.00 | max reserved: 22886.00
0: [default2]:[Rank 2] (after save_checkpoint for iteration 50) memory (MB) | allocated: 9740.79 | max allocated: 22345.70 | reserved: 22886.00 | max reserved: 22886.00
2: [default0]:[Rank 8] (after save_checkpoint for iteration 50) memory (MB) | allocated: 10032.45 | max allocated: 17328.02 | reserved: 17970.00 | max reserved: 17970.00
2: [default1]:[Rank 9] (after save_checkpoint for iteration 50) memory (MB) | allocated: 10032.45 | max allocated: 17327.90 | reserved: 17970.00 | max reserved: 17970.00
2: [default3]:[Rank 11] (after save_checkpoint for iteration 50) memory (MB) | allocated: 10032.45 | max allocated: 17327.90 | reserved: 17970.00 | max reserved: 17970.00
2: [default2]:[Rank 10] (after save_checkpoint for iteration 50) memory (MB) | allocated: 10032.45 | max allocated: 17327.90 | reserved: 17970.00 | max reserved: 17970.00
3: [default3]:INFO:megatron.core.timers:(min, max) time across ranks (ms):
3: [default3]:    save-checkpoint ................................: (14811.96, 14812.10)
0: [default0]:[after training is done] datetime: 2026-05-22 15:17:21.376281 
0: [default0]:[rank0]:[W522 15:17:23.836152408 ProcessGroupNCCL.cpp:1565] Warning: WARNING: destroy_process_group() was not called before program exit, which can leak resources. For more info, please see https://pytorch.org/docs/stable/distributed.html#shutdown (function operator())
2: [default0]:[rank8]:[W522 15:17:23.488592993 ProcessGroupNCCL.cpp:1565] Warning: WARNING: destroy_process_group() was not called before program exit, which can leak resources. For more info, please see https://pytorch.org/docs/stable/distributed.html#shutdown (function operator())
0: [default3]:[rank3]:[W522 15:17:23.788587791 ProcessGroupNCCL.cpp:1565] Warning: WARNING: destroy_process_group() was not called before program exit, which can leak resources. For more info, please see https://pytorch.org/docs/stable/distributed.html#shutdown (function operator())
2: [default1]:[rank9]:[W522 15:17:23.416245371 ProcessGroupNCCL.cpp:1565] Warning: WARNING: destroy_process_group() was not called before program exit, which can leak resources. For more info, please see https://pytorch.org/docs/stable/distributed.html#shutdown (function operator())
0: [default1]:[rank1]:[W522 15:17:23.232152041 ProcessGroupNCCL.cpp:1565] Warning: WARNING: destroy_process_group() was not called before program exit, which can leak resources. For more info, please see https://pytorch.org/docs/stable/distributed.html#shutdown (function operator())
2: [default2]:[rank10]:[W522 15:17:23.864285320 ProcessGroupNCCL.cpp:1565] Warning: WARNING: destroy_process_group() was not called before program exit, which can leak resources. For more info, please see https://pytorch.org/docs/stable/distributed.html#shutdown (function operator())
2: [default3]:[rank11]:[W522 15:17:23.860523414 ProcessGroupNCCL.cpp:1565] Warning: WARNING: destroy_process_group() was not called before program exit, which can leak resources. For more info, please see https://pytorch.org/docs/stable/distributed.html#shutdown (function operator())
0: [default2]:[rank2]:[W522 15:17:23.275658280 ProcessGroupNCCL.cpp:1565] Warning: WARNING: destroy_process_group() was not called before program exit, which can leak resources. For more info, please see https://pytorch.org/docs/stable/distributed.html#shutdown (function operator())
1: [default0]:[rank4]:[W522 15:17:23.535780333 ProcessGroupNCCL.cpp:1565] Warning: WARNING: destroy_process_group() was not called before program exit, which can leak resources. For more info, please see https://pytorch.org/docs/stable/distributed.html#shutdown (function operator())
3: [default0]:[rank12]:[W522 15:17:23.433105746 ProcessGroupNCCL.cpp:1565] Warning: WARNING: destroy_process_group() was not called before program exit, which can leak resources. For more info, please see https://pytorch.org/docs/stable/distributed.html#shutdown (function operator())
1: [default1]:[rank5]:[W522 15:17:24.796043807 ProcessGroupNCCL.cpp:1565] Warning: WARNING: destroy_process_group() was not called before program exit, which can leak resources. For more info, please see https://pytorch.org/docs/stable/distributed.html#shutdown (function operator())
1: [default2]:[rank6]:[W522 15:17:24.252487492 ProcessGroupNCCL.cpp:1565] Warning: WARNING: destroy_process_group() was not called before program exit, which can leak resources. For more info, please see https://pytorch.org/docs/stable/distributed.html#shutdown (function operator())
3: [default1]:[rank13]:[W522 15:17:24.230073343 ProcessGroupNCCL.cpp:1565] Warning: WARNING: destroy_process_group() was not called before program exit, which can leak resources. For more info, please see https://pytorch.org/docs/stable/distributed.html#shutdown (function operator())
1: [default3]:[rank7]:[W522 15:17:24.431594893 ProcessGroupNCCL.cpp:1565] Warning: WARNING: destroy_process_group() was not called before program exit, which can leak resources. For more info, please see https://pytorch.org/docs/stable/distributed.html#shutdown (function operator())
3: [default3]:[rank15]:[W522 15:17:25.731149685 ProcessGroupNCCL.cpp:1565] Warning: WARNING: destroy_process_group() was not called before program exit, which can leak resources. For more info, please see https://pytorch.org/docs/stable/distributed.html#shutdown (function operator())
3: [default2]:[rank14]:[W522 15:17:25.916872835 ProcessGroupNCCL.cpp:1565] Warning: WARNING: destroy_process_group() was not called before program exit, which can leak resources. For more info, please see https://pytorch.org/docs/stable/distributed.html#shutdown (function operator())
END TIME: Fri May 22 15:17:30 CEST 2026
