START TIME: $(date)
[Sat May 23 03:29:23 CEST 2026] WANDB disabled.
CMD: torchrun --nproc-per-node 4 --nnodes 4 --rdzv_endpoint nid006806:25678 --rdzv_backend c10d --max_restarts 0 --tee 3 /iopsstor/scratch/cscs/course_00179/lsaie-ss26-gipfelsturm/Megatron-LM/pretrain_gpt.py     --transformer-impl transformer_engine --use-precision-aware-optimizer --main-grads-dtype bf16 --fp8-format hybrid --fp8-margin 0 --fp8-amax-history-len 1024 --fp8-amax-compute-algo max     --num-layers 32 --hidden-size 4096 --ffn-hidden-size 14336 --num-attention-heads 32 --group-query-attention --num-query-groups 8 --max-position-embeddings 4096 --position-embedding-type rope --normalization RMSNorm --swiglu --untie-embeddings-and-output-weights --seq-length 4096 --use-mcore-models     --micro-batch-size 2 --global-batch-size 32 --train-iters 1537 --log-interval 1 --eval-interval 1537 --eval-iters 10 --cross-entropy-loss-fusion --disable-bias-linear --optimizer adam --dataloader-type single --no-check-for-nan-in-loss-and-grad --manual-gc --manual-gc-interval 50 --exit-signal-handler --recompute-granularity selective     --attention-dropout 0.0 --hidden-dropout 0.0 --weight-decay 0.1 --clip-grad 1.0 --adam-beta1 0.9 --adam-beta2 0.95     --lr 1e-4 --min-lr 1e-5 --lr-decay-style cosine --lr-decay-iters 1537 --lr-warmup-iters 100     --seed 42 --init-method-std 0.02     --bf16     --tensor-model-parallel-size 4 --pipeline-model-parallel-size 2 --use-distributed-optimizer --overlap-grad-reduce --overlap-param-gather     --log-throughput --log-progress --tensorboard-dir /iopsstor/scratch/cscs/course_00179/gipfelsturm/gipfelsturm/train-8b-4n/tensorboard --log-timers-to-tensorboard --log-memory-to-tensorboard     --save /iopsstor/scratch/cscs/course_00179/gipfelsturm/gipfelsturm/train-8b-4n/checkpoints --save-interval 500     --tokenizer-type GPT2BPETokenizer --vocab-file /iopsstor/scratch/cscs/course_00179/lsaie-ss26-gipfelsturm/data/gpt2-vocab.json --merge-file /iopsstor/scratch/cscs/course_00179/lsaie-ss26-gipfelsturm/data/gpt2-merges.txt     --data-path /capstor/store/cscs/swissai/infra01/datasets/nvidia/Nemotron-ClimbMix/climbmix_small_megatron/climbmix_small --data-cache-path /iopsstor/scratch/cscs/course_00179/gipfelsturm/cache --split 99,1,0 --num-workers 16
0: [default0]:/usr/local/lib/python3.12/dist-packages/torch/library.py:357: UserWarning: Warning only once for all operators,  other operators may also be overridden.
0: [default0]:  Overriding a previously registered kernel for the same operator and the same dispatch key
0: [default0]:  operator: flash_attn::_flash_attn_backward(Tensor dout, Tensor q, Tensor k, Tensor v, Tensor out, Tensor softmax_lse, Tensor(a6!)? dq, Tensor(a7!)? dk, Tensor(a8!)? dv, float dropout_p, float softmax_scale, bool causal, SymInt window_size_left, SymInt window_size_right, float softcap, Tensor? alibi_slopes, bool deterministic, Tensor? rng_state=None) -> Tensor
0: [default0]:    registered at /usr/local/lib/python3.12/dist-packages/torch/_library/custom_ops.py:926
0: [default0]:  dispatch key: ADInplaceOrView
0: [default0]:  previous kernel: no debug info
0: [default0]:       new kernel: registered at /usr/local/lib/python3.12/dist-packages/torch/_library/custom_ops.py:926 (Triggered internally at /opt/pytorch/pytorch/aten/src/ATen/core/dispatch/Op
0: eratorEntry.cpp:208.)
0: [default0]:  self.m.impl(
3: [default3]:> setting tensorboard ...
3: [default3]:WARNING: one_logger package is required to enable e2e metrics tracking. please go to https://confluence.nvidia.com/display/MLWFO/Package+Repositories for details to install it
3: [default1]:[W523 03:30:06.765808500 ProcessGroupNCCL.cpp:941] Warning: TORCH_NCCL_AVOID_RECORD_STREAMS is the default now, this environment variable is thus deprecated. (function operator())
3: [default3]:[W523 03:30:06.787391590 ProcessGroupNCCL.cpp:941] Warning: TORCH_NCCL_AVOID_RECORD_STREAMS is the default now, this environment variable is thus deprecated. (function operator())
3: [default2]:[W523 03:30:06.786088971 ProcessGroupNCCL.cpp:941] Warning: TORCH_NCCL_AVOID_RECORD_STREAMS is the default now, this environment variable is thus deprecated. (function operator())
2: [default1]:[W523 03:30:07.218265809 ProcessGroupNCCL.cpp:941] Warning: TORCH_NCCL_AVOID_RECORD_STREAMS is the default now, this environment variable is thus deprecated. (function operator())
2: [default2]:[Gloo] Rank 0 is connected to 1 peer ranks. Expected number of connected peer ranks is : 1
2: [default2]:[W523 03:30:06.195575420 ProcessGroupNCCL.cpp:941] Warning: TORCH_NCCL_AVOID_RECORD_STREAMS is the default now, this environment variable is thus deprecated. (function operator())
2: [default3]:[W523 03:30:07.221464606 ProcessGroupNCCL.cpp:941] Warning: TORCH_NCCL_AVOID_RECORD_STREAMS is the default now, this environment variable is thus deprecated. (function operator())
2: [default2]:[Gloo] Rank 0 is connected to 1 peer ranks. Expected number of connected peer ranks is : 1
2: [default0]:[W523 03:30:07.218264369 ProcessGroupNCCL.cpp:941] Warning: TORCH_NCCL_AVOID_RECORD_STREAMS is the default now, this environment variable is thus deprecated. (function operator())
2: [default2]:[Gloo] Rank 0 is connected to 1 peer ranks. Expected number of connected peer ranks is : 1
2: [default1]:[Gloo] Rank 0 is connected to 1 peer ranks. Expected number of connected peer ranks is : 1
2: [default1]:[Gloo] Rank 0 is connected to 1 peer ranks. Expected number of connected peer ranks is : 1
2: [default1]:[Gloo] Rank 0 is connected to 1 peer ranks. Expected number of connected peer ranks is : 1
3: [default2]:[Gloo] Rank 1 is connected to 1 peer ranks. Expected number of connected peer ranks is : 1
3: [default2]:[Gloo] Rank 1 is connected to 1 peer ranks. Expected number of connected peer ranks is : 1
3: [default2]:[Gloo] Rank 1 is connected to 1 peer ranks. Expected number of connected peer ranks is : 1
3: [default1]:[Gloo] Rank 1 is connected to 1 peer ranks. Expected number of connected peer ranks is : 1
3: [default1]:[Gloo] Rank 1 is connected to 1 peer ranks. Expected number of connected peer ranks is : 1
3: [default1]:[Gloo] Rank 1 is connected to 1 peer ranks. Expected number of connected peer ranks is : 1
1: [default3]:[W523 03:30:07.387784801 ProcessGroupNCCL.cpp:941] Warning: TORCH_NCCL_AVOID_RECORD_STREAMS is the default now, this environment variable is thus deprecated. (function operator())
1: [default1]:[W523 03:30:07.414280302 ProcessGroupNCCL.cpp:941] Warning: TORCH_NCCL_AVOID_RECORD_STREAMS is the default now, this environment variable is thus deprecated. (function operator())
1: [default2]:[W523 03:30:07.414297197 ProcessGroupNCCL.cpp:941] Warning: TORCH_NCCL_AVOID_RECORD_STREAMS is the default now, this environment variable is thus deprecated. (function operator())
0: [default0]:using world size: 16, data-parallel size: 2, context-parallel size: 1, hierarchical context-parallel sizes: None, tensor-model-parallel size: 4, pipeline-model-parallel size: 2
0: [default0]:WARNING: Setting args.overlap_p2p_comm and args.align_param_gather to False since non-interleaved schedule does not support overlapping p2p communication and aligned param AG
0: [default0]:Number of virtual stages per pipeline stage: None
0: [default0]:using torch.bfloat16 for parameters ...
0: [default0]:------------------------ arguments ------------------------
0: [default0]:/iopsstor/scratch/cscs/course_00179/lsaie-ss26-gipfelsturm/Megatron-LM/megatron/training/utils.py:411: UserWarning: Overriding default arguments for tokenizer_type:GPT2BPETokenizer with tokenizer_type:GPT2BPETokenizer
0: [default0]:  account_for_embedding_in_pipeline_split ......... False
0: [default0]:  account_for_loss_in_pipeline_split .............. False
0: [default0]:  accumulate_allreduce_grads_in_fp32 .............. False
0: [default0]:  activation_func_clamp_value ..................... None
0: [default0]:  adam_beta1 ...................................... 0.9
0: [default0]:  adam_beta2 ...................................... 0.95
0: [default0]:  warnings.warn(message)
0: [default0]:  adam_eps ........................................ 1e-08
0: [default0]:  add_bias_linear ................................. False
0: [default0]:  add_position_embedding .......................... True
0: [default0]:  add_qkv_bias .................................... False
0: [default0]:  adlr_autoresume ................................. False
0: [default0]:  adlr_autoresume_interval ........................ 1000
0: [default0]:  align_grad_reduce ............................... True
0: [default0]:  align_param_gather .............................. False
0: [default0]:  allow_ambiguous_pad_tokens ...................... False
0: [default0]:  app_tag_run_name ................................ None
0: [default0]:  app_tag_run_version ............................. 0.0.0
0: [default0]:  apply_query_key_layer_scaling ................... False
0: [default0]:  apply_residual_connection_post_layernorm ........ False
0: [default0]:  apply_rope_fusion ............................... True
0: [default0]:  apply_wd_to_qk_layernorm ........................ False
0: [default0]:  async_save ...................................... False
0: [default0]:  async_tensor_model_parallel_allreduce ........... True
0: [default0]:  attention_backend ............................... AttnBackend.auto
0: [default0]:  attention_dropout ............................... 0.0
0: [default0]:  attention_output_gate ........................... False
0: [default0]:  attention_softmax_in_fp32 ....................... False
0: [default0]:  auto_detect_ckpt_format ......................... False
0: [default0]:  barrier_with_L1_time ............................ True
0: [default0]:  batch_invariant_mode ............................ False
0: [default0]:  bert_binary_head ................................ True
0: [default0]:  bert_embedder_type .............................. megatron
0: [default0]:  bert_load ....................................... None
0: [default0]:  bf16 ............................................ True
0: [default0]:  bias_dropout_fusion ............................. True
0: [default0]:  bias_gelu_fusion ................................ False
0: [default0]:  bias_swiglu_fusion .............................. True
0: [default0]:  biencoder_projection_dim ........................ 0
0: [default0]:  biencoder_shared_query_context_model ............ False
0: [default0]:  block_data_path ................................. None
0: [default0]:  cache_mla_latents ............................... False
0: [default0]:  calc_ft_timeouts ................................ False
0: [default0]:  calculate_per_token_loss ........................ False
0: [default0]:  check_for_large_grads ........................... False
0: [default0]:  check_for_nan_in_loss_and_grad .................. False
0: [default0]:  check_for_spiky_loss ............................ False
0: [default0]:  check_weight_hash_across_dp_replicas_interval ... None
0: [default0]:  ckpt_assume_constant_structure .................. False
0: [default0]:  ckpt_convert_format ............................. None
0: [default0]:  ckpt_convert_save ............................... None
0: [default0]:  ckpt_convert_update_legacy_dist_opt_format ...... False
0: [default0]:  ckpt_format ..................................... torch_dist
0: [default0]:  ckpt_fully_parallel_load ........................ False
0: [default0]:  ckpt_fully_parallel_save ........................ True
0: [default0]:  ckpt_fully_parallel_save_deprecated ............. False
0: [default0]:  ckpt_step ....................................... None
0: [default0]:  classes_fraction ................................ 1.0
0: [default0]:  clip_grad ....................................... 1.0
0: [default0]:  clone_scatter_output_in_embedding ............... True
0: [default0]:  config_logger_dir ............................... 
0: [default0]:  consumed_train_samples .......................... 0
0: [default0]:  consumed_valid_samples .......................... 0
0: [default0]:  context_parallel_size ........................... 1
0: [default0]
0: :  cp_comm_type .................................... ['p2p']
0: [default0]:  cpu_offloading_num_layers ....................... 0
0: [default0]:  create_all_gather_group ......................... False
0: [default0]:  create_attention_mask_in_dataloader ............. True
0: [default0]:  cross_entropy_fusion_impl ....................... native
0: [default0]:  cross_entropy_loss_fusion ....................... True
0: [default0]:  cuda_graph_impl ................................. none
0: [default0]:  cuda_graph_scope ................................ []
0: [default0]:  cuda_graph_warmup_steps ......................... 3
0: [default0]:  data_args_path .................................. None
0: [default0]:  data_cache_path ................................. /iopsstor/scratch/cscs/course_00179/gipfelsturm/cache
0: [default0]:  data_parallel_random_init ....................... False
0: [default0]:  data_parallel_sharding_strategy ................. no_shard
0: [default0]:  data_parallel_size .............................. 2
0: [default0]:  data_path ....................................... ['/capstor/store/cscs/swissai/infra01/datasets/nvidia/Nemotron-ClimbMix/climbmix_small_megatron/climbmix_small']
0: [default0]:  data_per_class_fraction ......................... 1.0
0: [default0]:  data_sharding ................................... True
0: [default0]:  dataloader_defer_npy_index_mmap ................. False
0: [default0]:  dataloader_fast_cache_load ...................... False
0: [default0]:  dataloader_type ................................. single
0: [default0]:  ddp_average_in_collective ....................... False
0: [default0]:  ddp_bucket_size ................................. None
0: [default0]:  ddp_num_buckets ................................. None
0: [default0]:  ddp_pad_buckets_for_high_nccl_busbw ............. False
0: [default0]:  ddp_reduce_scatter_with_fp32_accumulation ....... False
0: [default0]:  decode_only_cuda_graphs ......................... False
0: [default0]:  decoder_first_pipeline_num_layers ............... None
0: [default0]:  decoder_last_pipeline_num_layers ................ None
0: [default0]:  decoder_num_layers .............................. None
0: [default0]:  decoder_seq_length .............................. None
0: [default0]:  decoupled_lr .................................... None
0: [default0]:  decoupled_min_lr ................................ None
0: [default0]:  decrease_batch_size_if_needed ................... False
0: [default0]:  defer_embedding_wgrad_compute ................... False
0: [default0]:  delay_wgrad_compute ............................. False
0: [default0]:  deprecated_use_mcore_models ..................... True
0: [default0]:  deterministic_mode .............................. False
0: [default0]:  dino_bottleneck_size ............................ 256
0: [default0]:  dino_freeze_last_layer .......................... 1
0: [default0]:  dino_head_hidden_size ........................... 2048
0: [default0]:  dino_local_crops_number ......................... 10
0: [default0]:  dino_local_img_size ............................. 96
0: [default0]:  dino_norm_last_layer ............................ False
0: [default0]:  dino_teacher_temp ............................... 0.07
0: [default0]:  dino_warmup_teacher_temp ........................ 0.04
0: [default0]:  dino_warmup_teacher_temp_epochs ................. 30
0: [default0
0: ]:  disable_bf16_reduced_precision_matmul ........... False
0: [default0]:  disable_chunked_prefill ......................... True
0: [default0]:  disable_jit_fuser ............................... False
0: [default0]:  disable_straggler_on_startup .................... False
0: [default0]:  disable_symmetric_registration .................. False
0: [default0]:  dist_ckpt_format_deprecated ..................... None
0: [default0]:  dist_ckpt_optim_fully_reshardable ............... False
0: [default0]:  dist_ckpt_save_pre_mcore_014 .................... False
0: [default0]:  dist_ckpt_strictness ............................ assume_ok_unexpected
0: [default0]:  distrib_optim_fully_reshardable_mem_efficient ... False
0: [default0]:  distribute_saved_activations .................... False
0: [default0]:  distributed_backend ............................. nccl
0: [default0]:  distributed_timeout_minutes ..................... 10
0: [default0]:  distributed_timeout_seconds_after_init .......... None
0: [default0]:  dsa_indexer_head_dim ............................ None
0: [default0]:  dsa_indexer_loss_coeff .......................... None
0: [default0]:  dsa_indexer_n_heads ............................. None
0: [default0]:  dsa_indexer_topk ................................ None
0: [default0]:  dsa_indexer_use_sparse_loss ..................... False
0: [default0]:  dump_param_to_param_group_map ................... None
0: [default0]:  embedding_init_method_std ..............
0: ......... None
0: [default0]:  embedding_path .................................. None
0: [default0]:  empty_unused_memory_level ....................... 0
0: [default0]:  enable_cuda_graph ............................... False
0: [default0]:  enable_experimental ............................. False
0: [default0]:  enable_ft_package ............................... False
0: [default0]:  enable_full_sharding_in_hsdp .................... False
0: [default0]:  enable_gloo_process_groups ...................... True
0: [default0]:  enable_gpt_oss .................................. False
0: [default0]:  enable_msc ...................................... True
0: [default0]:  enable_one_logger ............................... True
0: [default0]:  encoder_num_layers .............................. 32
0: [default0]:  encoder_seq_length .............................. 4096
0: [default0]:  end_weight_decay ................................ 0.1
0: [default0]:  eod_mask_loss ................................... False
0: [default0]:  ep_overlap_early_attn_memory_release ............ False
0: [default0]:  error_injection_rate ............................ 0
0: [defau
0: lt0]:  error_injection_type ............................ transient_error
0: [default0]:  eval_interval ................................... 1537
0: [default0]:  eval_iters ...................................... 10
0: [default0]:  evidence_data_path .............................. None
0: [default0]:  exit_duration_in_mins ........................... None
0: [default0]:  exit_interval ................................... None
0: [default0]:  exit_on_missing_checkpoint ...................... False
0: [default0]:  exit_signal ..................................... 15
0: [default0]:  exit_signal_handler ............................. True
0: [default0]:  exit_signal_handler_for_dataloader .............. False
0: [default0]:  exp_avg_dtype ................................... torch.float32
0: [default0]:  exp_avg_sq_dtype ................................ torch.float32
0: [default0]:  experimental_attention_variant .................. None
0: [default0]:  expert_model_parallel_size ...................... 1
0: [default0]:  expert_tensor_parallel_size ..................... 4
0: [default0]:  export_force_local_attention ....................
0:  False
0: [default0]:  export_kd_cfg ................................... None
0: [default0]:  export_kd_teacher_ckpt_format ................... None
0: [default0]:  export_kd_teacher_load .......................... None
0: [default0]:  export_kd_teacher_model_config .................. None
0: [default0]:  export_kv_cache_quant ........................... none
0: [default0]:  export_legacy_megatron .......................... False
0: [default0]:  export_model_type ............................... GPTModel
0: [default0]:  export_moe_apply_probs_on_input ................. False
0: [default0]:  export_offline_model ............................ False
0: [default0]:  export_qk_l2_norm ............................... False
0: [default0]:  export_quant_cfg ................................ None
0: [default0]:  export_real_quant_cfg ........................... None
0: [default0]:  export_te_mcore_model ........................... False
0: [default0]:  external_cuda_graph ............................. False
0: [default0]:  fake_process_group .............................. False
0: [default0]:  ffn_hidden_size ................................. 14336
0: [default0]:  fim_data ........................................ False
0: [default0]:  fim_eod_token ................................... <|endoftext|>
0: [default0]:  fim_fragment_rate ............................... None
0: [default0]:  fim_middle_token ................................ <fim_middle>
0: [default0]:  fim_no_prefix ................................... None
0: [default0]:  fim_pad_token ....................
0: ............... <fim_pad>
0: [default0]:  fim_prefix_token ................................ <fim_prefix>
0: [default0]:  fim_rate ........................................ 0.5
0: [default0]:  fim_split_sample ................................ None
0: [default0]:  fim_spm_rate .................................... 0.5
0: [default0]:  fim_suffix_token ................................ <fim_suffix>
0: [default0]:  fine_grained_activation_offloading .............. False
0: [default0]:  finetune ........................................ False
0: [default0]:  finetune_data_split ............................. train
0: [default0]:  finetune_hf_dataset ............................. None
0: [default0]:  first_last_layers_bf16 .......................... False
0: [default0]:  flash_decode .................................... False
0: [default0]:  fp16 ............................................ False
0: [default0]:  fp16_lm_cross_entropy ........................... False
0: [default0]:  fp32_residual_connection ........................ False
0: [default0]:  fp4 ............................................. None
0: [default0]:  fp4_param ....................................... False
0: [default0]:  fp4_quantizer_factory ........................... None
0: [default0]:  fp4_recipe ...................................... nvfp4
0: [default0]:  fp8 ............................................. hybrid
0: [default0]:  fp8_amax_compute_algo ........................... max
0: [default0]:  fp8_amax_history_len ............................ 1024
0: [default0]:  fp8_interval .................................... 1
0: [default0]:  fp8_margin ...................................... 0
0: [default0]:  fp8_param_gather ................................ False
0: [default0]:  fp8_quantizer_factory ........................... None
0: [default0]:  fp8_recipe ...................................... delayed
0: [default0]:  fp8_wgrad ....................................... True
0: [default0]:  fsdp_double_buffer .............................. False
0: [default0]:  fsdp_manual_registration ........................ False
0: [default0]:  ft_num_warmup_iters ............................. 5
0: [default0]:  full_validation ................................. False
0: [default0]:  global_batch_size ............................... 32
0: [default0]:  glu_linear_offset ............................... 0.0
0: [default0]:  grad_reduce_in_bf16 ............................. False
0: [default0]:  gradient_accumulation_fusion .................... True
0: [default0]:  gradient_reduce_div_fusion ...................... True
0: [default0]:  group_query_attention ........................... True
0: [default0]:  grpo_clamp_eps_lower ............................ 0.01
0: [default0]:  grpo_clamp_eps_upper ............................ 0.01
0: [default0]:  grpo_entropy_term_weight ........................ 0.0
0: [default0]:  grpo_filter_groups_with_same_reward ............. False
0: [default0]:  grpo_group_size ................................. 2
0: [default0]:  grpo_iterations ................................. 2
0: [default0]:  grpo_kl_beta .................................... 0.001
0: [default0]:  grpo_prompts_per_step ........................... 32
0: [default0]:  head_lr_mult .................................... 1.0
0: [default0]:  heterogeneous_layers_config_encoded_json ........ None
0: [default0]:  heterogeneous_layers_config_path ................ None
0: [default0]:  hidden_dropout .................................. 0.0
0: [default0]:  hidden_size ..................................... 4096
0: [default0]:  hierarchical_context_parallel_sizes ............. None
0: [default0]:  high_priority_stream_groups ..................... []
0: [default0]:  hybrid_attention_ratio .......................... 0.0
0: [default0]:  hybrid_context_parallel ......................... False
0: [default0]:  hybrid_mlp_ratio ................................ 0.0
0: [default0]:  hybrid_override_pattern ......................... None
0: [default0]:  hys
0: teresis ...................................... 2
0: [default0]:  ict_head_size ................................... None
0: [default0]:  ict_load ........................................ None
0: [default0]:  img_h ........................................... 224
0: [default0]:  img_w ........................................... 224
0: [default0]:  indexer_batch_size .............................. 128
0: [default0]:  indexer_log_interval ............................ 1000
0: [default0]:  inference_batch_times_seqlen_threshold .......... -1
0: [default0]:  inference_coordinator_port ...................... 12346
0: [default0]:  inference_dynamic_batching ...................... False
0: [default0]:  inference_dynamic_batching_block_size ........... 256
0: [default0]:  inference_dynamic_batching_buffer_size_gb ....... 40.0
0: [default0]:  inference_dynamic_batching_cuda_graph_max_tokens  16384
0: [default0]:  inference_dynamic_batching_cuda_graph_mixed_prefill_count  16
0: [default0]:  inference_dynamic_batching_max_requests ......... None
0: [default0]:  inference_dynamic_batching_max_tokens ........... None
0: [default0]:  inference_dynamic_batching_num_cuda_graphs ...... 16
0: [default0]:  inference_dynamic_batching_paused_buffer_size_gb  None
0: [default0]:  inference_dynamic_batching_track_paused_request_events  False
0: [default0]:  inference_dynamic_batching_unified_memory_level . 0
0: [default0]:  inference_fuse_tp_communication ................. False
0: [default0]:  inference_logging_step_interval ................. 0
0: [default0]:  inference_max_batch_size ........................ 8
0: [default0]:  inference_max_seq_length ........................ 2560
0: [default0]:  inference_rng_tracker ........................... False
0: [default0]:  inference_wandb_logging ......................... False
0: [default0]:  init_method_std ................................. 0.02
0: [default0]:  init_method_xavier_uniform ...................... False
0: [default0]:  init_model_with_meta_device ..................... False
0: [default0]:  initial_loss_scale .............................. 4294967296
0: [default0]:  inprocess_active_world_size ..................... 16
0: [default0]:  inprocess_barrier_timeout ....................... 120
0: [default0]:  inprocess_completion_timeout .................... 120
0: [default0]:  inprocess_empty_cuda_cache ...................... False
0: [default0]:  inprocess_granularity ........................... node
0: [default0]:  inprocess_hard_timeout .......................... 90
0: [default0]:  inprocess_heartbeat_interval .................... 30
0: [default0]:  inprocess_heartbeat_timeout ..................... 60
0: [default0]:  inprocess_last_call_wait ........................ 1
0: [default0]:  inprocess_max_iterations ........................ None
0: [default0]:  inprocess_monitor_process_interval .............. 1.0
0: [default0]:  inprocess_monitor_thread_interval ............... 1.0
0: [default0]:  inprocess_progress_watchdog_interval ............ 1.0
0: [default0]:  inprocess_restart ............................... False
0: [default0]:  inprocess_soft_timeout .......................... 60
0: [default0]:  inprocess_termination_grace_time ................ 1
0: [default0]:  is_hybrid_model ................................. False
0: [default0]:  iter_per_epoch .................................. 1250
0: [default0]:  iterations_to_skip .............................. []
0: [default0]:  keep_fp8_transpose_cache ........................ False
0: [default0]:  kitchen_attention_backend ....................... sdpa
0: [default0]:  kv_channels ..................................... 128
0: [default0]:  kv_lora_rank .................................... 32
0: [default0]:  langrl_env_config ............................... None
0: [default0]:  langrl_external_server .......................... False
0: [default0]:  langrl_inference_server_conversation_template ... None
0: [default0]:  langrl_inference_server_type .................... inplace_megatron
0: [default0]:  layernorm_epsilon ............................... 1e-05
0: [default0]:  layernorm_zero_centered_gamma ................... False
0: [default0]:  lazy_mpu_init ................................... None
0: [default0]:  legacy_tokenizer ................................ False
0: [default0]:  linear_attention_freq .........................
0: .. None
0: [default0]:  linear_conv_kernel_dim .......................... 4
0: [default0]:  linear_key_head_dim ............................. 128
0: [default0]:  linear_num_key_heads ............................ 16
0: [default0]:  linear_num_value_heads .......................... 32
0: [default0]:  linear_value_head_dim ........................... 128
0: [default0]:  load ............................................ None
0: [default0]:  load_main_params_from_ckpt ...................... False
0: [default0]:  local_rank ...................................... 0
0: [default0]:  log_device_memory_used .......................... False
0: [default0]:  log_energy ...................................... False
0: [default0]:  log_interval .................................... 1
0: [default0]:  log_loss_scale_to_tensorboard ................... True
0: [default0]:  log_max_attention_logit ......................... False
0: [default0]:  log_memory_interval ............................. None
0: [default0]:  log_memory_to_tensorboard ....................... True
0: [default0]:  log_num_zeros_in_grad ........................... False
0: [default0]:  log_params_norm ................................. False
0: [default0]:  log_progress .................................... True
0: [default0]:  log_straggler ................................... False
0: [default0]:  log_throughput .................................. True
0: [default0]:  log_timers_to_tensorboard ....................... True
0: [default0]:  log_validation_ppl_to_tensorboard ............... False
0: [de
0: fault0]:  log_world_size_to_tensorboard ................... False
0: [default0]:  logging_level ................................... None
0: [default0]:  loss_scale ...................................... None
0: [default0]:  loss_scale_window ............................... 1000
0: [default0]:  lr .............................................. 0.0001
0: [default0]:  lr_decay_iters .................................. 1537
0: [default0]:  lr_decay_samples ................................ None
0: [default0]:  lr_decay_style .................................. cosine
0: [default0]:  lr_warmup_fraction .............................. None
0: [default0]:  lr_warmup_init .................................. 0.0
0: [default0]:  lr_warmup_iters ................................. 100
0: [default0]:  lr_warmup_samples ............................... 0
0: [default0]:  lr_wsd_decay_iters .............................. None
0: [default0]:  lr_wsd_decay_samples ............................ None
0: [default0]:  lr_wsd_decay_style .............................. exponential
0: [default0]:  main_grads_dtype ................................ torch.bfloat16
0: [default0]:  main_params_dtype ............................... torch.float32
0: [default0]:  make_vocab_size_divisible_by .................... 128
0: [default0]:  mamba_head_dim .................................. 64
0: [default0]:  mamba_num_groups ................................ 8
0: [default0]:  mamba_num_heads ..........................
0: ....... None
0: [default0]:  mamba_state_dim ................................. 128
0: [default0]:  manual_gc ....................................... True
0: [default0]:  manual_gc_eval .................................. True
0: [default0]:  manual_gc_interval .............................. 50
0: [default0]:  mask_factor ..................................... 1.0
0: [default0]:  mask_prob ....................................... 0.15
0: [default0]:  mask_type ....................................... random
0: [default0]:  masked_softmax_fusion ........................... True
0: [default0]:  max_position_embeddings ......................... 4096
0: [default0]:  max_seqlen_per_dp_cp_rank ....................... None
0: [default0]:  max_tokens_to_oom ............................... 12000
0: [default0]:  memory_snapshot_path ............................ snapshot.pickle
0: [default0]:  merge_file ...................................... /iopsstor/scratch/cscs/course_00179/lsaie-ss26-gipfelsturm/data/gpt2-merges.txt
0: [default0]:  micro_batch_size ................................ 2
0: [default0]:  microbatch_group_size_per_vp_stage .............. None
0: [default0]:  mid_level_dataset_surplus ....................... 0.005
0: [default0]:  min_loss_scale .................................. 1.0
0: [default0]:  min_lr .......................................... 1e-05
0: [default0]:  min_offloaded_tensor_size ....................... 1048576
0: [default0]:  mlp_chunks_for_prefill .......................... 1
0: [default0]:  mmap_bin_files .................................. True
0: [default0]:  mock_data ....................................... False
0: [default0]:  modelopt_enabled ................................ False
0: [default0]:  moe_apply_probs_on_input ........................ False
0: [default0]:  moe_aux_loss_coeff .............................. 0.0
0: [default0]:  moe_deepep_num_sms .............................. 20
0: 
0: [default0]:  moe_enable_deepep ............................... False
0: [default0]:  moe_enable_routing_replay ....................... False
0: [default0]:  moe_expert_capacity_factor ...................... None
0: [default0]:  moe_extended_tp ................................. False
0: [default0]:  moe_ffn_hidden_size ............................. None
0: [default0]:  moe_flex_dispatcher_backend ..................... deepep
0: [default0]:  moe_grouped_gemm ................................ False
0: [default0]:  moe_hybridep_num_sms ............................ 16
0: [default0]:  moe_input_jitter_eps ............................ None
0: [default0]:  moe_latent_size ................................. None
0: [default0]:  moe_layer_freq .................................. 1
0: [default0]:  moe_layer_recompute ............................. False
0: [default0]:  moe_pad_expert_input_to_capacity ................ False
0: [default0]:  moe_pad_experts_for_cuda_graph_inference ........ False
0: [default0]:  moe_per_layer_logging ........................... False
0: [default0]:  moe_permute_fusion .............................. False
0: 
0: [default0]:  moe_router_bias_update_rate ..................... 0.001
0: [default0]:  moe_router_dtype ................................ None
0: [default0]:  moe_router_enable_expert_bias ................... False
0: [default0]:  moe_router_force_load_balancing ................. False
0: [default0]:  moe_router_fusion ............................... False
0: [default0]:  moe_router_group_topk ........................... None
0: [default0]:  moe_router_load_balancing_type .................. aux_loss
0: [default0]:  moe_router_num_groups ........................... None
0: [default0]:  moe_router_padding_for_fp8 ...................... False
0: [default0]:  moe_router_padding_for_quantization ............. False
0: [default0]:  moe_router_pre_softmax .......................... False
0: [default0]:  moe_router_score_function ....................... softmax
0: [default0]:  moe_router_topk ................................. 2
0: [default0]:  moe_router_topk_scaling_factor .................. None
0: [default0]:  moe_shared_expert_gate .......................... False
0: [default0]:  moe_shared_expert_intermediate_size ............. None
0: [default0]:  moe_shared_expert_overlap ....................... False
0: [default0]:  moe_token_dispatcher_type ....................... allgather
0: [default0]:  moe_token_drop_policy ........................... probs
0: [default0]:  moe_upcycling_granularity ....................... 1
0: [default0]:  moe_use_legacy_grouped_gemm ..................... False
0: [default0]:  moe_use_upcycling ............................... 
0: False
0: [default0]:  moe_z_loss_coeff ................................ None
0: [default0]:  mrope_section ................................... None
0: [default0]:  mscale .......................................... 1.0
0: [default0]:  mscale_all_dim .................................. 0.0
0: [default0]:  mtp_loss_scaling_factor ......................... 0.1
0: [default0]:  mtp_num_layers .................................. None
0: [default0]:  mtp_standalone .................................. False
0: [default0]:  multi_latent_attention .......................... False
0: [default0]:  multiple_validation_sets ........................ False
0: [default0]:  muon_extra_scale_factor ......................... 1.0
0: [default0]:  muon_fp32_matmul_prec ........................... medium
0: [default0]:  muon_momentum ................................... 0.9
0: [default0]:  muon_num_ns_steps ............................... 5
0: [default0]:  muon_scale_mode ................................. spectral
0: [default0]:  muon_split_qkv .................................. True
0: [default0]:  muon_tp_mode .................................... blockwise
0: [default0]:  muon_use_nesterov ............................... False
0: [default0]:  nccl_all_reduce_for_prefill ..................... False
0: [default0]:  nccl_communicator_config_path ................... None
0: [default0]:  nccl_ub ......................................... False
0: [default0]:  no_load_optim ................................... None
0: [default0]:  no_load_rng ..................................... None
0: [default0]:  no_persist_layer_norm ........................... False
0: [default0]:  no_rope_freq .................................... None
0: [default0]:  no_save_optim ................................... None
0: [default0]:  no_save_rng ..................................... None
0: [default0]:  no_weight_decay_cond_type ....................... None
0: [default0]:  non_persistent_ckpt_type ........................ None
0: [default0]:  non_persistent_global_ckpt_dir .................. None
0: [default0]:  non_persistent_local_ckpt_algo .................. fully_parallel
0: [default0]:  non_persistent_local_ckpt_dir ................... None
0: [default0]:  non_persistent_save_interval .................... None
0: [default0]:  normalization ................................... RMSNorm
0: [default0]:  num_attention_heads ............................. 32
0: [default0]:  num_channels ..................................
0: .. 3
0: [default0]:  num_classes ..................................... 1000
0: [default0]:  num_dataset_builder_threads ..................... 1
0: [default0]:  num_distributed_optimizer_instances ............. 1
0: [default0]:  num_experts ..................................... None
0: [default0]:  num_layers ...................................... 32
0: [default0]:  num_layers_at_end_in_bf16 ....................... 1
0: [default0]:  num_layers_at_start_in_bf16 ..................... 1
0: [default0]:  num_layers_per_virtual_pipeline_stage ........... None
0: [default0]:  num_query_groups ................................ 8
0: [default0]:  num_virtual_stages_per_pipeline_rank ............ None
0: [default0]:  num_workers ..................................... 16
0: [default0]:  object_storage_cache_path ....................... None
0: [default0]:  offload_modules ................................. []
0: [default0]:  one_logger_async ................................ False
0: [default0]:  one_logger_project .............................. megatron-lm
0: [default0]:  one_logger_run_name ............................. None
0: [default0]:  onnx_safe ....................................... None
0: [default0]:  openai_gelu ..................................... False
0: [default0]:  optimizer ....................................... adam
0: [default0]:  optimizer_cpu_offload ........................... False
0: [default0]:  optimizer_offload_fraction ...................... 1.0
0: [defa
0: ult0]:  outer_dp_sharding_strategy ...................... no_shard
0: [default0]:  output_bert_embeddings .......................... False
0: [default0]:  overlap_cpu_optimizer_d2h_h2d ................... False
0: [default0]:  overlap_grad_reduce ............................. True
0: [default0]:  overlap_moe_expert_parallel_comm ................ False
0: [default0]:  overlap_p2p_comm ................................ False
0: [default0]:  overlap_p2p_comm_warmup_flush ................... False
0: [default0]:  overlap_param_gather ............................ True
0: [default0]:  overlap_param_gather_with_optimizer_step ........ False
0: [default0]:  override_opt_param_scheduler .................... False
0: [default0]:  padded_vocab_size ............................... None
0: [default0]:  params_dtype .................................... torch.bfloat16
0: [default0]:  patch_dim ....................................... 16
0: [default0]:  per_dataset_sequences_path ...................... None
0: [default0]:  per_split_data_args_path ........................ None
0: [default0]:  perform_initialization .......................... True
0: [default0]:  perform_rl_step ................................. False
0: [default0]:  phase_transition_iterations ..................... None
0: [default0]:  pin_cpu_grads ................................... True
0: [default0]:  pin_cpu_params .................................. True
0: [default0]:  pipeline_model_parallel_comm_backend ............ None
0: [default0]:  pipeline_model_parallel_layout .................. None
0: [default0]:  pipeline_model_parallel_size .................... 2
0: [default0]:  position_embedding_type ......................... rope
0: [default0]:  pretrained_checkpoint ........................... None
0: [default0]:  profile ......................................... False
0: [default0]:  profile_ranks ................................... [0]
0: [default0]:  profile_step_end ................................ 12
0: [default
0: 0]:  profile_step_start .............................. 10
0: [default0]:  q_lora_rank ..................................... None
0: [default0]:  qk_clip ......................................... False
0: [default0]:  qk_clip_alpha ................................... 0.5
0: [default0]:  qk_clip_threshold ............................... 100
0: [default0]:  qk_head_dim ..................................... 128
0: [default0]:  qk_l2_norm ...................................... False
0: [default0]:  qk_layernorm .................................... False
0: [default0]:  qk_pos_emb_head_dim ............................. 64
0: [default0]:  query_in_block_prob ............................. 0.1
0: [default0]:  quick_geglu ..................................... False
0: [default0]:  rampup_batch_size ............................... None
0: [default0]:  rank ............................................ 0
0: [default0]:  recompute_granularity ........................... selective
0: [default0]:  recompute_method ................................ None
0: [default0]:  recompute_modules ............................... None
0: [default0]:  recompute_num_layers ............................ None
0: [default0]:  record_memory_history ........................... False
0: [default0]:  refit_method .................................... gloo
0: [default0]:  relative_attention_max_distance ................. 128
0: [default0]:  relative_attention_num_buckets .................. 32
0: [default0]:  replication ..................................... False
0: [default0]:  replication_factor .............................. 2
0: [default0]:  replication_jump ................................ None
0: [default0]:  rerun_mode ...................................... validate_results
0: [default0]:  reset_attention_mask ............................ False
0: [default0]:  reset_position_ids .............................. False
0: [default0]:  result_rejected_tracker_filename ...........
0: ..... None
0: [default0]:  retriever_report_topk_accuracies ................ []
0: [default0]:  retriever_score_scaling ......................... False
0: [default0]:  reuse_grad_buf_for_mxfp8_param_ag ............... False
0: [default0]:  rl_default_temperature .......................... 1.0
0: [default0]:  rl_default_top_k ................................ -1
0: [default0]:  rl_default_top_p ................................ 0
0: [default0]:  rl_importance_sampling_truncation_coef .......... None
0: [default0]:  rl_inference_expert_model_parallel_size ......... None
0: [default0]:  rl_inference_expert_tensor_model_parallel_size .. None
0: [default0]:  rl_inference_logprobs_is_correction ............. False
0: [default0]:  rl_inference_model_unified_memory_level ......... 0
0: [default0]:  rl_inference_pipeline_model_parallel_size ....... None
0: [default0]:  rl_inference_tensor_model_parallel_size ......... None
0: [default0]:  rl_offload_inference_model_weights_when_idle .... False
0: [default0]:  rl_offload_kv_cache_during_training ............. False
0: [default0]:  rl_offload_optimizer_during_inference ........... False
0: [default0]:  rl_parallel_generation_tasks .................... 512
0: [default0]:  rl_partial_rollouts ............................. False
0: [default0]:  rl_prompts_per_eval ............................. 32
0: [default0]:  rl_remove_kv_cache_during_training .............. False
0: [default0]:  rl_reset_cuda_graphs ............................ False
0: [default0]:  rl_sequence_packing_algo ........................ fifo
0: [default0]:  rl_sequence_packing_max_sequences_per_bin ....... 50
0: [default0]:  rl_skip_bos_token ............................... False
0: [default0]:  rl_training_cuda_graphs ......................... False
0: [default0]:  rl_use_sequence_packing ......................... False
0: [default0]:  rl_verify_model_weights_swap .................... False
0: [default0]:  rope_scaling_factor ............................. 8.0
0: [default0]:  rope_type ....................................... None
0: [default0]:  rotary_base ..................................... 10000
0: [default0]:  rotary_interleaved .............................. False
0: [default0]:  rotary_percent .................................. 1.0
0: [default0]:  rotary_scaling_factor ........................... 1.0
0: [default0]:  rotary_seq_len_interpolation_factor ............. None
0: [default0]:  run_workload_inspector_server ................... False
0: [default0]:  sample_rate ..................................... 1.0
0: [default0]:  save ............................................ /iopsstor/scratch/cscs/course_00179/gipfelsturm/gipfelsturm/train-8b-4n/checkpoints
0: [default0]:  save_dgrads_interval ............................ None
0: [default0]:  save_interval ................................... 500
0: [default0]:  save_retain_interval ............................ None
0: [default0]:  save_wgrads_interval ............................ None
0: [default0]:  scatter_gather_tensors_in_pipeline .............. True
0: [default0]:  seed ............................................ 42
0: [default0]:  seq_length ...................................... 4096
0: [default0]:  sequence_parallel ............................... False
0: [default0]:  sft ............................................. False
0: [default0]:  sft_tokenizer_prompt_format ..................... nemotron-h-aligned
0: [default0]:  sgd_momentum .................................... 0.9
0: [default0]:  sharp_enabled_group ............................. None
0: [default0]:  short_seq_prob .................................. 0.1
0: [default0]:  skip_train ...................................... False
0: [default0]:  skipped_train_samples ........................... 0
0: [default0]:  softmax_type .................................... vanilla
0: [default0]:  spec ............................................ None
0: [default0]:  split ........................................
0: ... 99,1,0
0: [default0]:  squared_relu .................................... False
0: [default0]:  start_weight_decay .............................. 0.1
0: [default0]:  straggler_ctrlr_port ............................ 65535
0: [default0]:  straggler_minmax_count .......................... 1
0: [default0]:  strict_fsdp_dtensor_load ........................ True
0: [default0]:  suggested_communication_unit_size ............... None
0: [default0]:  swiglu .......................................... True
0: [default0]:  swin_backbone_type .............................. tiny
0: [default0]:  symmetric_ar_type ............................... None
0: [default0]:  te_precision_config_file ........................ None
0: [default0]:  te_rng_tracker .................................. False
0: [default0]:  tensor_model_parallel_size ...................... 4
0: [default0]:  tensorboard_dir ................................. /iopsstor/scratch/cscs/course_00179/gipfelsturm/gipfelsturm/train-8b-4n/tensorboard
0: [default0]:  tensorboard_log_interval ........................ 1
0: [default0]:  tensorboard_queue_size .......................... 1000
0: [default0]:  test_data_path .................................. None
0: [default0]:  test_mode ....................................... False
0: [default0]:  tiktoken_num_special_tokens ..................... 1000
0: [default0]:  tiktoken_pattern ................................ None
0: [default0]:  tiktoken_special_tokens ......................... None
0: [default0]:  timing_log_level ................................ 0
0: [default0]:  timing_log_option ............................... minmax
0: [default0]:  titles_data_path ................................ None
0: [default0]:  tokenizer_hf_include_special_tokens ............. False
0: [default0]:  tokenizer_hf_use_fast ........................... False
0: [default0]:  tokenizer_metadata ..............................
0:  None
0: [default0]:  tokenizer_model ................................. None
0: [default0]:  tokenizer_sentencepiece_legacy .................. False
0: [default0]:  tokenizer_special_tokens ........................ None
0: [default0]:  tokenizer_type .................................. GPT2BPETokenizer
0: [default0]:  torch_fsdp2_reshard_after_forward ............... True
0: [default0]:  tp_comm_bootstrap_backend ....................... nccl
0: [default0]:  tp_comm_bulk_dgrad .............................. True
0: [default0]:  tp_comm_bulk_wgrad .............................. True
0: [default0]:  tp_comm_overlap ................................. False
0: [default0]:  tp_comm_overlap_ag .............................. True
0: [default0]:  tp_comm_overlap_cfg ............................. None
0: [default0]:  tp_comm_overlap_rs .............................. True
0: [default0]:  tp_comm_overlap_rs_dgrad ........................ False
0: [default0]:  tp_comm_split_ag ................................ True
0: [default0]:  tp_comm_split_rs ................................ True
0: [default0]:  train_data_path ................................. None
0: [default0]:  train_iters ..................................... 1537
0: [default0]:  train_samples ................................... None
0: [default0]:  train_sync_interval ............................. None
0: [default0]:  transformer_impl ................................ transformer_engine
0: [default0]:  transformer_pipeline_model_parallel_size ........ 2
0: [default0]:  trust_remote_code ............................... False
0: [default0]:  untie_embeddings_and_output_weights ............. True
0: [default0]:  use_checkpoint_args ............................. False
0: [default0]:  use_checkpoint_opt_param_scheduler .............. False
0: [default0]:  use_cpu_initialization .......................... None
0: [default0]:  use_dist_ckpt ................................... True
0: [default0]:  use_dist_ckpt_deprecated ........................ False
0: [default0]:  use_distributed_optimizer ....................... True
0: [default0]:  use_flash_attn .................................. False
0: [default0]:  use_fused_weighted_squared_relu ................. False
0: [default0]:  use_kitchen_attention ........................... False
0: [default0]:  use_legacy_models ............................... False
0: [default0]:  use_legacy_static_engine ........................ False
0: [default0]:  use_mamba_mem_eff_path .......................... True
0: [default0]:  use_megatron_fsdp ............................... False
0: [default0]:  use_mp_args_from_checkpoint_args ................ False
0: [default0]:  use_one_sent_docs ............................... False
0: [default0]:  use_persistent_ckpt_worker ...................... False
0: [default0]:  use_precision_aware_optimizer ................... True
0: [default0]:  use_pytorch_profiler ............................ False
0: [default0]:  use_ring_exchange_p2p ........................... False
0: [default0]:  use_rope_scaling ................................ False
0: [default0]:  use_rotary_position_embeddings .................. False
0: [default0]:  use_sharp ....................................... False
0: [default0]:  use_te_activation_func .......................... False
0: [default0]:  use_tokenizer_model_from_checkpoint_args ........ True
0: [default0]:  use_torch_fsdp2 ................................. False
0: [default0]:  use_torch_optimizer_for_cpu_offload ............. False
0: [default0]:  use_tp_pp_dp_mapping ............................ False
0: [default0]:  v_head_dim ...................................... 128
0: [default0]:  valid_data_path ................................. None
0: [default0]:  variable_seq_lengths ............................ False
0: [default0]:  virtual_pipeline_model_parallel_size ............ None
0: [default0]:  vision_backbone_type ............................ vit
0: [default0]:  vision_pretraining .............................. Fa
0: lse
0: [default0]:  vision_pretraining_type ......................... classify
0: [default0]:  vocab_extra_ids ................................. 0
0: [default0]:  vocab_file ...................................... /iopsstor/scratch/cscs/course_00179/lsaie-ss26-gipfelsturm/data/gpt2-vocab.json
0: [default0]:  vocab_size ...................................... None
0: [default0]:  wandb_entity .................................... None
0: [default0]:  wandb_exp_name .................................. None
0: [default0]:  wandb_project ................................... None
0: [default0]:  wandb_save_dir .................................. None
0: [default0]:  weight_decay .................................... 0.1
0: [default0]:  weight_decay_incr_style ......................... constant
0: [default0]:  wgrad_deferral_limit ............................ 0
0: [default0]:  window_attn_skip_freq ........................... None
0: [default0]:  window_size ..................................... None
0: [default0]:  world_size ...................................... 16
0: [default0]:  yaml_cfg ........................................ None
0: [default0]:-------------------- end of arguments ---------------------
0: [default0]:INFO:megatron.core.num_microbatches_calculator:setting number of microbatches to constant 8
0: [default0]:> building GPT2BPETokenizer tokenizer ...
0: [default0]:WARNING:megatron.core.datasets.megatron_tokenizer:You're using the legacy tokenizer system, which is deprecated and will be removed in a future release. Please migrate to the new tokenizer system (`megatron.core.tokenizers.MegatronTokenizer`).
0: [default0]: > padded vocab (size: 50257) with 431 dummy tokens (new size: 50688)
0: [default0]:WARNING:megatron.core.rerun_state_machine:RerunStateMachine initialized in mode RerunMode.VALIDATE_RESULTS
0: [default0]:> initializing torch distributed ...
1: [default1]:[Gloo] Rank 1 is connected to 1 peer ranks. Expected number of connected peer ranks is : 1
1: [default1]:[Gloo] Rank 1 is connected to 1 peer ranks. Expected number of connected peer ranks is : 1
1: [default1]:[Gloo] Rank 1 is connected to 1 peer ranks. Expected number of connected peer ranks is : 1
1: [default3]:[Gloo] Rank 1 is connected to 1 peer ranks. Expected number of connected peer ranks is : 1
1: [default3]:[Gloo] Rank 1 is connected to 1 peer ranks. Expected number of connected peer ranks is : 1
1: [default3]:[Gloo] Rank 1 is connected to 1 peer ranks. Expected number of connected peer ranks is : 1
0: [default1]:[W523 03:30:11.423961533 ProcessGroupNCCL.cpp:941] Warning: TORCH_NCCL_AVOID_RECORD_STREAMS is the default now, this environment variable is thus deprecated. (function operator())
0: [default2]:[W523 03:30:11.424511050 ProcessGroupNCCL.cpp:941] Warning: TORCH_NCCL_AVOID_RECORD_STREAMS is the default now, this environment variable is thus deprecated. (function operator())
0: [default1]:[Gloo] Rank 0 is connected to 1 peer ranks. Expected number of connected peer ranks is : 1
0: [default3]:[W523 03:30:11.415407331 ProcessGroupNCCL.cpp:941] Warning: TORCH_NCCL_AVOID_RECORD_STREAMS is the default now, this environment variable is thus deprecated. (function operator())
0: [default1]:[Gloo] Rank 0 is connected to 1 peer ranks. Expected number of connected peer ranks is : 1
0: [default1]:[Gloo] Rank 0 is connected to 1 peer ranks. Expected number of connected peer ranks is : 1
0: [default3]:[Gloo] Rank 0 is connected to 1 peer ranks. Expected number of connected peer ranks is : 1
0: [default3]:[Gloo] Rank 0 is connected to 1 peer ranks. Expected number of connected peer ranks is : 1
0: [default3]:[Gloo] Rank 0 is connected to 1 peer ranks. Expected number of connected peer ranks is : 1
0: [default0]:[W523 03:30:11.409057885 ProcessGroupNCCL.cpp:941] Warning: TORCH_NCCL_AVOID_RECORD_STREAMS is the default now, this environment variable is thus deprecated. (function operator())
2: [default0]:[Gloo] Rank 0 is connected to 1 peer ranks. Expected number of connected peer ranks is : 1
2: [default0]:[Gloo] Rank 0 is connected to 1 peer ranks. Expected number of connected peer ranks is : 1
3: [default0]:[Gloo] Rank 1 is connected to 1 peer ranks. Expected number of connected peer ranks is : 1
3: [default0]:[Gloo] Rank 1 is connected to 1 peer ranks. Expected number of connected peer ranks is : 1
3: [default0]:[W523 03:30:11.770654116 ProcessGroupNCCL.cpp:941] Warning: TORCH_NCCL_AVOID_RECORD_STREAMS is the default now, this environment variable is thus deprecated. (function operator())
3: [default3]:[Gloo] Rank 1 is connected to 1 peer ranks. Expected number of connected peer ranks is : 1
2: [default3]:[Gloo] Rank 0 is connected to 1 peer ranks. Expected number of connected peer ranks is : 1
2: [default3]:[Gloo] Rank 0 is connected to 1 peer ranks. Expected number of connected peer ranks is : 1
2: [default3]:[Gloo] Rank 0 is connected to 1 peer ranks. Expected number of connected peer ranks is : 1
2: [default0]:[Gloo] Rank 0 is connected to 1 peer ranks. Expected number of connected peer ranks is : 1
2: [default0]:[rank8]:[W523 03:30:11.684566644 ProcessGroupNCCL.cpp:5163] Guessing device ID based on global rank. This can cause a hang if rank to GPU mapping is heterogeneous. You can specify device_id in init_process_group()
3: [default0]:[Gloo] Rank 1 is connected to 1 peer ranks. Expected number of connected peer ranks is : 1
3: [default0]:[rank12]:[W523 03:30:11.807258116 ProcessGroupNCCL.cpp:5163] Guessing device ID based on global rank. This can cause a hang if rank to GPU mapping is heterogeneous. You can specify device_id in init_process_group()
3: [default3]:[Gloo] Rank 1 is connected to 1 peer ranks. Expected number of connected peer ranks is : 1
3: [default3]:[Gloo] Rank 1 is connected to 1 peer ranks. Expected number of connected peer ranks is : 1
1: [default2]:[Gloo] Rank 1 is connected to 1 peer ranks. Expected number of connected peer ranks is : 1
1: [default2]:[Gloo] Rank 1 is connected to 1 peer ranks. Expected number of connected peer ranks is : 1
1: [default2]:[Gloo] Rank 1 is connected to 1 peer ranks. Expected number of connected peer ranks is : 1
1: [default0]:[W523 03:30:12.419680857 ProcessGroupNCCL.cpp:941] Warning: TORCH_NCCL_AVOID_RECORD_STREAMS is the default now, this environment variable is thus deprecated. (function operator())
1: [default0]:[rank4]:[W523 03:30:13.457535957 ProcessGroupNCCL.cpp:5163] Guessing device ID based on global rank. This can cause a hang if rank to GPU mapping is heterogeneous. You can specify device_id in init_process_group()
1: [default0]:[Gloo] Rank 1 is connected to 1 peer ranks. Expected number of connected peer ranks is : 1
1: [default0]:[Gloo] Rank 1 is connected to 1 peer ranks. Expected number of connected peer ranks is : 1
1: [default0]:[Gloo] Rank 1 is connected to 1 peer ranks. Expected number of connected peer ranks is : 1
0: [default2]:[Gloo] Rank 0 is connected to 1 peer ranks. Expected number of connected peer ranks is : 1
0: [default2]:[Gloo] Rank 0 is connected to 1 peer ranks. Expected number of connected peer ranks is : 1
0: [default2]:[Gloo] Rank 0 is connected to 1 peer ranks. Expected number of connected peer ranks is : 1
0: [default0]:/iopsstor/scratch/cscs/course_00179/lsaie-ss26-gipfelsturm/Megatron-LM/megatron/core/transformer/transformer_config.py:1225: UserWarning: If you are using transformer_engine as the transformer implementation, the core_attn is from transformer_engine and may be the fused version. For fused attention, you have no need to set 'core_attn' to recompute. Please check that the core_attn recompute is really needed.
0: [default0]:  warnings.warn(
0: [default0]:[Gloo] Rank 0 is connected to 1 peer ranks. Expected number of connected peer ranks is : 1
0: [default0]:[Gloo] Rank 0 is connected to 1 peer ranks. Expected number of connected peer ranks is : 1
0: [default0]:[Gloo] Rank 0 is connected to 1 peer ranks. Expected number of connected peer ranks is : 1
0: [default0]:> initialized tensor model parallel with size 4
0: [default0]:> initialized pipeline model parallel with size 2
0: [default0]:> setting random seeds to 42 ...
0: [default0]:> compiling dataset index builder ...
0: [default0]:make: Entering directory '/iopsstor/scratch/cscs/course_00179/lsaie-ss26-gipfelsturm/Megatron-LM/megatron/core/datasets'
0: [default0]:/usr/local/lib/python3.12/dist-packages/torch/distributed/c10d_logger.py:83: UserWarning: barrier(): using the device under current context. You can specify `device_id` in `init_process_group` to mute this warning.
0: [default0]:  return func(*args, **kwargs)
0: [default0]:[rank0]:[W523 03:30:13.249192932 ProcessGroupNCCL.cpp:5163] Guessing device ID based on global rank. This can cause a hang if rank to GPU mapping is heterogeneous. You can specify device_id in init_process_group()
0: [default0]:make: Nothing to be done for 'default'.
0: [default0]:make: Leaving directory '/iopsstor/scratch/cscs/course_00179/lsaie-ss26-gipfelsturm/Megatron-LM/megatron/core/datasets'
0: [default0]:>>> done with dataset index builder. Compilation time: 0.083 seconds
0: [default0]:> compiling and loading fused kernels ...
0: [default0]:>>> done with compiling and loading fused kernels. Compilation time: 2.634 seconds
0: [default0]:/usr/local/lib/python3.12/dist-packages/torch/distributed/c10d_logger.py:83: UserWarning: barrier(): using the device under current context. You can specify `device_id` in `init_process_group` to mute this warning.
0: [default0]:  return func(*args, **kwargs)
0: [default0]:time to initialize megatron (seconds): 12.434
0: [default0]:[after in-process setup and before initialize_megatron] datetime: 2026-05-23 03:30:11.013197 
0: [default0]:[after in-job setup and before initialize_megatron] datetime: 2026-05-23 03:30:11.047852 
0: [default0]:/iopsstor/scratch/cscs/course_00179/lsaie-ss26-gipfelsturm/Megatron-LM/megatron/core/transformer/transformer_config.py:1225: UserWarning: If you are using transformer_engine as the transformer implementation, the core_attn is from transformer_engine and may be the fused version. For fused attention, you have no need to set 'core_attn' to recompute. Please check that the core_attn recompute is really needed.
0: [default0]:  warnings.warn(
0: [default0]:[before library-setup] datetime: 2026-05-23 03:29:46.072626
0: [default0]:[after library-setup] datetime: 2026-05-23 03:30:10.965082
0: [default0]:[before megatron-init] datetime: 2026-05-23 03:30:11.013196
0: [default0]:[after megatron is initialized] datetime: 2026-05-23 03:30:18.209330 
0: [default0]:building GPT model ...
3: [default3]:INFO:megatron.core.timers:(min, max) time across ranks (ms):
3: [default3]:    startup-program-entry-spread ...................: (0.01, 6.82)
3: [default3]:    startup-library-setup ..........................: (19992.44, 24892.46)
3: [default3]:    startup-program-setup ..........................: (47.88, 50.58)
3: [default3]:    startup-in-process-setup .......................: (0.00, 0.00)
3: [default3]:    startup-in-job-setup ...........................: (32.26, 34.65)
3: [default3]:    startup-initialize-megatron ....................: (4708.67, 9606.59)
3: [default3]:    startup-set-jit-fusion-options .................: (1879.95, 2391.75)
3: [default3]:    all-reduce-start-timestamps-tensor .............: (1.39, 513.37)
3: [default3]:    startup-megatron-init-local ....................: (7136.42, 12033.05)
3: [default3]:    startup-megatron-init-global ...................: (32079.06, 32079.25)
2: [default2]: > number of parameters on (tensor, pipeline) model parallel rank (2, 1): 924454912
2: [default3]: > number of parameters on (tensor, pipeline) model parallel rank (3, 1): 924454912
2: [default0]: > number of parameters on (tensor, pipeline) model parallel rank (0, 1): 924454912
2: [default0]:INFO:megatron.core.distributed.param_and_grad_buffer:Number of buckets for gradient all-reduce / reduce-scatter: 1
2: [default0]:Params for bucket 1 (924454912 elements, 924454912 padded size):
2: [default0]:	module.decoder.layers.4.mlp.linear_fc1.weight
2: [default0]:	module.decoder.layers.1.mlp.linear_fc1.weight
2: [default0]:	module.decoder.layers.3.mlp.linear_fc2.weight
2: [default0]:	module.decoder.final_layernorm.weight
2: [default0]:	module.decoder.layers.7.self_attention.linear_proj.weight
2: [default0]:	module.decoder.layers.6.self_attention.linear_qkv.layer_norm_weight
2: [default0]:	module.decoder.layers.3.self_attention.linear_proj.weight
2: [default0]:	module.decoder.layers.14.mlp.linear_fc2.weight
2: [default0]:	module.decoder.layers.13.self_attention.linear_qkv.weight
2: [default0]:	module.decoder.layers.12.self_attention.linear_qkv.layer_norm_weight
2: [default0]:	module.decoder.layers.8.mlp.linear_fc1.layer_norm_weight
2: [default0]:	module.decoder.layers.12.mlp.linear_fc1.weight
2: [default0]:	module.decoder.layers.6.mlp.
2: linear_fc1.weight
2: [default0]:	module.decoder.layers.6.self_attention.linear_proj.weight
2: [default0]:	module.decoder.layers.4.mlp.linear_fc1.layer_norm_weight
2: [default0]:	module.decoder.layers.0.mlp.linear_fc1.weight
2: [default0]:	module.decoder.layers.15.self_attention.linear_qkv.layer_norm_weight
2: [default0]:	module.decoder.layers.13.self_attention.linear_proj.weight
2: [default0]:	module.decoder.layers.3.self_attention.linear_qkv.layer_norm_weight
2: [default0]:	module.decoder.layers.15.mlp.linear_fc1.weight
2: [default0]:	module.decoder.layers.14.mlp.linear_fc1.layer_norm_weight
2: [default0]:	module.decoder.layers.11.mlp.linear_fc2.weight
2: [default0]:	module.decoder.layers.10.self_attention.linear_qkv.weight
2: [default0]:	module.decoder.layers.9.self_attention.linear_qkv.layer_norm_weight
2: [default0]:	module.decoder.layers.0.self_attention.linear_qkv.layer_norm_weight
2: [default0]:	module.decoder.layers.9.mlp.linear_fc1.weight
2: [default0]:	module.decoder.layers.0.self_attention.linear_proj.weight
2: [default0]:	module.decoder.laye
2: rs.10.self_attention.linear_proj.weight
2: [default0]:	module.decoder.layers.2.self_attention.linear_proj.weight
2: [default0]:	module.decoder.layers.11.mlp.linear_fc1.layer_norm_weight
2: [default0]:	module.decoder.layers.6.self_attention.linear_qkv.weight
2: [default0]:	module.decoder.layers.7.mlp.linear_fc2.weight
2: [default1]: > number of parameters on (tensor, pipeline) model parallel rank (1, 1): 924454912
2: [default0]:	module.decoder.layers.5.mlp.linear_fc1.layer_norm_weight
2: [default0]:	module.decoder.layers.2.self_attention.linear_qkv.layer_norm_weight
2: [default0]:	module.decoder.layers.1.self_attention.linear_qkv.weight
2: [default0]:	module.output_layer.weight
2: [default0]:	module.decoder.layers.8.self_attention.linear_qkv.layer_norm_weight
2: [default0]:	module.decoder.layers.0.mlp.linear_fc2.weight
2: [default0]:	module.decoder.layers.13.mlp.linear_fc2.weight
2: [default0]:	module.decoder.layers.12.self_attention.linear_qkv.weight
2: [default0]:	module.decoder.layers.8.mlp.linear_fc1.weight
2: [default0]:	module.decoder.layers.7.mlp.linear_fc1.layer_norm_weight
2: [default0]:	module.decoder.layers.5.self_attention.linear_proj.weight
2: [default0]:	module.decoder.layers.4.mlp.linear_fc2.weight
2: [default0]:	module.decoder.layers.9.self_attention.linear_proj.weight
2: [default0]:	module.decoder.layers.6.mlp.linear_fc2.weight
2: [default0]:	module.decoder.layers.2.mlp.linear_fc1.weight
2: [default0]:	module.decoder.layers.2.mlp.linear_fc1.layer_no
2: rm_weight
2: [default0]:	module.decoder.layers.1.mlp.linear_fc2.weight
2: [default0]:	module.decoder.layers.15.self_attention.linear_qkv.weight
2: [default0]:	module.decoder.layers.14.self_attention.linear_qkv.layer_norm_weight
2: [default0]:	module.decoder.layers.12.self_attention.linear_proj.weight
2: [default0]:	module.decoder.layers.14.mlp.linear_fc1.weight
2: [default0]:	module.decoder.layers.13.mlp.linear_fc1.layer_norm_weight
2: [default0]:	module.decoder.layers.10.mlp.linear_fc2.weight
2: [default0]:	module.decoder.layers.5.mlp.linear_fc2.weight
2: [default0]:	module.decoder.layers.15.self_attention.linear_proj.weight
2: [default0]:	module.decoder.layers.4.self_attention.linear_proj.weight
2: [default0]:	module.decoder.layers.11.self_attention.linear_qkv.layer_norm_weight
2: [default0]:	module.decoder.layers.11.mlp.linear_fc1.weight
2: [default0]:	module.decoder.layers.10.mlp.linear_fc1.layer_norm_weight
2: [default0]:	module.decoder.layers.4.self_attention.linear_qkv.weight
2: [default0]:	module.decoder.layers.1.self_attention.linear_proj.weight
2: [default0]:	module.decoder.layers.3.mlp.linear_fc1.layer_norm_weight
2: [default0]:	module.decoder.layers.8.self_attention.linear_qkv.weight
2: [default0]:	module.decoder.layers.7.self_attention.linear_qkv.layer_norm_weight
2: [default0]:	module.decoder.layers.12.mlp.linear_fc2.weight
2: [default0]:	module.decoder.layers.7.mlp.linear_fc1.weight
2: [default0]:	module.decoder.layers.5.self_attention.linear_qkv.weight
2: [default0]:	module.decoder.layers.9.self_attention.linear_qkv.weight
2: [default0]:	module.decoder.layers.8.self_attention.linear_proj.weight
2: [default0]:	module.decoder.layers.0.self_attention.linear_qkv.weight
2: [default0]:	module.decoder.layers.15.mlp.linear_fc2.weight
2: [default0]:	module.decoder.layers.14.self_attention.linear_qkv.weight
2: [default0]:	module.decoder.layers.13.self_attention.linear_qkv.layer_norm_weight
2: [default0]:	module.decoder.layers.13.mlp.linear_fc1.weight
2: [default0]:	module.decoder.layers.12.mlp.linear_fc1.layer_norm_weight
2: [default0]:	module.decoder.layers.9.mlp.linear_fc2.weight
2: [default0]:	module.decoder.layers.1.mlp.linear_fc1.layer_norm_weight
2: [default0]:	module.decoder.layers.14.self_attention.linear_proj.weight
2: [default0]:	module.decoder.layers.2.self_attention.linear_qkv.weight
2: [default0]:	module.decoder.layers.15.mlp.linear_fc1.layer_norm_weight
2: [default0]:	module.decoder.layers.11.self_attention.linear_qkv.weight
2: [default0]:	module.decoder.layers.10.self_attention.linear_qkv.layer_norm_weight
2: [default0]:	module.decoder.layers.1.self_attention.linear_qkv.layer_norm_weight
2: [default0]:	module.decoder.layers.3.mlp.linear_fc1.weight
2: [default0]:	module.decoder.layers.10.mlp.linear_fc1.weight
2: [default0]:	module.decoder.layers.9.mlp.linear_fc1.layer_norm_weight
2: [default0]:	module.decoder.layers.6.mlp.linear_fc1.layer_norm_weight
2: [default0]:	module.decoder.layers.0.mlp.linear_fc1.layer_norm_weight
2: [default0]:	module.decoder.layers.4.self_attention.linear_qkv.layer_norm_weight
2: [default0]:	module.decoder.layers.5.self_attention.linear_qkv.layer_norm_weight
2: [default0]:	module.decoder.layers.11.self_attention.linear_proj.weight
2: [default0]:	module.decoder.layers.3.self_attention.linear_qkv.weight
2: [default0]:	module.decoder.layers.8.mlp.linear_fc2.weight
2: [default0]:	module.decoder.layers.7.self_attention.linear_qkv.weight
2: [default0]:	module.decoder.layers.5.mlp.linear_fc1.weight
2: [default0]:	module.decoder.layers.2.mlp.linear_fc2.weight
0: [default1]: > number of parameters on (tensor, pipeline) model parallel rank (1, 0): 924450816
0: [default3]: > number of parameters on (tensor, pipeline) model parallel rank (3, 0): 924450816
0: [default2]: > number of parameters on (tensor, pipeline) model parallel rank (2, 0): 924450816
0: [default0]: > number of parameters on (tensor, pipeline) model parallel rank (0, 0): 924450816
0: [default0]:INFO:megatron.core.distributed.distributed_data_parallel:Setting up DistributedDataParallel with config DistributedDataParallelConfig(grad_reduce_in_fp32=False, overlap_grad_reduce=True, overlap_param_gather=True, align_param_gather=False, use_distributed_optimizer=True, num_distributed_optimizer_instances=1, check_for_nan_in_grad=False, check_for_large_grads=False, bucket_size=40000000, pad_buckets_for_high_nccl_busbw=False, reduce_scatter_with_fp32_accumulation=False, average_in_collective=False, fp8_param_gather=False, reuse_grad_buf_for_mxfp8_param_ag=False, use_megatron_fsdp=False, use_custom_fsdp=False, data_parallel_sharding_strategy='no_shard', gradient_reduce_div_fusion=True, suggested_communication_unit_size=None, preserve_fp32_weights=True, keep_fp8_transpose_cache=False, nccl_ub=False, fsdp_double_buffer=False, outer_dp_sharding_strategy='no_shard', disable_symmetric_registration=False, fsdp_m
0: anual_registration=False, delay_wgrad_compute=False)
0: [default0]:INFO:megatron.core.distributed.param_and_grad_buffer:Number of buckets for gradient all-reduce / reduce-scatter: 17
0: [default0]:Params for bucket 1 (44040192 elements, 44040192 padded size):
0: [default0]:	module.decoder.layers.15.mlp.linear_fc2.weight
0: [default0]:	module.decoder.layers.15.mlp.linear_fc1.weight
0: [default0]:Params for bucket 2 (54534144 elements, 54534144 padded size):
0: [default0]:	module.decoder.layers.15.self_attention.linear_qkv.layer_norm_weight
0: [default0]:	module.decoder.layers.14.mlp.linear_fc2.weight
0: [default0]:	module.decoder.layers.15.self_attention.linear_qkv.weight
0: [default0]:	module.decoder.layers.15.self_attention.linear_proj.weight
0: [default0]:	module.decoder.layers.15.mlp.linear_fc1.layer_norm_weight
0: [default0]:	module.decoder.layers.14.mlp.linear_fc1.weight
0: [default0]:Params for bucket 3 (54534144 elements, 54534144 padded size):
0: [default0]:	module.decoder.layers.14.self_attention.linear_proj.weight
0: [default0]:	module.deco
0: der.layers.13.mlp.linear_fc2.weight
0: [default0]:	module.decoder.layers.14.self_attention.linear_qkv.layer_norm_weight
0: [default0]:	module.decoder.layers.14.self_attention.linear_qkv.weight
0: [default0]:	module.decoder.layers.14.mlp.linear_fc1.layer_norm_weight
0: [default0]:	module.decoder.layers.13.mlp.linear_fc1.weight
0: [default0]:Params for bucket 4 (54534144 elements, 54534144 padded size):
0: [default0]:	module.decoder.layers.13.self_attention.linear_qkv.layer_norm_weight
0: [default0]:	module.decoder.layers.13.self_attention.linear_qkv.weight
0: [default0]:	module.decoder.layers.13.self_attention.linear_proj.weight
0: [default0]:	module.decoder.layers.12.mlp.linear_fc2.weight
0: [default0]:	module.decoder.layers.13.mlp.linear_fc1.layer_norm_weight
0: [default0]:	module.decoder.layers.12.mlp.linear_fc1.weight
0: [default0]:Params for bucket 5 (54534144 elements, 54534144 padded size):
0: [default0]:	module.decoder.layers.12.self_attention.linear_qkv.weight
0: [default0]:	module.decoder.layers.12.self_attention.linear_proj.weight
0: [default0]:	module.decoder.layers.11.mlp.linear_fc2.weight
0: [default0]:	module.decoder.layers.12.self_attention.linear_qkv.layer_norm_weight
0: [default0]:	module.decoder.layers.12.mlp.linear_fc1.layer_norm_weight
0: [default0]:	module.decoder.layers.11.mlp.linear_fc1.weight
0: [default0]:Params for bucket 6 (54534144 elements, 54534144 padded size):
0: [default0]:	module.decoder.layers.11.self_attention.linear_proj.weight
0: [default0]:	module.decoder.layers.11.self_attention.linear_qkv.layer_norm_weight
0: [default0]:	module.decoder.layers.10.mlp.linear_fc2.weight
0: [default0]:	module.decoder.layers.11.self_attention.linear_qkv.weight
0: [default0]:	module.decoder.layers.11.mlp.linear_fc1.layer_norm_weight
0: [default0]:	module.decoder.layers.10.mlp.linear_fc1.weig
0: ht
0: [default0]:Params for bucket 7 (54534144 elements, 54534144 padded size):
0: [default0]:	module.decoder.layers.10.self_attention.linear_qkv.weight
0: [default0]:	module.decoder.layers.10.self_attention.linear_proj.weight
0: [default0]:	module.decoder.layers.9.mlp.linear_fc2.weight
0: [default0]:	module.decoder.layers.10.self_attention.linear_qkv.layer_norm_weight
0: [default0]:	module.decoder.layers.10.mlp.linear_fc1.layer_norm_weight
0: [default0]:	module.decoder.layers.9.mlp.linear_fc1.weight
0: [default0]:Params for bucket 8 (54534144 elements, 54534144 padded size):
0: [default0]:	module.decoder.layers.9.self_attention.linear_qkv.weight
0: [default0]:	module.decoder.layers.9.self_attention.linear_proj.weight
0: [default0]:	module.decoder.layers.8.mlp.linear_fc2.weight
0: [default0]:	module.decoder.layers.9.self_attention.linear_qkv.layer_norm_weight
0: [default0]:	module.decoder.layers.9.mlp.linear_fc1.layer_norm_weight
0: [default0]:	module.decoder.layers.8.mlp.linear_fc1.weight
0: [default0]:Params for bucket 9 (54534144 elements, 54534144 p
0: added size):
0: [default0]:	module.decoder.layers.8.self_attention.linear_qkv.weight
0: [default0]:	module.decoder.layers.8.self_attention.linear_proj.weight
0: [default0]:	module.decoder.layers.8.self_attention.linear_qkv.layer_norm_weight
0: [default0]:	module.decoder.layers.7.mlp.linear_fc1.weight
0: [default0]:	module.decoder.layers.8.mlp.linear_fc1.layer_norm_weight
0: [default0]:	module.decoder.layers.7.mlp.linear_fc2.weight
0: [default0]:Params for bucket 10 (54534144 elements, 54534144 padded size):
0: [default0]:	module.decoder.layers.7.mlp.linear_fc1.layer_norm_weight
0: [default0]:	module.decoder.layers.6.mlp.linear_fc1.weight
0: [default0]:	module.decoder.layers.6.mlp.linear_fc2.weight
0: [default0]:	module.decoder.layers.7.self_attention.linear_qkv.weight
0: [default0]:	module.decoder.layers.7.self_attention.linear_proj.weight
0: [default0]:	module.decoder.layers.7.self_attention.linear_qkv.layer_norm_weight
0: [default0]:Params for bucket 11 (54534144 elements, 54534144 padded size):
0: [default0]:	module.decoder.layers.6.mlp.linear_fc1.layer_norm_weight
0: [default0]:	module.decoder.layers.6.self_attention.linear_qkv.layer_norm_weight
0: [default0]:	module.decoder.layers.5.mlp.linear_fc1.weight
0: [default0]:	module.decoder.layers.5.mlp.linear_fc2.weight
0: [default0]:	module.decoder.layers.6.self_attention.linear_qkv.weight
0: [default0]:	module.decoder.layers.6.self_attention.linear_proj.weight
0: [default0]:Params for bucket 12 (54534144 elements, 54534144 padde
0: d size):
0: [default0]:	module.decoder.layers.4.mlp.linear_fc2.weight
0: [default0]:	module.decoder.layers.5.self_attention.linear_qkv.layer_norm_weight
0: [default0]:	module.decoder.layers.5.mlp.linear_fc1.layer_norm_weight
0: [default0]:	module.decoder.layers.5.self_attention.linear_qkv.weight
0: [default0]:	module.decoder.layers.5.self_attention.linear_proj.weight
0: [default0]:	module.decoder.layers.4.mlp.linear_fc1.weight
0: [default0]:Params for bucket 13 (54534144 elements, 54534144 padded size):
0: [default0]:	module.decoder.layers.4.self_attention.linear_qkv.layer_norm_weight
0: [default0]:	module.decoder.layers.3.mlp.linear_fc2.weight
0: [default0]:	module.decoder.layers.3.mlp.linear_fc1.weight
0: [default0]:	module.decoder.layers.4.mlp.linear_fc1.layer_norm_weight
0: [default0]:	module.decoder.layers.4.self_attention.linear_proj.weight
0: [default0]:	module.decoder.layers.4.self_attention.linear_qkv.weight
0: [default0]:Params for bucket 14 (54534144 elements, 54534144 padded size):
0: [default0]:	module.decoder.layers.3.mlp.linear_fc1.layer_norm_weig
0: ht
0: [default0]:	module.decoder.layers.2.mlp.linear_fc2.weight
0: [default0]:	module.decoder.layers.3.self_attention.linear_qkv.layer_norm_weight
0: [default0]:	module.decoder.layers.3.self_attention.linear_qkv.weight
0: [default0]:	module.decoder.layers.3.self_attention.linear_proj.weight
0: [default0]:	module.decoder.layers.2.mlp.linear_fc1.weight
0: [default0]:Params for bucket 15 (54534144 elements, 54534144 padded size):
0: [default0]:	module.decoder.layers.1.mlp.linear_fc2.weight
0: [default0]:	module.decoder.layers.2.self_attention.linear_qkv.layer_norm_weight
0: [default0]:	module.decoder.layers.2.self_attention.linear_proj.weight
0: [default0]:	module.decoder.layers.2.mlp.linear_fc1.layer_norm_weight
0: [default0]:	module.decoder.layers.2.self_attention.linear_qkv.weight
0: [default0]:	module.decoder.layers.1.mlp.linear_fc1.weight
0: [default0]:Params for bucket 16 (54534144 elements, 54534144 padded size):
0: [default0]:	module.decoder.layers.1.mlp.linear_fc1.layer_norm_weight
0: [default0]:	module.decoder.layers.1.self_attention.linear_qkv.l
0: ayer_norm_weight
0: [default0]:	module.decoder.layers.1.self_attention.linear_proj.weight
0: [default0]:	module.decoder.layers.1.self_attention.linear_qkv.weight
0: [default0]:	module.decoder.layers.0.mlp.linear_fc2.weight
0: [default0]:	module.decoder.layers.0.mlp.linear_fc1.weight
0: [default0]:Params for bucket 17 (62398464 elements, 62398464 padded size):
0: [default0]:	module.decoder.layers.0.mlp.linear_fc1.layer_norm_weight
0: [default0]:	module.decoder.layers.0.self_attention.linear_qkv.layer_norm_weight
0: [default0]:	module.decoder.layers.0.self_attention.linear_proj.weight
0: [default0]:	module.embedding.word_embeddings.weight
0: [default0]:	module.decoder.layers.0.self_attention.linear_qkv.weight
0: [default0]:INFO:megatron.core.optimizer:Setting up optimizer with config AdamOptimizerConfig(lr=0.0001, min_lr=1e-05, decoupled_lr=None, decoupled_min_lr=None, weight_decay=0.1, apply_wd_to_qk_layernorm=False, fp8_recipe='delayed', fp16=False, bf16=True, reuse_grad_buf_for_mxfp8_param_ag=False, params_dtype=torch.bfloat16, use_precision_aware_optimizer=True, store_param_remainders=True, main_grads_dtype=torch.bfloat16, main_params_dtype=torch.float32, exp_avg_dtype=torch.float32, exp_avg_sq_dtype=torch.float32, optimizer='adam', loss_scale=None, initial_loss_scale=4294967296, min_loss_scale=1.0, loss_s
0: cale_window=1000, hysteresis=2, adam_beta1=0.9, adam_beta2=0.95, adam_eps=1e-08, decoupled_weight_decay=True, sgd_momentum=0.9, muon_momentum=0.9, muon_split_qkv=True, muon_use_nesterov=False, muon_scale_mode='spectral', muon_fp32_matmul_prec='medium', muon_num_ns_steps=5, muon_tp_mode='blockwise', muon_extra_scale_factor=1.0, use_distributed_optimizer=True, overlap_param_gather=True, overlap_param_gather_with_optimizer_step=False, optimizer_cpu_offload=False, optimizer_offload_fraction=1.0, use_torch_optimizer_for_cpu_offload=False, overlap_cpu_optimizer_d2h_h2d=False, pin_cpu_grads=True, pin_cpu_params=True, clip_grad=1.0, log_num_zeros_in_grad=False, barrier_with_L1_time=True, timers=<megatron.core.timers.Timers object at 0x4006051c6900>, config_logger_dir='')
0: [default0]:INFO:megatron.core.optimizer_param_scheduler:> learning rate decay style: cosine
0: [default0]:[after model, optimizer, and learning rate scheduler are built] datetime: 2026-05-23 03:30:18.380696 
0: [default0]:> building train, validation, and 
0: test datasets ...
0: [default0]: > datasets target sizes (minimum size):
0: [default0]:    train:      49184
0: [default0]:    validation: 640
0: [default0]:    test:       320
0: [default0]:INFO:megatron.core.datasets.blended_megatron_dataset_config:Let split_matrix = [(0, 0.99), (0.99, 1.0), None]
0: [default0]:> building train, validation, and test datasets for GPT ...
0: [default0]:INFO:megatron.core.datasets.blended_megatron_dataset_builder:Building GPTDataset splits with sizes=(49184, 640, 320) and config=GPTDatasetConfig(random_seed=42, sequence_length=4096, blend=(['/capstor/store/cscs/swissai/infra01/datasets/nvidia/Nemotron-ClimbMix/climbmix_small_megatron/climbmix_small'], None), blend_per_split=None, multiple_validation_sets=False, full_validation=False, split='99,1,0', split_matrix=[(0, 0.99), (0.99, 1.0), None], num_dataset_builder_threads=1, path_to_cache='/iopsstor/scratch/cscs/course_00179/gipfelsturm/cache', mmap_bin_files=True, mock=False, tokenizer=<megatron.core.tokenizers.text.models.default_tokenizer.DefaultTokenizerText object at 0x40071d721850>, mid_level_dataset_surplus=0.005, allow_ambiguous_pad_tokens=False, fast_cache_load=False, defer_npy_index_mmap=False, reset
0: _position_ids=False, reset_attention_mask=False, eod_mask_loss=False, create_attention_mask=True, drop_last_partial_validation_sequence=True, add_extra_token_to_sequence=True, object_storage_cache_path=None, data_parallel_size=2, sequence_parallel_size=0, hybrid_context_parallel=False, sequences_per_dataset=None, token_dtype_code=8, context_parallel_size=1)
0: [default0]:INFO:megatron.core.datasets.indexed_dataset:Load the _IndexReader from /capstor/store/cscs/swissai/infra01/datasets/nvidia/Nemotron-ClimbMix/climbmix_small_megatron/climbmix_small.idx
0: [default0]:INFO:megatron.core.datasets.indexed_dataset:	Extract the sequence lengths
0: [default0]:INFO:megatron.core.datasets.indexed_dataset:	Extract the sequence pointers
0: [default0]:INFO:megatron.core.datasets.indexed_dataset:	Extract the document indices
0: [default0]:INFO:megatron.core.datasets.indexed_dataset:> total number of sequences: 48965906
0: [default0]:INFO:megatron.core.datasets.indexed_dataset:> total number of documents: 48965906
0: [default0]:INFO:megatron.co
0: re.datasets.gpt_dataset:Build and save the GPTDataset train indices
0: [default0]:INFO:megatron.core.datasets.gpt_dataset:> total number of samples: 8612827
0: [default0]:INFO:megatron.core.datasets.gpt_dataset:> total number of epochs: 1
0: [default0]:INFO:megatron.core.datasets.gpt_dataset:Build and save the GPTDataset valid indices
0: [default0]:INFO:megatron.core.datasets.gpt_dataset:> total number of samples: 61644
0: [default0]:INFO:megatron.core.datasets.gpt_dataset:> total number of epochs: 1
0: [default0]:> finished creating GPT datasets ...
0: [default0]:[after dataloaders are built] datetime: 2026-05-23 03:30:23.943817 
0: [default0]:done with setup ...
0: [default0]:training ...
0: [default0]:Overwriting rerun_state_machine.current_iteration from -1 to 0...
3: [default3]:INFO:megatron.core.timers:(min, max) time across ranks (ms):
3: [default3]:    model-and-optimizer-setup ......................: (170.39, 170.89)
3: [default3]:    train/valid/test-data-iterators-setup ..........: (4371.21, 5561.22)
0: [default0]:[before the start of training step] datetime: 2026-05-23 03:30:24.016559 
2: [default1]:[rank9]:[W523 03:30:27.811362324 ProcessGroupNCCL.cpp:4231] Warning: TORCH_NCCL_AVOID_RECORD_STREAMS=1 is not supported for batch P2P. Consider switching to non-batched isend/irecv for better memory usage. (function operator())
2: [default0]:[rank8]:[W523 03:30:27.802341278 ProcessGroupNCCL.cpp:4231] Warning: TORCH_NCCL_AVOID_RECORD_STREAMS=1 is not supported for batch P2P. Consider switching to non-batched isend/irecv for better memory usage. (function operator())
1: [default2]:[rank6]:[W523 03:30:27.033874831 ProcessGroupNCCL.cpp:4231] Warning: TORCH_NCCL_AVOID_RECORD_STREAMS=1 is not supported for batch P2P. Consider switching to non-batched isend/irecv for better memory usage. (function operator())
2: [default2]:[rank10]:[W523 03:30:27.813425599 ProcessGroupNCCL.cpp:4231] Warning: TORCH_NCCL_AVOID_RECORD_STREAMS=1 is not supported for batch P2P. Consider switching to non-batched isend/irecv for better memory usage. (function operator())
1: [default3]:[rank7]:[W523 03:30:27.018227360 ProcessGroupNCCL.cpp:4231] Warning: TORCH_NCCL_AVOID_RECORD_STREAMS=1 is not supported for batch P2P. Consider switching to non-batched isend/irecv for better memory usage. (function operator())
2: [default3]:[rank11]:[W523 03:30:27.807340540 ProcessGroupNCCL.cpp:4231] Warning: TORCH_NCCL_AVOID_RECORD_STREAMS=1 is not supported for batch P2P. Consider switching to non-batched isend/irecv for better memory usage. (function operator())
1: [default0]:[rank4]:[W523 03:30:27.033224866 ProcessGroupNCCL.cpp:4231] Warning: TORCH_NCCL_AVOID_RECORD_STREAMS=1 is not supported for batch P2P. Consider switching to non-batched isend/irecv for better memory usage. (function operator())
1: [default1]:[rank5]:[W523 03:30:27.031658609 ProcessGroupNCCL.cpp:4231] Warning: TORCH_NCCL_AVOID_RECORD_STREAMS=1 is not supported for batch P2P. Consider switching to non-batched isend/irecv for better memory usage. (function operator())
0: [default1]:[rank1]:[W523 03:30:27.720436011 ProcessGroupNCCL.cpp:4231] Warning: TORCH_NCCL_AVOID_RECORD_STREAMS=1 is not supported for batch P2P. Consider switching to non-batched isend/irecv for better memory usage. (function operator())
0: [default2]:[rank2]:[W523 03:30:27.713621973 ProcessGroupNCCL.cpp:4231] Warning: TORCH_NCCL_AVOID_RECORD_STREAMS=1 is not supported for batch P2P. Consider switching to non-batched isend/irecv for better memory usage. (function operator())
0: [default3]:[rank3]:[W523 03:30:27.715396152 ProcessGroupNCCL.cpp:4231] Warning: TORCH_NCCL_AVOID_RECORD_STREAMS=1 is not supported for batch P2P. Consider switching to non-batched isend/irecv for better memory usage. (function operator())
0: [default0]:[rank0]:[W523 03:30:27.722328106 ProcessGroupNCCL.cpp:4231] Warning: TORCH_NCCL_AVOID_RECORD_STREAMS=1 is not supported for batch P2P. Consider switching to non-batched isend/irecv for better memory usage. (function operator())
0: [default0]:/iopsstor/scratch/cscs/course_00179/lsaie-ss26-gipfelsturm/Megatron-LM/megatron/core/transformer/transformer_config.py:1225: UserWarning: If you are using transformer_engine as the transformer implementation, the core_attn is from transformer_engine and may be the fused version. For fused attention, you have no need to set 'core_attn' to recompute. Please check that the core_attn recompute is really needed.
0: [default0]:  warnings.warn(
3: [default1]:[rank13]:[W523 03:30:27.923097483 ProcessGroupNCCL.cpp:4231] Warning: TORCH_NCCL_AVOID_RECORD_STREAMS=1 is not supported for batch P2P. Consider switching to non-batched isend/irecv for better memory usage. (function operator())
3: [default3]:[rank15]:[W523 03:30:27.932597017 ProcessGroupNCCL.cpp:4231] Warning: TORCH_NCCL_AVOID_RECORD_STREAMS=1 is not supported for batch P2P. Consider switching to non-batched isend/irecv for better memory usage. (function operator())
3: [default0]:[rank12]:[W523 03:30:27.929913095 ProcessGroupNCCL.cpp:4231] Warning: TORCH_NCCL_AVOID_RECORD_STREAMS=1 is not supported for batch P2P. Consider switching to non-batched isend/irecv for better memory usage. (function operator())
3: [default2]:[rank14]:[W523 03:30:27.933301285 ProcessGroupNCCL.cpp:4231] Warning: TORCH_NCCL_AVOID_RECORD_STREAMS=1 is not supported for batch P2P. Consider switching to non-batched isend/irecv for better memory usage. (function operator())
1: [default2]:[rank6]:[W523 03:30:27.246481286 ProcessGroupNCCL.cpp:4231] Warning: TORCH_NCCL_AVOID_RECORD_STREAMS=1 is not supported for batch P2P. Consider switching to non-batched isend/irecv for better memory usage. (function operator())
1: [default3]:[rank7]:[W523 03:30:27.250409137 ProcessGroupNCCL.cpp:4231] Warning: TORCH_NCCL_AVOID_RECORD_STREAMS=1 is not supported for batch P2P. Consider switching to non-batched isend/irecv for better memory usage. (function operator())
1: [default0]:[rank4]:[W523 03:30:27.227652949 ProcessGroupNCCL.cpp:4231] Warning: TORCH_NCCL_AVOID_RECORD_STREAMS=1 is not supported for batch P2P. Consider switching to non-batched isend/irecv for better memory usage. (function operator())
1: [default1]:[rank5]:[W523 03:30:27.247097971 ProcessGroupNCCL.cpp:4231] Warning: TORCH_NCCL_AVOID_RECORD_STREAMS=1 is not supported for batch P2P. Consider switching to non-batched isend/irecv for better memory usage. (function operator())
0: [default1]:[rank1]:[W523 03:30:27.940994061 ProcessGroupNCCL.cpp:4231] Warning: TORCH_NCCL_AVOID_RECORD_STREAMS=1 is not supported for batch P2P. Consider switching to non-batched isend/irecv for better memory usage. (function operator())
0: [default2]:[rank2]:[W523 03:30:27.946639947 ProcessGroupNCCL.cpp:4231] Warning: TORCH_NCCL_AVOID_RECORD_STREAMS=1 is not supported for batch P2P. Consider switching to non-batched isend/irecv for better memory usage. (function operator())
0: [default3]:[rank3]:[W523 03:30:27.946667178 ProcessGroupNCCL.cpp:4231] Warning: TORCH_NCCL_AVOID_RECORD_STREAMS=1 is not supported for batch P2P. Consider switching to non-batched isend/irecv for better memory usage. (function operator())
0: [default0]:[rank0]:[W523 03:30:27.900101354 ProcessGroupNCCL.cpp:4231] Warning: TORCH_NCCL_AVOID_RECORD_STREAMS=1 is not supported for batch P2P. Consider switching to non-batched isend/irecv for better memory usage. (function operator())
2: [default2]:[rank10]:[W523 03:30:33.653792183 ProcessGroupNCCL.cpp:4231] Warning: TORCH_NCCL_AVOID_RECORD_STREAMS=1 is not supported for batch P2P. Consider switching to non-batched isend/irecv for better memory usage. (function operator())
2: [default0]:[rank8]:[W523 03:30:33.661518767 ProcessGroupNCCL.cpp:4231] Warning: TORCH_NCCL_AVOID_RECORD_STREAMS=1 is not supported for batch P2P. Consider switching to non-batched isend/irecv for better memory usage. (function operator())
2: [default3]:[rank11]:[W523 03:30:33.656484945 ProcessGroupNCCL.cpp:4231] Warning: TORCH_NCCL_AVOID_RECORD_STREAMS=1 is not supported for batch P2P. Consider switching to non-batched isend/irecv for better memory usage. (function operator())
3: [default3]:[rank15]:[W523 03:30:33.730068646 ProcessGroupNCCL.cpp:4231] Warning: TORCH_NCCL_AVOID_RECORD_STREAMS=1 is not supported for batch P2P. Consider switching to non-batched isend/irecv for better memory usage. (function operator())
3: [default0]:[rank12]:[W523 03:30:33.742870069 ProcessGroupNCCL.cpp:4231] Warning: TORCH_NCCL_AVOID_RECORD_STREAMS=1 is not supported for batch P2P. Consider switching to non-batched isend/irecv for better memory usage. (function operator())
3: [default1]:[rank13]:[W523 03:30:33.756369936 ProcessGroupNCCL.cpp:4231] Warning: TORCH_NCCL_AVOID_RECORD_STREAMS=1 is not supported for batch P2P. Consider switching to non-batched isend/irecv for better memory usage. (function operator())
3: [default2]:[rank14]:[W523 03:30:33.722798360 ProcessGroupNCCL.cpp:4231] Warning: TORCH_NCCL_AVOID_RECORD_STREAMS=1 is not supported for batch P2P. Consider switching to non-batched isend/irecv for better memory usage. (function operator())
2: [default1]:[rank9]:[W523 03:30:33.719789003 ProcessGroupNCCL.cpp:4231] Warning: TORCH_NCCL_AVOID_RECORD_STREAMS=1 is not supported for batch P2P. Consider switching to non-batched isend/irecv for better memory usage. (function operator())
0: [default0]:/iopsstor/scratch/cscs/course_00179/lsaie-ss26-gipfelsturm/Megatron-LM/megatron/core/pipeline_parallel/schedules.py:189: UserWarning: The AccumulateGrad node's stream does not match the stream of the node that produced the incoming gradient. This may incur unnecessary synchronization and break CUDA graph capture if the AccumulateGrad node's stream is the default stream. This mismatch is caused by an AccumulateGrad node created prior to the current iteration being kept alive. This can happen if the autograd graph is still being kept alive by tensors such as the loss, or if you are using DDP, which will stash a reference to the node. To resolve the mismatch, delete all references to the autograd graph or ensure that DDP initialization is performed under the same stream as subsequent forwards. If the mismatch is intentional, you can use torch.autograd.graph.set_warn_on_accumulate_grad_stream_mismatch(False) to suppress this warning. (Triggered internally at /opt/pytorch/pytorch/torch/csrc/autograd/inp
0: ut_buffer.cpp:240.)
0: [default0]:  Variable._execution_engine.run_backward(
0: [default0]:/iopsstor/scratch/cscs/course_00179/lsaie-ss26-gipfelsturm/Megatron-LM/megatron/core/transformer/transformer_config.py:1225: UserWarning: If you are using transformer_engine as the transformer implementation, the core_attn is from transformer_engine and may be the fused version. For fused attention, you have no need to set 'core_attn' to recompute. Please check that the core_attn recompute is really needed.
0: [default0]:  warnings.warn(
2: [default3]:[Rank 11] (after 1 iterations) memory (MB) | allocated: 10032.45 | max allocated: 12918.75 | reserved: 13554.00 | max reserved: 13554.00
2: [default1]:[Rank 9] (after 1 iterations) memory (MB) | allocated: 10032.45 | max allocated: 12918.75 | reserved: 13554.00 | max reserved: 13554.00
2: [default2]:[Rank 10] (after 1 iterations) memory (MB) | allocated: 10032.45 | max allocated: 12918.75 | reserved: 13554.00 | max reserved: 13554.00
2: [default0]:[Rank 8] (after 1 iterations) memory (MB) | allocated: 10032.45 | max allocated: 12918.88 | reserved: 13554.00 | max reserved: 13554.00
0: [default1]:[Rank 1] (after 1 iterations) memory (MB) | allocated: 9740.79 | max allocated: 17936.70 | reserved: 18506.00 | max reserved: 18506.00
0: [default2]:[Rank 2] (after 1 iterations) memory (MB) | allocated: 9740.79 | max allocated: 17936.70 | reserved: 18506.00 | max reserved: 18506.00
0: [default0]:/usr/local/lib/python3.12/dist-packages/torch/distributed/c10d_logger.py:83: UserWarning: barrier(): using the device under current context. You can specify `device_id` in `init_process_group` to mute this warning.
0: [default0]:Number of parameters in transformer block in billions:  6.98
0: [default0]:Number of parameters in embedding layers in billions: 0.42
0: [default0]:  return func(*args, **kwargs)
0: [default3]:[Rank 3] (after 1 iterations) memory (MB) | allocated: 9740.79 | max allocated: 17936.70 | reserved: 18506.00 | max reserved: 18506.00
0: [default0]:Total number of parameters in billions: 7.39
3: [default3]: [2026-05-23 03:30:37.316631] iteration        1/    1537 | consumed samples:           32 | elapsed time per iteration (ms): 13300.2 | throughput per GPU (TFLOP/s/GPU): 28.5 | tokens/sec/GPU: 616 | learning rate: 1.000000E-06 | global batch size:    32 | lm loss: 1.165857E+01 | loss scale: 1.0 | grad norm: 15.878 | number of skipped iterations:   0 | number of nan iterations:   0 |
0: [default0]:Number of parameters in most loaded shard in billions: 0.9244
0: [default0]:Number of parameters in other shards in billions: 0.8724
0: [default0]:compute_activation_memory_without_sp
0: [default0]:Activation memory footprint per transformer layer (precise, without SP): 512.0 MB
0: [default0]:Number of in-flight microbatches: 2
0: [default0]:Theoretical memory footprints: weight and optimizer=10578.38 MB, activation=17270.53 MB, total=27848.91 MB
0: [default0]:
0: [default0]:[Rank 0] (after 1 iterations) memory (MB) | allocated: 9740.79 | max allocated: 17936.70 | reserved: 18506.00 | max reserved: 18506.00
2: [default3]:[Rank 11] (after 2 iterations) memory (MB) | allocated: 10032.45 | max allocated: 17327.90 | reserved: 17970.00 | max reserved: 17970.00
2: [default2]:[Rank 10] (after 2 iterations) memory (MB) | allocated: 10032.45 | max allocated: 17327.90 | reserved: 17970.00 | max reserved: 17970.00
2: [default1]:[Rank 9] (after 2 iterations) memory (MB) | allocated: 10032.45 | max allocated: 17327.90 | reserved: 17970.00 | max reserved: 17970.00
2: [default0]:[Rank 8] (after 2 iterations) memory (MB) | allocated: 10032.45 | max allocated: 17328.02 | reserved: 17970.00 | max reserved: 17970.00
0: [default1]:[Rank 1] (after 2 iterations) memory (MB) | allocated: 9740.79 | max allocated: 22345.70 | reserved: 22886.00 | max reserved: 22886.00
0: [default2]:[Rank 2] (after 2 iterations) memory (MB) | allocated: 9740.79 | max allocated: 22345.70 | reserved: 22886.00 | max reserved: 22886.00
3: [default3]: [2026-05-23 03:30:38.418231] iteration        2/    1537 | consumed samples:           64 | elapsed time per iteration (ms): 7200.8 | throughput per GPU (TFLOP/s/GPU): 52.7 | tokens/sec/GPU: 1138 | learning rate: 2.000000E-06 | global batch size:    32 | lm loss: 1.166438E+01 | loss scale: 1.0 | grad norm: 17.888 | number of skipped iterations:   0 | number of nan iterations:   0 |
0: [default3]:[Rank 3] (after 2 iterations) memory (MB) | allocated: 9740.79 | max allocated: 22345.70 | reserved: 22886.00 | max reserved: 22886.00
0: [default0]:Number of parameters in transformer block in billions:  6.98
0: [default0]:Number of parameters in embedding layers in billions: 0.42
0: [default0]:Total number of parameters in billions: 7.39
0: [default0]:Number of parameters in most loaded shard in billions: 0.9244
0: [default0]:Number of parameters in other shards in billions: 0.8724
0: [default0]:compute_activation_memory_without_sp
0: [default0]:Activation memory footprint per transformer layer (precise, without SP): 512.0 MB
0: [default0]:Number of in-flight microbatches: 2
0: [default0]:Theoretical memory footprints: weight and optimizer=10578.38 MB, activation=17270.53 MB, total=27848.91 MB
0: [default0]:
0: [default0]:[Rank 0] (after 2 iterations) memory (MB) | allocated: 9740.79 | max allocated: 22345.70 | reserved: 22886.00 | max reserved: 22886.00
3: [default3]: [2026-05-23 03:30:39.471040] iteration        3/    1537 | consumed samples:           96 | elapsed time per iteration (ms): 1052.6 | throughput per GPU (TFLOP/s/GPU): 360.7 | tokens/sec/GPU: 7782 | learning rate: 3.000000E-06 | global batch size:    32 | lm loss: 1.162942E+01 | loss scale: 1.0 | grad norm: 19.882 | number of skipped iterations:   0 | number of nan iterations:   0 |
3: [default3]: [2026-05-23 03:30:40.538646] iteration        4/    1537 | consumed samples:          128 | elapsed time per iteration (ms): 1067.4 | throughput per GPU (TFLOP/s/GPU): 355.7 | tokens/sec/GPU: 7675 | learning rate: 4.000000E-06 | global batch size:    32 | lm loss: 1.151232E+01 | loss scale: 1.0 | grad norm: 17.766 | number of skipped iterations:   0 | number of nan iterations:   0 |
3: [default3]: [2026-05-23 03:30:41.609037] iteration        5/    1537 | consumed samples:          160 | elapsed time per iteration (ms): 1070.2 | throughput per GPU (TFLOP/s/GPU): 354.7 | tokens/sec/GPU: 7654 | learning rate: 5.000000E-06 | global batch size:    32 | lm loss: 1.110281E+01 | loss scale: 1.0 | grad norm: 19.292 | number of skipped iterations:   0 | number of nan iterations:   0 |
3: [default3]: [2026-05-23 03:30:42.667731] iteration        6/    1537 | consumed samples:          192 | elapsed time per iteration (ms): 1058.5 | throughput per GPU (TFLOP/s/GPU): 358.6 | tokens/sec/GPU: 7739 | learning rate: 6.000000E-06 | global batch size:    32 | lm loss: 1.053847E+01 | loss scale: 1.0 | grad norm: 33.047 | number of skipped iterations:   0 | number of nan iterations:   0 |
3: [default3]: [2026-05-23 03:30:43.719376] iteration        7/    1537 | consumed samples:          224 | elapsed time per iteration (ms): 1051.5 | throughput per GPU (TFLOP/s/GPU): 361.1 | tokens/sec/GPU: 7791 | learning rate: 7.000000E-06 | global batch size:    32 | lm loss: 1.033545E+01 | loss scale: 1.0 | grad norm: 27.866 | number of skipped iterations:   0 | number of nan iterations:   0 |
3: [default3]: [2026-05-23 03:30:44.786011] iteration        8/    1537 | consumed samples:          256 | elapsed time per iteration (ms): 1066.5 | throughput per GPU (TFLOP/s/GPU): 356.0 | tokens/sec/GPU: 7681 | learning rate: 8.000000E-06 | global batch size:    32 | lm loss: 1.026419E+01 | loss scale: 1.0 | grad norm: 51.879 | number of skipped iterations:   0 | number of nan iterations:   0 |
3: [default3]: [2026-05-23 03:30:45.869365] iteration        9/    1537 | consumed samples:          288 | elapsed time per iteration (ms): 1083.2 | throughput per GPU (TFLOP/s/GPU): 350.5 | tokens/sec/GPU: 7563 | learning rate: 9.000000E-06 | global batch size:    32 | lm loss: 1.009002E+01 | loss scale: 1.0 | grad norm: 24.017 | number of skipped iterations:   0 | number of nan iterations:   0 |
3: [default3]: [2026-05-23 03:30:46.922127] iteration       10/    1537 | consumed samples:          320 | elapsed time per iteration (ms): 1052.6 | throughput per GPU (TFLOP/s/GPU): 360.7 | tokens/sec/GPU: 7783 | learning rate: 1.000000E-05 | global batch size:    32 | lm loss: 9.944315E+00 | loss scale: 1.0 | grad norm: 20.790 | number of skipped iterations:   0 | number of nan iterations:   0 |
3: [default3]: [2026-05-23 03:30:47.980120] iteration       11/    1537 | consumed samples:          352 | elapsed time per iteration (ms): 1057.8 | throughput per GPU (TFLOP/s/GPU): 358.9 | tokens/sec/GPU: 7744 | learning rate: 1.100000E-05 | global batch size:    32 | lm loss: 9.883651E+00 | loss scale: 1.0 | grad norm: 55.338 | number of skipped iterations:   0 | number of nan iterations:   0 |
3: [default3]: [2026-05-23 03:30:49.035784] iteration       12/    1537 | consumed samples:          384 | elapsed time per iteration (ms): 1055.5 | throughput per GPU (TFLOP/s/GPU): 359.7 | tokens/sec/GPU: 7761 | learning rate: 1.200000E-05 | global batch size:    32 | lm loss: 1.008000E+01 | loss scale: 1.0 | grad norm: 107.165 | number of skipped iterations:   0 | number of nan iterations:   0 |
3: [default3]: [2026-05-23 03:30:50.087388] iteration       13/    1537 | consumed samples:          416 | elapsed time per iteration (ms): 1051.4 | throughput per GPU (TFLOP/s/GPU): 361.1 | tokens/sec/GPU: 7791 | learning rate: 1.300000E-05 | global batch size:    32 | lm loss: 9.338717E+00 | loss scale: 1.0 | grad norm: 23.040 | number of skipped iterations:   0 | number of nan iterations:   0 |
3: [default3]: [2026-05-23 03:30:51.158042] iteration       14/    1537 | consumed samples:          448 | elapsed time per iteration (ms): 1070.5 | throughput per GPU (TFLOP/s/GPU): 354.6 | tokens/sec/GPU: 7652 | learning rate: 1.400000E-05 | global batch size:    32 | lm loss: 9.619043E+00 | loss scale: 1.0 | grad norm: 54.114 | number of skipped iterations:   0 | number of nan iterations:   0 |
3: [default3]: [2026-05-23 03:30:52.247222] iteration       15/    1537 | consumed samples:          480 | elapsed time per iteration (ms): 1089.0 | throughput per GPU (TFLOP/s/GPU): 348.6 | tokens/sec/GPU: 7523 | learning rate: 1.500000E-05 | global batch size:    32 | lm loss: 9.218279E+00 | loss scale: 1.0 | grad norm: 16.910 | number of skipped iterations:   0 | number of nan iterations:   0 |
3: [default3]: [2026-05-23 03:30:53.319345] iteration       16/    1537 | consumed samples:          512 | elapsed time per iteration (ms): 1071.9 | throughput per GPU (TFLOP/s/GPU): 354.2 | tokens/sec/GPU: 7642 | learning rate: 1.600000E-05 | global batch size:    32 | lm loss: 9.181735E+00 | loss scale: 1.0 | grad norm: 16.536 | number of skipped iterations:   0 | number of nan iterations:   0 |
3: [default3]: [2026-05-23 03:30:54.380056] iteration       17/    1537 | consumed samples:          544 | elapsed time per iteration (ms): 1060.6 | throughput per GPU (TFLOP/s/GPU): 358.0 | tokens/sec/GPU: 7724 | learning rate: 1.700000E-05 | global batch size:    32 | lm loss: 9.043537E+00 | loss scale: 1.0 | grad norm: 56.002 | number of skipped iterations:   0 | number of nan iterations:   0 |
3: [default3]: [2026-05-23 03:30:55.432713] iteration       18/    1537 | consumed samples:          576 | elapsed time per iteration (ms): 1052.5 | throughput per GPU (TFLOP/s/GPU): 360.7 | tokens/sec/GPU: 7784 | learning rate: 1.800000E-05 | global batch size:    32 | lm loss: 8.885803E+00 | loss scale: 1.0 | grad norm: 24.298 | number of skipped iterations:   0 | number of nan iterations:   0 |
3: [default3]: [2026-05-23 03:30:56.486889] iteration       19/    1537 | consumed samples:          608 | elapsed time per iteration (ms): 1054.0 | throughput per GPU (TFLOP/s/GPU): 360.2 | tokens/sec/GPU: 7772 | learning rate: 1.900000E-05 | global batch size:    32 | lm loss: 8.899605E+00 | loss scale: 1.0 | grad norm: 43.538 | number of skipped iterations:   0 | number of nan iterations:   0 |
3: [default3]: [2026-05-23 03:30:57.559052] iteration       20/    1537 | consumed samples:          640 | elapsed time per iteration (ms): 1072.0 | throughput per GPU (TFLOP/s/GPU): 354.2 | tokens/sec/GPU: 7642 | learning rate: 2.000000E-05 | global batch size:    32 | lm loss: 8.832078E+00 | loss scale: 1.0 | grad norm: 10.328 | number of skipped iterations:   0 | number of nan iterations:   0 |
3: [default3]: [2026-05-23 03:30:58.637684] iteration       21/    1537 | consumed samples:          672 | elapsed time per iteration (ms): 1078.5 | throughput per GPU (TFLOP/s/GPU): 352.0 | tokens/sec/GPU: 7596 | learning rate: 2.100000E-05 | global batch size:    32 | lm loss: 8.929467E+00 | loss scale: 1.0 | grad norm: 26.318 | number of skipped iterations:   0 | number of nan iterations:   0 |
3: [default3]: [2026-05-23 03:30:59.695343] iteration       22/    1537 | consumed samples:          704 | elapsed time per iteration (ms): 1057.4 | throughput per GPU (TFLOP/s/GPU): 359.0 | tokens/sec/GPU: 7747 | learning rate: 2.200000E-05 | global batch size:    32 | lm loss: 8.513819E+00 | loss scale: 1.0 | grad norm: 12.781 | number of skipped iterations:   0 | number of nan iterations:   0 |
3: [default3]: [2026-05-23 03:31:00.747331] iteration       23/    1537 | consumed samples:          736 | elapsed time per iteration (ms): 1051.8 | throughput per GPU (TFLOP/s/GPU): 360.9 | tokens/sec/GPU: 7789 | learning rate: 2.300000E-05 | global batch size:    32 | lm loss: 8.540393E+00 | loss scale: 1.0 | grad norm: 10.407 | number of skipped iterations:   0 | number of nan iterations:   0 |
3: [default3]: [2026-05-23 03:31:01.804454] iteration       24/    1537 | consumed samples:          768 | elapsed time per iteration (ms): 1056.9 | throughput per GPU (TFLOP/s/GPU): 359.2 | tokens/sec/GPU: 7751 | learning rate: 2.400000E-05 | global batch size:    32 | lm loss: 8.984667E+00 | loss scale: 1.0 | grad norm: 106.450 | number of skipped iterations:   0 | number of nan iterations:   0 |
3: [default3]: [2026-05-23 03:31:02.862943] iteration       25/    1537 | consumed samples:          800 | elapsed time per iteration (ms): 1058.3 | throughput per GPU (TFLOP/s/GPU): 358.7 | tokens/sec/GPU: 7741 | learning rate: 2.500000E-05 | global batch size:    32 | lm loss: 9.288922E+00 | loss scale: 1.0 | grad norm: 60.214 | number of skipped iterations:   0 | number of nan iterations:   0 |
3: [default3]: [2026-05-23 03:31:03.919328] iteration       26/    1537 | consumed samples:          832 | elapsed time per iteration (ms): 1056.3 | throughput per GPU (TFLOP/s/GPU): 359.4 | tokens/sec/GPU: 7755 | learning rate: 2.600000E-05 | global batch size:    32 | lm loss: 8.627676E+00 | loss scale: 1.0 | grad norm: 21.721 | number of skipped iterations:   0 | number of nan iterations:   0 |
3: [default3]: [2026-05-23 03:31:04.973667] iteration       27/    1537 | consumed samples:          864 | elapsed time per iteration (ms): 1053.7 | throughput per GPU (TFLOP/s/GPU): 360.3 | tokens/sec/GPU: 7774 | learning rate: 2.700000E-05 | global batch size:    32 | lm loss: 8.381613E+00 | loss scale: 1.0 | grad norm: 9.533 | number of skipped iterations:   0 | number of nan iterations:   0 |
3: [default3]: [2026-05-23 03:31:06.035692] iteration       28/    1537 | consumed samples:          896 | elapsed time per iteration (ms): 1062.0 | throughput per GPU (TFLOP/s/GPU): 357.5 | tokens/sec/GPU: 7714 | learning rate: 2.800000E-05 | global batch size:    32 | lm loss: 8.172932E+00 | loss scale: 1.0 | grad norm: 7.579 | number of skipped iterations:   0 | number of nan iterations:   0 |
3: [default3]: [2026-05-23 03:31:07.096703] iteration       29/    1537 | consumed samples:          928 | elapsed time per iteration (ms): 1060.8 | throughput per GPU (TFLOP/s/GPU): 357.9 | tokens/sec/GPU: 7723 | learning rate: 2.900000E-05 | global batch size:    32 | lm loss: 8.068808E+00 | loss scale: 1.0 | grad norm: 20.889 | number of skipped iterations:   0 | number of nan iterations:   0 |
3: [default3]: [2026-05-23 03:31:08.165460] iteration       30/    1537 | consumed samples:          960 | elapsed time per iteration (ms): 1068.7 | throughput per GPU (TFLOP/s/GPU): 355.2 | tokens/sec/GPU: 7666 | learning rate: 3.000000E-05 | global batch size:    32 | lm loss: 8.022759E+00 | loss scale: 1.0 | grad norm: 16.532 | number of skipped iterations:   0 | number of nan iterations:   0 |
3: [default3]: [2026-05-23 03:31:09.222229] iteration       31/    1537 | consumed samples:          992 | elapsed time per iteration (ms): 1056.6 | throughput per GPU (TFLOP/s/GPU): 359.3 | tokens/sec/GPU: 7753 | learning rate: 3.100000E-05 | global batch size:    32 | lm loss: 8.007101E+00 | loss scale: 1.0 | grad norm: 7.876 | number of skipped iterations:   0 | number of nan iterations:   0 |
3: [default3]: [2026-05-23 03:31:10.285541] iteration       32/    1537 | consumed samples:         1024 | elapsed time per iteration (ms): 1063.1 | throughput per GPU (TFLOP/s/GPU): 357.1 | tokens/sec/GPU: 7706 | learning rate: 3.200000E-05 | global batch size:    32 | lm loss: 9.318479E+00 | loss scale: 1.0 | grad norm: 150.857 | number of skipped iterations:   0 | number of nan iterations:   0 |
3: [default3]: [2026-05-23 03:31:11.348007] iteration       33/    1537 | consumed samples:         1056 | elapsed time per iteration (ms): 1062.3 | throughput per GPU (TFLOP/s/GPU): 357.4 | tokens/sec/GPU: 7711 | learning rate: 3.300000E-05 | global batch size:    32 | lm loss: 8.019630E+00 | loss scale: 1.0 | grad norm: 48.475 | number of skipped iterations:   0 | number of nan iterations:   0 |
3: [default3]: [2026-05-23 03:31:12.417258] iteration       34/    1537 | consumed samples:         1088 | elapsed time per iteration (ms): 1069.1 | throughput per GPU (TFLOP/s/GPU): 355.1 | tokens/sec/GPU: 7663 | learning rate: 3.400000E-05 | global batch size:    32 | lm loss: 7.953590E+00 | loss scale: 1.0 | grad norm: 7.481 | number of skipped iterations:   0 | number of nan iterations:   0 |
3: [default3]: [2026-05-23 03:31:13.481009] iteration       35/    1537 | consumed samples:         1120 | elapsed time per iteration (ms): 1063.5 | throughput per GPU (TFLOP/s/GPU): 357.0 | tokens/sec/GPU: 7703 | learning rate: 3.500000E-05 | global batch size:    32 | lm loss: 7.386362E+00 | loss scale: 1.0 | grad norm: 4.951 | number of skipped iterations:   0 | number of nan iterations:   0 |
3: [default3]: [2026-05-23 03:31:14.538349] iteration       36/    1537 | consumed samples:         1152 | elapsed time per iteration (ms): 1057.2 | throughput per GPU (TFLOP/s/GPU): 359.1 | tokens/sec/GPU: 7749 | learning rate: 3.600000E-05 | global batch size:    32 | lm loss: 7.530211E+00 | loss scale: 1.0 | grad norm: 6.110 | number of skipped iterations:   0 | number of nan iterations:   0 |
3: [default3]: [2026-05-23 03:31:15.604032] iteration       37/    1537 | consumed samples:         1184 | elapsed time per iteration (ms): 1065.6 | throughput per GPU (TFLOP/s/GPU): 356.3 | tokens/sec/GPU: 7688 | learning rate: 3.700000E-05 | global batch size:    32 | lm loss: 7.546030E+00 | loss scale: 1.0 | grad norm: 8.325 | number of skipped iterations:   0 | number of nan iterations:   0 |
3: [default3]: [2026-05-23 03:31:16.665227] iteration       38/    1537 | consumed samples:         1216 | elapsed time per iteration (ms): 1061.0 | throughput per GPU (TFLOP/s/GPU): 357.8 | tokens/sec/GPU: 7721 | learning rate: 3.800000E-05 | global batch size:    32 | lm loss: 7.574427E+00 | loss scale: 1.0 | grad norm: 6.495 | number of skipped iterations:   0 | number of nan iterations:   0 |
3: [default3]: [2026-05-23 03:31:17.723920] iteration       39/    1537 | consumed samples:         1248 | elapsed time per iteration (ms): 1058.5 | throughput per GPU (TFLOP/s/GPU): 358.6 | tokens/sec/GPU: 7739 | learning rate: 3.900000E-05 | global batch size:    32 | lm loss: 7.500064E+00 | loss scale: 1.0 | grad norm: 16.432 | number of skipped iterations:   0 | number of nan iterations:   0 |
3: [default3]: [2026-05-23 03:31:18.797942] iteration       40/    1537 | consumed samples:         1280 | elapsed time per iteration (ms): 1073.8 | throughput per GPU (TFLOP/s/GPU): 353.5 | tokens/sec/GPU: 7629 | learning rate: 4.000000E-05 | global batch size:    32 | lm loss: 7.399276E+00 | loss scale: 1.0 | grad norm: 14.111 | number of skipped iterations:   0 | number of nan iterations:   0 |
3: [default3]: [2026-05-23 03:31:19.871420] iteration       41/    1537 | consumed samples:         1312 | elapsed time per iteration (ms): 1073.3 | throughput per GPU (TFLOP/s/GPU): 353.7 | tokens/sec/GPU: 7632 | learning rate: 4.100000E-05 | global batch size:    32 | lm loss: 7.440085E+00 | loss scale: 1.0 | grad norm: 4.948 | number of skipped iterations:   0 | number of nan iterations:   0 |
3: [default3]: [2026-05-23 03:31:20.952516] iteration       42/    1537 | consumed samples:         1344 | elapsed time per iteration (ms): 1080.9 | throughput per GPU (TFLOP/s/GPU): 351.2 | tokens/sec/GPU: 7579 | learning rate: 4.200000E-05 | global batch size:    32 | lm loss: 7.376009E+00 | loss scale: 1.0 | grad norm: 3.781 | number of skipped iterations:   0 | number of nan iterations:   0 |
3: [default3]: [2026-05-23 03:31:22.027226] iteration       43/    1537 | consumed samples:         1376 | elapsed time per iteration (ms): 1074.5 | throughput per GPU (TFLOP/s/GPU): 353.3 | tokens/sec/GPU: 7624 | learning rate: 4.300000E-05 | global batch size:    32 | lm loss: 7.257128E+00 | loss scale: 1.0 | grad norm: 5.285 | number of skipped iterations:   0 | number of nan iterations:   0 |
3: [default3]: [2026-05-23 03:31:23.080551] iteration       44/    1537 | consumed samples:         1408 | elapsed time per iteration (ms): 1053.1 | throughput per GPU (TFLOP/s/GPU): 360.5 | tokens/sec/GPU: 7779 | learning rate: 4.400000E-05 | global batch size:    32 | lm loss: 7.400539E+00 | loss scale: 1.0 | grad norm: 3.550 | number of skipped iterations:   0 | number of nan iterations:   0 |
3: [default3]: [2026-05-23 03:31:24.147314] iteration       45/    1537 | consumed samples:         1440 | elapsed time per iteration (ms): 1066.6 | throughput per GPU (TFLOP/s/GPU): 355.9 | tokens/sec/GPU: 7680 | learning rate: 4.500000E-05 | global batch size:    32 | lm loss: 6.998920E+00 | loss scale: 1.0 | grad norm: 4.736 | number of skipped iterations:   0 | number of nan iterations:   0 |
3: [default3]: [2026-05-23 03:31:25.200867] iteration       46/    1537 | consumed samples:         1472 | elapsed time per iteration (ms): 1053.4 | throughput per GPU (TFLOP/s/GPU): 360.4 | tokens/sec/GPU: 7777 | learning rate: 4.600000E-05 | global batch size:    32 | lm loss: 7.118606E+00 | loss scale: 1.0 | grad norm: 6.635 | number of skipped iterations:   0 | number of nan iterations:   0 |
3: [default3]: [2026-05-23 03:31:26.258722] iteration       47/    1537 | consumed samples:         1504 | elapsed time per iteration (ms): 1057.7 | throughput per GPU (TFLOP/s/GPU): 358.9 | tokens/sec/GPU: 7745 | learning rate: 4.700000E-05 | global batch size:    32 | lm loss: 7.016954E+00 | loss scale: 1.0 | grad norm: 5.468 | number of skipped iterations:   0 | number of nan iterations:   0 |
3: [default3]: [2026-05-23 03:31:27.314931] iteration       48/    1537 | consumed samples:         1536 | elapsed time per iteration (ms): 1056.0 | throughput per GPU (TFLOP/s/GPU): 359.5 | tokens/sec/GPU: 7758 | learning rate: 4.800000E-05 | global batch size:    32 | lm loss: 7.228451E+00 | loss scale: 1.0 | grad norm: 3.538 | number of skipped iterations:   0 | number of nan iterations:   0 |
3: [default3]: [2026-05-23 03:31:28.377519] iteration       49/    1537 | consumed samples:         1568 | elapsed time per iteration (ms): 1062.5 | throughput per GPU (TFLOP/s/GPU): 357.3 | tokens/sec/GPU: 7710 | learning rate: 4.900000E-05 | global batch size:    32 | lm loss: 6.801589E+00 | loss scale: 1.0 | grad norm: 5.860 | number of skipped iterations:   0 | number of nan iterations:   0 |
3: [default3]: [2026-05-23 03:31:29.452227] iteration       50/    1537 | consumed samples:         1600 | elapsed time per iteration (ms): 1074.5 | throughput per GPU (TFLOP/s/GPU): 353.3 | tokens/sec/GPU: 7624 | learning rate: 5.000000E-05 | global batch size:    32 | lm loss: 7.178119E+00 | loss scale: 1.0 | grad norm: 3.609 | number of skipped iterations:   0 | number of nan iterations:   0 |
3: [default3]: [2026-05-23 03:31:31.192443] iteration       51/    1537 | consumed samples:         1632 | elapsed time per iteration (ms): 1740.0 | throughput per GPU (TFLOP/s/GPU): 218.2 | tokens/sec/GPU: 4708 | learning rate: 5.100000E-05 | global batch size:    32 | lm loss: 6.804039E+00 | loss scale: 1.0 | grad norm: 3.943 | number of skipped iterations:   0 | number of nan iterations:   0 |
3: [default3]: [2026-05-23 03:31:32.253615] iteration       52/    1537 | consumed samples:         1664 | elapsed time per iteration (ms): 1061.0 | throughput per GPU (TFLOP/s/GPU): 357.8 | tokens/sec/GPU: 7721 | learning rate: 5.200000E-05 | global batch size:    32 | lm loss: 7.094896E+00 | loss scale: 1.0 | grad norm: 3.540 | number of skipped iterations:   0 | number of nan iterations:   0 |
3: [default3]: [2026-05-23 03:31:33.310369] iteration       53/    1537 | consumed samples:         1696 | elapsed time per iteration (ms): 1056.6 | throughput per GPU (TFLOP/s/GPU): 359.3 | tokens/sec/GPU: 7753 | learning rate: 5.300000E-05 | global batch size:    32 | lm loss: 7.433860E+00 | loss scale: 1.0 | grad norm: 8.477 | number of skipped iterations:   0 | number of nan iterations:   0 |
3: [default3]: [2026-05-23 03:31:34.364407] iteration       54/    1537 | consumed samples:         1728 | elapsed time per iteration (ms): 1053.9 | throughput per GPU (TFLOP/s/GPU): 360.2 | tokens/sec/GPU: 7773 | learning rate: 5.400000E-05 | global batch size:    32 | lm loss: 7.110080E+00 | loss scale: 1.0 | grad norm: 29.098 | number of skipped iterations:   0 | number of nan iterations:   0 |
3: [default3]: [2026-05-23 03:31:35.417632] iteration       55/    1537 | consumed samples:         1760 | elapsed time per iteration (ms): 1053.1 | throughput per GPU (TFLOP/s/GPU): 360.5 | tokens/sec/GPU: 7779 | learning rate: 5.500000E-05 | global batch size:    32 | lm loss: 7.004625E+00 | loss scale: 1.0 | grad norm: 4.801 | number of skipped iterations:   0 | number of nan iterations:   0 |
3: [default3]: [2026-05-23 03:31:36.472767] iteration       56/    1537 | consumed samples:         1792 | elapsed time per iteration (ms): 1055.0 | throughput per GPU (TFLOP/s/GPU): 359.9 | tokens/sec/GPU: 7765 | learning rate: 5.600000E-05 | global batch size:    32 | lm loss: 7.159140E+00 | loss scale: 1.0 | grad norm: 4.703 | number of skipped iterations:   0 | number of nan iterations:   0 |
3: [default3]: [2026-05-23 03:31:37.527452] iteration       57/    1537 | consumed samples:         1824 | elapsed time per iteration (ms): 1054.5 | throughput per GPU (TFLOP/s/GPU): 360.0 | tokens/sec/GPU: 7768 | learning rate: 5.700000E-05 | global batch size:    32 | lm loss: 7.174848E+00 | loss scale: 1.0 | grad norm: 6.710 | number of skipped iterations:   0 | number of nan iterations:   0 |
3: [default3]: [2026-05-23 03:31:38.577168] iteration       58/    1537 | consumed samples:         1856 | elapsed time per iteration (ms): 1049.5 | throughput per GPU (TFLOP/s/GPU): 361.7 | tokens/sec/GPU: 7805 | learning rate: 5.800000E-05 | global batch size:    32 | lm loss: 6.991495E+00 | loss scale: 1.0 | grad norm: 5.009 | number of skipped iterations:   0 | number of nan iterations:   0 |
3: [default3]: [2026-05-23 03:31:39.639021] iteration       59/    1537 | consumed samples:         1888 | elapsed time per iteration (ms): 1061.7 | throughput per GPU (TFLOP/s/GPU): 357.6 | tokens/sec/GPU: 7716 | learning rate: 5.900000E-05 | global batch size:    32 | lm loss: 6.827768E+00 | loss scale: 1.0 | grad norm: 3.274 | number of skipped iterations:   0 | number of nan iterations:   0 |
3: [default3]: [2026-05-23 03:31:40.689619] iteration       60/    1537 | consumed samples:         1920 | elapsed time per iteration (ms): 1050.4 | throughput per GPU (TFLOP/s/GPU): 361.4 | tokens/sec/GPU: 7799 | learning rate: 6.000000E-05 | global batch size:    32 | lm loss: 6.751545E+00 | loss scale: 1.0 | grad norm: 7.056 | number of skipped iterations:   0 | number of nan iterations:   0 |
3: [default3]: [2026-05-23 03:31:41.760171] iteration       61/    1537 | consumed samples:         1952 | elapsed time per iteration (ms): 1070.4 | throughput per GPU (TFLOP/s/GPU): 354.7 | tokens/sec/GPU: 7653 | learning rate: 6.100000E-05 | global batch size:    32 | lm loss: 7.058837E+00 | loss scale: 1.0 | grad norm: 3.438 | number of skipped iterations:   0 | number of nan iterations:   0 |
3: [default3]: [2026-05-23 03:31:42.830786] iteration       62/    1537 | consumed samples:         1984 | elapsed time per iteration (ms): 1069.9 | throughput per GPU (TFLOP/s/GPU): 354.8 | tokens/sec/GPU: 7657 | learning rate: 6.200000E-05 | global batch size:    32 | lm loss: 6.825300E+00 | loss scale: 1.0 | grad norm: 3.764 | number of skipped iterations:   0 | number of nan iterations:   0 |
3: [default3]: [2026-05-23 03:31:43.898730] iteration       63/    1537 | consumed samples:         2016 | elapsed time per iteration (ms): 1067.8 | throughput per GPU (TFLOP/s/GPU): 355.5 | tokens/sec/GPU: 7672 | learning rate: 6.300000E-05 | global batch size:    32 | lm loss: 6.555724E+00 | loss scale: 1.0 | grad norm: 3.006 | number of skipped iterations:   0 | number of nan iterations:   0 |
3: [default3]: [2026-05-23 03:31:44.967373] iteration       64/    1537 | consumed samples:         2048 | elapsed time per iteration (ms): 1068.5 | throughput per GPU (TFLOP/s/GPU): 355.3 | tokens/sec/GPU: 7667 | learning rate: 6.400000E-05 | global batch size:    32 | lm loss: 6.679366E+00 | loss scale: 1.0 | grad norm: 31.843 | number of skipped iterations:   0 | number of nan iterations:   0 |
3: [default3]: [2026-05-23 03:31:46.027305] iteration       65/    1537 | consumed samples:         2080 | elapsed time per iteration (ms): 1059.8 | throughput per GPU (TFLOP/s/GPU): 358.2 | tokens/sec/GPU: 7730 | learning rate: 6.500000E-05 | global batch size:    32 | lm loss: 7.386801E+00 | loss scale: 1.0 | grad norm: 11.682 | number of skipped iterations:   0 | number of nan iterations:   0 |
3: [default3]: [2026-05-23 03:31:47.083798] iteration       66/    1537 | consumed samples:         2112 | elapsed time per iteration (ms): 1056.3 | throughput per GPU (TFLOP/s/GPU): 359.4 | tokens/sec/GPU: 7755 | learning rate: 6.600000E-05 | global batch size:    32 | lm loss: 6.850712E+00 | loss scale: 1.0 | grad norm: 5.533 | number of skipped iterations:   0 | number of nan iterations:   0 |
3: [default3]: [2026-05-23 03:31:48.144212] iteration       67/    1537 | consumed samples:         2144 | elapsed time per iteration (ms): 1060.2 | throughput per GPU (TFLOP/s/GPU): 358.1 | tokens/sec/GPU: 7727 | learning rate: 6.700000E-05 | global batch size:    32 | lm loss: 6.901953E+00 | loss scale: 1.0 | grad norm: 4.917 | number of skipped iterations:   0 | number of nan iterations:   0 |
3: [default3]: [2026-05-23 03:31:49.198596] iteration       68/    1537 | consumed samples:         2176 | elapsed time per iteration (ms): 1054.2 | throughput per GPU (TFLOP/s/GPU): 360.1 | tokens/sec/GPU: 7771 | learning rate: 6.800000E-05 | global batch size:    32 | lm loss: 6.832000E+00 | loss scale: 1.0 | grad norm: 4.215 | number of skipped iterations:   0 | number of nan iterations:   0 |
3: [default3]: [2026-05-23 03:31:50.262444] iteration       69/    1537 | consumed samples:         2208 | elapsed time per iteration (ms): 1063.7 | throughput per GPU (TFLOP/s/GPU): 356.9 | tokens/sec/GPU: 7701 | learning rate: 6.900000E-05 | global batch size:    32 | lm loss: 6.660445E+00 | loss scale: 1.0 | grad norm: 14.975 | number of skipped iterations:   0 | number of nan iterations:   0 |
3: [default3]: [2026-05-23 03:31:51.317869] iteration       70/    1537 | consumed samples:         2240 | elapsed time per iteration (ms): 1055.2 | throughput per GPU (TFLOP/s/GPU): 359.8 | tokens/sec/GPU: 7763 | learning rate: 7.000000E-05 | global batch size:    32 | lm loss: 6.928280E+00 | loss scale: 1.0 | grad norm: 3.797 | number of skipped iterations:   0 | number of nan iterations:   0 |
3: [default3]: [2026-05-23 03:31:52.374777] iteration       71/    1537 | consumed samples:         2272 | elapsed time per iteration (ms): 1056.7 | throughput per GPU (TFLOP/s/GPU): 359.3 | tokens/sec/GPU: 7752 | learning rate: 7.100000E-05 | global batch size:    32 | lm loss: 7.196787E+00 | loss scale: 1.0 | grad norm: 4.042 | number of skipped iterations:   0 | number of nan iterations:   0 |
3: [default3]: [2026-05-23 03:31:53.426794] iteration       72/    1537 | consumed samples:         2304 | elapsed time per iteration (ms): 1051.8 | throughput per GPU (TFLOP/s/GPU): 360.9 | tokens/sec/GPU: 7788 | learning rate: 7.200000E-05 | global batch size:    32 | lm loss: 6.807976E+00 | loss scale: 1.0 | grad norm: 4.192 | number of skipped iterations:   0 | number of nan iterations:   0 |
3: [default3]: [2026-05-23 03:31:54.481186] iteration       73/    1537 | consumed samples:         2336 | elapsed time per iteration (ms): 1054.2 | throughput per GPU (TFLOP/s/GPU): 360.1 | tokens/sec/GPU: 7770 | learning rate: 7.300000E-05 | global batch size:    32 | lm loss: 6.570191E+00 | loss scale: 1.0 | grad norm: 3.045 | number of skipped iterations:   0 | number of nan iterations:   0 |
3: [default3]: [2026-05-23 03:31:55.531963] iteration       74/    1537 | consumed samples:         2368 | elapsed time per iteration (ms): 1050.6 | throughput per GPU (TFLOP/s/GPU): 361.3 | tokens/sec/GPU: 7797 | learning rate: 7.400000E-05 | global batch size:    32 | lm loss: 6.820029E+00 | loss scale: 1.0 | grad norm: 2.484 | number of skipped iterations:   0 | number of nan iterations:   0 |
3: [default3]: [2026-05-23 03:31:56.586188] iteration       75/    1537 | consumed samples:         2400 | elapsed time per iteration (ms): 1054.0 | throughput per GPU (TFLOP/s/GPU): 360.2 | tokens/sec/GPU: 7772 | learning rate: 7.500000E-05 | global batch size:    32 | lm loss: 6.598081E+00 | loss scale: 1.0 | grad norm: 5.304 | number of skipped iterations:   0 | number of nan iterations:   0 |
3: [default3]: [2026-05-23 03:31:57.645835] iteration       76/    1537 | consumed samples:         2432 | elapsed time per iteration (ms): 1059.5 | throughput per GPU (TFLOP/s/GPU): 358.3 | tokens/sec/GPU: 7732 | learning rate: 7.600000E-05 | global batch size:    32 | lm loss: 6.436438E+00 | loss scale: 1.0 | grad norm: 3.682 | number of skipped iterations:   0 | number of nan iterations:   0 |
3: [default3]: [2026-05-23 03:31:58.707335] iteration       77/    1537 | consumed samples:         2464 | elapsed time per iteration (ms): 1061.3 | throughput per GPU (TFLOP/s/GPU): 357.7 | tokens/sec/GPU: 7719 | learning rate: 7.700000E-05 | global batch size:    32 | lm loss: 6.494525E+00 | loss scale: 1.0 | grad norm: 3.462 | number of skipped iterations:   0 | number of nan iterations:   0 |
3: [default3]: [2026-05-23 03:31:59.762047] iteration       78/    1537 | consumed samples:         2496 | elapsed time per iteration (ms): 1054.5 | throughput per GPU (TFLOP/s/GPU): 360.0 | tokens/sec/GPU: 7768 | learning rate: 7.800000E-05 | global batch size:    32 | lm loss: 6.532382E+00 | loss scale: 1.0 | grad norm: 7.441 | number of skipped iterations:   0 | number of nan iterations:   0 |
3: [default3]: [2026-05-23 03:32:00.815688] iteration       79/    1537 | consumed samples:         2528 | elapsed time per iteration (ms): 1053.4 | throughput per GPU (TFLOP/s/GPU): 360.4 | tokens/sec/GPU: 7776 | learning rate: 7.900000E-05 | global batch size:    32 | lm loss: 6.668872E+00 | loss scale: 1.0 | grad norm: 6.799 | number of skipped iterations:   0 | number of nan iterations:   0 |
3: [default3]: [2026-05-23 03:32:01.870442] iteration       80/    1537 | consumed samples:         2560 | elapsed time per iteration (ms): 1054.6 | throughput per GPU (TFLOP/s/GPU): 360.0 | tokens/sec/GPU: 7768 | learning rate: 8.000000E-05 | global batch size:    32 | lm loss: 6.315600E+00 | loss scale: 1.0 | grad norm: 3.776 | number of skipped iterations:   0 | number of nan iterations:   0 |
3: [default3]: [2026-05-23 03:32:02.927418] iteration       81/    1537 | consumed samples:         2592 | elapsed time per iteration (ms): 1056.8 | throughput per GPU (TFLOP/s/GPU): 359.2 | tokens/sec/GPU: 7752 | learning rate: 8.100000E-05 | global batch size:    32 | lm loss: 6.394544E+00 | loss scale: 1.0 | grad norm: 3.554 | number of skipped iterations:   0 | number of nan iterations:   0 |
3: [default3]: [2026-05-23 03:32:03.989298] iteration       82/    1537 | consumed samples:         2624 | elapsed time per iteration (ms): 1061.6 | throughput per GPU (TFLOP/s/GPU): 357.6 | tokens/sec/GPU: 7716 | learning rate: 8.200000E-05 | global batch size:    32 | lm loss: 6.511411E+00 | loss scale: 1.0 | grad norm: 3.089 | number of skipped iterations:   0 | number of nan iterations:   0 |
3: [default3]: [2026-05-23 03:32:05.051149] iteration       83/    1537 | consumed samples:         2656 | elapsed time per iteration (ms): 1061.7 | throughput per GPU (TFLOP/s/GPU): 357.6 | tokens/sec/GPU: 7716 | learning rate: 8.300000E-05 | global batch size:    32 | lm loss: 6.435783E+00 | loss scale: 1.0 | grad norm: 2.751 | number of skipped iterations:   0 | number of nan iterations:   0 |
3: [default3]: [2026-05-23 03:32:06.107026] iteration       84/    1537 | consumed samples:         2688 | elapsed time per iteration (ms): 1055.7 | throughput per GPU (TFLOP/s/GPU): 359.6 | tokens/sec/GPU: 7760 | learning rate: 8.400000E-05 | global batch size:    32 | lm loss: 6.327552E+00 | loss scale: 1.0 | grad norm: 2.661 | number of skipped iterations:   0 | number of nan iterations:   0 |
3: [default3]: [2026-05-23 03:32:07.159806] iteration       85/    1537 | consumed samples:         2720 | elapsed time per iteration (ms): 1052.7 | throughput per GPU (TFLOP/s/GPU): 360.6 | tokens/sec/GPU: 7782 | learning rate: 8.500000E-05 | global batch size:    32 | lm loss: 6.466217E+00 | loss scale: 1.0 | grad norm: 6.087 | number of skipped iterations:   0 | number of nan iterations:   0 |
3: [default3]: [2026-05-23 03:32:08.213763] iteration       86/    1537 | consumed samples:         2752 | elapsed time per iteration (ms): 1053.8 | throughput per GPU (TFLOP/s/GPU): 360.3 | tokens/sec/GPU: 7774 | learning rate: 8.600000E-05 | global batch size:    32 | lm loss: 6.528564E+00 | loss scale: 1.0 | grad norm: 3.630 | number of skipped iterations:   0 | number of nan iterations:   0 |
3: [default3]: [2026-05-23 03:32:09.270771] iteration       87/    1537 | consumed samples:         2784 | elapsed time per iteration (ms): 1056.8 | throughput per GPU (TFLOP/s/GPU): 359.2 | tokens/sec/GPU: 7751 | learning rate: 8.700000E-05 | global batch size:    32 | lm loss: 6.358633E+00 | loss scale: 1.0 | grad norm: 1.978 | number of skipped iterations:   0 | number of nan iterations:   0 |
3: [default3]: [2026-05-23 03:32:10.329285] iteration       88/    1537 | consumed samples:         2816 | elapsed time per iteration (ms): 1058.1 | throughput per GPU (TFLOP/s/GPU): 358.8 | tokens/sec/GPU: 7742 | learning rate: 8.800000E-05 | global batch size:    32 | lm loss: 6.319446E+00 | loss scale: 1.0 | grad norm: 4.855 | number of skipped iterations:   0 | number of nan iterations:   0 |
3: [default3]: [2026-05-23 03:32:11.386895] iteration       89/    1537 | consumed samples:         2848 | elapsed time per iteration (ms): 1057.5 | throughput per GPU (TFLOP/s/GPU): 359.0 | tokens/sec/GPU: 7747 | learning rate: 8.900000E-05 | global batch size:    32 | lm loss: 6.478929E+00 | loss scale: 1.0 | grad norm: 3.311 | number of skipped iterations:   0 | number of nan iterations:   0 |
3: [default3]: [2026-05-23 03:32:12.446933] iteration       90/    1537 | consumed samples:         2880 | elapsed time per iteration (ms): 1059.8 | throughput per GPU (TFLOP/s/GPU): 358.2 | tokens/sec/GPU: 7730 | learning rate: 9.000000E-05 | global batch size:    32 | lm loss: 6.421409E+00 | loss scale: 1.0 | grad norm: 2.936 | number of skipped iterations:   0 | number of nan iterations:   0 |
3: [default3]: [2026-05-23 03:32:13.502542] iteration       91/    1537 | consumed samples:         2912 | elapsed time per iteration (ms): 1055.4 | throughput per GPU (TFLOP/s/GPU): 359.7 | tokens/sec/GPU: 7762 | learning rate: 9.100000E-05 | global batch size:    32 | lm loss: 6.294041E+00 | loss scale: 1.0 | grad norm: 2.581 | number of skipped iterations:   0 | number of nan iterations:   0 |
3: [default3]: [2026-05-23 03:32:14.562710] iteration       92/    1537 | consumed samples:         2944 | elapsed time per iteration (ms): 1060.0 | throughput per GPU (TFLOP/s/GPU): 358.2 | tokens/sec/GPU: 7729 | learning rate: 9.200000E-05 | global batch size:    32 | lm loss: 6.636840E+00 | loss scale: 1.0 | grad norm: 3.111 | number of skipped iterations:   0 | number of nan iterations:   0 |
3: [default3]: [2026-05-23 03:32:15.617797] iteration       93/    1537 | consumed samples:         2976 | elapsed time per iteration (ms): 1054.9 | throughput per GPU (TFLOP/s/GPU): 359.9 | tokens/sec/GPU: 7765 | learning rate: 9.300000E-05 | global batch size:    32 | lm loss: 6.348866E+00 | loss scale: 1.0 | grad norm: 2.584 | number of skipped iterations:   0 | number of nan iterations:   0 |
3: [default3]: [2026-05-23 03:32:16.675210] iteration       94/    1537 | consumed samples:         3008 | elapsed time per iteration (ms): 1057.3 | throughput per GPU (TFLOP/s/GPU): 359.1 | tokens/sec/GPU: 7748 | learning rate: 9.400000E-05 | global batch size:    32 | lm loss: 6.395695E+00 | loss scale: 1.0 | grad norm: 2.930 | number of skipped iterations:   0 | number of nan iterations:   0 |
3: [default3]: [2026-05-23 03:32:17.735250] iteration       95/    1537 | consumed samples:         3040 | elapsed time per iteration (ms): 1059.8 | throughput per GPU (TFLOP/s/GPU): 358.2 | tokens/sec/GPU: 7730 | learning rate: 9.500000E-05 | global batch size:    32 | lm loss: 6.291880E+00 | loss scale: 1.0 | grad norm: 2.671 | number of skipped iterations:   0 | number of nan iterations:   0 |
3: [default3]: [2026-05-23 03:32:18.790208] iteration       96/    1537 | consumed samples:         3072 | elapsed time per iteration (ms): 1054.8 | throughput per GPU (TFLOP/s/GPU): 359.9 | tokens/sec/GPU: 7766 | learning rate: 9.600000E-05 | global batch size:    32 | lm loss: 6.307225E+00 | loss scale: 1.0 | grad norm: 5.946 | number of skipped iterations:   0 | number of nan iterations:   0 |
3: [default3]: [2026-05-23 03:32:19.848505] iteration       97/    1537 | consumed samples:         3104 | elapsed time per iteration (ms): 1058.1 | throughput per GPU (TFLOP/s/GPU): 358.8 | tokens/sec/GPU: 7742 | learning rate: 9.700000E-05 | global batch size:    32 | lm loss: 6.379621E+00 | loss scale: 1.0 | grad norm: 2.774 | number of skipped iterations:   0 | number of nan iterations:   0 |
3: [default3]: [2026-05-23 03:32:20.905420] iteration       98/    1537 | consumed samples:         3136 | elapsed time per iteration (ms): 1056.8 | throughput per GPU (TFLOP/s/GPU): 359.2 | tokens/sec/GPU: 7752 | learning rate: 9.800000E-05 | global batch size:    32 | lm loss: 6.290854E+00 | loss scale: 1.0 | grad norm: 4.008 | number of skipped iterations:   0 | number of nan iterations:   0 |
3: [default3]: [2026-05-23 03:32:21.959722] iteration       99/    1537 | consumed samples:         3168 | elapsed time per iteration (ms): 1054.1 | throughput per GPU (TFLOP/s/GPU): 360.2 | tokens/sec/GPU: 7771 | learning rate: 9.900000E-05 | global batch size:    32 | lm loss: 6.173453E+00 | loss scale: 1.0 | grad norm: 2.890 | number of skipped iterations:   0 | number of nan iterations:   0 |
3: [default3]: [2026-05-23 03:32:23.031580] iteration      100/    1537 | consumed samples:         3200 | elapsed time per iteration (ms): 1071.7 | throughput per GPU (TFLOP/s/GPU): 354.2 | tokens/sec/GPU: 7644 | learning rate: 1.000000E-04 | global batch size:    32 | lm loss: 6.186071E+00 | loss scale: 1.0 | grad norm: 4.420 | number of skipped iterations:   0 | number of nan iterations:   0 |
3: [default3]: [2026-05-23 03:32:24.761557] iteration      101/    1537 | consumed samples:         3232 | elapsed time per iteration (ms): 1729.8 | throughput per GPU (TFLOP/s/GPU): 219.5 | tokens/sec/GPU: 4736 | learning rate: 9.999990E-05 | global batch size:    32 | lm loss: 6.176702E+00 | loss scale: 1.0 | grad norm: 4.000 | number of skipped iterations:   0 | number of nan iterations:   0 |
3: [default3]: [2026-05-23 03:32:25.815759] iteration      102/    1537 | consumed samples:         3264 | elapsed time per iteration (ms): 1054.0 | throughput per GPU (TFLOP/s/GPU): 360.2 | tokens/sec/GPU: 7772 | learning rate: 9.999957E-05 | global batch size:    32 | lm loss: 6.329071E+00 | loss scale: 1.0 | grad norm: 2.595 | number of skipped iterations:   0 | number of nan iterations:   0 |
3: [default3]: [2026-05-23 03:32:26.870525] iteration      103/    1537 | consumed samples:         3296 | elapsed time per iteration (ms): 1054.6 | throughput per GPU (TFLOP/s/GPU): 360.0 | tokens/sec/GPU: 7768 | learning rate: 9.999903E-05 | global batch size:    32 | lm loss: 6.056740E+00 | loss scale: 1.0 | grad norm: 2.227 | number of skipped iterations:   0 | number of nan iterations:   0 |
3: [default3]: [2026-05-23 03:32:27.925759] iteration      104/    1537 | consumed samples:         3328 | elapsed time per iteration (ms): 1055.1 | throughput per GPU (TFLOP/s/GPU): 359.8 | tokens/sec/GPU: 7765 | learning rate: 9.999828E-05 | global batch size:    32 | lm loss: 6.144011E+00 | loss scale: 1.0 | grad norm: 4.755 | number of skipped iterations:   0 | number of nan iterations:   0 |
3: [default3]: [2026-05-23 03:32:28.977203] iteration      105/    1537 | consumed samples:         3360 | elapsed time per iteration (ms): 1051.3 | throughput per GPU (TFLOP/s/GPU): 361.1 | tokens/sec/GPU: 7792 | learning rate: 9.999731E-05 | global batch size:    32 | lm loss: 6.083048E+00 | loss scale: 1.0 | grad norm: 2.682 | number of skipped iterations:   0 | number of nan iterations:   0 |
3: [default3]: [2026-05-23 03:32:30.028657] iteration      106/    1537 | consumed samples:         3392 | elapsed time per iteration (ms): 1051.3 | throughput per GPU (TFLOP/s/GPU): 361.1 | tokens/sec/GPU: 7792 | learning rate: 9.999613E-05 | global batch size:    32 | lm loss: 6.201662E+00 | loss scale: 1.0 | grad norm: 2.138 | number of skipped iterations:   0 | number of nan iterations:   0 |
3: [default3]: [2026-05-23 03:32:31.085333] iteration      107/    1537 | consumed samples:         3424 | elapsed time per iteration (ms): 1056.5 | throughput per GPU (TFLOP/s/GPU): 359.3 | tokens/sec/GPU: 7754 | learning rate: 9.999473E-05 | global batch size:    32 | lm loss: 6.029244E+00 | loss scale: 1.0 | grad norm: 1.700 | number of skipped iterations:   0 | number of nan iterations:   0 |
3: [default3]: [2026-05-23 03:32:32.138858] iteration      108/    1537 | consumed samples:         3456 | elapsed time per iteration (ms): 1053.3 | throughput per GPU (TFLOP/s/GPU): 360.4 | tokens/sec/GPU: 7777 | learning rate: 9.999311E-05 | global batch size:    32 | lm loss: 6.284707E+00 | loss scale: 1.0 | grad norm: 4.501 | number of skipped iterations:   0 | number of nan iterations:   0 |
3: [default3]: [2026-05-23 03:32:33.188355] iteration      109/    1537 | consumed samples:         3488 | elapsed time per iteration (ms): 1049.3 | throughput per GPU (TFLOP/s/GPU): 361.8 | tokens/sec/GPU: 7807 | learning rate: 9.999129E-05 | global batch size:    32 | lm loss: 6.036257E+00 | loss scale: 1.0 | grad norm: 1.928 | number of skipped iterations:   0 | number of nan iterations:   0 |
3: [default3]: [2026-05-23 03:32:34.246063] iteration      110/    1537 | consumed samples:         3520 | elapsed time per iteration (ms): 1057.6 | throughput per GPU (TFLOP/s/GPU): 359.0 | tokens/sec/GPU: 7746 | learning rate: 9.998924E-05 | global batch size:    32 | lm loss: 5.771157E+00 | loss scale: 1.0 | grad norm: 3.372 | number of skipped iterations:   0 | number of nan iterations:   0 |
3: [default3]: [2026-05-23 03:32:35.302250] iteration      111/    1537 | consumed samples:         3552 | elapsed time per iteration (ms): 1056.0 | throughput per GPU (TFLOP/s/GPU): 359.5 | tokens/sec/GPU: 7757 | learning rate: 9.998699E-05 | global batch size:    32 | lm loss: 6.243763E+00 | loss scale: 1.0 | grad norm: 2.511 | number of skipped iterations:   0 | number of nan iterations:   0 |
3: [default3]: [2026-05-23 03:32:36.356069] iteration      112/    1537 | consumed samples:         3584 | elapsed time per iteration (ms): 1053.7 | throughput per GPU (TFLOP/s/GPU): 360.3 | tokens/sec/GPU: 7775 | learning rate: 9.998451E-05 | global batch size:    32 | lm loss: 6.020763E+00 | loss scale: 1.0 | grad norm: 3.187 | number of skipped iterations:   0 | number of nan iterations:   0 |
3: [default3]: [2026-05-23 03:32:37.407943] iteration      113/    1537 | consumed samples:         3616 | elapsed time per iteration (ms): 1051.7 | throughput per GPU (TFLOP/s/GPU): 361.0 | tokens/sec/GPU: 7789 | learning rate: 9.998183E-05 | global batch size:    32 | lm loss: 6.171658E+00 | loss scale: 1.0 | grad norm: 2.672 | number of skipped iterations:   0 | number of nan iterations:   0 |
3: [default3]: [2026-05-23 03:32:38.464757] iteration      114/    1537 | consumed samples:         3648 | elapsed time per iteration (ms): 1056.7 | throughput per GPU (TFLOP/s/GPU): 359.3 | tokens/sec/GPU: 7753 | learning rate: 9.997893E-05 | global batch size:    32 | lm loss: 5.960004E+00 | loss scale: 1.0 | grad norm: 2.388 | number of skipped iterations:   0 | number of nan iterations:   0 |
3: [default3]: [2026-05-23 03:32:39.516402] iteration      115/    1537 | consumed samples:         3680 | elapsed time per iteration (ms): 1051.5 | throughput per GPU (TFLOP/s/GPU): 361.1 | tokens/sec/GPU: 7791 | learning rate: 9.997580E-05 | global batch size:    32 | lm loss: 5.933833E+00 | loss scale: 1.0 | grad norm: 2.684 | number of skipped iterations:   0 | number of nan iterations:   0 |
3: [default3]: [2026-05-23 03:32:40.570187] iteration      116/    1537 | consumed samples:         3712 | elapsed time per iteration (ms): 1053.6 | throughput per GPU (TFLOP/s/GPU): 360.3 | tokens/sec/GPU: 7775 | learning rate: 9.997247E-05 | global batch size:    32 | lm loss: 5.898085E+00 | loss scale: 1.0 | grad norm: 2.624 | number of skipped iterations:   0 | number of nan iterations:   0 |
3: [default3]: [2026-05-23 03:32:41.619619] iteration      117/    1537 | consumed samples:         3744 | elapsed time per iteration (ms): 1049.2 | throughput per GPU (TFLOP/s/GPU): 361.8 | tokens/sec/GPU: 7808 | learning rate: 9.996892E-05 | global batch size:    32 | lm loss: 5.913372E+00 | loss scale: 1.0 | grad norm: 1.856 | number of skipped iterations:   0 | number of nan iterations:   0 |
3: [default3]: [2026-05-23 03:32:42.673661] iteration      118/    1537 | consumed samples:         3776 | elapsed time per iteration (ms): 1053.9 | throughput per GPU (TFLOP/s/GPU): 360.2 | tokens/sec/GPU: 7773 | learning rate: 9.996516E-05 | global batch size:    32 | lm loss: 5.932825E+00 | loss scale: 1.0 | grad norm: 2.943 | number of skipped iterations:   0 | number of nan iterations:   0 |
3: [default3]: [2026-05-23 03:32:43.729249] iteration      119/    1537 | consumed samples:         3808 | elapsed time per iteration (ms): 1055.4 | throughput per GPU (TFLOP/s/GPU): 359.7 | tokens/sec/GPU: 7762 | learning rate: 9.996118E-05 | global batch size:    32 | lm loss: 5.867352E+00 | loss scale: 1.0 | grad norm: 2.049 | number of skipped iterations:   0 | number of nan iterations:   0 |
3: [default3]: [2026-05-23 03:32:44.783392] iteration      120/    1537 | consumed samples:         3840 | elapsed time per iteration (ms): 1054.0 | throughput per GPU (TFLOP/s/GPU): 360.2 | tokens/sec/GPU: 7773 | learning rate: 9.995699E-05 | global batch size:    32 | lm loss: 5.707524E+00 | loss scale: 1.0 | grad norm: 2.548 | number of skipped iterations:   0 | number of nan iterations:   0 |
3: [default3]: [2026-05-23 03:32:45.833384] iteration      121/    1537 | consumed samples:         3872 | elapsed time per iteration (ms): 1049.8 | throughput per GPU (TFLOP/s/GPU): 361.6 | tokens/sec/GPU: 7803 | learning rate: 9.995258E-05 | global batch size:    32 | lm loss: 5.782713E+00 | loss scale: 1.0 | grad norm: 2.387 | number of skipped iterations:   0 | number of nan iterations:   0 |
3: [default3]: [2026-05-23 03:32:46.884344] iteration      122/    1537 | consumed samples:         3904 | elapsed time per iteration (ms): 1050.8 | throughput per GPU (TFLOP/s/GPU): 361.3 | tokens/sec/GPU: 7796 | learning rate: 9.994796E-05 | global batch size:    32 | lm loss: 5.872271E+00 | loss scale: 1.0 | grad norm: 1.909 | number of skipped iterations:   0 | number of nan iterations:   0 |
3: [default3]: [2026-05-23 03:32:47.932213] iteration      123/    1537 | consumed samples:         3936 | elapsed time per iteration (ms): 1047.7 | throughput per GPU (TFLOP/s/GPU): 362.4 | tokens/sec/GPU: 7819 | learning rate: 9.994312E-05 | global batch size:    32 | lm loss: 5.778176E+00 | loss scale: 1.0 | grad norm: 3.429 | number of skipped iterations:   0 | number of nan iterations:   0 |
3: [default3]: [2026-05-23 03:32:48.985872] iteration      124/    1537 | consumed samples:         3968 | elapsed time per iteration (ms): 1053.5 | throughput per GPU (TFLOP/s/GPU): 360.4 | tokens/sec/GPU: 7776 | learning rate: 9.993807E-05 | global batch size:    32 | lm loss: 6.045980E+00 | loss scale: 1.0 | grad norm: 1.894 | number of skipped iterations:   0 | number of nan iterations:   0 |
3: [default3]: [2026-05-23 03:32:50.051743] iteration      125/    1537 | consumed samples:         4000 | elapsed time per iteration (ms): 1065.7 | throughput per GPU (TFLOP/s/GPU): 356.2 | tokens/sec/GPU: 7687 | learning rate: 9.993280E-05 | global batch size:    32 | lm loss: 6.001504E+00 | loss scale: 1.0 | grad norm: 2.982 | number of skipped iterations:   0 | number of nan iterations:   0 |
3: [default3]: [2026-05-23 03:32:51.107907] iteration      126/    1537 | consumed samples:         4032 | elapsed time per iteration (ms): 1056.0 | throughput per GPU (TFLOP/s/GPU): 359.5 | tokens/sec/GPU: 7758 | learning rate: 9.992733E-05 | global batch size:    32 | lm loss: 6.143522E+00 | loss scale: 1.0 | grad norm: 2.243 | number of skipped iterations:   0 | number of nan iterations:   0 |
3: [default3]: [2026-05-23 03:32:52.168550] iteration      127/    1537 | consumed samples:         4064 | elapsed time per iteration (ms): 1060.5 | throughput per GPU (TFLOP/s/GPU): 358.0 | tokens/sec/GPU: 7725 | learning rate: 9.992163E-05 | global batch size:    32 | lm loss: 5.697302E+00 | loss scale: 1.0 | grad norm: 3.282 | number of skipped iterations:   0 | number of nan iterations:   0 |
3: [default3]: [2026-05-23 03:32:53.233236] iteration      128/    1537 | consumed samples:         4096 | elapsed time per iteration (ms): 1064.5 | throughput per GPU (TFLOP/s/GPU): 356.6 | tokens/sec/GPU: 7696 | learning rate: 9.991571E-05 | global batch size:    32 | lm loss: 5.901845E+00 | loss scale: 1.0 | grad norm: 2.310 | number of skipped iterations:   0 | number of nan iterations:   0 |
3: [default3]: [2026-05-23 03:32:54.303477] iteration      129/    1537 | consumed samples:         4128 | elapsed time per iteration (ms): 1070.1 | throughput per GPU (TFLOP/s/GPU): 354.8 | tokens/sec/GPU: 7655 | learning rate: 9.990959E-05 | global batch size:    32 | lm loss: 5.659534E+00 | loss scale: 1.0 | grad norm: 3.860 | number of skipped iterations:   0 | number of nan iterations:   0 |
3: [default3]: [2026-05-23 03:32:55.367293] iteration      130/    1537 | consumed samples:         4160 | elapsed time per iteration (ms): 1063.7 | throughput per GPU (TFLOP/s/GPU): 356.9 | tokens/sec/GPU: 7702 | learning rate: 9.990325E-05 | global batch size:    32 | lm loss: 5.479211E+00 | loss scale: 1.0 | grad norm: 2.495 | number of skipped iterations:   0 | number of nan iterations:   0 |
3: [default3]: [2026-05-23 03:32:56.435488] iteration      131/    1537 | consumed samples:         4192 | elapsed time per iteration (ms): 1068.0 | throughput per GPU (TFLOP/s/GPU): 355.5 | tokens/sec/GPU: 7670 | learning rate: 9.989669E-05 | global batch size:    32 | lm loss: 5.796948E+00 | loss scale: 1.0 | grad norm: 1.799 | number of skipped iterations:   0 | number of nan iterations:   0 |
3: [default3]: [2026-05-23 03:32:57.502495] iteration      132/    1537 | consumed samples:         4224 | elapsed time per iteration (ms): 1066.8 | throughput per GPU (TFLOP/s/GPU): 355.9 | tokens/sec/GPU: 7679 | learning rate: 9.988993E-05 | global batch size:    32 | lm loss: 5.749185E+00 | loss scale: 1.0 | grad norm: 1.575 | number of skipped iterations:   0 | number of nan iterations:   0 |
3: [default3]: [2026-05-23 03:32:58.558369] iteration      133/    1537 | consumed samples:         4256 | elapsed time per iteration (ms): 1055.7 | throughput per GPU (TFLOP/s/GPU): 359.6 | tokens/sec/GPU: 7760 | learning rate: 9.988294E-05 | global batch size:    32 | lm loss: 5.639614E+00 | loss scale: 1.0 | grad norm: 2.083 | number of skipped iterations:   0 | number of nan iterations:   0 |
3: [default3]: [2026-05-23 03:32:59.609921] iteration      134/    1537 | consumed samples:         4288 | elapsed time per iteration (ms): 1051.3 | throughput per GPU (TFLOP/s/GPU): 361.1 | tokens/sec/GPU: 7792 | learning rate: 9.987574E-05 | global batch size:    32 | lm loss: 5.745100E+00 | loss scale: 1.0 | grad norm: 1.339 | number of skipped iterations:   0 | number of nan iterations:   0 |
3: [default3]: [2026-05-23 03:33:00.664250] iteration      135/    1537 | consumed samples:         4320 | elapsed time per iteration (ms): 1054.2 | throughput per GPU (TFLOP/s/GPU): 360.1 | tokens/sec/GPU: 7771 | learning rate: 9.986833E-05 | global batch size:    32 | lm loss: 5.736247E+00 | loss scale: 1.0 | grad norm: 2.098 | number of skipped iterations:   0 | number of nan iterations:   0 |
3: [default3]: [2026-05-23 03:33:01.715955] iteration      136/    1537 | consumed samples:         4352 | elapsed time per iteration (ms): 1051.5 | throughput per GPU (TFLOP/s/GPU): 361.0 | tokens/sec/GPU: 7791 | learning rate: 9.986070E-05 | global batch size:    32 | lm loss: 5.936507E+00 | loss scale: 1.0 | grad norm: 1.916 | number of skipped iterations:   0 | number of nan iterations:   0 |
3: [default3]: [2026-05-23 03:33:02.770462] iteration      137/    1537 | consumed samples:         4384 | elapsed time per iteration (ms): 1054.4 | throughput per GPU (TFLOP/s/GPU): 360.1 | tokens/sec/GPU: 7770 | learning rate: 9.985286E-05 | global batch size:    32 | lm loss: 5.782677E+00 | loss scale: 1.0 | grad norm: 1.679 | number of skipped iterations:   0 | number of nan iterations:   0 |
3: [default3]: [2026-05-23 03:33:03.822924] iteration      138/    1537 | consumed samples:         4416 | elapsed time per iteration (ms): 1052.3 | throughput per GPU (TFLOP/s/GPU): 360.8 | tokens/sec/GPU: 7785 | learning rate: 9.984480E-05 | global batch size:    32 | lm loss: 5.736354E+00 | loss scale: 1.0 | grad norm: 1.740 | number of skipped iterations:   0 | number of nan iterations:   0 |
3: [default3]: [2026-05-23 03:33:04.884505] iteration      139/    1537 | consumed samples:         4448 | elapsed time per iteration (ms): 1061.3 | throughput per GPU (TFLOP/s/GPU): 357.7 | tokens/sec/GPU: 7719 | learning rate: 9.983653E-05 | global batch size:    32 | lm loss: 5.837140E+00 | loss scale: 1.0 | grad norm: 2.270 | number of skipped iterations:   0 | number of nan iterations:   0 |
3: [default3]: [2026-05-23 03:33:05.938165] iteration      140/    1537 | consumed samples:         4480 | elapsed time per iteration (ms): 1053.5 | throughput per GPU (TFLOP/s/GPU): 360.4 | tokens/sec/GPU: 7776 | learning rate: 9.982804E-05 | global batch size:    32 | lm loss: 5.517478E+00 | loss scale: 1.0 | grad norm: 1.847 | number of skipped iterations:   0 | number of nan iterations:   0 |
3: [default3]: [2026-05-23 03:33:06.991336] iteration      141/    1537 | consumed samples:         4512 | elapsed time per iteration (ms): 1053.0 | throughput per GPU (TFLOP/s/GPU): 360.5 | tokens/sec/GPU: 7779 | learning rate: 9.981935E-05 | global batch size:    32 | lm loss: 5.875649E+00 | loss scale: 1.0 | grad norm: 1.793 | number of skipped iterations:   0 | number of nan iterations:   0 |
3: [default3]: [2026-05-23 03:33:08.050159] iteration      142/    1537 | consumed samples:         4544 | elapsed time per iteration (ms): 1058.6 | throughput per GPU (TFLOP/s/GPU): 358.6 | tokens/sec/GPU: 7739 | learning rate: 9.981043E-05 | global batch size:    32 | lm loss: 5.912272E+00 | loss scale: 1.0 | grad norm: 3.358 | number of skipped iterations:   0 | number of nan iterations:   0 |
3: [default3]: [2026-05-23 03:33:09.100806] iteration      143/    1537 | consumed samples:         4576 | elapsed time per iteration (ms): 1050.5 | throughput per GPU (TFLOP/s/GPU): 361.4 | tokens/sec/GPU: 7798 | learning rate: 9.980131E-05 | global batch size:    32 | lm loss: 5.435007E+00 | loss scale: 1.0 | grad norm: 2.120 | number of skipped iterations:   0 | number of nan iterations:   0 |
3: [default3]: [2026-05-23 03:33:10.163529] iteration      144/    1537 | consumed samples:         4608 | elapsed time per iteration (ms): 1062.5 | throughput per GPU (TFLOP/s/GPU): 357.3 | tokens/sec/GPU: 7710 | learning rate: 9.979196E-05 | global batch size:    32 | lm loss: 5.853037E+00 | loss scale: 1.0 | grad norm: 2.068 | number of skipped iterations:   0 | number of nan iterations:   0 |
3: [default3]: [2026-05-23 03:33:11.217752] iteration      145/    1537 | consumed samples:         4640 | elapsed time per iteration (ms): 1054.1 | throughput per GPU (TFLOP/s/GPU): 360.2 | tokens/sec/GPU: 7772 | learning rate: 9.978241E-05 | global batch size:    32 | lm loss: 5.311787E+00 | loss scale: 1.0 | grad norm: 1.776 | number of skipped iterations:   0 | number of nan iterations:   0 |
3: [default3]: [2026-05-23 03:33:12.270969] iteration      146/    1537 | consumed samples:         4672 | elapsed time per iteration (ms): 1053.0 | throughput per GPU (TFLOP/s/GPU): 360.5 | tokens/sec/GPU: 7779 | learning rate: 9.977264E-05 | global batch size:    32 | lm loss: 5.714143E+00 | loss scale: 1.0 | grad norm: 2.366 | number of skipped iterations:   0 | number of nan iterations:   0 |
3: [default3]: [2026-05-23 03:33:13.328906] iteration      147/    1537 | consumed samples:         4704 | elapsed time per iteration (ms): 1057.8 | throughput per GPU (TFLOP/s/GPU): 358.9 | tokens/sec/GPU: 7745 | learning rate: 9.976266E-05 | global batch size:    32 | lm loss: 5.858181E+00 | loss scale: 1.0 | grad norm: 2.020 | number of skipped iterations:   0 | number of nan iterations:   0 |
3: [default3]: [2026-05-23 03:33:14.385223] iteration      148/    1537 | consumed samples:         4736 | elapsed time per iteration (ms): 1056.1 | throughput per GPU (TFLOP/s/GPU): 359.5 | tokens/sec/GPU: 7757 | learning rate: 9.975245E-05 | global batch size:    32 | lm loss: 5.605134E+00 | loss scale: 1.0 | grad norm: 1.574 | number of skipped iterations:   0 | number of nan iterations:   0 |
3: [default3]: [2026-05-23 03:33:15.435032] iteration      149/    1537 | consumed samples:         4768 | elapsed time per iteration (ms): 1049.6 | throughput per GPU (TFLOP/s/GPU): 361.7 | tokens/sec/GPU: 7805 | learning rate: 9.974204E-05 | global batch size:    32 | lm loss: 5.496464E+00 | loss scale: 1.0 | grad norm: 2.047 | number of skipped iterations:   0 | number of nan iterations:   0 |
3: [default3]: [2026-05-23 03:33:16.489205] iteration      150/    1537 | consumed samples:         4800 | elapsed time per iteration (ms): 1054.0 | throughput per GPU (TFLOP/s/GPU): 360.2 | tokens/sec/GPU: 7772 | learning rate: 9.973142E-05 | global batch size:    32 | lm loss: 5.624283E+00 | loss scale: 1.0 | grad norm: 1.671 | number of skipped iterations:   0 | number of nan iterations:   0 |
3: [default3]: [2026-05-23 03:33:18.214510] iteration      151/    1537 | consumed samples:         4832 | elapsed time per iteration (ms): 1725.1 | throughput per GPU (TFLOP/s/GPU): 220.1 | tokens/sec/GPU: 4749 | learning rate: 9.972058E-05 | global batch size:    32 | lm loss: 5.471100E+00 | loss scale: 1.0 | grad norm: 1.314 | number of skipped iterations:   0 | number of nan iterations:   0 |
3: [default3]: [2026-05-23 03:33:19.269063] iteration      152/    1537 | consumed samples:         4864 | elapsed time per iteration (ms): 1054.4 | throughput per GPU (TFLOP/s/GPU): 360.1 | tokens/sec/GPU: 7770 | learning rate: 9.970953E-05 | global batch size:    32 | lm loss: 5.584147E+00 | loss scale: 1.0 | grad norm: 4.267 | number of skipped iterations:   0 | number of nan iterations:   0 |
3: [default3]: [2026-05-23 03:33:20.328563] iteration      153/    1537 | consumed samples:         4896 | elapsed time per iteration (ms): 1059.3 | throughput per GPU (TFLOP/s/GPU): 358.4 | tokens/sec/GPU: 7733 | learning rate: 9.969826E-05 | global batch size:    32 | lm loss: 5.700560E+00 | loss scale: 1.0 | grad norm: 1.800 | number of skipped iterations:   0 | number of nan iterations:   0 |
3: [default3]: [2026-05-23 03:33:21.393907] iteration      154/    1537 | consumed samples:         4928 | elapsed time per iteration (ms): 1065.2 | throughput per GPU (TFLOP/s/GPU): 356.4 | tokens/sec/GPU: 7691 | learning rate: 9.968677E-05 | global batch size:    32 | lm loss: 5.361655E+00 | loss scale: 1.0 | grad norm: 1.754 | number of skipped iterations:   0 | number of nan iterations:   0 |
3: [default3]: [2026-05-23 03:33:22.455192] iteration      155/    1537 | consumed samples:         4960 | elapsed time per iteration (ms): 1061.1 | throughput per GPU (TFLOP/s/GPU): 357.8 | tokens/sec/GPU: 7720 | learning rate: 9.967508E-05 | global batch size:    32 | lm loss: 5.785309E+00 | loss scale: 1.0 | grad norm: 1.676 | number of skipped iterations:   0 | number of nan iterations:   0 |
3: [default3]: [2026-05-23 03:33:23.515503] iteration      156/    1537 | consumed samples:         4992 | elapsed time per iteration (ms): 1060.1 | throughput per GPU (TFLOP/s/GPU): 358.1 | tokens/sec/GPU: 7727 | learning rate: 9.966318E-05 | global batch size:    32 | lm loss: 5.449977E+00 | loss scale: 1.0 | grad norm: 2.934 | number of skipped iterations:   0 | number of nan iterations:   0 |
3: [default3]: [2026-05-23 03:33:24.574053] iteration      157/    1537 | consumed samples:         5024 | elapsed time per iteration (ms): 1058.4 | throughput per GPU (TFLOP/s/GPU): 358.7 | tokens/sec/GPU: 7740 | learning rate: 9.965106E-05 | global batch size:    32 | lm loss: 5.579747E+00 | loss scale: 1.0 | grad norm: 1.907 | number of skipped iterations:   0 | number of nan iterations:   0 |
3: [default3]: [2026-05-23 03:33:25.633620] iteration      158/    1537 | consumed samples:         5056 | elapsed time per iteration (ms): 1059.3 | throughput per GPU (TFLOP/s/GPU): 358.4 | tokens/sec/GPU: 7733 | learning rate: 9.963872E-05 | global batch size:    32 | lm loss: 5.587987E+00 | loss scale: 1.0 | grad norm: 2.361 | number of skipped iterations:   0 | number of nan iterations:   0 |
3: [default3]: [2026-05-23 03:33:26.687528] iteration      159/    1537 | consumed samples:         5088 | elapsed time per iteration (ms): 1053.8 | throughput per GPU (TFLOP/s/GPU): 360.3 | tokens/sec/GPU: 7774 | learning rate: 9.962617E-05 | global batch size:    32 | lm loss: 5.489132E+00 | loss scale: 1.0 | grad norm: 1.573 | number of skipped iterations:   0 | number of nan iterations:   0 |
3: [default3]: [2026-05-23 03:33:27.746479] iteration      160/    1537 | consumed samples:         5120 | elapsed time per iteration (ms): 1058.8 | throughput per GPU (TFLOP/s/GPU): 358.6 | tokens/sec/GPU: 7737 | learning rate: 9.961341E-05 | global batch size:    32 | lm loss: 5.431109E+00 | loss scale: 1.0 | grad norm: 1.864 | number of skipped iterations:   0 | number of nan iterations:   0 |
3: [default3]: [2026-05-23 03:33:28.803252] iteration      161/    1537 | consumed samples:         5152 | elapsed time per iteration (ms): 1056.6 | throughput per GPU (TFLOP/s/GPU): 359.3 | tokens/sec/GPU: 7753 | learning rate: 9.960044E-05 | global batch size:    32 | lm loss: 5.590399E+00 | loss scale: 1.0 | grad norm: 1.303 | number of skipped iterations:   0 | number of nan iterations:   0 |
3: [default3]: [2026-05-23 03:33:29.863304] iteration      162/    1537 | consumed samples:         5184 | elapsed time per iteration (ms): 1059.9 | throughput per GPU (TFLOP/s/GPU): 358.2 | tokens/sec/GPU: 7729 | learning rate: 9.958725E-05 | global batch size:    32 | lm loss: 5.388814E+00 | loss scale: 1.0 | grad norm: 1.764 | number of skipped iterations:   0 | number of nan iterations:   0 |
3: [default3]: [2026-05-23 03:33:30.927217] iteration      163/    1537 | consumed samples:         5216 | elapsed time per iteration (ms): 1063.7 | throughput per GPU (TFLOP/s/GPU): 356.9 | tokens/sec/GPU: 7701 | learning rate: 9.957385E-05 | global batch size:    32 | lm loss: 5.634326E+00 | loss scale: 1.0 | grad norm: 1.348 | number of skipped iterations:   0 | number of nan iterations:   0 |
3: [default3]: [2026-05-23 03:33:31.996008] iteration      164/    1537 | consumed samples:         5248 | elapsed time per iteration (ms): 1068.6 | throughput per GPU (TFLOP/s/GPU): 355.3 | tokens/sec/GPU: 7666 | learning rate: 9.956024E-05 | global batch size:    32 | lm loss: 5.260702E+00 | loss scale: 1.0 | grad norm: 1.810 | number of skipped iterations:   0 | number of nan iterations:   0 |
3: [default3]: [2026-05-23 03:33:33.061572] iteration      165/    1537 | consumed samples:         5280 | elapsed time per iteration (ms): 1065.4 | throughput per GPU (TFLOP/s/GPU): 356.3 | tokens/sec/GPU: 7689 | learning rate: 9.954641E-05 | global batch size:    32 | lm loss: 5.677132E+00 | loss scale: 1.0 | grad norm: 1.211 | number of skipped iterations:   0 | number of nan iterations:   0 |
3: [default3]: [2026-05-23 03:33:34.119812] iteration      166/    1537 | consumed samples:         5312 | elapsed time per iteration (ms): 1058.1 | throughput per GPU (TFLOP/s/GPU): 358.8 | tokens/sec/GPU: 7742 | learning rate: 9.953237E-05 | global batch size:    32 | lm loss: 5.218574E+00 | loss scale: 1.0 | grad norm: 1.588 | number of skipped iterations:   0 | number of nan iterations:   0 |
3: [default3]: [2026-05-23 03:33:35.174167] iteration      167/    1537 | consumed samples:         5344 | elapsed time per iteration (ms): 1054.2 | throughput per GPU (TFLOP/s/GPU): 360.1 | tokens/sec/GPU: 7771 | learning rate: 9.951812E-05 | global batch size:    32 | lm loss: 5.489949E+00 | loss scale: 1.0 | grad norm: 1.567 | number of skipped iterations:   0 | number of nan iterations:   0 |
3: [default3]: [2026-05-23 03:33:36.231068] iteration      168/    1537 | consumed samples:         5376 | elapsed time per iteration (ms): 1056.7 | throughput per GPU (TFLOP/s/GPU): 359.3 | tokens/sec/GPU: 7752 | learning rate: 9.950365E-05 | global batch size:    32 | lm loss: 5.448162E+00 | loss scale: 1.0 | grad norm: 1.637 | number of skipped iterations:   0 | number of nan iterations:   0 |
3: [default3]: [2026-05-23 03:33:37.282153] iteration      169/    1537 | consumed samples:         5408 | elapsed time per iteration (ms): 1050.9 | throughput per GPU (TFLOP/s/GPU): 361.2 | tokens/sec/GPU: 7795 | learning rate: 9.948897E-05 | global batch size:    32 | lm loss: 5.417350E+00 | loss scale: 1.0 | grad norm: 1.438 | number of skipped iterations:   0 | number of nan iterations:   0 |
3: [default3]: [2026-05-23 03:33:38.332481] iteration      170/    1537 | consumed samples:         5440 | elapsed time per iteration (ms): 1050.1 | throughput per GPU (TFLOP/s/GPU): 361.5 | tokens/sec/GPU: 7801 | learning rate: 9.947408E-05 | global batch size:    32 | lm loss: 5.410869E+00 | loss scale: 1.0 | grad norm: 1.401 | number of skipped iterations:   0 | number of nan iterations:   0 |
3: [default3]: [2026-05-23 03:33:39.391891] iteration      171/    1537 | consumed samples:         5472 | elapsed time per iteration (ms): 1059.3 | throughput per GPU (TFLOP/s/GPU): 358.4 | tokens/sec/GPU: 7734 | learning rate: 9.945898E-05 | global batch size:    32 | lm loss: 5.262511E+00 | loss scale: 1.0 | grad norm: 1.556 | number of skipped iterations:   0 | number of nan iterations:   0 |
3: [default3]: [2026-05-23 03:33:40.447345] iteration      172/    1537 | consumed samples:         5504 | elapsed time per iteration (ms): 1055.3 | throughput per GPU (TFLOP/s/GPU): 359.8 | tokens/sec/GPU: 7763 | learning rate: 9.944366E-05 | global batch size:    32 | lm loss: 5.446924E+00 | loss scale: 1.0 | grad norm: 1.061 | number of skipped iterations:   0 | number of nan iterations:   0 |
3: [default3]: [2026-05-23 03:33:41.508766] iteration      173/    1537 | consumed samples:         5536 | elapsed time per iteration (ms): 1061.3 | throughput per GPU (TFLOP/s/GPU): 357.7 | tokens/sec/GPU: 7719 | learning rate: 9.942814E-05 | global batch size:    32 | lm loss: 5.458076E+00 | loss scale: 1.0 | grad norm: 2.019 | number of skipped iterations:   0 | number of nan iterations:   0 |
3: [default3]: [2026-05-23 03:33:42.568941] iteration      174/    1537 | consumed samples:         5568 | elapsed time per iteration (ms): 1060.0 | throughput per GPU (TFLOP/s/GPU): 358.1 | tokens/sec/GPU: 7728 | learning rate: 9.941240E-05 | global batch size:    32 | lm loss: 5.351632E+00 | loss scale: 1.0 | grad norm: 1.261 | number of skipped iterations:   0 | number of nan iterations:   0 |
3: [default3]: [2026-05-23 03:33:43.622647] iteration      175/    1537 | consumed samples:         5600 | elapsed time per iteration (ms): 1053.5 | throughput per GPU (TFLOP/s/GPU): 360.3 | tokens/sec/GPU: 7776 | learning rate: 9.939644E-05 | global batch size:    32 | lm loss: 5.512630E+00 | loss scale: 1.0 | grad norm: 1.450 | number of skipped iterations:   0 | number of nan iterations:   0 |
3: [default3]: [2026-05-23 03:33:44.676860] iteration      176/    1537 | consumed samples:         5632 | elapsed time per iteration (ms): 1054.0 | throughput per GPU (TFLOP/s/GPU): 360.2 | tokens/sec/GPU: 7772 | learning rate: 9.938028E-05 | global batch size:    32 | lm loss: 5.299271E+00 | loss scale: 1.0 | grad norm: 1.730 | number of skipped iterations:   0 | number of nan iterations:   0 |
3: [default3]: [2026-05-23 03:33:45.732939] iteration      177/    1537 | consumed samples:         5664 | elapsed time per iteration (ms): 1055.9 | throughput per GPU (TFLOP/s/GPU): 359.5 | tokens/sec/GPU: 7758 | learning rate: 9.936390E-05 | global batch size:    32 | lm loss: 5.354592E+00 | loss scale: 1.0 | grad norm: 1.424 | number of skipped iterations:   0 | number of nan iterations:   0 |
3: [default3]: [2026-05-23 03:33:46.790222] iteration      178/    1537 | consumed samples:         5696 | elapsed time per iteration (ms): 1057.1 | throughput per GPU (TFLOP/s/GPU): 359.1 | tokens/sec/GPU: 7750 | learning rate: 9.934731E-05 | global batch size:    32 | lm loss: 5.146417E+00 | loss scale: 1.0 | grad norm: 1.311 | number of skipped iterations:   0 | number of nan iterations:   0 |
3: [default3]: [2026-05-23 03:33:47.846990] iteration      179/    1537 | consumed samples:         5728 | elapsed time per iteration (ms): 1056.5 | throughput per GPU (TFLOP/s/GPU): 359.3 | tokens/sec/GPU: 7754 | learning rate: 9.933051E-05 | global batch size:    32 | lm loss: 5.341076E+00 | loss scale: 1.0 | grad norm: 1.478 | number of skipped iterations:   0 | number of nan iterations:   0 |
3: [default3]: [2026-05-23 03:33:48.903977] iteration      180/    1537 | consumed samples:         5760 | elapsed time per iteration (ms): 1056.9 | throughput per GPU (TFLOP/s/GPU): 359.2 | tokens/sec/GPU: 7751 | learning rate: 9.931350E-05 | global batch size:    32 | lm loss: 5.337789E+00 | loss scale: 1.0 | grad norm: 1.382 | number of skipped iterations:   0 | number of nan iterations:   0 |
3: [default3]: [2026-05-23 03:33:49.965149] iteration      181/    1537 | consumed samples:         5792 | elapsed time per iteration (ms): 1061.0 | throughput per GPU (TFLOP/s/GPU): 357.8 | tokens/sec/GPU: 7721 | learning rate: 9.929627E-05 | global batch size:    32 | lm loss: 5.226152E+00 | loss scale: 1.0 | grad norm: 1.264 | number of skipped iterations:   0 | number of nan iterations:   0 |
3: [default3]: [2026-05-23 03:33:51.029893] iteration      182/    1537 | consumed samples:         5824 | elapsed time per iteration (ms): 1064.5 | throughput per GPU (TFLOP/s/GPU): 356.6 | tokens/sec/GPU: 7696 | learning rate: 9.927884E-05 | global batch size:    32 | lm loss: 5.157311E+00 | loss scale: 1.0 | grad norm: 1.062 | number of skipped iterations:   0 | number of nan iterations:   0 |
3: [default3]: [2026-05-23 03:33:52.083134] iteration      183/    1537 | consumed samples:         5856 | elapsed time per iteration (ms): 1053.0 | throughput per GPU (TFLOP/s/GPU): 360.5 | tokens/sec/GPU: 7780 | learning rate: 9.926119E-05 | global batch size:    32 | lm loss: 5.132806E+00 | loss scale: 1.0 | grad norm: 1.626 | number of skipped iterations:   0 | number of nan iterations:   0 |
3: [default3]: [2026-05-23 03:33:53.143954] iteration      184/    1537 | consumed samples:         5888 | elapsed time per iteration (ms): 1060.7 | throughput per GPU (TFLOP/s/GPU): 357.9 | tokens/sec/GPU: 7723 | learning rate: 9.924333E-05 | global batch size:    32 | lm loss: 5.236341E+00 | loss scale: 1.0 | grad norm: 1.426 | number of skipped iterations:   0 | number of nan iterations:   0 |
3: [default3]: [2026-05-23 03:33:54.201097] iteration      185/    1537 | consumed samples:         5920 | elapsed time per iteration (ms): 1057.0 | throughput per GPU (TFLOP/s/GPU): 359.2 | tokens/sec/GPU: 7751 | learning rate: 9.922526E-05 | global batch size:    32 | lm loss: 4.995023E+00 | loss scale: 1.0 | grad norm: 1.083 | number of skipped iterations:   0 | number of nan iterations:   0 |
3: [default3]: [2026-05-23 03:33:55.258539] iteration      186/    1537 | consumed samples:         5952 | elapsed time per iteration (ms): 1057.3 | throughput per GPU (TFLOP/s/GPU): 359.1 | tokens/sec/GPU: 7748 | learning rate: 9.920698E-05 | global batch size:    32 | lm loss: 5.377913E+00 | loss scale: 1.0 | grad norm: 1.618 | number of skipped iterations:   0 | number of nan iterations:   0 |
3: [default3]: [2026-05-23 03:33:56.317943] iteration      187/    1537 | consumed samples:         5984 | elapsed time per iteration (ms): 1059.2 | throughput per GPU (TFLOP/s/GPU): 358.4 | tokens/sec/GPU: 7734 | learning rate: 9.918848E-05 | global batch size:    32 | lm loss: 5.294363E+00 | loss scale: 1.0 | grad norm: 1.411 | number of skipped iterations:   0 | number of nan iterations:   0 |
3: [default3]: [2026-05-23 03:33:57.371835] iteration      188/    1537 | consumed samples:         6016 | elapsed time per iteration (ms): 1053.7 | throughput per GPU (TFLOP/s/GPU): 360.3 | tokens/sec/GPU: 7774 | learning rate: 9.916978E-05 | global batch size:    32 | lm loss: 5.160802E+00 | loss scale: 1.0 | grad norm: 1.199 | number of skipped iterations:   0 | number of nan iterations:   0 |
3: [default3]: [2026-05-23 03:33:58.424075] iteration      189/    1537 | consumed samples:         6048 | elapsed time per iteration (ms): 1052.1 | throughput per GPU (TFLOP/s/GPU): 360.8 | tokens/sec/GPU: 7787 | learning rate: 9.915086E-05 | global batch size:    32 | lm loss: 5.099781E+00 | loss scale: 1.0 | grad norm: 2.338 | number of skipped iterations:   0 | number of nan iterations:   0 |
3: [default3]: [2026-05-23 03:33:59.490116] iteration      190/    1537 | consumed samples:         6080 | elapsed time per iteration (ms): 1065.9 | throughput per GPU (TFLOP/s/GPU): 356.2 | tokens/sec/GPU: 7686 | learning rate: 9.913174E-05 | global batch size:    32 | lm loss: 5.285911E+00 | loss scale: 1.0 | grad norm: 1.284 | number of skipped iterations:   0 | number of nan iterations:   0 |
3: [default3]: [2026-05-23 03:34:00.551636] iteration      191/    1537 | consumed samples:         6112 | elapsed time per iteration (ms): 1061.4 | throughput per GPU (TFLOP/s/GPU): 357.7 | tokens/sec/GPU: 7718 | learning rate: 9.911240E-05 | global batch size:    32 | lm loss: 5.084636E+00 | loss scale: 1.0 | grad norm: 2.334 | number of skipped iterations:   0 | number of nan iterations:   0 |
3: [default3]: [2026-05-23 03:34:01.607936] iteration      192/    1537 | consumed samples:         6144 | elapsed time per iteration (ms): 1056.1 | throughput per GPU (TFLOP/s/GPU): 359.5 | tokens/sec/GPU: 7757 | learning rate: 9.909285E-05 | global batch size:    32 | lm loss: 5.124417E+00 | loss scale: 1.0 | grad norm: 1.995 | number of skipped iterations:   0 | number of nan iterations:   0 |
3: [default3]: [2026-05-23 03:34:02.671812] iteration      193/    1537 | consumed samples:         6176 | elapsed time per iteration (ms): 1063.7 | throughput per GPU (TFLOP/s/GPU): 356.9 | tokens/sec/GPU: 7702 | learning rate: 9.907309E-05 | global batch size:    32 | lm loss: 5.401423E+00 | loss scale: 1.0 | grad norm: 1.537 | number of skipped iterations:   0 | number of nan iterations:   0 |
3: [default3]: [2026-05-23 03:34:03.730006] iteration      194/    1537 | consumed samples:         6208 | elapsed time per iteration (ms): 1058.0 | throughput per GPU (TFLOP/s/GPU): 358.8 | tokens/sec/GPU: 7743 | learning rate: 9.905312E-05 | global batch size:    32 | lm loss: 5.232473E+00 | loss scale: 1.0 | grad norm: 1.187 | number of skipped iterations:   0 | number of nan iterations:   0 |
3: [default3]: [2026-05-23 03:34:04.791393] iteration      195/    1537 | consumed samples:         6240 | elapsed time per iteration (ms): 1061.2 | throughput per GPU (TFLOP/s/GPU): 357.8 | tokens/sec/GPU: 7720 | learning rate: 9.903294E-05 | global batch size:    32 | lm loss: 5.157286E+00 | loss scale: 1.0 | grad norm: 1.557 | number of skipped iterations:   0 | number of nan iterations:   0 |
3: [default3]: [2026-05-23 03:34:05.849628] iteration      196/    1537 | consumed samples:         6272 | elapsed time per iteration (ms): 1058.1 | throughput per GPU (TFLOP/s/GPU): 358.8 | tokens/sec/GPU: 7742 | learning rate: 9.901255E-05 | global batch size:    32 | lm loss: 5.305266E+00 | loss scale: 1.0 | grad norm: 1.338 | number of skipped iterations:   0 | number of nan iterations:   0 |
3: [default3]: [2026-05-23 03:34:06.915833] iteration      197/    1537 | consumed samples:         6304 | elapsed time per iteration (ms): 1066.0 | throughput per GPU (TFLOP/s/GPU): 356.1 | tokens/sec/GPU: 7684 | learning rate: 9.899194E-05 | global batch size:    32 | lm loss: 5.175001E+00 | loss scale: 1.0 | grad norm: 1.739 | number of skipped iterations:   0 | number of nan iterations:   0 |
3: [default3]: [2026-05-23 03:34:07.979711] iteration      198/    1537 | consumed samples:         6336 | elapsed time per iteration (ms): 1063.7 | throughput per GPU (TFLOP/s/GPU): 356.9 | tokens/sec/GPU: 7701 | learning rate: 9.897113E-05 | global batch size:    32 | lm loss: 5.276016E+00 | loss scale: 1.0 | grad norm: 1.472 | number of skipped iterations:   0 | number of nan iterations:   0 |
3: [default3]: [2026-05-23 03:34:09.035236] iteration      199/    1537 | consumed samples:         6368 | elapsed time per iteration (ms): 1055.4 | throughput per GPU (TFLOP/s/GPU): 359.7 | tokens/sec/GPU: 7762 | learning rate: 9.895011E-05 | global batch size:    32 | lm loss: 5.025825E+00 | loss scale: 1.0 | grad norm: 1.009 | number of skipped iterations:   0 | number of nan iterations:   0 |
3: [default3]: [2026-05-23 03:34:10.097896] iteration      200/    1537 | consumed samples:         6400 | elapsed time per iteration (ms): 1062.5 | throughput per GPU (TFLOP/s/GPU): 357.3 | tokens/sec/GPU: 7710 | learning rate: 9.892888E-05 | global batch size:    32 | lm loss: 5.309824E+00 | loss scale: 1.0 | grad norm: 1.011 | number of skipped iterations:   0 | number of nan iterations:   0 |
3: [default3]: [2026-05-23 03:34:11.830492] iteration      201/    1537 | consumed samples:         6432 | elapsed time per iteration (ms): 1732.4 | throughput per GPU (TFLOP/s/GPU): 219.1 | tokens/sec/GPU: 4729 | learning rate: 9.890744E-05 | global batch size:    32 | lm loss: 5.325659E+00 | loss scale: 1.0 | grad norm: 1.755 | number of skipped iterations:   0 | number of nan iterations:   0 |
3: [default3]: [2026-05-23 03:34:12.891901] iteration      202/    1537 | consumed samples:         6464 | elapsed time per iteration (ms): 1061.3 | throughput per GPU (TFLOP/s/GPU): 357.7 | tokens/sec/GPU: 7719 | learning rate: 9.888579E-05 | global batch size:    32 | lm loss: 5.253449E+00 | loss scale: 1.0 | grad norm: 1.431 | number of skipped iterations:   0 | number of nan iterations:   0 |
3: [default3]: [2026-05-23 03:34:13.955699] iteration      203/    1537 | consumed samples:         6496 | elapsed time per iteration (ms): 1063.6 | throughput per GPU (TFLOP/s/GPU): 356.9 | tokens/sec/GPU: 7702 | learning rate: 9.886392E-05 | global batch size:    32 | lm loss: 5.235018E+00 | loss scale: 1.0 | grad norm: 1.296 | number of skipped iterations:   0 | number of nan iterations:   0 |
3: [default3]: [2026-05-23 03:34:15.012122] iteration      204/    1537 | consumed samples:         6528 | elapsed time per iteration (ms): 1056.2 | throughput per GPU (TFLOP/s/GPU): 359.4 | tokens/sec/GPU: 7756 | learning rate: 9.884185E-05 | global batch size:    32 | lm loss: 5.104608E+00 | loss scale: 1.0 | grad norm: 1.527 | number of skipped iterations:   0 | number of nan iterations:   0 |
3: [default3]: [2026-05-23 03:34:16.068023] iteration      205/    1537 | consumed samples:         6560 | elapsed time per iteration (ms): 1055.7 | throughput per GPU (TFLOP/s/GPU): 359.6 | tokens/sec/GPU: 7760 | learning rate: 9.881958E-05 | global batch size:    32 | lm loss: 5.150332E+00 | loss scale: 1.0 | grad norm: 1.325 | number of skipped iterations:   0 | number of nan iterations:   0 |
3: [default3]: [2026-05-23 03:34:17.124236] iteration      206/    1537 | consumed samples:         6592 | elapsed time per iteration (ms): 1056.0 | throughput per GPU (TFLOP/s/GPU): 359.5 | tokens/sec/GPU: 7757 | learning rate: 9.879709E-05 | global batch size:    32 | lm loss: 5.092903E+00 | loss scale: 1.0 | grad norm: 1.378 | number of skipped iterations:   0 | number of nan iterations:   0 |
3: [default3]: [2026-05-23 03:34:18.188734] iteration      207/    1537 | consumed samples:         6624 | elapsed time per iteration (ms): 1064.3 | throughput per GPU (TFLOP/s/GPU): 356.7 | tokens/sec/GPU: 7697 | learning rate: 9.877438E-05 | global batch size:    32 | lm loss: 5.002406E+00 | loss scale: 1.0 | grad norm: 1.139 | number of skipped iterations:   0 | number of nan iterations:   0 |
3: [default3]: [2026-05-23 03:34:19.248697] iteration      208/    1537 | consumed samples:         6656 | elapsed time per iteration (ms): 1059.8 | throughput per GPU (TFLOP/s/GPU): 358.2 | tokens/sec/GPU: 7730 | learning rate: 9.875147E-05 | global batch size:    32 | lm loss: 5.214526E+00 | loss scale: 1.0 | grad norm: 1.135 | number of skipped iterations:   0 | number of nan iterations:   0 |
3: [default3]: [2026-05-23 03:34:20.311545] iteration      209/    1537 | consumed samples:         6688 | elapsed time per iteration (ms): 1062.7 | throughput per GPU (TFLOP/s/GPU): 357.3 | tokens/sec/GPU: 7709 | learning rate: 9.872836E-05 | global batch size:    32 | lm loss: 4.949921E+00 | loss scale: 1.0 | grad norm: 1.072 | number of skipped iterations:   0 | number of nan iterations:   0 |
3: [default3]: [2026-05-23 03:34:21.367724] iteration      210/    1537 | consumed samples:         6720 | elapsed time per iteration (ms): 1056.0 | throughput per GPU (TFLOP/s/GPU): 359.5 | tokens/sec/GPU: 7758 | learning rate: 9.870503E-05 | global batch size:    32 | lm loss: 4.900581E+00 | loss scale: 1.0 | grad norm: 1.176 | number of skipped iterations:   0 | number of nan iterations:   0 |
3: [default3]: [2026-05-23 03:34:22.421811] iteration      211/    1537 | consumed samples:         6752 | elapsed time per iteration (ms): 1053.9 | throughput per GPU (TFLOP/s/GPU): 360.2 | tokens/sec/GPU: 7773 | learning rate: 9.868149E-05 | global batch size:    32 | lm loss: 4.977356E+00 | loss scale: 1.0 | grad norm: 1.105 | number of skipped iterations:   0 | number of nan iterations:   0 |
3: [default3]: [2026-05-23 03:34:23.474404] iteration      212/    1537 | consumed samples:         6784 | elapsed time per iteration (ms): 1052.4 | throughput per GPU (TFLOP/s/GPU): 360.7 | tokens/sec/GPU: 7784 | learning rate: 9.865775E-05 | global batch size:    32 | lm loss: 4.823806E+00 | loss scale: 1.0 | grad norm: 1.034 | number of skipped iterations:   0 | number of nan iterations:   0 |
3: [default3]: [2026-05-23 03:34:24.528655] iteration      213/    1537 | consumed samples:         6816 | elapsed time per iteration (ms): 1054.1 | throughput per GPU (TFLOP/s/GPU): 360.2 | tokens/sec/GPU: 7772 | learning rate: 9.863380E-05 | global batch size:    32 | lm loss: 4.879371E+00 | loss scale: 1.0 | grad norm: 1.556 | number of skipped iterations:   0 | number of nan iterations:   0 |
3: [default3]: [2026-05-23 03:34:25.589153] iteration      214/    1537 | consumed samples:         6848 | elapsed time per iteration (ms): 1060.3 | throughput per GPU (TFLOP/s/GPU): 358.0 | tokens/sec/GPU: 7726 | learning rate: 9.860963E-05 | global batch size:    32 | lm loss: 5.068558E+00 | loss scale: 1.0 | grad norm: 1.656 | number of skipped iterations:   0 | number of nan iterations:   0 |
3: [default3]: [2026-05-23 03:34:26.647664] iteration      215/    1537 | consumed samples:         6880 | elapsed time per iteration (ms): 1058.3 | throughput per GPU (TFLOP/s/GPU): 358.7 | tokens/sec/GPU: 7740 | learning rate: 9.858526E-05 | global batch size:    32 | lm loss: 5.007350E+00 | loss scale: 1.0 | grad norm: 1.147 | number of skipped iterations:   0 | number of nan iterations:   0 |
3: [default3]: [2026-05-23 03:34:27.706218] iteration      216/    1537 | consumed samples:         6912 | elapsed time per iteration (ms): 1058.3 | throughput per GPU (TFLOP/s/GPU): 358.7 | tokens/sec/GPU: 7740 | learning rate: 9.856068E-05 | global batch size:    32 | lm loss: 5.019782E+00 | loss scale: 1.0 | grad norm: 1.283 | number of skipped iterations:   0 | number of nan iterations:   0 |
3: [default3]: [2026-05-23 03:34:28.759321] iteration      217/    1537 | consumed samples:         6944 | elapsed time per iteration (ms): 1052.9 | throughput per GPU (TFLOP/s/GPU): 360.6 | tokens/sec/GPU: 7780 | learning rate: 9.853590E-05 | global batch size:    32 | lm loss: 5.108315E+00 | loss scale: 1.0 | grad norm: 0.945 | number of skipped iterations:   0 | number of nan iterations:   0 |
3: [default3]: [2026-05-23 03:34:29.819415] iteration      218/    1537 | consumed samples:         6976 | elapsed time per iteration (ms): 1059.9 | throughput per GPU (TFLOP/s/GPU): 358.2 | tokens/sec/GPU: 7729 | learning rate: 9.851090E-05 | global batch size:    32 | lm loss: 4.685910E+00 | loss scale: 1.0 | grad norm: 1.128 | number of skipped iterations:   0 | number of nan iterations:   0 |
3: [default3]: [2026-05-23 03:34:30.881501] iteration      219/    1537 | consumed samples:         7008 | elapsed time per iteration (ms): 1061.9 | throughput per GPU (TFLOP/s/GPU): 357.5 | tokens/sec/GPU: 7714 | learning rate: 9.848570E-05 | global batch size:    32 | lm loss: 5.003862E+00 | loss scale: 1.0 | grad norm: 1.086 | number of skipped iterations:   0 | number of nan iterations:   0 |
3: [default3]: [2026-05-23 03:34:31.940811] iteration      220/    1537 | consumed samples:         7040 | elapsed time per iteration (ms): 1059.1 | throughput per GPU (TFLOP/s/GPU): 358.4 | tokens/sec/GPU: 7735 | learning rate: 9.846029E-05 | global batch size:    32 | lm loss: 5.033324E+00 | loss scale: 1.0 | grad norm: 1.579 | number of skipped iterations:   0 | number of nan iterations:   0 |
3: [default3]: [2026-05-23 03:34:32.993450] iteration      221/    1537 | consumed samples:         7072 | elapsed time per iteration (ms): 1052.4 | throughput per GPU (TFLOP/s/GPU): 360.7 | tokens/sec/GPU: 7784 | learning rate: 9.843467E-05 | global batch size:    32 | lm loss: 4.979278E+00 | loss scale: 1.0 | grad norm: 1.065 | number of skipped iterations:   0 | number of nan iterations:   0 |
3: [default3]: [2026-05-23 03:34:34.059087] iteration      222/    1537 | consumed samples:         7104 | elapsed time per iteration (ms): 1065.4 | throughput per GPU (TFLOP/s/GPU): 356.3 | tokens/sec/GPU: 7689 | learning rate: 9.840885E-05 | global batch size:    32 | lm loss: 4.698655E+00 | loss scale: 1.0 | grad norm: 1.130 | number of skipped iterations:   0 | number of nan iterations:   0 |
3: [default3]: [2026-05-23 03:34:35.114649] iteration      223/    1537 | consumed samples:         7136 | elapsed time per iteration (ms): 1055.4 | throughput per GPU (TFLOP/s/GPU): 359.7 | tokens/sec/GPU: 7762 | learning rate: 9.838281E-05 | global batch size:    32 | lm loss: 5.068129E+00 | loss scale: 1.0 | grad norm: 0.850 | number of skipped iterations:   0 | number of nan iterations:   0 |
3: [default3]: [2026-05-23 03:34:36.173156] iteration      224/    1537 | consumed samples:         7168 | elapsed time per iteration (ms): 1058.3 | throughput per GPU (TFLOP/s/GPU): 358.7 | tokens/sec/GPU: 7741 | learning rate: 9.835657E-05 | global batch size:    32 | lm loss: 5.054944E+00 | loss scale: 1.0 | grad norm: 1.102 | number of skipped iterations:   0 | number of nan iterations:   0 |
3: [default3]: [2026-05-23 03:34:37.224548] iteration      225/    1537 | consumed samples:         7200 | elapsed time per iteration (ms): 1051.2 | throughput per GPU (TFLOP/s/GPU): 361.1 | tokens/sec/GPU: 7793 | learning rate: 9.833012E-05 | global batch size:    32 | lm loss: 5.001925E+00 | loss scale: 1.0 | grad norm: 0.979 | number of skipped iterations:   0 | number of nan iterations:   0 |
3: [default3]: [2026-05-23 03:34:38.284542] iteration      226/    1537 | consumed samples:         7232 | elapsed time per iteration (ms): 1059.8 | throughput per GPU (TFLOP/s/GPU): 358.2 | tokens/sec/GPU: 7730 | learning rate: 9.830347E-05 | global batch size:    32 | lm loss: 5.063470E+00 | loss scale: 1.0 | grad norm: 1.124 | number of skipped iterations:   0 | number of nan iterations:   0 |
3: [default3]: [2026-05-23 03:34:39.342893] iteration      227/    1537 | consumed samples:         7264 | elapsed time per iteration (ms): 1058.2 | throughput per GPU (TFLOP/s/GPU): 358.8 | tokens/sec/GPU: 7742 | learning rate: 9.827661E-05 | global batch size:    32 | lm loss: 4.846457E+00 | loss scale: 1.0 | grad norm: 0.961 | number of skipped iterations:   0 | number of nan iterations:   0 |
3: [default3]: [2026-05-23 03:34:40.399462] iteration      228/    1537 | consumed samples:         7296 | elapsed time per iteration (ms): 1056.4 | throughput per GPU (TFLOP/s/GPU): 359.4 | tokens/sec/GPU: 7755 | learning rate: 9.824954E-05 | global batch size:    32 | lm loss: 4.682215E+00 | loss scale: 1.0 | grad norm: 0.965 | number of skipped iterations:   0 | number of nan iterations:   0 |
3: [default3]: [2026-05-23 03:34:41.454124] iteration      229/    1537 | consumed samples:         7328 | elapsed time per iteration (ms): 1054.5 | throughput per GPU (TFLOP/s/GPU): 360.0 | tokens/sec/GPU: 7769 | learning rate: 9.822226E-05 | global batch size:    32 | lm loss: 5.043436E+00 | loss scale: 1.0 | grad norm: 1.193 | number of skipped iterations:   0 | number of nan iterations:   0 |
3: [default3]: [2026-05-23 03:34:42.504207] iteration      230/    1537 | consumed samples:         7360 | elapsed time per iteration (ms): 1049.9 | throughput per GPU (TFLOP/s/GPU): 361.6 | tokens/sec/GPU: 7802 | learning rate: 9.819478E-05 | global batch size:    32 | lm loss: 5.012308E+00 | loss scale: 1.0 | grad norm: 1.235 | number of skipped iterations:   0 | number of nan iterations:   0 |
3: [default3]: [2026-05-23 03:34:43.556715] iteration      231/    1537 | consumed samples:         7392 | elapsed time per iteration (ms): 1052.4 | throughput per GPU (TFLOP/s/GPU): 360.8 | tokens/sec/GPU: 7784 | learning rate: 9.816709E-05 | global batch size:    32 | lm loss: 5.247907E+00 | loss scale: 1.0 | grad norm: 0.902 | number of skipped iterations:   0 | number of nan iterations:   0 |
3: [default3]: [2026-05-23 03:34:44.612383] iteration      232/    1537 | consumed samples:         7424 | elapsed time per iteration (ms): 1055.5 | throughput per GPU (TFLOP/s/GPU): 359.7 | tokens/sec/GPU: 7761 | learning rate: 9.813919E-05 | global batch size:    32 | lm loss: 5.034829E+00 | loss scale: 1.0 | grad norm: 1.011 | number of skipped iterations:   0 | number of nan iterations:   0 |
3: [default3]: [2026-05-23 03:34:45.666418] iteration      233/    1537 | consumed samples:         7456 | elapsed time per iteration (ms): 1053.9 | throughput per GPU (TFLOP/s/GPU): 360.2 | tokens/sec/GPU: 7773 | learning rate: 9.811109E-05 | global batch size:    32 | lm loss: 4.634711E+00 | loss scale: 1.0 | grad norm: 1.092 | number of skipped iterations:   0 | number of nan iterations:   0 |
3: [default3]: [2026-05-23 03:34:46.720232] iteration      234/    1537 | consumed samples:         7488 | elapsed time per iteration (ms): 1053.5 | throughput per GPU (TFLOP/s/GPU): 360.4 | tokens/sec/GPU: 7776 | learning rate: 9.808279E-05 | global batch size:    32 | lm loss: 5.213469E+00 | loss scale: 1.0 | grad norm: 1.038 | number of skipped iterations:   0 | number of nan iterations:   0 |
3: [default3]: [2026-05-23 03:34:47.782085] iteration      235/    1537 | consumed samples:         7520 | elapsed time per iteration (ms): 1061.7 | throughput per GPU (TFLOP/s/GPU): 357.6 | tokens/sec/GPU: 7716 | learning rate: 9.805428E-05 | global batch size:    32 | lm loss: 4.889656E+00 | loss scale: 1.0 | grad norm: 0.910 | number of skipped iterations:   0 | number of nan iterations:   0 |
3: [default3]: [2026-05-23 03:34:48.840730] iteration      236/    1537 | consumed samples:         7552 | elapsed time per iteration (ms): 1058.5 | throughput per GPU (TFLOP/s/GPU): 358.7 | tokens/sec/GPU: 7739 | learning rate: 9.802556E-05 | global batch size:    32 | lm loss: 5.080744E+00 | loss scale: 1.0 | grad norm: 1.636 | number of skipped iterations:   0 | number of nan iterations:   0 |
3: [default3]: [2026-05-23 03:34:49.900055] iteration      237/    1537 | consumed samples:         7584 | elapsed time per iteration (ms): 1059.2 | throughput per GPU (TFLOP/s/GPU): 358.4 | tokens/sec/GPU: 7734 | learning rate: 9.799663E-05 | global batch size:    32 | lm loss: 5.044051E+00 | loss scale: 1.0 | grad norm: 0.896 | number of skipped iterations:   0 | number of nan iterations:   0 |
3: [default3]: [2026-05-23 03:34:50.953192] iteration      238/    1537 | consumed samples:         7616 | elapsed time per iteration (ms): 1052.9 | throughput per GPU (TFLOP/s/GPU): 360.6 | tokens/sec/GPU: 7780 | learning rate: 9.796750E-05 | global batch size:    32 | lm loss: 4.875443E+00 | loss scale: 1.0 | grad norm: 1.388 | number of skipped iterations:   0 | number of nan iterations:   0 |
3: [default3]: [2026-05-23 03:34:52.010554] iteration      239/    1537 | consumed samples:         7648 | elapsed time per iteration (ms): 1057.2 | throughput per GPU (TFLOP/s/GPU): 359.1 | tokens/sec/GPU: 7749 | learning rate: 9.793817E-05 | global batch size:    32 | lm loss: 5.105086E+00 | loss scale: 1.0 | grad norm: 1.112 | number of skipped iterations:   0 | number of nan iterations:   0 |
3: [default3]: [2026-05-23 03:34:53.072687] iteration      240/    1537 | consumed samples:         7680 | elapsed time per iteration (ms): 1062.0 | throughput per GPU (TFLOP/s/GPU): 357.5 | tokens/sec/GPU: 7714 | learning rate: 9.790863E-05 | global batch size:    32 | lm loss: 4.867196E+00 | loss scale: 1.0 | grad norm: 1.188 | number of skipped iterations:   0 | number of nan iterations:   0 |
3: [default3]: [2026-05-23 03:34:54.179202] iteration      241/    1537 | consumed samples:         7712 | elapsed time per iteration (ms): 1106.4 | throughput per GPU (TFLOP/s/GPU): 343.1 | tokens/sec/GPU: 7404 | learning rate: 9.787888E-05 | global batch size:    32 | lm loss: 4.952449E+00 | loss scale: 1.0 | grad norm: 0.847 | number of skipped iterations:   0 | number of nan iterations:   0 |
3: [default3]: [2026-05-23 03:34:55.248344] iteration      242/    1537 | consumed samples:         7744 | elapsed time per iteration (ms): 1069.0 | throughput per GPU (TFLOP/s/GPU): 355.1 | tokens/sec/GPU: 7663 | learning rate: 9.784893E-05 | global batch size:    32 | lm loss: 4.811366E+00 | loss scale: 1.0 | grad norm: 1.067 | number of skipped iterations:   0 | number of nan iterations:   0 |
3: [default3]: [2026-05-23 03:34:56.317041] iteration      243/    1537 | consumed samples:         7776 | elapsed time per iteration (ms): 1068.5 | throughput per GPU (TFLOP/s/GPU): 355.3 | tokens/sec/GPU: 7667 | learning rate: 9.781877E-05 | global batch size:    32 | lm loss: 4.688387E+00 | loss scale: 1.0 | grad norm: 1.057 | number of skipped iterations:   0 | number of nan iterations:   0 |
3: [default3]: [2026-05-23 03:34:57.384190] iteration      244/    1537 | consumed samples:         7808 | elapsed time per iteration (ms): 1067.0 | throughput per GPU (TFLOP/s/GPU): 355.8 | tokens/sec/GPU: 7678 | learning rate: 9.778841E-05 | global batch size:    32 | lm loss: 4.607112E+00 | loss scale: 1.0 | grad norm: 1.292 | number of skipped iterations:   0 | number of nan iterations:   0 |
3: [default3]: [2026-05-23 03:34:58.450658] iteration      245/    1537 | consumed samples:         7840 | elapsed time per iteration (ms): 1066.3 | throughput per GPU (TFLOP/s/GPU): 356.0 | tokens/sec/GPU: 7683 | learning rate: 9.775785E-05 | global batch size:    32 | lm loss: 4.957219E+00 | loss scale: 1.0 | grad norm: 0.982 | number of skipped iterations:   0 | number of nan iterations:   0 |
3: [default3]: [2026-05-23 03:34:59.510995] iteration      246/    1537 | consumed samples:         7872 | elapsed time per iteration (ms): 1060.2 | throughput per GPU (TFLOP/s/GPU): 358.1 | tokens/sec/GPU: 7727 | learning rate: 9.772708E-05 | global batch size:    32 | lm loss: 4.924272E+00 | loss scale: 1.0 | grad norm: 1.342 | number of skipped iterations:   0 | number of nan iterations:   0 |
3: [default3]: [2026-05-23 03:35:00.566089] iteration      247/    1537 | consumed samples:         7904 | elapsed time per iteration (ms): 1055.0 | throughput per GPU (TFLOP/s/GPU): 359.9 | tokens/sec/GPU: 7765 | learning rate: 9.769611E-05 | global batch size:    32 | lm loss: 4.676783E+00 | loss scale: 1.0 | grad norm: 1.067 | number of skipped iterations:   0 | number of nan iterations:   0 |
3: [default3]: [2026-05-23 03:35:01.626700] iteration      248/    1537 | consumed samples:         7936 | elapsed time per iteration (ms): 1060.4 | throughput per GPU (TFLOP/s/GPU): 358.0 | tokens/sec/GPU: 7725 | learning rate: 9.766493E-05 | global batch size:    32 | lm loss: 4.528422E+00 | loss scale: 1.0 | grad norm: 0.882 | number of skipped iterations:   0 | number of nan iterations:   0 |
3: [default3]: [2026-05-23 03:35:02.682657] iteration      249/    1537 | consumed samples:         7968 | elapsed time per iteration (ms): 1055.8 | throughput per GPU (TFLOP/s/GPU): 359.6 | tokens/sec/GPU: 7759 | learning rate: 9.763355E-05 | global batch size:    32 | lm loss: 4.493103E+00 | loss scale: 1.0 | grad norm: 1.436 | number of skipped iterations:   0 | number of nan iterations:   0 |
3: [default3]: [2026-05-23 03:35:03.742464] iteration      250/    1537 | consumed samples:         8000 | elapsed time per iteration (ms): 1059.6 | throughput per GPU (TFLOP/s/GPU): 358.3 | tokens/sec/GPU: 7731 | learning rate: 9.760197E-05 | global batch size:    32 | lm loss: 4.638133E+00 | loss scale: 1.0 | grad norm: 0.983 | number of skipped iterations:   0 | number of nan iterations:   0 |
3: [default3]: [2026-05-23 03:35:05.488482] iteration      251/    1537 | consumed samples:         8032 | elapsed time per iteration (ms): 1745.8 | throughput per GPU (TFLOP/s/GPU): 217.5 | tokens/sec/GPU: 4692 | learning rate: 9.757018E-05 | global batch size:    32 | lm loss: 4.848073E+00 | loss scale: 1.0 | grad norm: 1.344 | number of skipped iterations:   0 | number of nan iterations:   0 |
3: [default3]: [2026-05-23 03:35:06.551226] iteration      252/    1537 | consumed samples:         8064 | elapsed time per iteration (ms): 1062.6 | throughput per GPU (TFLOP/s/GPU): 357.3 | tokens/sec/GPU: 7709 | learning rate: 9.753818E-05 | global batch size:    32 | lm loss: 4.614264E+00 | loss scale: 1.0 | grad norm: 1.213 | number of skipped iterations:   0 | number of nan iterations:   0 |
3: [default3]: [2026-05-23 03:35:07.610818] iteration      253/    1537 | consumed samples:         8096 | elapsed time per iteration (ms): 1059.4 | throughput per GPU (TFLOP/s/GPU): 358.4 | tokens/sec/GPU: 7733 | learning rate: 9.750599E-05 | global batch size:    32 | lm loss: 4.890852E+00 | loss scale: 1.0 | grad norm: 1.450 | number of skipped iterations:   0 | number of nan iterations:   0 |
3: [default3]: [2026-05-23 03:35:08.670348] iteration      254/    1537 | consumed samples:         8128 | elapsed time per iteration (ms): 1059.4 | throughput per GPU (TFLOP/s/GPU): 358.4 | tokens/sec/GPU: 7733 | learning rate: 9.747359E-05 | global batch size:    32 | lm loss: 4.813714E+00 | loss scale: 1.0 | grad norm: 0.947 | number of skipped iterations:   0 | number of nan iterations:   0 |
3: [default3]: [2026-05-23 03:35:09.728557] iteration      255/    1537 | consumed samples:         8160 | elapsed time per iteration (ms): 1058.0 | throughput per GPU (TFLOP/s/GPU): 358.8 | tokens/sec/GPU: 7743 | learning rate: 9.744098E-05 | global batch size:    32 | lm loss: 4.749878E+00 | loss scale: 1.0 | grad norm: 0.993 | number of skipped iterations:   0 | number of nan iterations:   0 |
3: [default3]: [2026-05-23 03:35:10.786016] iteration      256/    1537 | consumed samples:         8192 | elapsed time per iteration (ms): 1057.3 | throughput per GPU (TFLOP/s/GPU): 359.1 | tokens/sec/GPU: 7748 | learning rate: 9.740818E-05 | global batch size:    32 | lm loss: 4.626169E+00 | loss scale: 1.0 | grad norm: 1.027 | number of skipped iterations:   0 | number of nan iterations:   0 |
3: [default3]: [2026-05-23 03:35:11.847048] iteration      257/    1537 | consumed samples:         8224 | elapsed time per iteration (ms): 1060.9 | throughput per GPU (TFLOP/s/GPU): 357.9 | tokens/sec/GPU: 7722 | learning rate: 9.737517E-05 | global batch size:    32 | lm loss: 4.584888E+00 | loss scale: 1.0 | grad norm: 0.938 | number of skipped iterations:   0 | number of nan iterations:   0 |
3: [default3]: [2026-05-23 03:35:12.907837] iteration      258/    1537 | consumed samples:         8256 | elapsed time per iteration (ms): 1060.6 | throughput per GPU (TFLOP/s/GPU): 357.9 | tokens/sec/GPU: 7724 | learning rate: 9.734197E-05 | global batch size:    32 | lm loss: 4.908167E+00 | loss scale: 1.0 | grad norm: 1.112 | number of skipped iterations:   0 | number of nan iterations:   0 |
3: [default3]: [2026-05-23 03:35:13.968822] iteration      259/    1537 | consumed samples:         8288 | elapsed time per iteration (ms): 1060.8 | throughput per GPU (TFLOP/s/GPU): 357.9 | tokens/sec/GPU: 7722 | learning rate: 9.730856E-05 | global batch size:    32 | lm loss: 4.766240E+00 | loss scale: 1.0 | grad norm: 0.993 | number of skipped iterations:   0 | number of nan iterations:   0 |
3: [default3]: [2026-05-23 03:35:15.029070] iteration      260/    1537 | consumed samples:         8320 | elapsed time per iteration (ms): 1060.1 | throughput per GPU (TFLOP/s/GPU): 358.1 | tokens/sec/GPU: 7728 | learning rate: 9.727494E-05 | global batch size:    32 | lm loss: 4.985492E+00 | loss scale: 1.0 | grad norm: 1.182 | number of skipped iterations:   0 | number of nan iterations:   0 |
3: [default3]: [2026-05-23 03:35:16.087173] iteration      261/    1537 | consumed samples:         8352 | elapsed time per iteration (ms): 1057.9 | throughput per GPU (TFLOP/s/GPU): 358.9 | tokens/sec/GPU: 7743 | learning rate: 9.724112E-05 | global batch size:    32 | lm loss: 4.859400E+00 | loss scale: 1.0 | grad norm: 1.173 | number of skipped iterations:   0 | number of nan iterations:   0 |
3: [default3]: [2026-05-23 03:35:17.149829] iteration      262/    1537 | consumed samples:         8384 | elapsed time per iteration (ms): 1062.5 | throughput per GPU (TFLOP/s/GPU): 357.3 | tokens/sec/GPU: 7710 | learning rate: 9.720711E-05 | global batch size:    32 | lm loss: 4.679097E+00 | loss scale: 1.0 | grad norm: 1.298 | number of skipped iterations:   0 | number of nan iterations:   0 |
3: [default3]: [2026-05-23 03:35:18.208344] iteration      263/    1537 | consumed samples:         8416 | elapsed time per iteration (ms): 1058.4 | throughput per GPU (TFLOP/s/GPU): 358.7 | tokens/sec/GPU: 7740 | learning rate: 9.717289E-05 | global batch size:    32 | lm loss: 4.791186E+00 | loss scale: 1.0 | grad norm: 1.103 | number of skipped iterations:   0 | number of nan iterations:   0 |
3: [default3]: [2026-05-23 03:35:19.267191] iteration      264/    1537 | consumed samples:         8448 | elapsed time per iteration (ms): 1058.7 | throughput per GPU (TFLOP/s/GPU): 358.6 | tokens/sec/GPU: 7738 | learning rate: 9.713847E-05 | global batch size:    32 | lm loss: 4.754297E+00 | loss scale: 1.0 | grad norm: 1.123 | number of skipped iterations:   0 | number of nan iterations:   0 |
3: [default3]: [2026-05-23 03:35:20.330407] iteration      265/    1537 | consumed samples:         8480 | elapsed time per iteration (ms): 1063.1 | throughput per GPU (TFLOP/s/GPU): 357.1 | tokens/sec/GPU: 7706 | learning rate: 9.710384E-05 | global batch size:    32 | lm loss: 4.810737E+00 | loss scale: 1.0 | grad norm: 1.008 | number of skipped iterations:   0 | number of nan iterations:   0 |
3: [default3]: [2026-05-23 03:35:21.383191] iteration      266/    1537 | consumed samples:         8512 | elapsed time per iteration (ms): 1052.6 | throughput per GPU (TFLOP/s/GPU): 360.7 | tokens/sec/GPU: 7782 | learning rate: 9.706902E-05 | global batch size:    32 | lm loss: 4.715849E+00 | loss scale: 1.0 | grad norm: 1.061 | number of skipped iterations:   0 | number of nan iterations:   0 |
3: [default3]: [2026-05-23 03:35:22.446661] iteration      267/    1537 | consumed samples:         8544 | elapsed time per iteration (ms): 1063.3 | throughput per GPU (TFLOP/s/GPU): 357.0 | tokens/sec/GPU: 7704 | learning rate: 9.703399E-05 | global batch size:    32 | lm loss: 4.695222E+00 | loss scale: 1.0 | grad norm: 1.060 | number of skipped iterations:   0 | number of nan iterations:   0 |
3: [default3]: [2026-05-23 03:35:23.506109] iteration      268/    1537 | consumed samples:         8576 | elapsed time per iteration (ms): 1059.2 | throughput per GPU (TFLOP/s/GPU): 358.4 | tokens/sec/GPU: 7734 | learning rate: 9.699877E-05 | global batch size:    32 | lm loss: 4.655702E+00 | loss scale: 1.0 | grad norm: 0.903 | number of skipped iterations:   0 | number of nan iterations:   0 |
3: [default3]: [2026-05-23 03:35:24.560871] iteration      269/    1537 | consumed samples:         8608 | elapsed time per iteration (ms): 1054.6 | throughput per GPU (TFLOP/s/GPU): 360.0 | tokens/sec/GPU: 7768 | learning rate: 9.696334E-05 | global batch size:    32 | lm loss: 4.741038E+00 | loss scale: 1.0 | grad norm: 0.811 | number of skipped iterations:   0 | number of nan iterations:   0 |
3: [default3]: [2026-05-23 03:35:25.609667] iteration      270/    1537 | consumed samples:         8640 | elapsed time per iteration (ms): 1048.6 | throughput per GPU (TFLOP/s/GPU): 362.0 | tokens/sec/GPU: 7812 | learning rate: 9.692771E-05 | global batch size:    32 | lm loss: 4.941414E+00 | loss scale: 1.0 | grad norm: 0.811 | number of skipped iterations:   0 | number of nan iterations:   0 |
3: [default3]: [2026-05-23 03:35:26.667660] iteration      271/    1537 | consumed samples:         8672 | elapsed time per iteration (ms): 1057.8 | throughput per GPU (TFLOP/s/GPU): 358.9 | tokens/sec/GPU: 7744 | learning rate: 9.689188E-05 | global batch size:    32 | lm loss: 4.748257E+00 | loss scale: 1.0 | grad norm: 1.308 | number of skipped iterations:   0 | number of nan iterations:   0 |
3: [default3]: [2026-05-23 03:35:27.725496] iteration      272/    1537 | consumed samples:         8704 | elapsed time per iteration (ms): 1057.7 | throughput per GPU (TFLOP/s/GPU): 358.9 | tokens/sec/GPU: 7745 | learning rate: 9.685586E-05 | global batch size:    32 | lm loss: 4.577435E+00 | loss scale: 1.0 | grad norm: 0.906 | number of skipped iterations:   0 | number of nan iterations:   0 |
3: [default3]: [2026-05-23 03:35:28.785505] iteration      273/    1537 | consumed samples:         8736 | elapsed time per iteration (ms): 1059.8 | throughput per GPU (TFLOP/s/GPU): 358.2 | tokens/sec/GPU: 7730 | learning rate: 9.681963E-05 | global batch size:    32 | lm loss: 4.735921E+00 | loss scale: 1.0 | grad norm: 1.348 | number of skipped iterations:   0 | number of nan iterations:   0 |
3: [default3]: [2026-05-23 03:35:29.843289] iteration      274/    1537 | consumed samples:         8768 | elapsed time per iteration (ms): 1057.6 | throughput per GPU (TFLOP/s/GPU): 359.0 | tokens/sec/GPU: 7746 | learning rate: 9.678320E-05 | global batch size:    32 | lm loss: 4.737618E+00 | loss scale: 1.0 | grad norm: 0.795 | number of skipped iterations:   0 | number of nan iterations:   0 |
3: [default3]: [2026-05-23 03:35:30.906040] iteration      275/    1537 | consumed samples:         8800 | elapsed time per iteration (ms): 1062.4 | throughput per GPU (TFLOP/s/GPU): 357.3 | tokens/sec/GPU: 7711 | learning rate: 9.674657E-05 | global batch size:    32 | lm loss: 4.875518E+00 | loss scale: 1.0 | grad norm: 0.839 | number of skipped iterations:   0 | number of nan iterations:   0 |
3: [default3]: [2026-05-23 03:35:31.969383] iteration      276/    1537 | consumed samples:         8832 | elapsed time per iteration (ms): 1063.0 | throughput per GPU (TFLOP/s/GPU): 357.2 | tokens/sec/GPU: 7707 | learning rate: 9.670974E-05 | global batch size:    32 | lm loss: 4.682882E+00 | loss scale: 1.0 | grad norm: 1.091 | number of skipped iterations:   0 | number of nan iterations:   0 |
3: [default3]: [2026-05-23 03:35:33.039595] iteration      277/    1537 | consumed samples:         8864 | elapsed time per iteration (ms): 1069.8 | throughput per GPU (TFLOP/s/GPU): 354.9 | tokens/sec/GPU: 7658 | learning rate: 9.667272E-05 | global batch size:    32 | lm loss: 4.714905E+00 | loss scale: 1.0 | grad norm: 0.781 | number of skipped iterations:   0 | number of nan iterations:   0 |
3: [default3]: [2026-05-23 03:35:34.099242] iteration      278/    1537 | consumed samples:         8896 | elapsed time per iteration (ms): 1059.3 | throughput per GPU (TFLOP/s/GPU): 358.4 | tokens/sec/GPU: 7733 | learning rate: 9.663549E-05 | global batch size:    32 | lm loss: 4.859979E+00 | loss scale: 1.0 | grad norm: 0.959 | number of skipped iterations:   0 | number of nan iterations:   0 |
3: [default3]: [2026-05-23 03:35:35.165639] iteration      279/    1537 | consumed samples:         8928 | elapsed time per iteration (ms): 1066.1 | throughput per GPU (TFLOP/s/GPU): 356.1 | tokens/sec/GPU: 7684 | learning rate: 9.659807E-05 | global batch size:    32 | lm loss: 4.545710E+00 | loss scale: 1.0 | grad norm: 1.133 | number of skipped iterations:   0 | number of nan iterations:   0 |
3: [default3]: [2026-05-23 03:35:36.244355] iteration      280/    1537 | consumed samples:         8960 | elapsed time per iteration (ms): 1078.6 | throughput per GPU (TFLOP/s/GPU): 352.0 | tokens/sec/GPU: 7595 | learning rate: 9.656045E-05 | global batch size:    32 | lm loss: 4.753293E+00 | loss scale: 1.0 | grad norm: 1.085 | number of skipped iterations:   0 | number of nan iterations:   0 |
3: [default3]: [2026-05-23 03:35:37.309562] iteration      281/    1537 | consumed samples:         8992 | elapsed time per iteration (ms): 1064.8 | throughput per GPU (TFLOP/s/GPU): 356.5 | tokens/sec/GPU: 7693 | learning rate: 9.652263E-05 | global batch size:    32 | lm loss: 4.452401E+00 | loss scale: 1.0 | grad norm: 1.152 | number of skipped iterations:   0 | number of nan iterations:   0 |
3: [default3]: [2026-05-23 03:35:38.368839] iteration      282/    1537 | consumed samples:         9024 | elapsed time per iteration (ms): 1059.1 | throughput per GPU (TFLOP/s/GPU): 358.5 | tokens/sec/GPU: 7735 | learning rate: 9.648460E-05 | global batch size:    32 | lm loss: 4.749286E+00 | loss scale: 1.0 | grad norm: 1.288 | number of skipped iterations:   0 | number of nan iterations:   0 |
3: [default3]: [2026-05-23 03:35:39.439205] iteration      283/    1537 | consumed samples:         9056 | elapsed time per iteration (ms): 1070.2 | throughput per GPU (TFLOP/s/GPU): 354.7 | tokens/sec/GPU: 7655 | learning rate: 9.644638E-05 | global batch size:    32 | lm loss: 4.671112E+00 | loss scale: 1.0 | grad norm: 1.039 | number of skipped iterations:   0 | number of nan iterations:   0 |
3: [default3]: [2026-05-23 03:35:40.511256] iteration      284/    1537 | consumed samples:         9088 | elapsed time per iteration (ms): 1071.9 | throughput per GPU (TFLOP/s/GPU): 354.2 | tokens/sec/GPU: 7643 | learning rate: 9.640797E-05 | global batch size:    32 | lm loss: 4.868559E+00 | loss scale: 1.0 | grad norm: 1.019 | number of skipped iterations:   0 | number of nan iterations:   0 |
3: [default3]: [2026-05-23 03:35:41.572169] iteration      285/    1537 | consumed samples:         9120 | elapsed time per iteration (ms): 1060.8 | throughput per GPU (TFLOP/s/GPU): 357.9 | tokens/sec/GPU: 7723 | learning rate: 9.636935E-05 | global batch size:    32 | lm loss: 4.704389E+00 | loss scale: 1.0 | grad norm: 1.000 | number of skipped iterations:   0 | number of nan iterations:   0 |
3: [default3]: [2026-05-23 03:35:42.629527] iteration      286/    1537 | consumed samples:         9152 | elapsed time per iteration (ms): 1057.2 | throughput per GPU (TFLOP/s/GPU): 359.1 | tokens/sec/GPU: 7749 | learning rate: 9.633054E-05 | global batch size:    32 | lm loss: 4.659906E+00 | loss scale: 1.0 | grad norm: 1.005 | number of skipped iterations:   0 | number of nan iterations:   0 |
3: [default3]: [2026-05-23 03:35:43.686091] iteration      287/    1537 | consumed samples:         9184 | elapsed time per iteration (ms): 1056.4 | throughput per GPU (TFLOP/s/GPU): 359.4 | tokens/sec/GPU: 7755 | learning rate: 9.629153E-05 | global batch size:    32 | lm loss: 4.506499E+00 | loss scale: 1.0 | grad norm: 0.842 | number of skipped iterations:   0 | number of nan iterations:   0 |
3: [default3]: [2026-05-23 03:35:44.758427] iteration      288/    1537 | consumed samples:         9216 | elapsed time per iteration (ms): 1072.1 | throughput per GPU (TFLOP/s/GPU): 354.1 | tokens/sec/GPU: 7641 | learning rate: 9.625233E-05 | global batch size:    32 | lm loss: 4.633768E+00 | loss scale: 1.0 | grad norm: 0.834 | number of skipped iterations:   0 | number of nan iterations:   0 |
3: [default3]: [2026-05-23 03:35:45.831632] iteration      289/    1537 | consumed samples:         9248 | elapsed time per iteration (ms): 1073.1 | throughput per GPU (TFLOP/s/GPU): 353.8 | tokens/sec/GPU: 7634 | learning rate: 9.621292E-05 | global batch size:    32 | lm loss: 4.513079E+00 | loss scale: 1.0 | grad norm: 0.822 | number of skipped iterations:   0 | number of nan iterations:   0 |
3: [default3]: [2026-05-23 03:35:46.889801] iteration      290/    1537 | consumed samples:         9280 | elapsed time per iteration (ms): 1058.0 | throughput per GPU (TFLOP/s/GPU): 358.8 | tokens/sec/GPU: 7743 | learning rate: 9.617332E-05 | global batch size:    32 | lm loss: 4.261323E+00 | loss scale: 1.0 | grad norm: 0.935 | number of skipped iterations:   0 | number of nan iterations:   0 |
3: [default3]: [2026-05-23 03:35:47.943831] iteration      291/    1537 | consumed samples:         9312 | elapsed time per iteration (ms): 1053.9 | throughput per GPU (TFLOP/s/GPU): 360.2 | tokens/sec/GPU: 7773 | learning rate: 9.613352E-05 | global batch size:    32 | lm loss: 4.696331E+00 | loss scale: 1.0 | grad norm: 0.901 | number of skipped iterations:   0 | number of nan iterations:   0 |
3: [default3]: [2026-05-23 03:35:49.009189] iteration      292/    1537 | consumed samples:         9344 | elapsed time per iteration (ms): 1065.2 | throughput per GPU (TFLOP/s/GPU): 356.4 | tokens/sec/GPU: 7691 | learning rate: 9.609352E-05 | global batch size:    32 | lm loss: 4.606508E+00 | loss scale: 1.0 | grad norm: 0.978 | number of skipped iterations:   0 | number of nan iterations:   0 |
3: [default3]: [2026-05-23 03:35:50.067054] iteration      293/    1537 | consumed samples:         9376 | elapsed time per iteration (ms): 1057.7 | throughput per GPU (TFLOP/s/GPU): 358.9 | tokens/sec/GPU: 7745 | learning rate: 9.605334E-05 | global batch size:    32 | lm loss: 4.574452E+00 | loss scale: 1.0 | grad norm: 1.011 | number of skipped iterations:   0 | number of nan iterations:   0 |
3: [default3]: [2026-05-23 03:35:51.125449] iteration      294/    1537 | consumed samples:         9408 | elapsed time per iteration (ms): 1058.2 | throughput per GPU (TFLOP/s/GPU): 358.7 | tokens/sec/GPU: 7741 | learning rate: 9.601295E-05 | global batch size:    32 | lm loss: 4.555086E+00 | loss scale: 1.0 | grad norm: 1.106 | number of skipped iterations:   0 | number of nan iterations:   0 |
3: [default3]: [2026-05-23 03:35:52.188739] iteration      295/    1537 | consumed samples:         9440 | elapsed time per iteration (ms): 1063.1 | throughput per GPU (TFLOP/s/GPU): 357.1 | tokens/sec/GPU: 7706 | learning rate: 9.597236E-05 | global batch size:    32 | lm loss: 4.682016E+00 | loss scale: 1.0 | grad norm: 0.798 | number of skipped iterations:   0 | number of nan iterations:   0 |
3: [default3]: [2026-05-23 03:35:53.245822] iteration      296/    1537 | consumed samples:         9472 | elapsed time per iteration (ms): 1056.9 | throughput per GPU (TFLOP/s/GPU): 359.2 | tokens/sec/GPU: 7751 | learning rate: 9.593158E-05 | global batch size:    32 | lm loss: 4.911718E+00 | loss scale: 1.0 | grad norm: 0.952 | number of skipped iterations:   0 | number of nan iterations:   0 |
3: [default3]: [2026-05-23 03:35:54.304167] iteration      297/    1537 | consumed samples:         9504 | elapsed time per iteration (ms): 1058.2 | throughput per GPU (TFLOP/s/GPU): 358.8 | tokens/sec/GPU: 7741 | learning rate: 9.589061E-05 | global batch size:    32 | lm loss: 4.654265E+00 | loss scale: 1.0 | grad norm: 1.049 | number of skipped iterations:   0 | number of nan iterations:   0 |
3: [default3]: [2026-05-23 03:35:55.365223] iteration      298/    1537 | consumed samples:         9536 | elapsed time per iteration (ms): 1060.9 | throughput per GPU (TFLOP/s/GPU): 357.8 | tokens/sec/GPU: 7722 | learning rate: 9.584943E-05 | global batch size:    32 | lm loss: 4.725416E+00 | loss scale: 1.0 | grad norm: 0.882 | number of skipped iterations:   0 | number of nan iterations:   0 |
3: [default3]: [2026-05-23 03:35:56.422038] iteration      299/    1537 | consumed samples:         9568 | elapsed time per iteration (ms): 1056.6 | throughput per GPU (TFLOP/s/GPU): 359.3 | tokens/sec/GPU: 7753 | learning rate: 9.580807E-05 | global batch size:    32 | lm loss: 4.653513E+00 | loss scale: 1.0 | grad norm: 0.793 | number of skipped iterations:   0 | number of nan iterations:   0 |
3: [default3]: [2026-05-23 03:35:57.484236] iteration      300/    1537 | consumed samples:         9600 | elapsed time per iteration (ms): 1062.0 | throughput per GPU (TFLOP/s/GPU): 357.5 | tokens/sec/GPU: 7714 | learning rate: 9.576651E-05 | global batch size:    32 | lm loss: 4.616421E+00 | loss scale: 1.0 | grad norm: 0.934 | number of skipped iterations:   0 | number of nan iterations:   0 |
3: [default3]: [2026-05-23 03:35:59.231505] iteration      301/    1537 | consumed samples:         9632 | elapsed time per iteration (ms): 1747.1 | throughput per GPU (TFLOP/s/GPU): 217.3 | tokens/sec/GPU: 4689 | learning rate: 9.572475E-05 | global batch size:    32 | lm loss: 4.467723E+00 | loss scale: 1.0 | grad norm: 0.782 | number of skipped iterations:   0 | number of nan iterations:   0 |
3: [default3]: [2026-05-23 03:36:00.297908] iteration      302/    1537 | consumed samples:         9664 | elapsed time per iteration (ms): 1066.2 | throughput per GPU (TFLOP/s/GPU): 356.1 | tokens/sec/GPU: 7683 | learning rate: 9.568280E-05 | global batch size:    32 | lm loss: 4.390027E+00 | loss scale: 1.0 | grad norm: 0.880 | number of skipped iterations:   0 | number of nan iterations:   0 |
3: [default3]: [2026-05-23 03:36:01.374005] iteration      303/    1537 | consumed samples:         9696 | elapsed time per iteration (ms): 1075.9 | throughput per GPU (TFLOP/s/GPU): 352.8 | tokens/sec/GPU: 7614 | learning rate: 9.564066E-05 | global batch size:    32 | lm loss: 4.286213E+00 | loss scale: 1.0 | grad norm: 0.750 | number of skipped iterations:   0 | number of nan iterations:   0 |
3: [default3]: [2026-05-23 03:36:02.448045] iteration      304/    1537 | consumed samples:         9728 | elapsed time per iteration (ms): 1073.9 | throughput per GPU (TFLOP/s/GPU): 353.5 | tokens/sec/GPU: 7629 | learning rate: 9.559832E-05 | global batch size:    32 | lm loss: 4.505456E+00 | loss scale: 1.0 | grad norm: 0.727 | number of skipped iterations:   0 | number of nan iterations:   0 |
3: [default3]: [2026-05-23 03:36:03.517102] iteration      305/    1537 | consumed samples:         9760 | elapsed time per iteration (ms): 1068.9 | throughput per GPU (TFLOP/s/GPU): 355.2 | tokens/sec/GPU: 7664 | learning rate: 9.555578E-05 | global batch size:    32 | lm loss: 4.544229E+00 | loss scale: 1.0 | grad norm: 0.812 | number of skipped iterations:   0 | number of nan iterations:   0 |
3: [default3]: [2026-05-23 03:36:04.578233] iteration      306/    1537 | consumed samples:         9792 | elapsed time per iteration (ms): 1061.0 | throughput per GPU (TFLOP/s/GPU): 357.8 | tokens/sec/GPU: 7721 | learning rate: 9.551306E-05 | global batch size:    32 | lm loss: 4.471131E+00 | loss scale: 1.0 | grad norm: 0.764 | number of skipped iterations:   0 | number of nan iterations:   0 |
3: [default3]: [2026-05-23 03:36:05.632944] iteration      307/    1537 | consumed samples:         9824 | elapsed time per iteration (ms): 1054.5 | throughput per GPU (TFLOP/s/GPU): 360.0 | tokens/sec/GPU: 7768 | learning rate: 9.547014E-05 | global batch size:    32 | lm loss: 4.583054E+00 | loss scale: 1.0 | grad norm: 1.350 | number of skipped iterations:   0 | number of nan iterations:   0 |
3: [default3]: [2026-05-23 03:36:06.694627] iteration      308/    1537 | consumed samples:         9856 | elapsed time per iteration (ms): 1061.5 | throughput per GPU (TFLOP/s/GPU): 357.6 | tokens/sec/GPU: 7717 | learning rate: 9.542703E-05 | global batch size:    32 | lm loss: 4.414667E+00 | loss scale: 1.0 | grad norm: 1.231 | number of skipped iterations:   0 | number of nan iterations:   0 |
3: [default3]: [2026-05-23 03:36:07.767395] iteration      309/    1537 | consumed samples:         9888 | elapsed time per iteration (ms): 1072.6 | throughput per GPU (TFLOP/s/GPU): 353.9 | tokens/sec/GPU: 7638 | learning rate: 9.538372E-05 | global batch size:    32 | lm loss: 4.804279E+00 | loss scale: 1.0 | grad norm: 0.758 | number of skipped iterations:   0 | number of nan iterations:   0 |
3: [default3]: [2026-05-23 03:36:08.848812] iteration      310/    1537 | consumed samples:         9920 | elapsed time per iteration (ms): 1081.3 | throughput per GPU (TFLOP/s/GPU): 351.1 | tokens/sec/GPU: 7576 | learning rate: 9.534022E-05 | global batch size:    32 | lm loss: 4.576079E+00 | loss scale: 1.0 | grad norm: 0.902 | number of skipped iterations:   0 | number of nan iterations:   0 |
3: [default3]: [2026-05-23 03:36:09.926482] iteration      311/    1537 | consumed samples:         9952 | elapsed time per iteration (ms): 1077.5 | throughput per GPU (TFLOP/s/GPU): 352.3 | tokens/sec/GPU: 7603 | learning rate: 9.529653E-05 | global batch size:    32 | lm loss: 4.575718E+00 | loss scale: 1.0 | grad norm: 0.735 | number of skipped iterations:   0 | number of nan iterations:   0 |
3: [default3]: [2026-05-23 03:36:11.009090] iteration      312/    1537 | consumed samples:         9984 | elapsed time per iteration (ms): 1082.4 | throughput per GPU (TFLOP/s/GPU): 350.7 | tokens/sec/GPU: 7568 | learning rate: 9.525264E-05 | global batch size:    32 | lm loss: 4.378402E+00 | loss scale: 1.0 | grad norm: 1.098 | number of skipped iterations:   0 | number of nan iterations:   0 |
3: [default3]: [2026-05-23 03:36:12.088979] iteration      313/    1537 | consumed samples:        10016 | elapsed time per iteration (ms): 1079.7 | throughput per GPU (TFLOP/s/GPU): 351.6 | tokens/sec/GPU: 7587 | learning rate: 9.520856E-05 | global batch size:    32 | lm loss: 4.644808E+00 | loss scale: 1.0 | grad norm: 0.933 | number of skipped iterations:   0 | number of nan iterations:   0 |
3: [default3]: [2026-05-23 03:36:13.172637] iteration      314/    1537 | consumed samples:        10048 | elapsed time per iteration (ms): 1083.5 | throughput per GPU (TFLOP/s/GPU): 350.4 | tokens/sec/GPU: 7561 | learning rate: 9.516429E-05 | global batch size:    32 | lm loss: 4.551221E+00 | loss scale: 1.0 | grad norm: 0.792 | number of skipped iterations:   0 | number of nan iterations:   0 |
3: [default3]: [2026-05-23 03:36:14.248128] iteration      315/    1537 | consumed samples:        10080 | elapsed time per iteration (ms): 1075.3 | throughput per GPU (TFLOP/s/GPU): 353.1 | tokens/sec/GPU: 7618 | learning rate: 9.511983E-05 | global batch size:    32 | lm loss: 4.678906E+00 | loss scale: 1.0 | grad norm: 1.087 | number of skipped iterations:   0 | number of nan iterations:   0 |
3: [default3]: [2026-05-23 03:36:15.335466] iteration      316/    1537 | consumed samples:        10112 | elapsed time per iteration (ms): 1087.2 | throughput per GPU (TFLOP/s/GPU): 349.2 | tokens/sec/GPU: 7535 | learning rate: 9.507518E-05 | global batch size:    32 | lm loss: 4.611361E+00 | loss scale: 1.0 | grad norm: 0.715 | number of skipped iterations:   0 | number of nan iterations:   0 |
3: [default3]: [2026-05-23 03:36:16.414154] iteration      317/    1537 | consumed samples:        10144 | elapsed time per iteration (ms): 1078.5 | throughput per GPU (TFLOP/s/GPU): 352.0 | tokens/sec/GPU: 7595 | learning rate: 9.503033E-05 | global batch size:    32 | lm loss: 4.512379E+00 | loss scale: 1.0 | grad norm: 0.844 | number of skipped iterations:   0 | number of nan iterations:   0 |
3: [default3]: [2026-05-23 03:36:17.481860] iteration      318/    1537 | consumed samples:        10176 | elapsed time per iteration (ms): 1067.5 | throughput per GPU (TFLOP/s/GPU): 355.6 | tokens/sec/GPU: 7674 | learning rate: 9.498529E-05 | global batch size:    32 | lm loss: 4.501748E+00 | loss scale: 1.0 | grad norm: 0.878 | number of skipped iterations:   0 | number of nan iterations:   0 |
3: [default3]: [2026-05-23 03:36:18.543137] iteration      319/    1537 | consumed samples:        10208 | elapsed time per iteration (ms): 1061.1 | throughput per GPU (TFLOP/s/GPU): 357.8 | tokens/sec/GPU: 7720 | learning rate: 9.494006E-05 | global batch size:    32 | lm loss: 4.514607E+00 | loss scale: 1.0 | grad norm: 1.164 | number of skipped iterations:   0 | number of nan iterations:   0 |
3: [default3]: [2026-05-23 03:36:19.601542] iteration      320/    1537 | consumed samples:        10240 | elapsed time per iteration (ms): 1058.2 | throughput per GPU (TFLOP/s/GPU): 358.8 | tokens/sec/GPU: 7741 | learning rate: 9.489465E-05 | global batch size:    32 | lm loss: 4.566522E+00 | loss scale: 1.0 | grad norm: 0.910 | number of skipped iterations:   0 | number of nan iterations:   0 |
3: [default3]: [2026-05-23 03:36:20.656209] iteration      321/    1537 | consumed samples:        10272 | elapsed time per iteration (ms): 1054.5 | throughput per GPU (TFLOP/s/GPU): 360.0 | tokens/sec/GPU: 7769 | learning rate: 9.484903E-05 | global batch size:    32 | lm loss: 4.621400E+00 | loss scale: 1.0 | grad norm: 0.899 | number of skipped iterations:   0 | number of nan iterations:   0 |
3: [default3]: [2026-05-23 03:36:21.715466] iteration      322/    1537 | consumed samples:        10304 | elapsed time per iteration (ms): 1059.1 | throughput per GPU (TFLOP/s/GPU): 358.5 | tokens/sec/GPU: 7735 | learning rate: 9.480324E-05 | global batch size:    32 | lm loss: 4.395131E+00 | loss scale: 1.0 | grad norm: 0.771 | number of skipped iterations:   0 | number of nan iterations:   0 |
3: [default3]: [2026-05-23 03:36:22.771161] iteration      323/    1537 | consumed samples:        10336 | elapsed time per iteration (ms): 1055.5 | throughput per GPU (TFLOP/s/GPU): 359.7 | tokens/sec/GPU: 7761 | learning rate: 9.475725E-05 | global batch size:    32 | lm loss: 4.544494E+00 | loss scale: 1.0 | grad norm: 0.926 | number of skipped iterations:   0 | number of nan iterations:   0 |
3: [default3]: [2026-05-23 03:36:23.828961] iteration      324/    1537 | consumed samples:        10368 | elapsed time per iteration (ms): 1057.6 | throughput per GPU (TFLOP/s/GPU): 359.0 | tokens/sec/GPU: 7746 | learning rate: 9.471107E-05 | global batch size:    32 | lm loss: 4.330448E+00 | loss scale: 1.0 | grad norm: 0.987 | number of skipped iterations:   0 | number of nan iterations:   0 |
3: [default3]: [2026-05-23 03:36:24.889254] iteration      325/    1537 | consumed samples:        10400 | elapsed time per iteration (ms): 1060.1 | throughput per GPU (TFLOP/s/GPU): 358.1 | tokens/sec/GPU: 7727 | learning rate: 9.466470E-05 | global batch size:    32 | lm loss: 4.429504E+00 | loss scale: 1.0 | grad norm: 0.879 | number of skipped iterations:   0 | number of nan iterations:   0 |
3: [default3]: [2026-05-23 03:36:25.949495] iteration      326/    1537 | consumed samples:        10432 | elapsed time per iteration (ms): 1060.1 | throughput per GPU (TFLOP/s/GPU): 358.1 | tokens/sec/GPU: 7728 | learning rate: 9.461814E-05 | global batch size:    32 | lm loss: 4.270400E+00 | loss scale: 1.0 | grad norm: 1.372 | number of skipped iterations:   0 | number of nan iterations:   0 |
3: [default3]: [2026-05-23 03:36:27.014945] iteration      327/    1537 | consumed samples:        10464 | elapsed time per iteration (ms): 1065.2 | throughput per GPU (TFLOP/s/GPU): 356.4 | tokens/sec/GPU: 7690 | learning rate: 9.457139E-05 | global batch size:    32 | lm loss: 4.242302E+00 | loss scale: 1.0 | grad norm: 1.021 | number of skipped iterations:   0 | number of nan iterations:   0 |
3: [default3]: [2026-05-23 03:36:28.077176] iteration      328/    1537 | consumed samples:        10496 | elapsed time per iteration (ms): 1062.1 | throughput per GPU (TFLOP/s/GPU): 357.5 | tokens/sec/GPU: 7713 | learning rate: 9.452445E-05 | global batch size:    32 | lm loss: 4.391880E+00 | loss scale: 1.0 | grad norm: 0.849 | number of skipped iterations:   0 | number of nan iterations:   0 |
3: [default3]: [2026-05-23 03:36:29.137645] iteration      329/    1537 | consumed samples:        10528 | elapsed time per iteration (ms): 1060.3 | throughput per GPU (TFLOP/s/GPU): 358.0 | tokens/sec/GPU: 7726 | learning rate: 9.447733E-05 | global batch size:    32 | lm loss: 4.377639E+00 | loss scale: 1.0 | grad norm: 0.787 | number of skipped iterations:   0 | number of nan iterations:   0 |
3: [default3]: [2026-05-23 03:36:30.203423] iteration      330/    1537 | consumed samples:        10560 | elapsed time per iteration (ms): 1065.6 | throughput per GPU (TFLOP/s/GPU): 356.3 | tokens/sec/GPU: 7688 | learning rate: 9.443001E-05 | global batch size:    32 | lm loss: 4.161353E+00 | loss scale: 1.0 | grad norm: 1.184 | number of skipped iterations:   0 | number of nan iterations:   0 |
3: [default3]: [2026-05-23 03:36:31.264556] iteration      331/    1537 | consumed samples:        10592 | elapsed time per iteration (ms): 1061.0 | throughput per GPU (TFLOP/s/GPU): 357.8 | tokens/sec/GPU: 7721 | learning rate: 9.438251E-05 | global batch size:    32 | lm loss: 4.587317E+00 | loss scale: 1.0 | grad norm: 0.926 | number of skipped iterations:   0 | number of nan iterations:   0 |
3: [default3]: [2026-05-23 03:36:32.327612] iteration      332/    1537 | consumed samples:        10624 | elapsed time per iteration (ms): 1062.9 | throughput per GPU (TFLOP/s/GPU): 357.2 | tokens/sec/GPU: 7707 | learning rate: 9.433481E-05 | global batch size:    32 | lm loss: 4.530632E+00 | loss scale: 1.0 | grad norm: 0.926 | number of skipped iterations:   0 | number of nan iterations:   0 |
3: [default3]: [2026-05-23 03:36:33.396012] iteration      333/    1537 | consumed samples:        10656 | elapsed time per iteration (ms): 1068.2 | throughput per GPU (TFLOP/s/GPU): 355.4 | tokens/sec/GPU: 7669 | learning rate: 9.428693E-05 | global batch size:    32 | lm loss: 4.469703E+00 | loss scale: 1.0 | grad norm: 0.754 | number of skipped iterations:   0 | number of nan iterations:   0 |
3: [default3]: [2026-05-23 03:36:34.458169] iteration      334/    1537 | consumed samples:        10688 | elapsed time per iteration (ms): 1062.0 | throughput per GPU (TFLOP/s/GPU): 357.5 | tokens/sec/GPU: 7714 | learning rate: 9.423887E-05 | global batch size:    32 | lm loss: 4.449989E+00 | loss scale: 1.0 | grad norm: 0.900 | number of skipped iterations:   0 | number of nan iterations:   0 |
3: [default3]: [2026-05-23 03:36:35.523360] iteration      335/    1537 | consumed samples:        10720 | elapsed time per iteration (ms): 1065.0 | throughput per GPU (TFLOP/s/GPU): 356.5 | tokens/sec/GPU: 7692 | learning rate: 9.419061E-05 | global batch size:    32 | lm loss: 4.260635E+00 | loss scale: 1.0 | grad norm: 0.833 | number of skipped iterations:   0 | number of nan iterations:   0 |
3: [default3]: [2026-05-23 03:36:36.584703] iteration      336/    1537 | consumed samples:        10752 | elapsed time per iteration (ms): 1061.2 | throughput per GPU (TFLOP/s/GPU): 357.8 | tokens/sec/GPU: 7720 | learning rate: 9.414217E-05 | global batch size:    32 | lm loss: 4.448074E+00 | loss scale: 1.0 | grad norm: 0.836 | number of skipped iterations:   0 | number of nan iterations:   0 |
3: [default3]: [2026-05-23 03:36:37.648081] iteration      337/    1537 | consumed samples:        10784 | elapsed time per iteration (ms): 1063.2 | throughput per GPU (TFLOP/s/GPU): 357.1 | tokens/sec/GPU: 7705 | learning rate: 9.409354E-05 | global batch size:    32 | lm loss: 4.445686E+00 | loss scale: 1.0 | grad norm: 0.834 | number of skipped iterations:   0 | number of nan iterations:   0 |
3: [default3]: [2026-05-23 03:36:38.710001] iteration      338/    1537 | consumed samples:        10816 | elapsed time per iteration (ms): 1061.7 | throughput per GPU (TFLOP/s/GPU): 357.6 | tokens/sec/GPU: 7716 | learning rate: 9.404472E-05 | global batch size:    32 | lm loss: 4.501577E+00 | loss scale: 1.0 | grad norm: 1.019 | number of skipped iterations:   0 | number of nan iterations:   0 |
3: [default3]: [2026-05-23 03:36:39.770306] iteration      339/    1537 | consumed samples:        10848 | elapsed time per iteration (ms): 1060.1 | throughput per GPU (TFLOP/s/GPU): 358.1 | tokens/sec/GPU: 7727 | learning rate: 9.399572E-05 | global batch size:    32 | lm loss: 4.427608E+00 | loss scale: 1.0 | grad norm: 0.875 | number of skipped iterations:   0 | number of nan iterations:   0 |
3: [default3]: [2026-05-23 03:36:40.828821] iteration      340/    1537 | consumed samples:        10880 | elapsed time per iteration (ms): 1058.3 | throughput per GPU (TFLOP/s/GPU): 358.7 | tokens/sec/GPU: 7740 | learning rate: 9.394652E-05 | global batch size:    32 | lm loss: 4.678042E+00 | loss scale: 1.0 | grad norm: 0.764 | number of skipped iterations:   0 | number of nan iterations:   0 |
3: [default3]: [2026-05-23 03:36:41.893865] iteration      341/    1537 | consumed samples:        10912 | elapsed time per iteration (ms): 1064.9 | throughput per GPU (TFLOP/s/GPU): 356.5 | tokens/sec/GPU: 7693 | learning rate: 9.389715E-05 | global batch size:    32 | lm loss: 4.386604E+00 | loss scale: 1.0 | grad norm: 0.759 | number of skipped iterations:   0 | number of nan iterations:   0 |
3: [default3]: [2026-05-23 03:36:42.954830] iteration      342/    1537 | consumed samples:        10944 | elapsed time per iteration (ms): 1060.8 | throughput per GPU (TFLOP/s/GPU): 357.9 | tokens/sec/GPU: 7723 | learning rate: 9.384759E-05 | global batch size:    32 | lm loss: 4.400917E+00 | loss scale: 1.0 | grad norm: 0.778 | number of skipped iterations:   0 | number of nan iterations:   0 |
3: [default3]: [2026-05-23 03:36:44.030546] iteration      343/    1537 | consumed samples:        10976 | elapsed time per iteration (ms): 1075.6 | throughput per GPU (TFLOP/s/GPU): 353.0 | tokens/sec/GPU: 7616 | learning rate: 9.379784E-05 | global batch size:    32 | lm loss: 4.343743E+00 | loss scale: 1.0 | grad norm: 0.972 | number of skipped iterations:   0 | number of nan iterations:   0 |
3: [default3]: [2026-05-23 03:36:45.108793] iteration      344/    1537 | consumed samples:        11008 | elapsed time per iteration (ms): 1078.1 | throughput per GPU (TFLOP/s/GPU): 352.2 | tokens/sec/GPU: 7599 | learning rate: 9.374791E-05 | global batch size:    32 | lm loss: 4.411979E+00 | loss scale: 1.0 | grad norm: 0.923 | number of skipped iterations:   0 | number of nan iterations:   0 |
3: [default3]: [2026-05-23 03:36:46.169963] iteration      345/    1537 | consumed samples:        11040 | elapsed time per iteration (ms): 1061.0 | throughput per GPU (TFLOP/s/GPU): 357.8 | tokens/sec/GPU: 7721 | learning rate: 9.369779E-05 | global batch size:    32 | lm loss: 4.230720E+00 | loss scale: 1.0 | grad norm: 0.719 | number of skipped iterations:   0 | number of nan iterations:   0 |
3: [default3]: [2026-05-23 03:36:47.226146] iteration      346/    1537 | consumed samples:        11072 | elapsed time per iteration (ms): 1056.0 | throughput per GPU (TFLOP/s/GPU): 359.5 | tokens/sec/GPU: 7757 | learning rate: 9.364748E-05 | global batch size:    32 | lm loss: 4.188626E+00 | loss scale: 1.0 | grad norm: 0.752 | number of skipped iterations:   0 | number of nan iterations:   0 |
3: [default3]: [2026-05-23 03:36:48.286873] iteration      347/    1537 | consumed samples:        11104 | elapsed time per iteration (ms): 1060.5 | throughput per GPU (TFLOP/s/GPU): 358.0 | tokens/sec/GPU: 7724 | learning rate: 9.359699E-05 | global batch size:    32 | lm loss: 4.331035E+00 | loss scale: 1.0 | grad norm: 0.655 | number of skipped iterations:   0 | number of nan iterations:   0 |
3: [default3]: [2026-05-23 03:36:49.344711] iteration      348/    1537 | consumed samples:        11136 | elapsed time per iteration (ms): 1057.7 | throughput per GPU (TFLOP/s/GPU): 358.9 | tokens/sec/GPU: 7745 | learning rate: 9.354632E-05 | global batch size:    32 | lm loss: 4.015868E+00 | loss scale: 1.0 | grad norm: 0.770 | number of skipped iterations:   0 | number of nan iterations:   0 |
3: [default3]: [2026-05-23 03:36:50.404632] iteration      349/    1537 | consumed samples:        11168 | elapsed time per iteration (ms): 1059.8 | throughput per GPU (TFLOP/s/GPU): 358.2 | tokens/sec/GPU: 7730 | learning rate: 9.349547E-05 | global batch size:    32 | lm loss: 4.051198E+00 | loss scale: 1.0 | grad norm: 0.692 | number of skipped iterations:   0 | number of nan iterations:   0 |
3: [default3]: [2026-05-23 03:36:51.464141] iteration      350/    1537 | consumed samples:        11200 | elapsed time per iteration (ms): 1059.3 | throughput per GPU (TFLOP/s/GPU): 358.4 | tokens/sec/GPU: 7733 | learning rate: 9.344443E-05 | global batch size:    32 | lm loss: 4.445731E+00 | loss scale: 1.0 | grad norm: 0.972 | number of skipped iterations:   0 | number of nan iterations:   0 |
3: [default3]: [2026-05-23 03:36:53.208668] iteration      351/    1537 | consumed samples:        11232 | elapsed time per iteration (ms): 1744.4 | throughput per GPU (TFLOP/s/GPU): 217.6 | tokens/sec/GPU: 4696 | learning rate: 9.339320E-05 | global batch size:    32 | lm loss: 4.360289E+00 | loss scale: 1.0 | grad norm: 0.716 | number of skipped iterations:   0 | number of nan iterations:   0 |
3: [default3]: [2026-05-23 03:36:54.267642] iteration      352/    1537 | consumed samples:        11264 | elapsed time per iteration (ms): 1058.8 | throughput per GPU (TFLOP/s/GPU): 358.6 | tokens/sec/GPU: 7737 | learning rate: 9.334180E-05 | global batch size:    32 | lm loss: 4.162388E+00 | loss scale: 1.0 | grad norm: 0.756 | number of skipped iterations:   0 | number of nan iterations:   0 |
3: [default3]: [2026-05-23 03:36:55.328969] iteration      353/    1537 | consumed samples:        11296 | elapsed time per iteration (ms): 1061.1 | throughput per GPU (TFLOP/s/GPU): 357.8 | tokens/sec/GPU: 7720 | learning rate: 9.329020E-05 | global batch size:    32 | lm loss: 4.303618E+00 | loss scale: 1.0 | grad norm: 0.856 | number of skipped iterations:   0 | number of nan iterations:   0 |
3: [default3]: [2026-05-23 03:36:56.388786] iteration      354/    1537 | consumed samples:        11328 | elapsed time per iteration (ms): 1059.7 | throughput per GPU (TFLOP/s/GPU): 358.3 | tokens/sec/GPU: 7731 | learning rate: 9.323843E-05 | global batch size:    32 | lm loss: 4.568698E+00 | loss scale: 1.0 | grad norm: 0.822 | number of skipped iterations:   0 | number of nan iterations:   0 |
3: [default3]: [2026-05-23 03:36:57.449549] iteration      355/    1537 | consumed samples:        11360 | elapsed time per iteration (ms): 1060.6 | throughput per GPU (TFLOP/s/GPU): 358.0 | tokens/sec/GPU: 7724 | learning rate: 9.318647E-05 | global batch size:    32 | lm loss: 4.502526E+00 | loss scale: 1.0 | grad norm: 0.700 | number of skipped iterations:   0 | number of nan iterations:   0 |
3: [default3]: [2026-05-23 03:36:58.509128] iteration      356/    1537 | consumed samples:        11392 | elapsed time per iteration (ms): 1059.4 | throughput per GPU (TFLOP/s/GPU): 358.4 | tokens/sec/GPU: 7733 | learning rate: 9.313433E-05 | global batch size:    32 | lm loss: 4.378586E+00 | loss scale: 1.0 | grad norm: 0.811 | number of skipped iterations:   0 | number of nan iterations:   0 |
3: [default3]: [2026-05-23 03:36:59.567921] iteration      357/    1537 | consumed samples:        11424 | elapsed time per iteration (ms): 1058.6 | throughput per GPU (TFLOP/s/GPU): 358.6 | tokens/sec/GPU: 7738 | learning rate: 9.308201E-05 | global batch size:    32 | lm loss: 4.407043E+00 | loss scale: 1.0 | grad norm: 0.863 | number of skipped iterations:   0 | number of nan iterations:   0 |
3: [default3]: [2026-05-23 03:37:00.624918] iteration      358/    1537 | consumed samples:        11456 | elapsed time per iteration (ms): 1056.8 | throughput per GPU (TFLOP/s/GPU): 359.2 | tokens/sec/GPU: 7752 | learning rate: 9.302951E-05 | global batch size:    32 | lm loss: 4.453081E+00 | loss scale: 1.0 | grad norm: 0.700 | number of skipped iterations:   0 | number of nan iterations:   0 |
3: [default3]: [2026-05-23 03:37:01.682422] iteration      359/    1537 | consumed samples:        11488 | elapsed time per iteration (ms): 1057.4 | throughput per GPU (TFLOP/s/GPU): 359.0 | tokens/sec/GPU: 7748 | learning rate: 9.297682E-05 | global batch size:    32 | lm loss: 4.323733E+00 | loss scale: 1.0 | grad norm: 0.837 | number of skipped iterations:   0 | number of nan iterations:   0 |
3: [default3]: [2026-05-23 03:37:02.739779] iteration      360/    1537 | consumed samples:        11520 | elapsed time per iteration (ms): 1057.2 | throughput per GPU (TFLOP/s/GPU): 359.1 | tokens/sec/GPU: 7749 | learning rate: 9.292395E-05 | global batch size:    32 | lm loss: 4.115849E+00 | loss scale: 1.0 | grad norm: 0.995 | number of skipped iterations:   0 | number of nan iterations:   0 |
3: [default3]: [2026-05-23 03:37:03.798152] iteration      361/    1537 | consumed samples:        11552 | elapsed time per iteration (ms): 1058.2 | throughput per GPU (TFLOP/s/GPU): 358.8 | tokens/sec/GPU: 7741 | learning rate: 9.287091E-05 | global batch size:    32 | lm loss: 4.189987E+00 | loss scale: 1.0 | grad norm: 0.833 | number of skipped iterations:   0 | number of nan iterations:   0 |
3: [default3]: [2026-05-23 03:37:04.855203] iteration      362/    1537 | consumed samples:        11584 | elapsed time per iteration (ms): 1056.9 | throughput per GPU (TFLOP/s/GPU): 359.2 | tokens/sec/GPU: 7751 | learning rate: 9.281768E-05 | global batch size:    32 | lm loss: 4.367678E+00 | loss scale: 1.0 | grad norm: 1.335 | number of skipped iterations:   0 | number of nan iterations:   0 |
3: [default3]: [2026-05-23 03:37:05.924532] iteration      363/    1537 | consumed samples:        11616 | elapsed time per iteration (ms): 1069.2 | throughput per GPU (TFLOP/s/GPU): 355.1 | tokens/sec/GPU: 7662 | learning rate: 9.276427E-05 | global batch size:    32 | lm loss: 4.236841E+00 | loss scale: 1.0 | grad norm: 0.773 | number of skipped iterations:   0 | number of nan iterations:   0 |
3: [default3]: [2026-05-23 03:37:06.983771] iteration      364/    1537 | consumed samples:        11648 | elapsed time per iteration (ms): 1059.0 | throughput per GPU (TFLOP/s/GPU): 358.5 | tokens/sec/GPU: 7735 | learning rate: 9.271068E-05 | global batch size:    32 | lm loss: 4.344484E+00 | loss scale: 1.0 | grad norm: 0.881 | number of skipped iterations:   0 | number of nan iterations:   0 |
3: [default3]: [2026-05-23 03:37:08.042611] iteration      365/    1537 | consumed samples:        11680 | elapsed time per iteration (ms): 1058.7 | throughput per GPU (TFLOP/s/GPU): 358.6 | tokens/sec/GPU: 7738 | learning rate: 9.265690E-05 | global batch size:    32 | lm loss: 4.513430E+00 | loss scale: 1.0 | grad norm: 0.719 | number of skipped iterations:   0 | number of nan iterations:   0 |
3: [default3]: [2026-05-23 03:37:09.100211] iteration      366/    1537 | consumed samples:        11712 | elapsed time per iteration (ms): 1057.4 | throughput per GPU (TFLOP/s/GPU): 359.0 | tokens/sec/GPU: 7747 | learning rate: 9.260296E-05 | global batch size:    32 | lm loss: 4.594890E+00 | loss scale: 1.0 | grad norm: 0.814 | number of skipped iterations:   0 | number of nan iterations:   0 |
3: [default3]: [2026-05-23 03:37:10.165838] iteration      367/    1537 | consumed samples:        11744 | elapsed time per iteration (ms): 1065.3 | throughput per GPU (TFLOP/s/GPU): 356.4 | tokens/sec/GPU: 7690 | learning rate: 9.254883E-05 | global batch size:    32 | lm loss: 4.327384E+00 | loss scale: 1.0 | grad norm: 0.781 | number of skipped iterations:   0 | number of nan iterations:   0 |
3: [default3]: [2026-05-23 03:37:11.241327] iteration      368/    1537 | consumed samples:        11776 | elapsed time per iteration (ms): 1075.3 | throughput per GPU (TFLOP/s/GPU): 353.0 | tokens/sec/GPU: 7618 | learning rate: 9.249452E-05 | global batch size:    32 | lm loss: 4.228692E+00 | loss scale: 1.0 | grad norm: 0.763 | number of skipped iterations:   0 | number of nan iterations:   0 |
3: [default3]: [2026-05-23 03:37:12.311654] iteration      369/    1537 | consumed samples:        11808 | elapsed time per iteration (ms): 1070.2 | throughput per GPU (TFLOP/s/GPU): 354.8 | tokens/sec/GPU: 7655 | learning rate: 9.244003E-05 | global batch size:    32 | lm loss: 4.297469E+00 | loss scale: 1.0 | grad norm: 0.822 | number of skipped iterations:   0 | number of nan iterations:   0 |
3: [default3]: [2026-05-23 03:37:13.376541] iteration      370/    1537 | consumed samples:        11840 | elapsed time per iteration (ms): 1064.7 | throughput per GPU (TFLOP/s/GPU): 356.6 | tokens/sec/GPU: 7694 | learning rate: 9.238536E-05 | global batch size:    32 | lm loss: 4.142517E+00 | loss scale: 1.0 | grad norm: 0.808 | number of skipped iterations:   0 | number of nan iterations:   0 |
3: [default3]: [2026-05-23 03:37:14.438415] iteration      371/    1537 | consumed samples:        11872 | elapsed time per iteration (ms): 1061.7 | throughput per GPU (TFLOP/s/GPU): 357.6 | tokens/sec/GPU: 7716 | learning rate: 9.233051E-05 | global batch size:    32 | lm loss: 4.151351E+00 | loss scale: 1.0 | grad norm: 0.869 | number of skipped iterations:   0 | number of nan iterations:   0 |
3: [default3]: [2026-05-23 03:37:15.495164] iteration      372/    1537 | consumed samples:        11904 | elapsed time per iteration (ms): 1056.6 | throughput per GPU (TFLOP/s/GPU): 359.3 | tokens/sec/GPU: 7753 | learning rate: 9.227548E-05 | global batch size:    32 | lm loss: 4.469679E+00 | loss scale: 1.0 | grad norm: 0.742 | number of skipped iterations:   0 | number of nan iterations:   0 |
3: [default3]: [2026-05-23 03:37:16.551893] iteration      373/    1537 | consumed samples:        11936 | elapsed time per iteration (ms): 1056.5 | throughput per GPU (TFLOP/s/GPU): 359.3 | tokens/sec/GPU: 7754 | learning rate: 9.222028E-05 | global batch size:    32 | lm loss: 4.217957E+00 | loss scale: 1.0 | grad norm: 0.721 | number of skipped iterations:   0 | number of nan iterations:   0 |
3: [default3]: [2026-05-23 03:37:17.613479] iteration      374/    1537 | consumed samples:        11968 | elapsed time per iteration (ms): 1061.4 | throughput per GPU (TFLOP/s/GPU): 357.7 | tokens/sec/GPU: 7718 | learning rate: 9.216490E-05 | global batch size:    32 | lm loss: 4.045078E+00 | loss scale: 1.0 | grad norm: 0.794 | number of skipped iterations:   0 | number of nan iterations:   0 |
3: [default3]: [2026-05-23 03:37:18.679183] iteration      375/    1537 | consumed samples:        12000 | elapsed time per iteration (ms): 1065.5 | throughput per GPU (TFLOP/s/GPU): 356.3 | tokens/sec/GPU: 7689 | learning rate: 9.210935E-05 | global batch size:    32 | lm loss: 4.360373E+00 | loss scale: 1.0 | grad norm: 0.717 | number of skipped iterations:   0 | number of nan iterations:   0 |
3: [default3]: [2026-05-23 03:37:19.753225] iteration      376/    1537 | consumed samples:        12032 | elapsed time per iteration (ms): 1073.9 | throughput per GPU (TFLOP/s/GPU): 353.5 | tokens/sec/GPU: 7628 | learning rate: 9.205361E-05 | global batch size:    32 | lm loss: 4.563638E+00 | loss scale: 1.0 | grad norm: 1.108 | number of skipped iterations:   0 | number of nan iterations:   0 |
3: [default3]: [2026-05-23 03:37:20.825193] iteration      377/    1537 | consumed samples:        12064 | elapsed time per iteration (ms): 1071.7 | throughput per GPU (TFLOP/s/GPU): 354.2 | tokens/sec/GPU: 7644 | learning rate: 9.199770E-05 | global batch size:    32 | lm loss: 4.344419E+00 | loss scale: 1.0 | grad norm: 0.764 | number of skipped iterations:   0 | number of nan iterations:   0 |
3: [default3]: [2026-05-23 03:37:21.896492] iteration      378/    1537 | consumed samples:        12096 | elapsed time per iteration (ms): 1071.2 | throughput per GPU (TFLOP/s/GPU): 354.4 | tokens/sec/GPU: 7648 | learning rate: 9.194161E-05 | global batch size:    32 | lm loss: 4.341261E+00 | loss scale: 1.0 | grad norm: 0.772 | number of skipped iterations:   0 | number of nan iterations:   0 |
3: [default3]: [2026-05-23 03:37:22.969491] iteration      379/    1537 | consumed samples:        12128 | elapsed time per iteration (ms): 1072.8 | throughput per GPU (TFLOP/s/GPU): 353.9 | tokens/sec/GPU: 7636 | learning rate: 9.188534E-05 | global batch size:    32 | lm loss: 4.592015E+00 | loss scale: 1.0 | grad norm: 1.059 | number of skipped iterations:   0 | number of nan iterations:   0 |
3: [default3]: [2026-05-23 03:37:24.044172] iteration      380/    1537 | consumed samples:        12160 | elapsed time per iteration (ms): 1074.5 | throughput per GPU (TFLOP/s/GPU): 353.3 | tokens/sec/GPU: 7624 | learning rate: 9.182889E-05 | global batch size:    32 | lm loss: 4.347184E+00 | loss scale: 1.0 | grad norm: 0.841 | number of skipped iterations:   0 | number of nan iterations:   0 |
3: [default3]: [2026-05-23 03:37:25.099218] iteration      381/    1537 | consumed samples:        12192 | elapsed time per iteration (ms): 1054.9 | throughput per GPU (TFLOP/s/GPU): 359.9 | tokens/sec/GPU: 7766 | learning rate: 9.177228E-05 | global batch size:    32 | lm loss: 4.509196E+00 | loss scale: 1.0 | grad norm: 0.715 | number of skipped iterations:   0 | number of nan iterations:   0 |
3: [default3]: [2026-05-23 03:37:26.154889] iteration      382/    1537 | consumed samples:        12224 | elapsed time per iteration (ms): 1055.5 | throughput per GPU (TFLOP/s/GPU): 359.7 | tokens/sec/GPU: 7761 | learning rate: 9.171548E-05 | global batch size:    32 | lm loss: 4.215196E+00 | loss scale: 1.0 | grad norm: 0.845 | number of skipped iterations:   0 | number of nan iterations:   0 |
3: [default3]: [2026-05-23 03:37:27.211089] iteration      383/    1537 | consumed samples:        12256 | elapsed time per iteration (ms): 1056.0 | throughput per GPU (TFLOP/s/GPU): 359.5 | tokens/sec/GPU: 7757 | learning rate: 9.165851E-05 | global batch size:    32 | lm loss: 4.189374E+00 | loss scale: 1.0 | grad norm: 0.750 | number of skipped iterations:   0 | number of nan iterations:   0 |
3: [default3]: [2026-05-23 03:37:28.283429] iteration      384/    1537 | consumed samples:        12288 | elapsed time per iteration (ms): 1072.1 | throughput per GPU (TFLOP/s/GPU): 354.1 | tokens/sec/GPU: 7641 | learning rate: 9.160137E-05 | global batch size:    32 | lm loss: 4.205266E+00 | loss scale: 1.0 | grad norm: 0.689 | number of skipped iterations:   0 | number of nan iterations:   0 |
3: [default3]: [2026-05-23 03:37:29.356623] iteration      385/    1537 | consumed samples:        12320 | elapsed time per iteration (ms): 1073.0 | throughput per GPU (TFLOP/s/GPU): 353.8 | tokens/sec/GPU: 7635 | learning rate: 9.154405E-05 | global batch size:    32 | lm loss: 4.252986E+00 | loss scale: 1.0 | grad norm: 0.647 | number of skipped iterations:   0 | number of nan iterations:   0 |
3: [default3]: [2026-05-23 03:37:30.426967] iteration      386/    1537 | consumed samples:        12352 | elapsed time per iteration (ms): 1070.2 | throughput per GPU (TFLOP/s/GPU): 354.7 | tokens/sec/GPU: 7655 | learning rate: 9.148655E-05 | global batch size:    32 | lm loss: 4.307394E+00 | loss scale: 1.0 | grad norm: 0.761 | number of skipped iterations:   0 | number of nan iterations:   0 |
3: [default3]: [2026-05-23 03:37:31.500020] iteration      387/    1537 | consumed samples:        12384 | elapsed time per iteration (ms): 1072.9 | throughput per GPU (TFLOP/s/GPU): 353.9 | tokens/sec/GPU: 7636 | learning rate: 9.142888E-05 | global batch size:    32 | lm loss: 4.168871E+00 | loss scale: 1.0 | grad norm: 0.622 | number of skipped iterations:   0 | number of nan iterations:   0 |
3: [default3]: [2026-05-23 03:37:32.563207] iteration      388/    1537 | consumed samples:        12416 | elapsed time per iteration (ms): 1063.0 | throughput per GPU (TFLOP/s/GPU): 357.1 | tokens/sec/GPU: 7706 | learning rate: 9.137104E-05 | global batch size:    32 | lm loss: 3.902699E+00 | loss scale: 1.0 | grad norm: 0.731 | number of skipped iterations:   0 | number of nan iterations:   0 |
3: [default3]: [2026-05-23 03:37:33.620217] iteration      389/    1537 | consumed samples:        12448 | elapsed time per iteration (ms): 1056.9 | throughput per GPU (TFLOP/s/GPU): 359.2 | tokens/sec/GPU: 7751 | learning rate: 9.131302E-05 | global batch size:    32 | lm loss: 4.357988E+00 | loss scale: 1.0 | grad norm: 0.811 | number of skipped iterations:   0 | number of nan iterations:   0 |
3: [default3]: [2026-05-23 03:37:34.678723] iteration      390/    1537 | consumed samples:        12480 | elapsed time per iteration (ms): 1058.3 | throughput per GPU (TFLOP/s/GPU): 358.7 | tokens/sec/GPU: 7741 | learning rate: 9.125483E-05 | global batch size:    32 | lm loss: 4.041276E+00 | loss scale: 1.0 | grad norm: 0.727 | number of skipped iterations:   0 | number of nan iterations:   0 |
3: [default3]: [2026-05-23 03:37:35.738797] iteration      391/    1537 | consumed samples:        12512 | elapsed time per iteration (ms): 1059.9 | throughput per GPU (TFLOP/s/GPU): 358.2 | tokens/sec/GPU: 7729 | learning rate: 9.119647E-05 | global batch size:    32 | lm loss: 4.312654E+00 | loss scale: 1.0 | grad norm: 0.816 | number of skipped iterations:   0 | number of nan iterations:   0 |
3: [default3]: [2026-05-23 03:37:36.798608] iteration      392/    1537 | consumed samples:        12544 | elapsed time per iteration (ms): 1059.6 | throughput per GPU (TFLOP/s/GPU): 358.3 | tokens/sec/GPU: 7731 | learning rate: 9.113792E-05 | global batch size:    32 | lm loss: 4.457630E+00 | loss scale: 1.0 | grad norm: 0.771 | number of skipped iterations:   0 | number of nan iterations:   0 |
3: [default3]: [2026-05-23 03:37:37.858257] iteration      393/    1537 | consumed samples:        12576 | elapsed time per iteration (ms): 1059.2 | throughput per GPU (TFLOP/s/GPU): 358.4 | tokens/sec/GPU: 7734 | learning rate: 9.107922E-05 | global batch size:    32 | lm loss: 4.121519E+00 | loss scale: 1.0 | grad norm: 0.692 | number of skipped iterations:   0 | number of nan iterations:   0 |
3: [default3]: [2026-05-23 03:37:38.910228] iteration      394/    1537 | consumed samples:        12608 | elapsed time per iteration (ms): 1051.8 | throughput per GPU (TFLOP/s/GPU): 360.9 | tokens/sec/GPU: 7789 | learning rate: 9.102034E-05 | global batch size:    32 | lm loss: 4.334584E+00 | loss scale: 1.0 | grad norm: 0.712 | number of skipped iterations:   0 | number of nan iterations:   0 |
3: [default3]: [2026-05-23 03:37:39.972650] iteration      395/    1537 | consumed samples:        12640 | elapsed time per iteration (ms): 1062.2 | throughput per GPU (TFLOP/s/GPU): 357.4 | tokens/sec/GPU: 7712 | learning rate: 9.096128E-05 | global batch size:    32 | lm loss: 4.288713E+00 | loss scale: 1.0 | grad norm: 0.749 | number of skipped iterations:   0 | number of nan iterations:   0 |
3: [default3]: [2026-05-23 03:37:41.029232] iteration      396/    1537 | consumed samples:        12672 | elapsed time per iteration (ms): 1056.4 | throughput per GPU (TFLOP/s/GPU): 359.4 | tokens/sec/GPU: 7755 | learning rate: 9.090205E-05 | global batch size:    32 | lm loss: 3.986297E+00 | loss scale: 1.0 | grad norm: 0.766 | number of skipped iterations:   0 | number of nan iterations:   0 |
3: [default3]: [2026-05-23 03:37:42.086174] iteration      397/    1537 | consumed samples:        12704 | elapsed time per iteration (ms): 1056.8 | throughput per GPU (TFLOP/s/GPU): 359.3 | tokens/sec/GPU: 7752 | learning rate: 9.084266E-05 | global batch size:    32 | lm loss: 4.399573E+00 | loss scale: 1.0 | grad norm: 0.673 | number of skipped iterations:   0 | number of nan iterations:   0 |
3: [default3]: [2026-05-23 03:37:43.142630] iteration      398/    1537 | consumed samples:        12736 | elapsed time per iteration (ms): 1056.3 | throughput per GPU (TFLOP/s/GPU): 359.4 | tokens/sec/GPU: 7755 | learning rate: 9.078309E-05 | global batch size:    32 | lm loss: 4.189398E+00 | loss scale: 1.0 | grad norm: 0.631 | number of skipped iterations:   0 | number of nan iterations:   0 |
3: [default3]: [2026-05-23 03:37:44.203255] iteration      399/    1537 | consumed samples:        12768 | elapsed time per iteration (ms): 1060.5 | throughput per GPU (TFLOP/s/GPU): 358.0 | tokens/sec/GPU: 7725 | learning rate: 9.072335E-05 | global batch size:    32 | lm loss: 4.004313E+00 | loss scale: 1.0 | grad norm: 0.655 | number of skipped iterations:   0 | number of nan iterations:   0 |
3: [default3]: [2026-05-23 03:37:45.257570] iteration      400/    1537 | consumed samples:        12800 | elapsed time per iteration (ms): 1054.1 | throughput per GPU (TFLOP/s/GPU): 360.1 | tokens/sec/GPU: 7771 | learning rate: 9.066344E-05 | global batch size:    32 | lm loss: 4.254134E+00 | loss scale: 1.0 | grad norm: 0.590 | number of skipped iterations:   0 | number of nan iterations:   0 |
3: [default3]: [2026-05-23 03:37:46.995808] iteration      401/    1537 | consumed samples:        12832 | elapsed time per iteration (ms): 1738.1 | throughput per GPU (TFLOP/s/GPU): 218.4 | tokens/sec/GPU: 4713 | learning rate: 9.060335E-05 | global batch size:    32 | lm loss: 4.280905E+00 | loss scale: 1.0 | grad norm: 0.644 | number of skipped iterations:   0 | number of nan iterations:   0 |
3: [default3]: [2026-05-23 03:37:48.052615] iteration      402/    1537 | consumed samples:        12864 | elapsed time per iteration (ms): 1056.7 | throughput per GPU (TFLOP/s/GPU): 359.3 | tokens/sec/GPU: 7753 | learning rate: 9.054310E-05 | global batch size:    32 | lm loss: 4.141734E+00 | loss scale: 1.0 | grad norm: 0.674 | number of skipped iterations:   0 | number of nan iterations:   0 |
3: [default3]: [2026-05-23 03:37:49.113434] iteration      403/    1537 | consumed samples:        12896 | elapsed time per iteration (ms): 1060.6 | throughput per GPU (TFLOP/s/GPU): 357.9 | tokens/sec/GPU: 7724 | learning rate: 9.048268E-05 | global batch size:    32 | lm loss: 4.164518E+00 | loss scale: 1.0 | grad norm: 0.688 | number of skipped iterations:   0 | number of nan iterations:   0 |
3: [default3]: [2026-05-23 03:37:50.173377] iteration      404/    1537 | consumed samples:        12928 | elapsed time per iteration (ms): 1059.8 | throughput per GPU (TFLOP/s/GPU): 358.2 | tokens/sec/GPU: 7730 | learning rate: 9.042209E-05 | global batch size:    32 | lm loss: 4.048857E+00 | loss scale: 1.0 | grad norm: 1.274 | number of skipped iterations:   0 | number of nan iterations:   0 |
3: [default3]: [2026-05-23 03:37:51.232474] iteration      405/    1537 | consumed samples:        12960 | elapsed time per iteration (ms): 1059.0 | throughput per GPU (TFLOP/s/GPU): 358.5 | tokens/sec/GPU: 7736 | learning rate: 9.036133E-05 | global batch size:    32 | lm loss: 4.059900E+00 | loss scale: 1.0 | grad norm: 0.659 | number of skipped iterations:   0 | number of nan iterations:   0 |
3: [default3]: [2026-05-23 03:37:52.288721] iteration      406/    1537 | consumed samples:        12992 | elapsed time per iteration (ms): 1056.1 | throughput per GPU (TFLOP/s/GPU): 359.5 | tokens/sec/GPU: 7757 | learning rate: 9.030040E-05 | global batch size:    32 | lm loss: 4.019121E+00 | loss scale: 1.0 | grad norm: 0.715 | number of skipped iterations:   0 | number of nan iterations:   0 |
3: [default3]: [2026-05-23 03:37:53.349574] iteration      407/    1537 | consumed samples:        13024 | elapsed time per iteration (ms): 1060.7 | throughput per GPU (TFLOP/s/GPU): 357.9 | tokens/sec/GPU: 7723 | learning rate: 9.023930E-05 | global batch size:    32 | lm loss: 3.983275E+00 | loss scale: 1.0 | grad norm: 0.710 | number of skipped iterations:   0 | number of nan iterations:   0 |
3: [default3]: [2026-05-23 03:37:54.407702] iteration      408/    1537 | consumed samples:        13056 | elapsed time per iteration (ms): 1057.9 | throughput per GPU (TFLOP/s/GPU): 358.8 | tokens/sec/GPU: 7743 | learning rate: 9.017804E-05 | global batch size:    32 | lm loss: 4.310871E+00 | loss scale: 1.0 | grad norm: 0.719 | number of skipped iterations:   0 | number of nan iterations:   0 |
3: [default3]: [2026-05-23 03:37:55.481966] iteration      409/    1537 | consumed samples:        13088 | elapsed time per iteration (ms): 1074.1 | throughput per GPU (TFLOP/s/GPU): 353.4 | tokens/sec/GPU: 7627 | learning rate: 9.011660E-05 | global batch size:    32 | lm loss: 4.595599E+00 | loss scale: 1.0 | grad norm: 0.719 | number of skipped iterations:   0 | number of nan iterations:   0 |
3: [default3]: [2026-05-23 03:37:56.540855] iteration      410/    1537 | consumed samples:        13120 | elapsed time per iteration (ms): 1058.7 | throughput per GPU (TFLOP/s/GPU): 358.6 | tokens/sec/GPU: 7737 | learning rate: 9.005500E-05 | global batch size:    32 | lm loss: 4.074989E+00 | loss scale: 1.0 | grad norm: 0.768 | number of skipped iterations:   0 | number of nan iterations:   0 |
3: [default3]: [2026-05-23 03:37:57.602819] iteration      411/    1537 | consumed samples:        13152 | elapsed time per iteration (ms): 1061.8 | throughput per GPU (TFLOP/s/GPU): 357.5 | tokens/sec/GPU: 7715 | learning rate: 8.999323E-05 | global batch size:    32 | lm loss: 3.825539E+00 | loss scale: 1.0 | grad norm: 0.690 | number of skipped iterations:   0 | number of nan iterations:   0 |
3: [default3]: [2026-05-23 03:37:58.663021] iteration      412/    1537 | consumed samples:        13184 | elapsed time per iteration (ms): 1059.9 | throughput per GPU (TFLOP/s/GPU): 358.2 | tokens/sec/GPU: 7729 | learning rate: 8.993129E-05 | global batch size:    32 | lm loss: 4.172177E+00 | loss scale: 1.0 | grad norm: 0.672 | number of skipped iterations:   0 | number of nan iterations:   0 |
3: [default3]: [2026-05-23 03:37:59.722377] iteration      413/    1537 | consumed samples:        13216 | elapsed time per iteration (ms): 1059.2 | throughput per GPU (TFLOP/s/GPU): 358.4 | tokens/sec/GPU: 7734 | learning rate: 8.986919E-05 | global batch size:    32 | lm loss: 4.203329E+00 | loss scale: 1.0 | grad norm: 0.706 | number of skipped iterations:   0 | number of nan iterations:   0 |
3: [default3]: [2026-05-23 03:38:00.778664] iteration      414/    1537 | consumed samples:        13248 | elapsed time per iteration (ms): 1056.1 | throughput per GPU (TFLOP/s/GPU): 359.5 | tokens/sec/GPU: 7757 | learning rate: 8.980691E-05 | global batch size:    32 | lm loss: 4.126988E+00 | loss scale: 1.0 | grad norm: 0.654 | number of skipped iterations:   0 | number of nan iterations:   0 |
3: [default3]: [2026-05-23 03:38:01.833779] iteration      415/    1537 | consumed samples:        13280 | elapsed time per iteration (ms): 1054.9 | throughput per GPU (TFLOP/s/GPU): 359.9 | tokens/sec/GPU: 7765 | learning rate: 8.974448E-05 | global batch size:    32 | lm loss: 4.024745E+00 | loss scale: 1.0 | grad norm: 0.730 | number of skipped iterations:   0 | number of nan iterations:   0 |
3: [default3]: [2026-05-23 03:38:02.890023] iteration      416/    1537 | consumed samples:        13312 | elapsed time per iteration (ms): 1056.0 | throughput per GPU (TFLOP/s/GPU): 359.5 | tokens/sec/GPU: 7757 | learning rate: 8.968187E-05 | global batch size:    32 | lm loss: 4.100623E+00 | loss scale: 1.0 | grad norm: 1.045 | number of skipped iterations:   0 | number of nan iterations:   0 |
3: [default3]: [2026-05-23 03:38:03.952517] iteration      417/    1537 | consumed samples:        13344 | elapsed time per iteration (ms): 1062.3 | throughput per GPU (TFLOP/s/GPU): 357.4 | tokens/sec/GPU: 7711 | learning rate: 8.961910E-05 | global batch size:    32 | lm loss: 4.377579E+00 | loss scale: 1.0 | grad norm: 0.658 | number of skipped iterations:   0 | number of nan iterations:   0 |
3: [default3]: [2026-05-23 03:38:05.011187] iteration      418/    1537 | consumed samples:        13376 | elapsed time per iteration (ms): 1058.5 | throughput per GPU (TFLOP/s/GPU): 358.7 | tokens/sec/GPU: 7739 | learning rate: 8.955617E-05 | global batch size:    32 | lm loss: 4.080397E+00 | loss scale: 1.0 | grad norm: 0.693 | number of skipped iterations:   0 | number of nan iterations:   0 |
3: [default3]: [2026-05-23 03:38:06.073383] iteration      419/    1537 | consumed samples:        13408 | elapsed time per iteration (ms): 1062.0 | throughput per GPU (TFLOP/s/GPU): 357.5 | tokens/sec/GPU: 7714 | learning rate: 8.949307E-05 | global batch size:    32 | lm loss: 3.968405E+00 | loss scale: 1.0 | grad norm: 0.648 | number of skipped iterations:   0 | number of nan iterations:   0 |
3: [default3]: [2026-05-23 03:38:07.126197] iteration      420/    1537 | consumed samples:        13440 | elapsed time per iteration (ms): 1052.6 | throughput per GPU (TFLOP/s/GPU): 360.7 | tokens/sec/GPU: 7782 | learning rate: 8.942981E-05 | global batch size:    32 | lm loss: 4.258817E+00 | loss scale: 1.0 | grad norm: 0.623 | number of skipped iterations:   0 | number of nan iterations:   0 |
3: [default3]: [2026-05-23 03:38:08.186698] iteration      421/    1537 | consumed samples:        13472 | elapsed time per iteration (ms): 1060.3 | throughput per GPU (TFLOP/s/GPU): 358.0 | tokens/sec/GPU: 7726 | learning rate: 8.936637E-05 | global batch size:    32 | lm loss: 4.068909E+00 | loss scale: 1.0 | grad norm: 0.930 | number of skipped iterations:   0 | number of nan iterations:   0 |
3: [default3]: [2026-05-23 03:38:09.248838] iteration      422/    1537 | consumed samples:        13504 | elapsed time per iteration (ms): 1062.0 | throughput per GPU (TFLOP/s/GPU): 357.5 | tokens/sec/GPU: 7714 | learning rate: 8.930278E-05 | global batch size:    32 | lm loss: 4.257848E+00 | loss scale: 1.0 | grad norm: 0.697 | number of skipped iterations:   0 | number of nan iterations:   0 |
3: [default3]: [2026-05-23 03:38:10.302275] iteration      423/    1537 | consumed samples:        13536 | elapsed time per iteration (ms): 1053.3 | throughput per GPU (TFLOP/s/GPU): 360.4 | tokens/sec/GPU: 7778 | learning rate: 8.923902E-05 | global batch size:    32 | lm loss: 4.182057E+00 | loss scale: 1.0 | grad norm: 0.685 | number of skipped iterations:   0 | number of nan iterations:   0 |
3: [default3]: [2026-05-23 03:38:11.360589] iteration      424/    1537 | consumed samples:        13568 | elapsed time per iteration (ms): 1058.1 | throughput per GPU (TFLOP/s/GPU): 358.8 | tokens/sec/GPU: 7742 | learning rate: 8.917510E-05 | global batch size:    32 | lm loss: 4.260917E+00 | loss scale: 1.0 | grad norm: 0.726 | number of skipped iterations:   0 | number of nan iterations:   0 |
3: [default3]: [2026-05-23 03:38:12.413485] iteration      425/    1537 | consumed samples:        13600 | elapsed time per iteration (ms): 1052.8 | throughput per GPU (TFLOP/s/GPU): 360.6 | tokens/sec/GPU: 7781 | learning rate: 8.911102E-05 | global batch size:    32 | lm loss: 4.416572E+00 | loss scale: 1.0 | grad norm: 1.104 | number of skipped iterations:   0 | number of nan iterations:   0 |
3: [default3]: [2026-05-23 03:38:13.466248] iteration      426/    1537 | consumed samples:        13632 | elapsed time per iteration (ms): 1052.6 | throughput per GPU (TFLOP/s/GPU): 360.7 | tokens/sec/GPU: 7783 | learning rate: 8.904677E-05 | global batch size:    32 | lm loss: 4.119664E+00 | loss scale: 1.0 | grad norm: 0.725 | number of skipped iterations:   0 | number of nan iterations:   0 |
3: [default3]: [2026-05-23 03:38:14.520779] iteration      427/    1537 | consumed samples:        13664 | elapsed time per iteration (ms): 1054.3 | throughput per GPU (TFLOP/s/GPU): 360.1 | tokens/sec/GPU: 7770 | learning rate: 8.898236E-05 | global batch size:    32 | lm loss: 4.256551E+00 | loss scale: 1.0 | grad norm: 0.835 | number of skipped iterations:   0 | number of nan iterations:   0 |
3: [default3]: [2026-05-23 03:38:15.575257] iteration      428/    1537 | consumed samples:        13696 | elapsed time per iteration (ms): 1054.3 | throughput per GPU (TFLOP/s/GPU): 360.1 | tokens/sec/GPU: 7770 | learning rate: 8.891779E-05 | global batch size:    32 | lm loss: 3.849043E+00 | loss scale: 1.0 | grad norm: 0.713 | number of skipped iterations:   0 | number of nan iterations:   0 |
3: [default3]: [2026-05-23 03:38:16.633908] iteration      429/    1537 | consumed samples:        13728 | elapsed time per iteration (ms): 1058.5 | throughput per GPU (TFLOP/s/GPU): 358.7 | tokens/sec/GPU: 7739 | learning rate: 8.885306E-05 | global batch size:    32 | lm loss: 4.398025E+00 | loss scale: 1.0 | grad norm: 0.772 | number of skipped iterations:   0 | number of nan iterations:   0 |
3: [default3]: [2026-05-23 03:38:17.691942] iteration      430/    1537 | consumed samples:        13760 | elapsed time per iteration (ms): 1057.9 | throughput per GPU (TFLOP/s/GPU): 358.9 | tokens/sec/GPU: 7744 | learning rate: 8.878815E-05 | global batch size:    32 | lm loss: 4.164696E+00 | loss scale: 1.0 | grad norm: 0.667 | number of skipped iterations:   0 | number of nan iterations:   0 |
3: [default3]: [2026-05-23 03:38:18.749409] iteration      431/    1537 | consumed samples:        13792 | elapsed time per iteration (ms): 1057.3 | throughput per GPU (TFLOP/s/GPU): 359.1 | tokens/sec/GPU: 7748 | learning rate: 8.872310E-05 | global batch size:    32 | lm loss: 4.359420E+00 | loss scale: 1.0 | grad norm: 1.123 | number of skipped iterations:   0 | number of nan iterations:   0 |
3: [default3]: [2026-05-23 03:38:19.808710] iteration      432/    1537 | consumed samples:        13824 | elapsed time per iteration (ms): 1059.1 | throughput per GPU (TFLOP/s/GPU): 358.4 | tokens/sec/GPU: 7735 | learning rate: 8.865788E-05 | global batch size:    32 | lm loss: 4.228516E+00 | loss scale: 1.0 | grad norm: 0.760 | number of skipped iterations:   0 | number of nan iterations:   0 |
3: [default3]: [2026-05-23 03:38:20.865038] iteration      433/    1537 | consumed samples:        13856 | elapsed time per iteration (ms): 1056.1 | throughput per GPU (TFLOP/s/GPU): 359.5 | tokens/sec/GPU: 7757 | learning rate: 8.859250E-05 | global batch size:    32 | lm loss: 4.180165E+00 | loss scale: 1.0 | grad norm: 0.764 | number of skipped iterations:   0 | number of nan iterations:   0 |
3: [default3]: [2026-05-23 03:38:21.921747] iteration      434/    1537 | consumed samples:        13888 | elapsed time per iteration (ms): 1056.6 | throughput per GPU (TFLOP/s/GPU): 359.3 | tokens/sec/GPU: 7753 | learning rate: 8.852696E-05 | global batch size:    32 | lm loss: 4.025211E+00 | loss scale: 1.0 | grad norm: 0.704 | number of skipped iterations:   0 | number of nan iterations:   0 |
3: [default3]: [2026-05-23 03:38:22.976174] iteration      435/    1537 | consumed samples:        13920 | elapsed time per iteration (ms): 1054.2 | throughput per GPU (TFLOP/s/GPU): 360.1 | tokens/sec/GPU: 7771 | learning rate: 8.846126E-05 | global batch size:    32 | lm loss: 4.218426E+00 | loss scale: 1.0 | grad norm: 0.679 | number of skipped iterations:   0 | number of nan iterations:   0 |
3: [default3]: [2026-05-23 03:38:24.033726] iteration      436/    1537 | consumed samples:        13952 | elapsed time per iteration (ms): 1057.4 | throughput per GPU (TFLOP/s/GPU): 359.0 | tokens/sec/GPU: 7747 | learning rate: 8.839540E-05 | global batch size:    32 | lm loss: 4.453505E+00 | loss scale: 1.0 | grad norm: 0.678 | number of skipped iterations:   0 | number of nan iterations:   0 |
3: [default3]: [2026-05-23 03:38:25.086856] iteration      437/    1537 | consumed samples:        13984 | elapsed time per iteration (ms): 1053.0 | throughput per GPU (TFLOP/s/GPU): 360.5 | tokens/sec/GPU: 7780 | learning rate: 8.832938E-05 | global batch size:    32 | lm loss: 4.156272E+00 | loss scale: 1.0 | grad norm: 0.727 | number of skipped iterations:   0 | number of nan iterations:   0 |
3: [default3]: [2026-05-23 03:38:26.144623] iteration      438/    1537 | consumed samples:        14016 | elapsed time per iteration (ms): 1057.6 | throughput per GPU (TFLOP/s/GPU): 359.0 | tokens/sec/GPU: 7746 | learning rate: 8.826320E-05 | global batch size:    32 | lm loss: 3.936468E+00 | loss scale: 1.0 | grad norm: 0.725 | number of skipped iterations:   0 | number of nan iterations:   0 |
3: [default3]: [2026-05-23 03:38:27.198857] iteration      439/    1537 | consumed samples:        14048 | elapsed time per iteration (ms): 1054.1 | throughput per GPU (TFLOP/s/GPU): 360.2 | tokens/sec/GPU: 7772 | learning rate: 8.819686E-05 | global batch size:    32 | lm loss: 4.148938E+00 | loss scale: 1.0 | grad norm: 0.751 | number of skipped iterations:   0 | number of nan iterations:   0 |
3: [default3]: [2026-05-23 03:38:28.259041] iteration      440/    1537 | consumed samples:        14080 | elapsed time per iteration (ms): 1060.0 | throughput per GPU (TFLOP/s/GPU): 358.2 | tokens/sec/GPU: 7728 | learning rate: 8.813036E-05 | global batch size:    32 | lm loss: 4.114800E+00 | loss scale: 1.0 | grad norm: 0.783 | number of skipped iterations:   0 | number of nan iterations:   0 |
3: [default3]: [2026-05-23 03:38:29.317377] iteration      441/    1537 | consumed samples:        14112 | elapsed time per iteration (ms): 1058.2 | throughput per GPU (TFLOP/s/GPU): 358.8 | tokens/sec/GPU: 7742 | learning rate: 8.806371E-05 | global batch size:    32 | lm loss: 4.073488E+00 | loss scale: 1.0 | grad norm: 0.726 | number of skipped iterations:   0 | number of nan iterations:   0 |[default3]:
3: [default3]: [2026-05-23 03:38:30.390188] iteration      442/    1537 | consumed samples:        14144 | elapsed time per iteration (ms): 1072.6 | throughput per GPU (TFLOP/s/GPU): 353.9 | tokens/sec/GPU: 7637 | learning rate: 8.799689E-05 | global batch size:    32 | lm loss: 4.142434E+00 | loss scale: 1.0 | grad norm: 0.712 | number of skipped iterations:   0 | number of nan iterations:   0 |
3: [default3]: [2026-05-23 03:38:31.451004] iteration      443/    1537 | consumed samples:        14176 | elapsed time per iteration (ms): 1060.6 | throughput per GPU (TFLOP/s/GPU): 357.9 | tokens/sec/GPU: 7724 | learning rate: 8.792992E-05 | global batch size:    32 | lm loss: 4.046219E+00 | loss scale: 1.0 | grad norm: 0.746 | number of skipped iterations:   0 | number of nan iterations:   0 |
3: [default3]: [2026-05-23 03:38:32.520537] iteration      444/    1537 | consumed samples:        14208 | elapsed time per iteration (ms): 1069.4 | throughput per GPU (TFLOP/s/GPU): 355.0 | tokens/sec/GPU: 7661 | learning rate: 8.786279E-05 | global batch size:    32 | lm loss: 4.140143E+00 | loss scale: 1.0 | grad norm: 0.609 | number of skipped iterations:   0 | number of nan iterations:   0 |
3: [default3]: [2026-05-23 03:38:33.594864] iteration      445/    1537 | consumed samples:        14240 | elapsed time per iteration (ms): 1074.2 | throughput per GPU (TFLOP/s/GPU): 353.4 | tokens/sec/GPU: 7626 | learning rate: 8.779550E-05 | global batch size:    32 | lm loss: 4.343406E+00 | loss scale: 1.0 | grad norm: 0.936 | number of skipped iterations:   0 | number of nan iterations:   0 |
3: [default3]: [2026-05-23 03:38:34.668108] iteration      446/    1537 | consumed samples:        14272 | elapsed time per iteration (ms): 1073.1 | throughput per GPU (TFLOP/s/GPU): 353.8 | tokens/sec/GPU: 7634 | learning rate: 8.772806E-05 | global batch size:    32 | lm loss: 4.250484E+00 | loss scale: 1.0 | grad norm: 0.724 | number of skipped iterations:   0 | number of nan iterations:   0 |
3: [default3]: [2026-05-23 03:38:35.747795] iteration      447/    1537 | consumed samples:        14304 | elapsed time per iteration (ms): 1079.5 | throughput per GPU (TFLOP/s/GPU): 351.7 | tokens/sec/GPU: 7589 | learning rate: 8.766046E-05 | global batch size:    32 | lm loss: 4.071870E+00 | loss scale: 1.0 | grad norm: 1.236 | number of skipped iterations:   0 | number of nan iterations:   0 |
3: [default3]: [2026-05-23 03:38:36.819290] iteration      448/    1537 | consumed samples:        14336 | elapsed time per iteration (ms): 1071.3 | throughput per GPU (TFLOP/s/GPU): 354.4 | tokens/sec/GPU: 7647 | learning rate: 8.759271E-05 | global batch size:    32 | lm loss: 4.136541E+00 | loss scale: 1.0 | grad norm: 0.634 | number of skipped iterations:   0 | number of nan iterations:   0 |
3: [default3]: [2026-05-23 03:38:37.888128] iteration      449/    1537 | consumed samples:        14368 | elapsed time per iteration (ms): 1068.7 | throughput per GPU (TFLOP/s/GPU): 355.2 | tokens/sec/GPU: 7665 | learning rate: 8.752480E-05 | global batch size:    32 | lm loss: 3.946566E+00 | loss scale: 1.0 | grad norm: 0.695 | number of skipped iterations:   0 | number of nan iterations:   0 |
3: [default3]: [2026-05-23 03:38:38.952340] iteration      450/    1537 | consumed samples:        14400 | elapsed time per iteration (ms): 1064.0 | throughput per GPU (TFLOP/s/GPU): 356.8 | tokens/sec/GPU: 7699 | learning rate: 8.745673E-05 | global batch size:    32 | lm loss: 4.070345E+00 | loss scale: 1.0 | grad norm: 0.721 | number of skipped iterations:   0 | number of nan iterations:   0 |
3: [default3]: [2026-05-23 03:38:40.689875] iteration      451/    1537 | consumed samples:        14432 | elapsed time per iteration (ms): 1737.3 | throughput per GPU (TFLOP/s/GPU): 218.5 | tokens/sec/GPU: 4715 | learning rate: 8.738851E-05 | global batch size:    32 | lm loss: 4.113942E+00 | loss scale: 1.0 | grad norm: 0.611 | number of skipped iterations:   0 | number of nan iterations:   0 |
3: [default3]: [2026-05-23 03:38:41.751900] iteration      452/    1537 | consumed samples:        14464 | elapsed time per iteration (ms): 1061.9 | throughput per GPU (TFLOP/s/GPU): 357.5 | tokens/sec/GPU: 7715 | learning rate: 8.732014E-05 | global batch size:    32 | lm loss: 4.201616E+00 | loss scale: 1.0 | grad norm: 0.754 | number of skipped iterations:   0 | number of nan iterations:   0 |
3: [default3]: [2026-05-23 03:38:42.808949] iteration      453/    1537 | consumed samples:        14496 | elapsed time per iteration (ms): 1056.9 | throughput per GPU (TFLOP/s/GPU): 359.2 | tokens/sec/GPU: 7751 | learning rate: 8.725160E-05 | global batch size:    32 | lm loss: 4.199219E+00 | loss scale: 1.0 | grad norm: 0.658 | number of skipped iterations:   0 | number of nan iterations:   0 |
3: [default3]: [2026-05-23 03:38:43.868830] iteration      454/    1537 | consumed samples:        14528 | elapsed time per iteration (ms): 1059.7 | throughput per GPU (TFLOP/s/GPU): 358.3 | tokens/sec/GPU: 7730 | learning rate: 8.718292E-05 | global batch size:    32 | lm loss: 4.171687E+00 | loss scale: 1.0 | grad norm: 0.653 | number of skipped iterations:   0 | number of nan iterations:   0 |
3: [default3]: [2026-05-23 03:38:44.925232] iteration      455/    1537 | consumed samples:        14560 | elapsed time per iteration (ms): 1056.3 | throughput per GPU (TFLOP/s/GPU): 359.4 | tokens/sec/GPU: 7756 | learning rate: 8.711408E-05 | global batch size:    32 | lm loss: 4.217359E+00 | loss scale: 1.0 | grad norm: 0.715 | number of skipped iterations:   0 | number of nan iterations:   0 |
3: [default3]: [2026-05-23 03:38:45.982718] iteration      456/    1537 | consumed samples:        14592 | elapsed time per iteration (ms): 1057.3 | throughput per GPU (TFLOP/s/GPU): 359.1 | tokens/sec/GPU: 7748 | learning rate: 8.704509E-05 | global batch size:    32 | lm loss: 4.040504E+00 | loss scale: 1.0 | grad norm: 0.593 | number of skipped iterations:   0 | number of nan iterations:   0 |
3: [default3]: [2026-05-23 03:38:47.036904] iteration      457/    1537 | consumed samples:        14624 | elapsed time per iteration (ms): 1054.0 | throughput per GPU (TFLOP/s/GPU): 360.2 | tokens/sec/GPU: 7772 | learning rate: 8.697594E-05 | global batch size:    32 | lm loss: 3.941077E+00 | loss scale: 1.0 | grad norm: 0.658 | number of skipped iterations:   0 | number of nan iterations:   0 |
3: [default3]: [2026-05-23 03:38:48.091650] iteration      458/    1537 | consumed samples:        14656 | elapsed time per iteration (ms): 1054.6 | throughput per GPU (TFLOP/s/GPU): 360.0 | tokens/sec/GPU: 7768 | learning rate: 8.690664E-05 | global batch size:    32 | lm loss: 4.110609E+00 | loss scale: 1.0 | grad norm: 0.593 | number of skipped iterations:   0 | number of nan iterations:   0 |
3: [default3]: [2026-05-23 03:38:49.148472] iteration      459/    1537 | consumed samples:        14688 | elapsed time per iteration (ms): 1056.6 | throughput per GPU (TFLOP/s/GPU): 359.3 | tokens/sec/GPU: 7753 | learning rate: 8.683719E-05 | global batch size:    32 | lm loss: 3.777085E+00 | loss scale: 1.0 | grad norm: 0.801 | number of skipped iterations:   0 | number of nan iterations:   0 |
3: [default3]: [2026-05-23 03:38:50.207849] iteration      460/    1537 | consumed samples:        14720 | elapsed time per iteration (ms): 1059.2 | throughput per GPU (TFLOP/s/GPU): 358.4 | tokens/sec/GPU: 7734 | learning rate: 8.676759E-05 | global batch size:    32 | lm loss: 3.989258E+00 | loss scale: 1.0 | grad norm: 0.670 | number of skipped iterations:   0 | number of nan iterations:   0 |
3: [default3]: [2026-05-23 03:38:51.263307] iteration      461/    1537 | consumed samples:        14752 | elapsed time per iteration (ms): 1055.3 | throughput per GPU (TFLOP/s/GPU): 359.7 | tokens/sec/GPU: 7763 | learning rate: 8.669784E-05 | global batch size:    32 | lm loss: 3.748913E+00 | loss scale: 1.0 | grad norm: 0.808 | number of skipped iterations:   0 | number of nan iterations:   0 |
3: [default3]: [2026-05-23 03:38:52.320739] iteration      462/    1537 | consumed samples:        14784 | elapsed time per iteration (ms): 1057.3 | throughput per GPU (TFLOP/s/GPU): 359.1 | tokens/sec/GPU: 7748 | learning rate: 8.662793E-05 | global batch size:    32 | lm loss: 4.202565E+00 | loss scale: 1.0 | grad norm: 2.171 | number of skipped iterations:   0 | number of nan iterations:   0 |
3: [default3]: [2026-05-23 03:38:53.374231] iteration      463/    1537 | consumed samples:        14816 | elapsed time per iteration (ms): 1053.3 | throughput per GPU (TFLOP/s/GPU): 360.4 | tokens/sec/GPU: 7777 | learning rate: 8.655787E-05 | global batch size:    32 | lm loss: 4.027812E+00 | loss scale: 1.0 | grad norm: 0.701 | number of skipped iterations:   0 | number of nan iterations:   0 |
3: [default3]: [2026-05-23 03:38:54.432555] iteration      464/    1537 | consumed samples:        14848 | elapsed time per iteration (ms): 1058.1 | throughput per GPU (TFLOP/s/GPU): 358.8 | tokens/sec/GPU: 7742 | learning rate: 8.648766E-05 | global batch size:    32 | lm loss: 4.002746E+00 | loss scale: 1.0 | grad norm: 0.750 | number of skipped iterations:   0 | number of nan iterations:   0 |
3: [default3]: [2026-05-23 03:38:55.487775] iteration      465/    1537 | consumed samples:        14880 | elapsed time per iteration (ms): 1055.0 | throughput per GPU (TFLOP/s/GPU): 359.8 | tokens/sec/GPU: 7765 | learning rate: 8.641731E-05 | global batch size:    32 | lm loss: 4.136470E+00 | loss scale: 1.0 | grad norm: 0.697 | number of skipped iterations:   0 | number of nan iterations:   0 |
3: [default3]: [2026-05-23 03:38:56.544642] iteration      466/    1537 | consumed samples:        14912 | elapsed time per iteration (ms): 1056.7 | throughput per GPU (TFLOP/s/GPU): 359.3 | tokens/sec/GPU: 7752 | learning rate: 8.634679E-05 | global batch size:    32 | lm loss: 3.912922E+00 | loss scale: 1.0 | grad norm: 1.024 | number of skipped iterations:   0 | number of nan iterations:   0 |
3: [default3]: [2026-05-23 03:38:57.597779] iteration      467/    1537 | consumed samples:        14944 | elapsed time per iteration (ms): 1053.0 | throughput per GPU (TFLOP/s/GPU): 360.5 | tokens/sec/GPU: 7780 | learning rate: 8.627614E-05 | global batch size:    32 | lm loss: 3.997635E+00 | loss scale: 1.0 | grad norm: 0.724 | number of skipped iterations:   0 | number of nan iterations:   0 |
3: [default3]: [2026-05-23 03:38:58.656810] iteration      468/    1537 | consumed samples:        14976 | elapsed time per iteration (ms): 1058.8 | throughput per GPU (TFLOP/s/GPU): 358.5 | tokens/sec/GPU: 7737 | learning rate: 8.620533E-05 | global batch size:    32 | lm loss: 4.087288E+00 | loss scale: 1.0 | grad norm: 0.610 | number of skipped iterations:   0 | number of nan iterations:   0 |
3: [default3]: [2026-05-23 03:38:59.712159] iteration      469/    1537 | consumed samples:        15008 | elapsed time per iteration (ms): 1055.2 | throughput per GPU (TFLOP/s/GPU): 359.8 | tokens/sec/GPU: 7763 | learning rate: 8.613437E-05 | global batch size:    32 | lm loss: 3.799974E+00 | loss scale: 1.0 | grad norm: 0.760 | number of skipped iterations:   0 | number of nan iterations:   0 |
3: [default3]: [2026-05-23 03:39:00.770759] iteration      470/    1537 | consumed samples:        15040 | elapsed time per iteration (ms): 1058.4 | throughput per GPU (TFLOP/s/GPU): 358.7 | tokens/sec/GPU: 7740 | learning rate: 8.606326E-05 | global batch size:    32 | lm loss: 3.885965E+00 | loss scale: 1.0 | grad norm: 0.686 | number of skipped iterations:   0 | number of nan iterations:   0 |
3: [default3]: [2026-05-23 03:39:01.828177] iteration      471/    1537 | consumed samples:        15072 | elapsed time per iteration (ms): 1057.2 | throughput per GPU (TFLOP/s/GPU): 359.1 | tokens/sec/GPU: 7749 | learning rate: 8.599201E-05 | global batch size:    32 | lm loss: 4.210628E+00 | loss scale: 1.0 | grad norm: 0.641 | number of skipped iterations:   0 | number of nan iterations:   0 |
3: [default3]: [2026-05-23 03:39:02.877984] iteration      472/    1537 | consumed samples:        15104 | elapsed time per iteration (ms): 1049.6 | throughput per GPU (TFLOP/s/GPU): 361.7 | tokens/sec/GPU: 7805 | learning rate: 8.592060E-05 | global batch size:    32 | lm loss: 4.000432E+00 | loss scale: 1.0 | grad norm: 0.664 | number of skipped iterations:   0 | number of nan iterations:   0 |
3: [default3]: [2026-05-23 03:39:03.931912] iteration      473/    1537 | consumed samples:        15136 | elapsed time per iteration (ms): 1053.8 | throughput per GPU (TFLOP/s/GPU): 360.3 | tokens/sec/GPU: 7774 | learning rate: 8.584905E-05 | global batch size:    32 | lm loss: 4.112172E+00 | loss scale: 1.0 | grad norm: 0.942 | number of skipped iterations:   0 | number of nan iterations:   0 |
3: [default3]: [2026-05-23 03:39:04.984780] iteration      474/    1537 | consumed samples:        15168 | elapsed time per iteration (ms): 1052.7 | throughput per GPU (TFLOP/s/GPU): 360.6 | tokens/sec/GPU: 7782 | learning rate: 8.577736E-05 | global batch size:    32 | lm loss: 3.918616E+00 | loss scale: 1.0 | grad norm: 0.676 | number of skipped iterations:   0 | number of nan iterations:   0 |
3: [default3]: [2026-05-23 03:39:06.038512] iteration      475/    1537 | consumed samples:        15200 | elapsed time per iteration (ms): 1053.5 | throughput per GPU (TFLOP/s/GPU): 360.3 | tokens/sec/GPU: 7776 | learning rate: 8.570551E-05 | global batch size:    32 | lm loss: 4.097621E+00 | loss scale: 1.0 | grad norm: 0.850 | number of skipped iterations:   0 | number of nan iterations:   0 |
3: [default3]: [2026-05-23 03:39:07.089180] iteration      476/    1537 | consumed samples:        15232 | elapsed time per iteration (ms): 1050.5 | throughput per GPU (TFLOP/s/GPU): 361.4 | tokens/sec/GPU: 7798 | learning rate: 8.563352E-05 | global batch size:    32 | lm loss: 4.133122E+00 | loss scale: 1.0 | grad norm: 0.680 | number of skipped iterations:   0 | number of nan iterations:   0 |
3: [default3]: [2026-05-23 03:39:08.148080] iteration      477/    1537 | consumed samples:        15264 | elapsed time per iteration (ms): 1058.7 | throughput per GPU (TFLOP/s/GPU): 358.6 | tokens/sec/GPU: 7738 | learning rate: 8.556138E-05 | global batch size:    32 | lm loss: 4.135506E+00 | loss scale: 1.0 | grad norm: 0.889 | number of skipped iterations:   0 | number of nan iterations:   0 |
3: [default3]: [2026-05-23 03:39:09.202724] iteration      478/    1537 | consumed samples:        15296 | elapsed time per iteration (ms): 1054.5 | throughput per GPU (TFLOP/s/GPU): 360.0 | tokens/sec/GPU: 7769 | learning rate: 8.548910E-05 | global batch size:    32 | lm loss: 4.044983E+00 | loss scale: 1.0 | grad norm: 0.634 | number of skipped iterations:   0 | number of nan iterations:   0 |
3: [default3]: [2026-05-23 03:39:10.257283] iteration      479/    1537 | consumed samples:        15328 | elapsed time per iteration (ms): 1054.4 | throughput per GPU (TFLOP/s/GPU): 360.1 | tokens/sec/GPU: 7769 | learning rate: 8.541666E-05 | global batch size:    32 | lm loss: 3.942678E+00 | loss scale: 1.0 | grad norm: 0.662 | number of skipped iterations:   0 | number of nan iterations:   0 |
3: [default3]: [2026-05-23 03:39:11.314882] iteration      480/    1537 | consumed samples:        15360 | elapsed time per iteration (ms): 1057.4 | throughput per GPU (TFLOP/s/GPU): 359.0 | tokens/sec/GPU: 7747 | learning rate: 8.534409E-05 | global batch size:    32 | lm loss: 3.936650E+00 | loss scale: 1.0 | grad norm: 0.704 | number of skipped iterations:   0 | number of nan iterations:   0 |
3: [default3]: [2026-05-23 03:39:12.369600] iteration      481/    1537 | consumed samples:        15392 | elapsed time per iteration (ms): 1054.5 | throughput per GPU (TFLOP/s/GPU): 360.0 | tokens/sec/GPU: 7769 | learning rate: 8.527137E-05 | global batch size:    32 | lm loss: 3.810142E+00 | loss scale: 1.0 | grad norm: 0.655 | number of skipped iterations:   0 | number of nan iterations:   0 |
3: [default3]: [2026-05-23 03:39:13.422290] iteration      482/    1537 | consumed samples:        15424 | elapsed time per iteration (ms): 1052.5 | throughput per GPU (TFLOP/s/GPU): 360.7 | tokens/sec/GPU: 7783 | learning rate: 8.519851E-05 | global batch size:    32 | lm loss: 3.951297E+00 | loss scale: 1.0 | grad norm: 0.592 | number of skipped iterations:   0 | number of nan iterations:   0 |
3: [default3]: [2026-05-23 03:39:14.477643] iteration      483/    1537 | consumed samples:        15456 | elapsed time per iteration (ms): 1055.2 | throughput per GPU (TFLOP/s/GPU): 359.8 | tokens/sec/GPU: 7764 | learning rate: 8.512550E-05 | global batch size:    32 | lm loss: 3.984406E+00 | loss scale: 1.0 | grad norm: 0.802 | number of skipped iterations:   0 | number of nan iterations:   0 |
3: [default3]: [2026-05-23 03:39:15.534006] iteration      484/    1537 | consumed samples:        15488 | elapsed time per iteration (ms): 1056.2 | throughput per GPU (TFLOP/s/GPU): 359.4 | tokens/sec/GPU: 7756 | learning rate: 8.505234E-05 | global batch size:    32 | lm loss: 3.991669E+00 | loss scale: 1.0 | grad norm: 0.598 | number of skipped iterations:   0 | number of nan iterations:   0 |
3: [default3]: [2026-05-23 03:39:16.589352] iteration      485/    1537 | consumed samples:        15520 | elapsed time per iteration (ms): 1055.2 | throughput per GPU (TFLOP/s/GPU): 359.8 | tokens/sec/GPU: 7763 | learning rate: 8.497904E-05 | global batch size:    32 | lm loss: 4.103295E+00 | loss scale: 1.0 | grad norm: 0.673 | number of skipped iterations:   0 | number of nan iterations:   0 |
3: [default3]: [2026-05-23 03:39:17.649103] iteration      486/    1537 | consumed samples:        15552 | elapsed time per iteration (ms): 1059.6 | throughput per GPU (TFLOP/s/GPU): 358.3 | tokens/sec/GPU: 7731 | learning rate: 8.490561E-05 | global batch size:    32 | lm loss: 3.743465E+00 | loss scale: 1.0 | grad norm: 0.667 | number of skipped iterations:   0 | number of nan iterations:   0 |
3: [default3]: [2026-05-23 03:39:18.708394] iteration      487/    1537 | consumed samples:        15584 | elapsed time per iteration (ms): 1059.1 | throughput per GPU (TFLOP/s/GPU): 358.4 | tokens/sec/GPU: 7735 | learning rate: 8.483202E-05 | global batch size:    32 | lm loss: 3.710267E+00 | loss scale: 1.0 | grad norm: 0.632 | number of skipped iterations:   0 | number of nan iterations:   0 |
3: [default3]: [2026-05-23 03:39:19.767811] iteration      488/    1537 | consumed samples:        15616 | elapsed time per iteration (ms): 1059.2 | throughput per GPU (TFLOP/s/GPU): 358.4 | tokens/sec/GPU: 7734 | learning rate: 8.475829E-05 | global batch size:    32 | lm loss: 4.113083E+00 | loss scale: 1.0 | grad norm: 0.616 | number of skipped iterations:   0 | number of nan iterations:   0 |
3: [default3]: [2026-05-23 03:39:20.823510] iteration      489/    1537 | consumed samples:        15648 | elapsed time per iteration (ms): 1055.6 | throughput per GPU (TFLOP/s/GPU): 359.7 | tokens/sec/GPU: 7761 | learning rate: 8.468443E-05 | global batch size:    32 | lm loss: 3.706642E+00 | loss scale: 1.0 | grad norm: 0.694 | number of skipped iterations:   0 | number of nan iterations:   0 |
3: [default3]: [2026-05-23 03:39:21.880219] iteration      490/    1537 | consumed samples:        15680 | elapsed time per iteration (ms): 1056.5 | throughput per GPU (TFLOP/s/GPU): 359.3 | tokens/sec/GPU: 7754 | learning rate: 8.461042E-05 | global batch size:    32 | lm loss: 3.881780E+00 | loss scale: 1.0 | grad norm: 0.976 | number of skipped iterations:   0 | number of nan iterations:   0 |
3: [default3]: [2026-05-23 03:39:22.938004] iteration      491/    1537 | consumed samples:        15712 | elapsed time per iteration (ms): 1057.6 | throughput per GPU (TFLOP/s/GPU): 359.0 | tokens/sec/GPU: 7746 | learning rate: 8.453627E-05 | global batch size:    32 | lm loss: 3.891392E+00 | loss scale: 1.0 | grad norm: 0.635 | number of skipped iterations:   0 | number of nan iterations:   0 |
3: [default3]: [2026-05-23 03:39:23.995699] iteration      492/    1537 | consumed samples:        15744 | elapsed time per iteration (ms): 1057.5 | throughput per GPU (TFLOP/s/GPU): 359.0 | tokens/sec/GPU: 7746 | learning rate: 8.446197E-05 | global batch size:    32 | lm loss: 3.786975E+00 | loss scale: 1.0 | grad norm: 0.598 | number of skipped iterations:   0 | number of nan iterations:   0 |
3: [default3]: [2026-05-23 03:39:25.054370] iteration      493/    1537 | consumed samples:        15776 | elapsed time per iteration (ms): 1058.5 | throughput per GPU (TFLOP/s/GPU): 358.7 | tokens/sec/GPU: 7739 | learning rate: 8.438754E-05 | global batch size:    32 | lm loss: 3.964548E+00 | loss scale: 1.0 | grad norm: 0.586 | number of skipped iterations:   0 | number of nan iterations:   0 |
3: [default3]: [2026-05-23 03:39:26.108332] iteration      494/    1537 | consumed samples:        15808 | elapsed time per iteration (ms): 1053.8 | throughput per GPU (TFLOP/s/GPU): 360.3 | tokens/sec/GPU: 7774 | learning rate: 8.431297E-05 | global batch size:    32 | lm loss: 4.035002E+00 | loss scale: 1.0 | grad norm: 0.604 | number of skipped iterations:   0 | number of nan iterations:   0 |
3: [default3]: [2026-05-23 03:39:27.166632] iteration      495/    1537 | consumed samples:        15840 | elapsed time per iteration (ms): 1058.1 | throughput per GPU (TFLOP/s/GPU): 358.8 | tokens/sec/GPU: 7742 | learning rate: 8.423825E-05 | global batch size:    32 | lm loss: 3.599230E+00 | loss scale: 1.0 | grad norm: 0.733 | number of skipped iterations:   0 | number of nan iterations:   0 |
3: [default3]: [2026-05-23 03:39:28.239983] iteration      496/    1537 | consumed samples:        15872 | elapsed time per iteration (ms): 1073.2 | throughput per GPU (TFLOP/s/GPU): 353.8 | tokens/sec/GPU: 7634 | learning rate: 8.416340E-05 | global batch size:    32 | lm loss: 4.035705E+00 | loss scale: 1.0 | grad norm: 1.988 | number of skipped iterations:   0 | number of nan iterations:   0 |
3: [default3]: [2026-05-23 03:39:29.309758] iteration      497/    1537 | consumed samples:        15904 | elapsed time per iteration (ms): 1069.6 | throughput per GPU (TFLOP/s/GPU): 354.9 | tokens/sec/GPU: 7659 | learning rate: 8.408840E-05 | global batch size:    32 | lm loss: 4.087681E+00 | loss scale: 1.0 | grad norm: 0.721 | number of skipped iterations:   0 | number of nan iterations:   0 |
3: [default3]: [2026-05-23 03:39:30.370774] iteration      498/    1537 | consumed samples:        15936 | elapsed time per iteration (ms): 1060.9 | throughput per GPU (TFLOP/s/GPU): 357.9 | tokens/sec/GPU: 7722 | learning rate: 8.401327E-05 | global batch size:    32 | lm loss: 3.653590E+00 | loss scale: 1.0 | grad norm: 0.714 | number of skipped iterations:   0 | number of nan iterations:   0 |
3: [default3]: [2026-05-23 03:39:31.427764] iteration      499/    1537 | consumed samples:        15968 | elapsed time per iteration (ms): 1056.8 | throughput per GPU (TFLOP/s/GPU): 359.2 | tokens/sec/GPU: 7752 | learning rate: 8.393800E-05 | global batch size:    32 | lm loss: 4.008542E+00 | loss scale: 1.0 | grad norm: 0.655 | number of skipped iterations:   0 | number of nan iterations:   0 |
3: [default3]: [2026-05-23 03:39:32.488583] iteration      500/    1537 | consumed samples:        16000 | elapsed time per iteration (ms): 1060.6 | throughput per GPU (TFLOP/s/GPU): 357.9 | tokens/sec/GPU: 7724 | learning rate: 8.386259E-05 | global batch size:    32 | lm loss: 3.982301E+00 | loss scale: 1.0 | grad norm: 0.711 | number of skipped iterations:   0 | number of nan iterations:   0 |
0: [default3]:[Rank 3] (before save_checkpoint for iteration 500) memory (MB) | allocated: 9740.79 | max allocated: 22345.70 | reserved: 22886.00 | max reserved: 22886.00
2: [default1]:[Rank 9] (before save_checkpoint for iteration 500) memory (MB) | allocated: 10032.45 | max allocated: 17327.90 | reserved: 17970.00 | max reserved: 17970.00
0: [default1]:[Rank 1] (before save_checkpoint for iteration 500) memory (MB) | allocated: 9740.79 | max allocated: 22345.70 | reserved: 22886.00 | max reserved: 22886.00
0: [default2]:[Rank 2] (before save_checkpoint for iteration 500) memory (MB) | allocated: 9740.79 | max allocated: 22345.70 | reserved: 22886.00 | max reserved: 22886.00
2: [default3]:[Rank 11] (before save_checkpoint for iteration 500) memory (MB) | allocated: 10032.45 | max allocated: 17327.90 | reserved: 17970.00 | max reserved: 17970.00
2: [default2]:[Rank 10] (before save_checkpoint for iteration 500) memory (MB) | allocated: 10032.45 | max allocated: 17327.90 | reserved: 17970.00 | max reserved: 17970.00
2: [default0]:[Rank 8] (before save_checkpoint for iteration 500) memory (MB) | allocated: 10032.45 | max allocated: 17328.02 | reserved: 17970.00 | max reserved: 17970.00
0: [default0]:[Rank 0] (before save_checkpoint for iteration 500) memory (MB) | allocated: 9740.79 | max allocated: 22345.70 | reserved: 22886.00 | max reserved: 22886.00
0: [default0]:[2026-05-23 03:39:33.155213] saving checkpoint at iteration     500 to /iopsstor/scratch/cscs/course_00179/gipfelsturm/gipfelsturm/train-8b-4n/checkpoints in torch_dist format
0: [default0]:Storing distributed optimizer sharded state of type dp_reshardable
0: [default0]:/usr/local/lib/python3.12/dist-packages/torch/library.py:357: UserWarning: Warning only once for all operators,  other operators may also be overridden.
0: [default0]:  Overriding a previously registered kernel for the same operator and the same dispatch key
0: [default0]:  operator: flash_attn::_flash_attn_backward(Tensor dout, Tensor q, Tensor k, Tensor v, Tensor out, Tensor softmax_lse, Tensor(a6!)? dq, Tensor(a7!)? dk, Tensor(a8!)? dv, float dropout_p, float softmax_scale, bool causal, SymInt window_size_left, SymInt window_size_right, float softcap, Tensor? alibi_slopes, bool deterministic, Tensor? rng_state=None) -> Tensor
0: [default0]:    registered at /usr/local/lib/python3.12/dist-packages/torch/_library/custom_ops.py:926
0: [default0]:  dispatch key: ADInplaceOrView
0: [default0]:  previous kernel: no debug info
0: [default0]:       new kernel: registered at /usr/local/lib/python3.12/dist-packages/torch/_library/custom_ops.py:926 (Triggered internally at /opt/pytorch/pytorch/aten/src/ATen/core/dispatch/Op
0: eratorEntry.cpp:208.)
0: [default0]:  self.m.impl(
0: [default0]:  [2026-05-23 03:39:52.242016] successfully saved checkpoint from iteration     500 to /iopsstor/scratch/cscs/course_00179/gipfelsturm/gipfelsturm/train-8b-4n/checkpoints [ t 1/4, p 1/2 ]
0: [default0]:[Rank 0] (after save_checkpoint for iteration 500) memory (MB) | allocated: 9740.79 | max allocated: 22345.70 | reserved: 22886.00 | max reserved: 22886.00
0: [default3]:[Rank 3] (after save_checkpoint for iteration 500) memory (MB) | allocated: 9740.79 | max allocated: 22345.70 | reserved: 22886.00 | max reserved: 22886.00
2: [default1]:[Rank 9] (after save_checkpoint for iteration 500) memory (MB) | allocated: 10032.45 | max allocated: 17327.90 | reserved: 17970.00 | max reserved: 17970.00
0: [default2]:[Rank 2] (after save_checkpoint for iteration 500) memory (MB) | allocated: 9740.79 | max allocated: 22345.70 | reserved: 22886.00 | max reserved: 22886.00
0: [default1]:[Rank 1] (after save_checkpoint for iteration 500) memory (MB) | allocated: 9740.79 | max allocated: 22345.70 | reserved: 22886.00 | max reserved: 22886.00
2: [default0]:[Rank 8] (after save_checkpoint for iteration 500) memory (MB) | allocated: 10032.45 | max allocated: 17328.02 | reserved: 17970.00 | max reserved: 17970.00
2: [default3]:[Rank 11] (after save_checkpoint for iteration 500) memory (MB) | allocated: 10032.45 | max allocated: 17327.90 | reserved: 17970.00 | max reserved: 17970.00
2: [default2]:[Rank 10] (after save_checkpoint for iteration 500) memory (MB) | allocated: 10032.45 | max allocated: 17327.90 | reserved: 17970.00 | max reserved: 17970.00
3: [default3]:INFO:megatron.core.timers:(min, max) time across ranks (ms):
3: [default3]:    save-checkpoint ................................: (19614.01, 19614.22)
3: [default3]: [2026-05-23 03:39:53.832694] iteration      501/    1537 | consumed samples:        16032 | elapsed time per iteration (ms): 1721.6 | throughput per GPU (TFLOP/s/GPU): 220.5 | tokens/sec/GPU: 4758 | learning rate: 8.378705E-05 | global batch size:    32 | lm loss: 4.020755E+00 | loss scale: 1.0 | grad norm: 0.996 | number of skipped iterations:   0 | number of nan iterations:   0 |
3: [default3]: [2026-05-23 03:39:54.885201] iteration      502/    1537 | consumed samples:        16064 | elapsed time per iteration (ms): 1052.4 | throughput per GPU (TFLOP/s/GPU): 360.8 | tokens/sec/GPU: 7784 | learning rate: 8.371136E-05 | global batch size:    32 | lm loss: 3.967491E+00 | loss scale: 1.0 | grad norm: 0.604 | number of skipped iterations:   0 | number of nan iterations:   0 |
3: [default3]: [2026-05-23 03:39:55.936664] iteration      503/    1537 | consumed samples:        16096 | elapsed time per iteration (ms): 1051.3 | throughput per GPU (TFLOP/s/GPU): 361.1 | tokens/sec/GPU: 7793 | learning rate: 8.363554E-05 | global batch size:    32 | lm loss: 4.300379E+00 | loss scale: 1.0 | grad norm: 0.725 | number of skipped iterations:   0 | number of nan iterations:   0 |
3: [default3]: [2026-05-23 03:39:56.988853] iteration      504/    1537 | consumed samples:        16128 | elapsed time per iteration (ms): 1052.0 | throughput per GPU (TFLOP/s/GPU): 360.9 | tokens/sec/GPU: 7787 | learning rate: 8.355958E-05 | global batch size:    32 | lm loss: 3.720234E+00 | loss scale: 1.0 | grad norm: 0.586 | number of skipped iterations:   0 | number of nan iterations:   0 |
3: [default3]: [2026-05-23 03:39:58.038903] iteration      505/    1537 | consumed samples:        16160 | elapsed time per iteration (ms): 1049.9 | throughput per GPU (TFLOP/s/GPU): 361.6 | tokens/sec/GPU: 7803 | learning rate: 8.348349E-05 | global batch size:    32 | lm loss: 3.982548E+00 | loss scale: 1.0 | grad norm: 0.701 | number of skipped iterations:   0 | number of nan iterations:   0 |
3: [default3]: [2026-05-23 03:39:59.095193] iteration      506/    1537 | consumed samples:        16192 | elapsed time per iteration (ms): 1056.1 | throughput per GPU (TFLOP/s/GPU): 359.5 | tokens/sec/GPU: 7757 | learning rate: 8.340725E-05 | global batch size:    32 | lm loss: 4.054253E+00 | loss scale: 1.0 | grad norm: 0.637 | number of skipped iterations:   0 | number of nan iterations:   0 |
3: [default3]: [2026-05-23 03:40:00.152686] iteration      507/    1537 | consumed samples:        16224 | elapsed time per iteration (ms): 1057.3 | throughput per GPU (TFLOP/s/GPU): 359.1 | tokens/sec/GPU: 7748 | learning rate: 8.333089E-05 | global batch size:    32 | lm loss: 3.839550E+00 | loss scale: 1.0 | grad norm: 0.764 | number of skipped iterations:   0 | number of nan iterations:   0 |
3: [default3]: [2026-05-23 03:40:01.208733] iteration      508/    1537 | consumed samples:        16256 | elapsed time per iteration (ms): 1055.8 | throughput per GPU (TFLOP/s/GPU): 359.6 | tokens/sec/GPU: 7759 | learning rate: 8.325438E-05 | global batch size:    32 | lm loss: 4.027810E+00 | loss scale: 1.0 | grad norm: 0.646 | number of skipped iterations:   0 | number of nan iterations:   0 |
3: [default3]: [2026-05-23 03:40:02.265200] iteration      509/    1537 | consumed samples:        16288 | elapsed time per iteration (ms): 1056.3 | throughput per GPU (TFLOP/s/GPU): 359.4 | tokens/sec/GPU: 7755 | learning rate: 8.317774E-05 | global batch size:    32 | lm loss: 3.811394E+00 | loss scale: 1.0 | grad norm: 0.662 | number of skipped iterations:   0 | number of nan iterations:   0 |
3: [default3]: [2026-05-23 03:40:03.323447] iteration      510/    1537 | consumed samples:        16320 | elapsed time per iteration (ms): 1058.1 | throughput per GPU (TFLOP/s/GPU): 358.8 | tokens/sec/GPU: 7742 | learning rate: 8.310097E-05 | global batch size:    32 | lm loss: 3.936418E+00 | loss scale: 1.0 | grad norm: 0.761 | number of skipped iterations:   0 | number of nan iterations:   0 |
3: [default3]: [2026-05-23 03:40:04.382904] iteration      511/    1537 | consumed samples:        16352 | elapsed time per iteration (ms): 1059.3 | throughput per GPU (TFLOP/s/GPU): 358.4 | tokens/sec/GPU: 7734 | learning rate: 8.302407E-05 | global batch size:    32 | lm loss: 3.660358E+00 | loss scale: 1.0 | grad norm: 0.616 | number of skipped iterations:   0 | number of nan iterations:   0 |
3: [default3]: [2026-05-23 03:40:05.438354] iteration      512/    1537 | consumed samples:        16384 | elapsed time per iteration (ms): 1055.3 | throughput per GPU (TFLOP/s/GPU): 359.7 | tokens/sec/GPU: 7762 | learning rate: 8.294702E-05 | global batch size:    32 | lm loss: 3.860348E+00 | loss scale: 1.0 | grad norm: 0.655 | number of skipped iterations:   0 | number of nan iterations:   0 |
3: [default3]: [2026-05-23 03:40:06.495382] iteration      513/    1537 | consumed samples:        16416 | elapsed time per iteration (ms): 1056.9 | throughput per GPU (TFLOP/s/GPU): 359.2 | tokens/sec/GPU: 7751 | learning rate: 8.286985E-05 | global batch size:    32 | lm loss: 3.844152E+00 | loss scale: 1.0 | grad norm: 0.634 | number of skipped iterations:   0 | number of nan iterations:   0 |
3: [default3]: [2026-05-23 03:40:07.558395] iteration      514/    1537 | consumed samples:        16448 | elapsed time per iteration (ms): 1062.9 | throughput per GPU (TFLOP/s/GPU): 357.2 | tokens/sec/GPU: 7708 | learning rate: 8.279254E-05 | global batch size:    32 | lm loss: 3.802895E+00 | loss scale: 1.0 | grad norm: 0.555 | number of skipped iterations:   0 | number of nan iterations:   0 |
3: [default3]: [2026-05-23 03:40:08.629856] iteration      515/    1537 | consumed samples:        16480 | elapsed time per iteration (ms): 1071.3 | throughput per GPU (TFLOP/s/GPU): 354.4 | tokens/sec/GPU: 7647 | learning rate: 8.271510E-05 | global batch size:    32 | lm loss: 3.751370E+00 | loss scale: 1.0 | grad norm: 0.615 | number of skipped iterations:   0 | number of nan iterations:   0 |
3: [default3]: [2026-05-23 03:40:09.695128] iteration      516/    1537 | consumed samples:        16512 | elapsed time per iteration (ms): 1065.1 | throughput per GPU (TFLOP/s/GPU): 356.4 | tokens/sec/GPU: 7691 | learning rate: 8.263753E-05 | global batch size:    32 | lm loss: 3.942355E+00 | loss scale: 1.0 | grad norm: 0.573 | number of skipped iterations:   0 | number of nan iterations:   0 |
3: [default3]: [2026-05-23 03:40:10.762738] iteration      517/    1537 | consumed samples:        16544 | elapsed time per iteration (ms): 1067.4 | throughput per GPU (TFLOP/s/GPU): 355.7 | tokens/sec/GPU: 7674 | learning rate: 8.255983E-05 | global batch size:    32 | lm loss: 3.945058E+00 | loss scale: 1.0 | grad norm: 0.616 | number of skipped iterations:   0 | number of nan iterations:   0 |
3: [default3]: [2026-05-23 03:40:11.831229] iteration      518/    1537 | consumed samples:        16576 | elapsed time per iteration (ms): 1068.3 | throughput per GPU (TFLOP/s/GPU): 355.4 | tokens/sec/GPU: 7668 | learning rate: 8.248199E-05 | global batch size:    32 | lm loss: 3.883994E+00 | loss scale: 1.0 | grad norm: 0.606 | number of skipped iterations:   0 | number of nan iterations:   0 |
3: [default3]: [2026-05-23 03:40:12.898994] iteration      519/    1537 | consumed samples:        16608 | elapsed time per iteration (ms): 1067.6 | throughput per GPU (TFLOP/s/GPU): 355.6 | tokens/sec/GPU: 7673 | learning rate: 8.240402E-05 | global batch size:    32 | lm loss: 3.860061E+00 | loss scale: 1.0 | grad norm: 0.566 | number of skipped iterations:   0 | number of nan iterations:   0 |
3: [default3]: [2026-05-23 03:40:13.970323] iteration      520/    1537 | consumed samples:        16640 | elapsed time per iteration (ms): 1071.2 | throughput per GPU (TFLOP/s/GPU): 354.4 | tokens/sec/GPU: 7648 | learning rate: 8.232592E-05 | global batch size:    32 | lm loss: 3.912175E+00 | loss scale: 1.0 | grad norm: 0.607 | number of skipped iterations:   0 | number of nan iterations:   0 |
3: [default3]: [2026-05-23 03:40:15.034479] iteration      521/    1537 | consumed samples:        16672 | elapsed time per iteration (ms): 1064.0 | throughput per GPU (TFLOP/s/GPU): 356.8 | tokens/sec/GPU: 7699 | learning rate: 8.224769E-05 | global batch size:    32 | lm loss: 3.717053E+00 | loss scale: 1.0 | grad norm: 0.637 | number of skipped iterations:   0 | number of nan iterations:   0 |
3: [default3]: [2026-05-23 03:40:16.091632] iteration      522/    1537 | consumed samples:        16704 | elapsed time per iteration (ms): 1057.0 | throughput per GPU (TFLOP/s/GPU): 359.2 | tokens/sec/GPU: 7750 | learning rate: 8.216933E-05 | global batch size:    32 | lm loss: 4.031220E+00 | loss scale: 1.0 | grad norm: 0.601 | number of skipped iterations:   0 | number of nan iterations:   0 |
3: [default3]: [2026-05-23 03:40:17.157751] iteration      523/    1537 | consumed samples:        16736 | elapsed time per iteration (ms): 1065.9 | throughput per GPU (TFLOP/s/GPU): 356.2 | tokens/sec/GPU: 7685 | learning rate: 8.209084E-05 | global batch size:    32 | lm loss: 3.799794E+00 | loss scale: 1.0 | grad norm: 0.560 | number of skipped iterations:   0 | number of nan iterations:   0 |
3: [default3]: [2026-05-23 03:40:18.216651] iteration      524/    1537 | consumed samples:        16768 | elapsed time per iteration (ms): 1058.7 | throughput per GPU (TFLOP/s/GPU): 358.6 | tokens/sec/GPU: 7738 | learning rate: 8.201222E-05 | global batch size:    32 | lm loss: 3.686554E+00 | loss scale: 1.0 | grad norm: 0.805 | number of skipped iterations:   0 | number of nan iterations:   0 |
3: [default3]: [2026-05-23 03:40:19.270995] iteration      525/    1537 | consumed samples:        16800 | elapsed time per iteration (ms): 1054.2 | throughput per GPU (TFLOP/s/GPU): 360.1 | tokens/sec/GPU: 7771 | learning rate: 8.193347E-05 | global batch size:    32 | lm loss: 3.975903E+00 | loss scale: 1.0 | grad norm: 0.559 | number of skipped iterations:   0 | number of nan iterations:   0 |
3: [default3]: [2026-05-23 03:40:20.325941] iteration      526/    1537 | consumed samples:        16832 | elapsed time per iteration (ms): 1054.8 | throughput per GPU (TFLOP/s/GPU): 359.9 | tokens/sec/GPU: 7766 | learning rate: 8.185460E-05 | global batch size:    32 | lm loss: 3.878516E+00 | loss scale: 1.0 | grad norm: 0.589 | number of skipped iterations:   0 | number of nan iterations:   0 |
3: [default3]: [2026-05-23 03:40:21.385487] iteration      527/    1537 | consumed samples:        16864 | elapsed time per iteration (ms): 1059.4 | throughput per GPU (TFLOP/s/GPU): 358.4 | tokens/sec/GPU: 7733 | learning rate: 8.177559E-05 | global batch size:    32 | lm loss: 3.853239E+00 | loss scale: 1.0 | grad norm: 0.560 | number of skipped iterations:   0 | number of nan iterations:   0 |
3: [default3]: [2026-05-23 03:40:22.444480] iteration      528/    1537 | consumed samples:        16896 | elapsed time per iteration (ms): 1058.8 | throughput per GPU (TFLOP/s/GPU): 358.5 | tokens/sec/GPU: 7737 | learning rate: 8.169646E-05 | global batch size:    32 | lm loss: 3.870882E+00 | loss scale: 1.0 | grad norm: 0.577 | number of skipped iterations:   0 | number of nan iterations:   0 |
3: [default3]: [2026-05-23 03:40:23.496539] iteration      529/    1537 | consumed samples:        16928 | elapsed time per iteration (ms): 1051.9 | throughput per GPU (TFLOP/s/GPU): 360.9 | tokens/sec/GPU: 7788 | learning rate: 8.161720E-05 | global batch size:    32 | lm loss: 3.740549E+00 | loss scale: 1.0 | grad norm: 0.636 | number of skipped iterations:   0 | number of nan iterations:   0 |
3: [default3]: [2026-05-23 03:40:24.552805] iteration      530/    1537 | consumed samples:        16960 | elapsed time per iteration (ms): 1056.1 | throughput per GPU (TFLOP/s/GPU): 359.5 | tokens/sec/GPU: 7757 | learning rate: 8.153781E-05 | global batch size:    32 | lm loss: 3.887432E+00 | loss scale: 1.0 | grad norm: 0.791 | number of skipped iterations:   0 | number of nan iterations:   0 |
3: [default3]: [2026-05-23 03:40:25.611041] iteration      531/    1537 | consumed samples:        16992 | elapsed time per iteration (ms): 1058.0 | throughput per GPU (TFLOP/s/GPU): 358.8 | tokens/sec/GPU: 7743 | learning rate: 8.145830E-05 | global batch size:    32 | lm loss: 4.046460E+00 | loss scale: 1.0 | grad norm: 0.585 | number of skipped iterations:   0 | number of nan iterations:   0 |
3: [default3]: [2026-05-23 03:40:26.667003] iteration      532/    1537 | consumed samples:        17024 | elapsed time per iteration (ms): 1055.8 | throughput per GPU (TFLOP/s/GPU): 359.6 | tokens/sec/GPU: 7759 | learning rate: 8.137865E-05 | global batch size:    32 | lm loss: 3.850951E+00 | loss scale: 1.0 | grad norm: 0.622 | number of skipped iterations:   0 | number of nan iterations:   0 |
3: [default3]: [2026-05-23 03:40:27.725794] iteration      533/    1537 | consumed samples:        17056 | elapsed time per iteration (ms): 1058.7 | throughput per GPU (TFLOP/s/GPU): 358.6 | tokens/sec/GPU: 7738 | learning rate: 8.129889E-05 | global batch size:    32 | lm loss: 3.771629E+00 | loss scale: 1.0 | grad norm: 0.591 | number of skipped iterations:   0 | number of nan iterations:   0 |
3: [default3]: [2026-05-23 03:40:28.780850] iteration      534/    1537 | consumed samples:        17088 | elapsed time per iteration (ms): 1054.9 | throughput per GPU (TFLOP/s/GPU): 359.9 | tokens/sec/GPU: 7766 | learning rate: 8.121899E-05 | global batch size:    32 | lm loss: 3.970851E+00 | loss scale: 1.0 | grad norm: 0.557 | number of skipped iterations:   0 | number of nan iterations:   0 |
3: [default3]: [2026-05-23 03:40:29.835615] iteration      535/    1537 | consumed samples:        17120 | elapsed time per iteration (ms): 1054.6 | throughput per GPU (TFLOP/s/GPU): 360.0 | tokens/sec/GPU: 7768 | learning rate: 8.113898E-05 | global batch size:    32 | lm loss: 3.718385E+00 | loss scale: 1.0 | grad norm: 0.665 | number of skipped iterations:   0 | number of nan iterations:   0 |
3: [default3]: [2026-05-23 03:40:30.890016] iteration      536/    1537 | consumed samples:        17152 | elapsed time per iteration (ms): 1054.2 | throughput per GPU (TFLOP/s/GPU): 360.1 | tokens/sec/GPU: 7771 | learning rate: 8.105883E-05 | global batch size:    32 | lm loss: 4.037411E+00 | loss scale: 1.0 | grad norm: 0.678 | number of skipped iterations:   0 | number of nan iterations:   0 |
3: [default3]: [2026-05-23 03:40:31.958340] iteration      537/    1537 | consumed samples:        17184 | elapsed time per iteration (ms): 1068.2 | throughput per GPU (TFLOP/s/GPU): 355.4 | tokens/sec/GPU: 7669 | learning rate: 8.097856E-05 | global batch size:    32 | lm loss: 3.628531E+00 | loss scale: 1.0 | grad norm: 1.131 | number of skipped iterations:   0 | number of nan iterations:   0 |
3: [default3]: [2026-05-23 03:40:33.026292] iteration      538/    1537 | consumed samples:        17216 | elapsed time per iteration (ms): 1067.8 | throughput per GPU (TFLOP/s/GPU): 355.5 | tokens/sec/GPU: 7672 | learning rate: 8.089817E-05 | global batch size:    32 | lm loss: 3.902017E+00 | loss scale: 1.0 | grad norm: 0.633 | number of skipped iterations:   0 | number of nan iterations:   0 |
3: [default3]: [2026-05-23 03:40:34.094436] iteration      539/    1537 | consumed samples:        17248 | elapsed time per iteration (ms): 1067.9 | throughput per GPU (TFLOP/s/GPU): 355.5 | tokens/sec/GPU: 7671 | learning rate: 8.081766E-05 | global batch size:    32 | lm loss: 4.034619E+00 | loss scale: 1.0 | grad norm: 0.707 | number of skipped iterations:   0 | number of nan iterations:   0 |
3: [default3]: [2026-05-23 03:40:35.155224] iteration      540/    1537 | consumed samples:        17280 | elapsed time per iteration (ms): 1060.6 | throughput per GPU (TFLOP/s/GPU): 357.9 | tokens/sec/GPU: 7724 | learning rate: 8.073702E-05 | global batch size:    32 | lm loss: 3.867326E+00 | loss scale: 1.0 | grad norm: 0.736 | number of skipped iterations:   0 | number of nan iterations:   0 |
3: [default3]: [2026-05-23 03:40:36.214381] iteration      541/    1537 | consumed samples:        17312 | elapsed time per iteration (ms): 1059.0 | throughput per GPU (TFLOP/s/GPU): 358.5 | tokens/sec/GPU: 7736 | learning rate: 8.065625E-05 | global batch size:    32 | lm loss: 3.686655E+00 | loss scale: 1.0 | grad norm: 0.614 | number of skipped iterations:   0 | number of nan iterations:   0 |
3: [default3]: [2026-05-23 03:40:37.270124] iteration      542/    1537 | consumed samples:        17344 | elapsed time per iteration (ms): 1055.6 | throughput per GPU (TFLOP/s/GPU): 359.7 | tokens/sec/GPU: 7761 | learning rate: 8.057537E-05 | global batch size:    32 | lm loss: 3.963213E+00 | loss scale: 1.0 | grad norm: 0.594 | number of skipped iterations:   0 | number of nan iterations:   0 |
3: [default3]: [2026-05-23 03:40:38.325213] iteration      543/    1537 | consumed samples:        17376 | elapsed time per iteration (ms): 1054.9 | throughput per GPU (TFLOP/s/GPU): 359.9 | tokens/sec/GPU: 7765 | learning rate: 8.049436E-05 | global batch size:    32 | lm loss: 3.560081E+00 | loss scale: 1.0 | grad norm: 0.672 | number of skipped iterations:   0 | number of nan iterations:   0 |
3: [default3]: [2026-05-23 03:40:39.380963] iteration      544/    1537 | consumed samples:        17408 | elapsed time per iteration (ms): 1055.6 | throughput per GPU (TFLOP/s/GPU): 359.6 | tokens/sec/GPU: 7760 | learning rate: 8.041323E-05 | global batch size:    32 | lm loss: 3.872915E+00 | loss scale: 1.0 | grad norm: 0.605 | number of skipped iterations:   0 | number of nan iterations:   0 |
3: [default3]: [2026-05-23 03:40:40.437139] iteration      545/    1537 | consumed samples:        17440 | elapsed time per iteration (ms): 1056.0 | throughput per GPU (TFLOP/s/GPU): 359.5 | tokens/sec/GPU: 7757 | learning rate: 8.033198E-05 | global batch size:    32 | lm loss: 3.769661E+00 | loss scale: 1.0 | grad norm: 0.638 | number of skipped iterations:   0 | number of nan iterations:   0 |
3: [default3]: [2026-05-23 03:40:41.498176] iteration      546/    1537 | consumed samples:        17472 | elapsed time per iteration (ms): 1060.9 | throughput per GPU (TFLOP/s/GPU): 357.9 | tokens/sec/GPU: 7722 | learning rate: 8.025061E-05 | global batch size:    32 | lm loss: 3.839074E+00 | loss scale: 1.0 | grad norm: 0.615 | number of skipped iterations:   0 | number of nan iterations:   0 |
3: [default3]: [2026-05-23 03:40:42.556304] iteration      547/    1537 | consumed samples:        17504 | elapsed time per iteration (ms): 1057.9 | throughput per GPU (TFLOP/s/GPU): 358.8 | tokens/sec/GPU: 7743 | learning rate: 8.016912E-05 | global batch size:    32 | lm loss: 3.802014E+00 | loss scale: 1.0 | grad norm: 0.662 | number of skipped iterations:   0 | number of nan iterations:   0 |
3: [default3]: [2026-05-23 03:40:43.614239] iteration      548/    1537 | consumed samples:        17536 | elapsed time per iteration (ms): 1057.8 | throughput per GPU (TFLOP/s/GPU): 358.9 | tokens/sec/GPU: 7745 | learning rate: 8.008751E-05 | global batch size:    32 | lm loss: 3.939842E+00 | loss scale: 1.0 | grad norm: 0.607 | number of skipped iterations:   0 | number of nan iterations:   0 |
3: [default3]: [2026-05-23 03:40:44.667157] iteration      549/    1537 | consumed samples:        17568 | elapsed time per iteration (ms): 1052.7 | throughput per GPU (TFLOP/s/GPU): 360.6 | tokens/sec/GPU: 7782 | learning rate: 8.000578E-05 | global batch size:    32 | lm loss: 3.761310E+00 | loss scale: 1.0 | grad norm: 0.662 | number of skipped iterations:   0 | number of nan iterations:   0 |
3: [default3]: [2026-05-23 03:40:45.724737] iteration      550/    1537 | consumed samples:        17600 | elapsed time per iteration (ms): 1057.4 | throughput per GPU (TFLOP/s/GPU): 359.0 | tokens/sec/GPU: 7747 | learning rate: 7.992392E-05 | global batch size:    32 | lm loss: 3.642344E+00 | loss scale: 1.0 | grad norm: 0.678 | number of skipped iterations:   0 | number of nan iterations:   0 |
3: [default3]: [2026-05-23 03:40:47.456207] iteration      551/    1537 | consumed samples:        17632 | elapsed time per iteration (ms): 1731.3 | throughput per GPU (TFLOP/s/GPU): 219.3 | tokens/sec/GPU: 4732 | learning rate: 7.984195E-05 | global batch size:    32 | lm loss: 3.759586E+00 | loss scale: 1.0 | grad norm: 0.589 | number of skipped iterations:   0 | number of nan iterations:   0 |
3: [default3]: [2026-05-23 03:40:48.512051] iteration      552/    1537 | consumed samples:        17664 | elapsed time per iteration (ms): 1055.7 | throughput per GPU (TFLOP/s/GPU): 359.6 | tokens/sec/GPU: 7760 | learning rate: 7.975986E-05 | global batch size:    32 | lm loss: 3.623446E+00 | loss scale: 1.0 | grad norm: 0.625 | number of skipped iterations:   0 | number of nan iterations:   0 |
3: [default3]: [2026-05-23 03:40:49.570053] iteration      553/    1537 | consumed samples:        17696 | elapsed time per iteration (ms): 1057.9 | throughput per GPU (TFLOP/s/GPU): 358.9 | tokens/sec/GPU: 7744 | learning rate: 7.967765E-05 | global batch size:    32 | lm loss: 3.762212E+00 | loss scale: 1.0 | grad norm: 0.577 | number of skipped iterations:   0 | number of nan iterations:   0 |
3: [default3]: [2026-05-23 03:40:50.631643] iteration      554/    1537 | consumed samples:        17728 | elapsed time per iteration (ms): 1061.4 | throughput per GPU (TFLOP/s/GPU): 357.7 | tokens/sec/GPU: 7718 | learning rate: 7.959532E-05 | global batch size:    32 | lm loss: 3.684062E+00 | loss scale: 1.0 | grad norm: 0.644 | number of skipped iterations:   0 | number of nan iterations:   0 |
3: [default3]: [2026-05-23 03:40:51.690576] iteration      555/    1537 | consumed samples:        17760 | elapsed time per iteration (ms): 1058.7 | throughput per GPU (TFLOP/s/GPU): 358.6 | tokens/sec/GPU: 7737 | learning rate: 7.951288E-05 | global batch size:    32 | lm loss: 4.107780E+00 | loss scale: 1.0 | grad norm: 0.714 | number of skipped iterations:   0 | number of nan iterations:   0 |
3: [default3]: [2026-05-23 03:40:52.749882] iteration      556/    1537 | consumed samples:        17792 | elapsed time per iteration (ms): 1059.1 | throughput per GPU (TFLOP/s/GPU): 358.4 | tokens/sec/GPU: 7735 | learning rate: 7.943032E-05 | global batch size:    32 | lm loss: 4.064079E+00 | loss scale: 1.0 | grad norm: 0.604 | number of skipped iterations:   0 | number of nan iterations:   0 |
3: [default3]: [2026-05-23 03:40:53.804735] iteration      557/    1537 | consumed samples:        17824 | elapsed time per iteration (ms): 1054.7 | throughput per GPU (TFLOP/s/GPU): 360.0 | tokens/sec/GPU: 7767 | learning rate: 7.934764E-05 | global batch size:    32 | lm loss: 4.031128E+00 | loss scale: 1.0 | grad norm: 0.610 | number of skipped iterations:   0 | number of nan iterations:   0 |
3: [default3]: [2026-05-23 03:40:54.862529] iteration      558/    1537 | consumed samples:        17856 | elapsed time per iteration (ms): 1057.6 | throughput per GPU (TFLOP/s/GPU): 359.0 | tokens/sec/GPU: 7746 | learning rate: 7.926485E-05 | global batch size:    32 | lm loss: 4.036731E+00 | loss scale: 1.0 | grad norm: 0.561 | number of skipped iterations:   0 | number of nan iterations:   0 |
3: [default3]: [2026-05-23 03:40:55.921195] iteration      559/    1537 | consumed samples:        17888 | elapsed time per iteration (ms): 1058.5 | throughput per GPU (TFLOP/s/GPU): 358.7 | tokens/sec/GPU: 7739 | learning rate: 7.918194E-05 | global batch size:    32 | lm loss: 3.851234E+00 | loss scale: 1.0 | grad norm: 0.781 | number of skipped iterations:   0 | number of nan iterations:   0 |
3: [default3]: [2026-05-23 03:40:56.976954] iteration      560/    1537 | consumed samples:        17920 | elapsed time per iteration (ms): 1055.6 | throughput per GPU (TFLOP/s/GPU): 359.6 | tokens/sec/GPU: 7760 | learning rate: 7.909891E-05 | global batch size:    32 | lm loss: 3.778535E+00 | loss scale: 1.0 | grad norm: 0.649 | number of skipped iterations:   0 | number of nan iterations:   0 |
3: [default3]: [2026-05-23 03:40:58.032207] iteration      561/    1537 | consumed samples:        17952 | elapsed time per iteration (ms): 1055.1 | throughput per GPU (TFLOP/s/GPU): 359.8 | tokens/sec/GPU: 7764 | learning rate: 7.901577E-05 | global batch size:    32 | lm loss: 3.565819E+00 | loss scale: 1.0 | grad norm: 0.580 | number of skipped iterations:   0 | number of nan iterations:   0 |
3: [default3]: [2026-05-23 03:40:59.083834] iteration      562/    1537 | consumed samples:        17984 | elapsed time per iteration (ms): 1051.5 | throughput per GPU (TFLOP/s/GPU): 361.1 | tokens/sec/GPU: 7791 | learning rate: 7.893252E-05 | global batch size:    32 | lm loss: 3.760418E+00 | loss scale: 1.0 | grad norm: 0.639 | number of skipped iterations:   0 | number of nan iterations:   0 |
3: [default3]: [2026-05-23 03:41:00.137448] iteration      563/    1537 | consumed samples:        18016 | elapsed time per iteration (ms): 1053.4 | throughput per GPU (TFLOP/s/GPU): 360.4 | tokens/sec/GPU: 7776 | learning rate: 7.884915E-05 | global batch size:    32 | lm loss: 3.720705E+00 | loss scale: 1.0 | grad norm: 0.684 | number of skipped iterations:   0 | number of nan iterations:   0 |
3: [default3]: [2026-05-23 03:41:01.191456] iteration      564/    1537 | consumed samples:        18048 | elapsed time per iteration (ms): 1053.8 | throughput per GPU (TFLOP/s/GPU): 360.2 | tokens/sec/GPU: 7774 | learning rate: 7.876566E-05 | global batch size:    32 | lm loss: 3.755583E+00 | loss scale: 1.0 | grad norm: 0.681 | number of skipped iterations:   0 | number of nan iterations:   0 |
3: [default3]: [2026-05-23 03:41:02.246331] iteration      565/    1537 | consumed samples:        18080 | elapsed time per iteration (ms): 1054.7 | throughput per GPU (TFLOP/s/GPU): 359.9 | tokens/sec/GPU: 7767 | learning rate: 7.868207E-05 | global batch size:    32 | lm loss: 3.819442E+00 | loss scale: 1.0 | grad norm: 0.674 | number of skipped iterations:   0 | number of nan iterations:   0 |
3: [default3]: [2026-05-23 03:41:03.300689] iteration      566/    1537 | consumed samples:        18112 | elapsed time per iteration (ms): 1054.2 | throughput per GPU (TFLOP/s/GPU): 360.1 | tokens/sec/GPU: 7771 | learning rate: 7.859836E-05 | global batch size:    32 | lm loss: 3.547485E+00 | loss scale: 1.0 | grad norm: 0.639 | number of skipped iterations:   0 | number of nan iterations:   0 |
3: [default3]: [2026-05-23 03:41:04.356188] iteration      567/    1537 | consumed samples:        18144 | elapsed time per iteration (ms): 1055.3 | throughput per GPU (TFLOP/s/GPU): 359.8 | tokens/sec/GPU: 7763 | learning rate: 7.851453E-05 | global batch size:    32 | lm loss: 3.836687E+00 | loss scale: 1.0 | grad norm: 0.632 | number of skipped iterations:   0 | number of nan iterations:   0 |
3: [default3]: [2026-05-23 03:41:05.409832] iteration      568/    1537 | consumed samples:        18176 | elapsed time per iteration (ms): 1053.5 | throughput per GPU (TFLOP/s/GPU): 360.4 | tokens/sec/GPU: 7776 | learning rate: 7.843060E-05 | global batch size:    32 | lm loss: 3.847923E+00 | loss scale: 1.0 | grad norm: 0.606 | number of skipped iterations:   0 | number of nan iterations:   0 |
3: [default3]: [2026-05-23 03:41:06.465118] iteration      569/    1537 | consumed samples:        18208 | elapsed time per iteration (ms): 1055.1 | throughput per GPU (TFLOP/s/GPU): 359.8 | tokens/sec/GPU: 7764 | learning rate: 7.834655E-05 | global batch size:    32 | lm loss: 3.594596E+00 | loss scale: 1.0 | grad norm: 0.633 | number of skipped iterations:   0 | number of nan iterations:   0 |
3: [default3]: [2026-05-23 03:41:07.534817] iteration      570/    1537 | consumed samples:        18240 | elapsed time per iteration (ms): 1069.5 | throughput per GPU (TFLOP/s/GPU): 355.0 | tokens/sec/GPU: 7659 | learning rate: 7.826239E-05 | global batch size:    32 | lm loss: 3.714803E+00 | loss scale: 1.0 | grad norm: 0.672 | number of skipped iterations:   0 | number of nan iterations:   0 |
3: [default3]: [2026-05-23 03:41:08.593325] iteration      571/    1537 | consumed samples:        18272 | elapsed time per iteration (ms): 1058.3 | throughput per GPU (TFLOP/s/GPU): 358.7 | tokens/sec/GPU: 7741 | learning rate: 7.817812E-05 | global batch size:    32 | lm loss: 3.982888E+00 | loss scale: 1.0 | grad norm: 0.774 | number of skipped iterations:   0 | number of nan iterations:   0 |
3: [default3]: [2026-05-23 03:41:09.651812] iteration      572/    1537 | consumed samples:        18304 | elapsed time per iteration (ms): 1058.3 | throughput per GPU (TFLOP/s/GPU): 358.7 | tokens/sec/GPU: 7741 | learning rate: 7.809374E-05 | global batch size:    32 | lm loss: 3.452392E+00 | loss scale: 1.0 | grad norm: 0.767 | number of skipped iterations:   0 | number of nan iterations:   0 |
3: [default3]: [2026-05-23 03:41:10.711960] iteration      573/    1537 | consumed samples:        18336 | elapsed time per iteration (ms): 1060.0 | throughput per GPU (TFLOP/s/GPU): 358.2 | tokens/sec/GPU: 7728 | learning rate: 7.800925E-05 | global batch size:    32 | lm loss: 3.972343E+00 | loss scale: 1.0 | grad norm: 0.658 | number of skipped iterations:   0 | number of nan iterations:   0 |
3: [default3]: [2026-05-23 03:41:11.771504] iteration      574/    1537 | consumed samples:        18368 | elapsed time per iteration (ms): 1059.3 | throughput per GPU (TFLOP/s/GPU): 358.4 | tokens/sec/GPU: 7734 | learning rate: 7.792465E-05 | global batch size:    32 | lm loss: 3.786112E+00 | loss scale: 1.0 | grad norm: 0.610 | number of skipped iterations:   0 | number of nan iterations:   0 |
3: [default3]: [2026-05-23 03:41:12.833383] iteration      575/    1537 | consumed samples:        18400 | elapsed time per iteration (ms): 1061.7 | throughput per GPU (TFLOP/s/GPU): 357.6 | tokens/sec/GPU: 7716 | learning rate: 7.783993E-05 | global batch size:    32 | lm loss: 3.686749E+00 | loss scale: 1.0 | grad norm: 1.020 | number of skipped iterations:   0 | number of nan iterations:   0 |
3: [default3]: [2026-05-23 03:41:13.891871] iteration      576/    1537 | consumed samples:        18432 | elapsed time per iteration (ms): 1058.3 | throughput per GPU (TFLOP/s/GPU): 358.7 | tokens/sec/GPU: 7740 | learning rate: 7.775511E-05 | global batch size:    32 | lm loss: 3.847917E+00 | loss scale: 1.0 | grad norm: 0.692 | number of skipped iterations:   0 | number of nan iterations:   0 |
3: [default3]: [2026-05-23 03:41:14.949719] iteration      577/    1537 | consumed samples:        18464 | elapsed time per iteration (ms): 1057.7 | throughput per GPU (TFLOP/s/GPU): 358.9 | tokens/sec/GPU: 7745 | learning rate: 7.767019E-05 | global batch size:    32 | lm loss: 3.876455E+00 | loss scale: 1.0 | grad norm: 0.723 | number of skipped iterations:   0 | number of nan iterations:   0 |
3: [default3]: [2026-05-23 03:41:16.004690] iteration      578/    1537 | consumed samples:        18496 | elapsed time per iteration (ms): 1054.8 | throughput per GPU (TFLOP/s/GPU): 359.9 | tokens/sec/GPU: 7766 | learning rate: 7.758514E-05 | global batch size:    32 | lm loss: 3.794046E+00 | loss scale: 1.0 | grad norm: 0.632 | number of skipped iterations:   0 | number of nan iterations:   0 |
3: [default3]: [2026-05-23 03:41:17.059930] iteration      579/    1537 | consumed samples:        18528 | elapsed time per iteration (ms): 1055.1 | throughput per GPU (TFLOP/s/GPU): 359.8 | tokens/sec/GPU: 7764 | learning rate: 7.750000E-05 | global batch size:    32 | lm loss: 4.156413E+00 | loss scale: 1.0 | grad norm: 0.664 | number of skipped iterations:   0 | number of nan iterations:   0 |
3: [default3]: [2026-05-23 03:41:18.118954] iteration      580/    1537 | consumed samples:        18560 | elapsed time per iteration (ms): 1058.8 | throughput per GPU (TFLOP/s/GPU): 358.6 | tokens/sec/GPU: 7737 | learning rate: 7.741475E-05 | global batch size:    32 | lm loss: 3.667328E+00 | loss scale: 1.0 | grad norm: 0.631 | number of skipped iterations:   0 | number of nan iterations:   0 |
3: [default3]: [2026-05-23 03:41:19.173516] iteration      581/    1537 | consumed samples:        18592 | elapsed time per iteration (ms): 1054.4 | throughput per GPU (TFLOP/s/GPU): 360.0 | tokens/sec/GPU: 7769 | learning rate: 7.732939E-05 | global batch size:    32 | lm loss: 3.914681E+00 | loss scale: 1.0 | grad norm: 0.772 | number of skipped iterations:   0 | number of nan iterations:   0 |
3: [default3]: [2026-05-23 03:41:20.232197] iteration      582/    1537 | consumed samples:        18624 | elapsed time per iteration (ms): 1058.4 | throughput per GPU (TFLOP/s/GPU): 358.7 | tokens/sec/GPU: 7740 | learning rate: 7.724392E-05 | global batch size:    32 | lm loss: 3.933184E+00 | loss scale: 1.0 | grad norm: 0.574 | number of skipped iterations:   0 | number of nan iterations:   0 |
3: [default3]: [2026-05-23 03:41:21.286866] iteration      583/    1537 | consumed samples:        18656 | elapsed time per iteration (ms): 1054.5 | throughput per GPU (TFLOP/s/GPU): 360.0 | tokens/sec/GPU: 7769 | learning rate: 7.715834E-05 | global batch size:    32 | lm loss: 3.797924E+00 | loss scale: 1.0 | grad norm: 0.633 | number of skipped iterations:   0 | number of nan iterations:   0 |
3: [default3]: [2026-05-23 03:41:22.345801] iteration      584/    1537 | consumed samples:        18688 | elapsed time per iteration (ms): 1058.8 | throughput per GPU (TFLOP/s/GPU): 358.6 | tokens/sec/GPU: 7737 | learning rate: 7.707267E-05 | global batch size:    32 | lm loss: 3.840676E+00 | loss scale: 1.0 | grad norm: 0.703 | number of skipped iterations:   0 | number of nan iterations:   0 |
3: [default3]: [2026-05-23 03:41:23.401926] iteration      585/    1537 | consumed samples:        18720 | elapsed time per iteration (ms): 1056.0 | throughput per GPU (TFLOP/s/GPU): 359.5 | tokens/sec/GPU: 7758 | learning rate: 7.698689E-05 | global batch size:    32 | lm loss: 3.761362E+00 | loss scale: 1.0 | grad norm: 0.576 | number of skipped iterations:   0 | number of nan iterations:   0 |
3: [default3]: [2026-05-23 03:41:24.458897] iteration      586/    1537 | consumed samples:        18752 | elapsed time per iteration (ms): 1056.8 | throughput per GPU (TFLOP/s/GPU): 359.2 | tokens/sec/GPU: 7751 | learning rate: 7.690099E-05 | global batch size:    32 | lm loss: 3.584694E+00 | loss scale: 1.0 | grad norm: 0.751 | number of skipped iterations:   0 | number of nan iterations:   0 |
3: [default3]: [2026-05-23 03:41:25.511060] iteration      587/    1537 | consumed samples:        18784 | elapsed time per iteration (ms): 1052.0 | throughput per GPU (TFLOP/s/GPU): 360.9 | tokens/sec/GPU: 7787 | learning rate: 7.681500E-05 | global batch size:    32 | lm loss: 3.855745E+00 | loss scale: 1.0 | grad norm: 0.579 | number of skipped iterations:   0 | number of nan iterations:   0 |
3: [default3]: [2026-05-23 03:41:26.567422] iteration      588/    1537 | consumed samples:        18816 | elapsed time per iteration (ms): 1056.2 | throughput per GPU (TFLOP/s/GPU): 359.4 | tokens/sec/GPU: 7756 | learning rate: 7.672890E-05 | global batch size:    32 | lm loss: 3.788435E+00 | loss scale: 1.0 | grad norm: 0.553 | number of skipped iterations:   0 | number of nan iterations:   0 |
3: [default3]: [2026-05-23 03:41:27.623331] iteration      589/    1537 | consumed samples:        18848 | elapsed time per iteration (ms): 1055.7 | throughput per GPU (TFLOP/s/GPU): 359.6 | tokens/sec/GPU: 7760 | learning rate: 7.664270E-05 | global batch size:    32 | lm loss: 3.775419E+00 | loss scale: 1.0 | grad norm: 0.588 | number of skipped iterations:   0 | number of nan iterations:   0 |
3: [default3]: [2026-05-23 03:41:28.680124] iteration      590/    1537 | consumed samples:        18880 | elapsed time per iteration (ms): 1056.6 | throughput per GPU (TFLOP/s/GPU): 359.3 | tokens/sec/GPU: 7753 | learning rate: 7.655639E-05 | global batch size:    32 | lm loss: 3.677417E+00 | loss scale: 1.0 | grad norm: 0.611 | number of skipped iterations:   0 | number of nan iterations:   0 |
3: [default3]: [2026-05-23 03:41:29.735267] iteration      591/    1537 | consumed samples:        18912 | elapsed time per iteration (ms): 1054.9 | throughput per GPU (TFLOP/s/GPU): 359.9 | tokens/sec/GPU: 7766 | learning rate: 7.646998E-05 | global batch size:    32 | lm loss: 4.085194E+00 | loss scale: 1.0 | grad norm: 0.608 | number of skipped iterations:   0 | number of nan iterations:   0 |
3: [default3]: [2026-05-23 03:41:30.791066] iteration      592/    1537 | consumed samples:        18944 | elapsed time per iteration (ms): 1055.6 | throughput per GPU (TFLOP/s/GPU): 359.6 | tokens/sec/GPU: 7760 | learning rate: 7.638347E-05 | global batch size:    32 | lm loss: 3.724599E+00 | loss scale: 1.0 | grad norm: 0.563 | number of skipped iterations:   0 | number of nan iterations:   0 |
3: [default3]: [2026-05-23 03:41:31.843512] iteration      593/    1537 | consumed samples:        18976 | elapsed time per iteration (ms): 1052.3 | throughput per GPU (TFLOP/s/GPU): 360.8 | tokens/sec/GPU: 7785 | learning rate: 7.629686E-05 | global batch size:    32 | lm loss: 3.376722E+00 | loss scale: 1.0 | grad norm: 0.562 | number of skipped iterations:   0 | number of nan iterations:   0 |
3: [default3]: [2026-05-23 03:41:32.898797] iteration      594/    1537 | consumed samples:        19008 | elapsed time per iteration (ms): 1055.1 | throughput per GPU (TFLOP/s/GPU): 359.8 | tokens/sec/GPU: 7764 | learning rate: 7.621014E-05 | global batch size:    32 | lm loss: 3.636522E+00 | loss scale: 1.0 | grad norm: 0.604 | number of skipped iterations:   0 | number of nan iterations:   0 |
3: [default3]: [2026-05-23 03:41:33.955867] iteration      595/    1537 | consumed samples:        19040 | elapsed time per iteration (ms): 1056.9 | throughput per GPU (TFLOP/s/GPU): 359.2 | tokens/sec/GPU: 7751 | learning rate: 7.612332E-05 | global batch size:    32 | lm loss: 3.750878E+00 | loss scale: 1.0 | grad norm: 0.574 | number of skipped iterations:   0 | number of nan iterations:   0 |
3: [default3]: [2026-05-23 03:41:35.013739] iteration      596/    1537 | consumed samples:        19072 | elapsed time per iteration (ms): 1057.7 | throughput per GPU (TFLOP/s/GPU): 358.9 | tokens/sec/GPU: 7745 | learning rate: 7.603641E-05 | global batch size:    32 | lm loss: 3.645241E+00 | loss scale: 1.0 | grad norm: 0.552 | number of skipped iterations:   0 | number of nan iterations:   0 |
3: [default3]: [2026-05-23 03:41:36.068370] iteration      597/    1537 | consumed samples:        19104 | elapsed time per iteration (ms): 1054.5 | throughput per GPU (TFLOP/s/GPU): 360.0 | tokens/sec/GPU: 7769 | learning rate: 7.594939E-05 | global batch size:    32 | lm loss: 3.931251E+00 | loss scale: 1.0 | grad norm: 0.535 | number of skipped iterations:   0 | number of nan iterations:   0 |
3: [default3]: [2026-05-23 03:41:37.123172] iteration      598/    1537 | consumed samples:        19136 | elapsed time per iteration (ms): 1054.6 | throughput per GPU (TFLOP/s/GPU): 360.0 | tokens/sec/GPU: 7768 | learning rate: 7.586227E-05 | global batch size:    32 | lm loss: 3.705194E+00 | loss scale: 1.0 | grad norm: 0.588 | number of skipped iterations:   0 | number of nan iterations:   0 |
3: [default3]: [2026-05-23 03:41:38.179187] iteration      599/    1537 | consumed samples:        19168 | elapsed time per iteration (ms): 1055.8 | throughput per GPU (TFLOP/s/GPU): 359.6 | tokens/sec/GPU: 7759 | learning rate: 7.577505E-05 | global batch size:    32 | lm loss: 3.748711E+00 | loss scale: 1.0 | grad norm: 0.668 | number of skipped iterations:   0 | number of nan iterations:   0 |
3: [default3]: [2026-05-23 03:41:39.235210] iteration      600/    1537 | consumed samples:        19200 | elapsed time per iteration (ms): 1055.9 | throughput per GPU (TFLOP/s/GPU): 359.5 | tokens/sec/GPU: 7758 | learning rate: 7.568773E-05 | global batch size:    32 | lm loss: 3.781619E+00 | loss scale: 1.0 | grad norm: 0.581 | number of skipped iterations:   0 | number of nan iterations:   0 |
3: [default3]: [2026-05-23 03:41:40.996432] iteration      601/    1537 | consumed samples:        19232 | elapsed time per iteration (ms): 1761.0 | throughput per GPU (TFLOP/s/GPU): 215.6 | tokens/sec/GPU: 4652 | learning rate: 7.560032E-05 | global batch size:    32 | lm loss: 3.803527E+00 | loss scale: 1.0 | grad norm: 0.647 | number of skipped iterations:   0 | number of nan iterations:   0 |
3: [default3]: [2026-05-23 03:41:42.053017] iteration      602/    1537 | consumed samples:        19264 | elapsed time per iteration (ms): 1056.4 | throughput per GPU (TFLOP/s/GPU): 359.4 | tokens/sec/GPU: 7754 | learning rate: 7.551281E-05 | global batch size:    32 | lm loss: 3.763923E+00 | loss scale: 1.0 | grad norm: 0.692 | number of skipped iterations:   0 | number of nan iterations:   0 |
3: [default3]: [2026-05-23 03:41:43.104735] iteration      603/    1537 | consumed samples:        19296 | elapsed time per iteration (ms): 1051.5 | throughput per GPU (TFLOP/s/GPU): 361.0 | tokens/sec/GPU: 7790 | learning rate: 7.542519E-05 | global batch size:    32 | lm loss: 3.666123E+00 | loss scale: 1.0 | grad norm: 0.729 | number of skipped iterations:   0 | number of nan iterations:   0 |
3: [default3]: [2026-05-23 03:41:44.154228] iteration      604/    1537 | consumed samples:        19328 | elapsed time per iteration (ms): 1049.3 | throughput per GPU (TFLOP/s/GPU): 361.8 | tokens/sec/GPU: 7807 | learning rate: 7.533748E-05 | global batch size:    32 | lm loss: 3.667731E+00 | loss scale: 1.0 | grad norm: 0.622 | number of skipped iterations:   0 | number of nan iterations:   0 |
3: [default3]: [2026-05-23 03:41:45.212250] iteration      605/    1537 | consumed samples:        19360 | elapsed time per iteration (ms): 1057.9 | throughput per GPU (TFLOP/s/GPU): 358.9 | tokens/sec/GPU: 7744 | learning rate: 7.524967E-05 | global batch size:    32 | lm loss: 3.695460E+00 | loss scale: 1.0 | grad norm: 0.607 | number of skipped iterations:   0 | number of nan iterations:   0 |
3: [default3]: [2026-05-23 03:41:46.264424] iteration      606/    1537 | consumed samples:        19392 | elapsed time per iteration (ms): 1052.0 | throughput per GPU (TFLOP/s/GPU): 360.9 | tokens/sec/GPU: 7787 | learning rate: 7.516177E-05 | global batch size:    32 | lm loss: 3.739001E+00 | loss scale: 1.0 | grad norm: 0.630 | number of skipped iterations:   0 | number of nan iterations:   0 |
3: [default3]: [2026-05-23 03:41:47.316872] iteration      607/    1537 | consumed samples:        19424 | elapsed time per iteration (ms): 1052.3 | throughput per GPU (TFLOP/s/GPU): 360.8 | tokens/sec/GPU: 7785 | learning rate: 7.507377E-05 | global batch size:    32 | lm loss: 3.938297E+00 | loss scale: 1.0 | grad norm: 0.626 | number of skipped iterations:   0 | number of nan iterations:   0 |
3: [default3]: [2026-05-23 03:41:48.372027] iteration      608/    1537 | consumed samples:        19456 | elapsed time per iteration (ms): 1055.0 | throughput per GPU (TFLOP/s/GPU): 359.8 | tokens/sec/GPU: 7765 | learning rate: 7.498567E-05 | global batch size:    32 | lm loss: 3.833216E+00 | loss scale: 1.0 | grad norm: 0.648 | number of skipped iterations:   0 | number of nan iterations:   0 |
3: [default3]: [2026-05-23 03:41:49.428644] iteration      609/    1537 | consumed samples:        19488 | elapsed time per iteration (ms): 1056.3 | throughput per GPU (TFLOP/s/GPU): 359.4 | tokens/sec/GPU: 7755 | learning rate: 7.489748E-05 | global batch size:    32 | lm loss: 3.629048E+00 | loss scale: 1.0 | grad norm: 0.662 | number of skipped iterations:   0 | number of nan iterations:   0 |
3: [default3]: [2026-05-23 03:41:50.486640] iteration      610/    1537 | consumed samples:        19520 | elapsed time per iteration (ms): 1057.8 | throughput per GPU (TFLOP/s/GPU): 358.9 | tokens/sec/GPU: 7744 | learning rate: 7.480919E-05 | global batch size:    32 | lm loss: 3.733222E+00 | loss scale: 1.0 | grad norm: 0.614 | number of skipped iterations:   0 | number of nan iterations:   0 |
3: [default3]: [2026-05-23 03:41:51.539402] iteration      611/    1537 | consumed samples:        19552 | elapsed time per iteration (ms): 1052.6 | throughput per GPU (TFLOP/s/GPU): 360.7 | tokens/sec/GPU: 7783 | learning rate: 7.472080E-05 | global batch size:    32 | lm loss: 3.669440E+00 | loss scale: 1.0 | grad norm: 0.569 | number of skipped iterations:   0 | number of nan iterations:   0 |
3: [default3]: [2026-05-23 03:41:52.594685] iteration      612/    1537 | consumed samples:        19584 | elapsed time per iteration (ms): 1055.1 | throughput per GPU (TFLOP/s/GPU): 359.8 | tokens/sec/GPU: 7764 | learning rate: 7.463233E-05 | global batch size:    32 | lm loss: 3.648212E+00 | loss scale: 1.0 | grad norm: 0.573 | number of skipped iterations:   0 | number of nan iterations:   0 |
3: [default3]: [2026-05-23 03:41:53.646688] iteration      613/    1537 | consumed samples:        19616 | elapsed time per iteration (ms): 1051.9 | throughput per GPU (TFLOP/s/GPU): 360.9 | tokens/sec/GPU: 7788 | learning rate: 7.454376E-05 | global batch size:    32 | lm loss: 3.726389E+00 | loss scale: 1.0 | grad norm: 0.560 | number of skipped iterations:   0 | number of nan iterations:   0 |
3: [default3]: [2026-05-23 03:41:54.705095] iteration      614/    1537 | consumed samples:        19648 | elapsed time per iteration (ms): 1058.2 | throughput per GPU (TFLOP/s/GPU): 358.8 | tokens/sec/GPU: 7741 | learning rate: 7.445509E-05 | global batch size:    32 | lm loss: 3.644430E+00 | loss scale: 1.0 | grad norm: 0.602 | number of skipped iterations:   0 | number of nan iterations:   0 |
3: [default3]: [2026-05-23 03:41:55.757875] iteration      615/    1537 | consumed samples:        19680 | elapsed time per iteration (ms): 1052.6 | throughput per GPU (TFLOP/s/GPU): 360.7 | tokens/sec/GPU: 7782 | learning rate: 7.436634E-05 | global batch size:    32 | lm loss: 3.803841E+00 | loss scale: 1.0 | grad norm: 0.588 | number of skipped iterations:   0 | number of nan iterations:   0 |
3: [default3]: [2026-05-23 03:41:56.816432] iteration      616/    1537 | consumed samples:        19712 | elapsed time per iteration (ms): 1058.4 | throughput per GPU (TFLOP/s/GPU): 358.7 | tokens/sec/GPU: 7740 | learning rate: 7.427749E-05 | global batch size:    32 | lm loss: 3.833002E+00 | loss scale: 1.0 | grad norm: 0.549 | number of skipped iterations:   0 | number of nan iterations:   0 |
3: [default3]: [2026-05-23 03:41:57.868652] iteration      617/    1537 | consumed samples:        19744 | elapsed time per iteration (ms): 1052.0 | throughput per GPU (TFLOP/s/GPU): 360.9 | tokens/sec/GPU: 7787 | learning rate: 7.418855E-05 | global batch size:    32 | lm loss: 3.624986E+00 | loss scale: 1.0 | grad norm: 1.937 | number of skipped iterations:   0 | number of nan iterations:   0 |
3: [default3]: [2026-05-23 03:41:58.921785] iteration      618/    1537 | consumed samples:        19776 | elapsed time per iteration (ms): 1053.0 | throughput per GPU (TFLOP/s/GPU): 360.5 | tokens/sec/GPU: 7780 | learning rate: 7.409952E-05 | global batch size:    32 | lm loss: 3.638167E+00 | loss scale: 1.0 | grad norm: 0.653 | number of skipped iterations:   0 | number of nan iterations:   0 |
3: [default3]: [2026-05-23 03:41:59.973285] iteration      619/    1537 | consumed samples:        19808 | elapsed time per iteration (ms): 1051.3 | throughput per GPU (TFLOP/s/GPU): 361.1 | tokens/sec/GPU: 7792 | learning rate: 7.401039E-05 | global batch size:    32 | lm loss: 3.829964E+00 | loss scale: 1.0 | grad norm: 0.585 | number of skipped iterations:   0 | number of nan iterations:   0 |
3: [default3]: [2026-05-23 03:42:01.027165] iteration      620/    1537 | consumed samples:        19840 | elapsed time per iteration (ms): 1053.7 | throughput per GPU (TFLOP/s/GPU): 360.3 | tokens/sec/GPU: 7774 | learning rate: 7.392118E-05 | global batch size:    32 | lm loss: 3.770727E+00 | loss scale: 1.0 | grad norm: 0.593 | number of skipped iterations:   0 | number of nan iterations:   0 |
3: [default3]: [2026-05-23 03:42:02.080655] iteration      621/    1537 | consumed samples:        19872 | elapsed time per iteration (ms): 1053.3 | throughput per GPU (TFLOP/s/GPU): 360.4 | tokens/sec/GPU: 7777 | learning rate: 7.383187E-05 | global batch size:    32 | lm loss: 3.611779E+00 | loss scale: 1.0 | grad norm: 4.299 | number of skipped iterations:   0 | number of nan iterations:   0 |
3: [default3]: [2026-05-23 03:42:03.137092] iteration      622/    1537 | consumed samples:        19904 | elapsed time per iteration (ms): 1056.3 | throughput per GPU (TFLOP/s/GPU): 359.4 | tokens/sec/GPU: 7756 | learning rate: 7.374248E-05 | global batch size:    32 | lm loss: 3.597950E+00 | loss scale: 1.0 | grad norm: 0.803 | number of skipped iterations:   0 | number of nan iterations:   0 |
3: [default3]: [2026-05-23 03:42:04.189740] iteration      623/    1537 | consumed samples:        19936 | elapsed time per iteration (ms): 1052.4 | throughput per GPU (TFLOP/s/GPU): 360.7 | tokens/sec/GPU: 7784 | learning rate: 7.365299E-05 | global batch size:    32 | lm loss: 3.776654E+00 | loss scale: 1.0 | grad norm: 0.579 | number of skipped iterations:   0 | number of nan iterations:   0 |
3: [default3]: [2026-05-23 03:42:05.245997] iteration      624/    1537 | consumed samples:        19968 | elapsed time per iteration (ms): 1056.1 | throughput per GPU (TFLOP/s/GPU): 359.5 | tokens/sec/GPU: 7757 | learning rate: 7.356342E-05 | global batch size:    32 | lm loss: 3.743754E+00 | loss scale: 1.0 | grad norm: 0.637 | number of skipped iterations:   0 | number of nan iterations:   0 |
3: [default3]: [2026-05-23 03:42:06.306215] iteration      625/    1537 | consumed samples:        20000 | elapsed time per iteration (ms): 1060.0 | throughput per GPU (TFLOP/s/GPU): 358.1 | tokens/sec/GPU: 7728 | learning rate: 7.347376E-05 | global batch size:    32 | lm loss: 3.676164E+00 | loss scale: 1.0 | grad norm: 0.589 | number of skipped iterations:   0 | number of nan iterations:   0 |
3: [default3]: [2026-05-23 03:42:07.358044] iteration      626/    1537 | consumed samples:        20032 | elapsed time per iteration (ms): 1051.7 | throughput per GPU (TFLOP/s/GPU): 361.0 | tokens/sec/GPU: 7790 | learning rate: 7.338400E-05 | global batch size:    32 | lm loss: 3.755383E+00 | loss scale: 1.0 | grad norm: 0.591 | number of skipped iterations:   0 | number of nan iterations:   0 |
3: [default3]: [2026-05-23 03:42:08.409522] iteration      627/    1537 | consumed samples:        20064 | elapsed time per iteration (ms): 1051.3 | throughput per GPU (TFLOP/s/GPU): 361.1 | tokens/sec/GPU: 7792 | learning rate: 7.329416E-05 | global batch size:    32 | lm loss: 3.668100E+00 | loss scale: 1.0 | grad norm: 0.560 | number of skipped iterations:   0 | number of nan iterations:   0 |
3: [default3]: [2026-05-23 03:42:09.464415] iteration      628/    1537 | consumed samples:        20096 | elapsed time per iteration (ms): 1054.7 | throughput per GPU (TFLOP/s/GPU): 359.9 | tokens/sec/GPU: 7767 | learning rate: 7.320423E-05 | global batch size:    32 | lm loss: 3.776128E+00 | loss scale: 1.0 | grad norm: 0.597 | number of skipped iterations:   0 | number of nan iterations:   0 |
3: [default3]: [2026-05-23 03:42:10.520110] iteration      629/    1537 | consumed samples:        20128 | elapsed time per iteration (ms): 1055.5 | throughput per GPU (TFLOP/s/GPU): 359.7 | tokens/sec/GPU: 7761 | learning rate: 7.311422E-05 | global batch size:    32 | lm loss: 3.609622E+00 | loss scale: 1.0 | grad norm: 0.550 | number of skipped iterations:   0 | number of nan iterations:   0 |
3: [default3]: [2026-05-23 03:42:11.578831] iteration      630/    1537 | consumed samples:        20160 | elapsed time per iteration (ms): 1058.5 | throughput per GPU (TFLOP/s/GPU): 358.6 | tokens/sec/GPU: 7739 | learning rate: 7.302412E-05 | global batch size:    32 | lm loss: 3.642528E+00 | loss scale: 1.0 | grad norm: 0.665 | number of skipped iterations:   0 | number of nan iterations:   0 |
3: [default3]: [2026-05-23 03:42:12.632077] iteration      631/    1537 | consumed samples:        20192 | elapsed time per iteration (ms): 1053.0 | throughput per GPU (TFLOP/s/GPU): 360.5 | tokens/sec/GPU: 7779 | learning rate: 7.293394E-05 | global batch size:    32 | lm loss: 3.516153E+00 | loss scale: 1.0 | grad norm: 0.724 | number of skipped iterations:   0 | number of nan iterations:   0 |
3: [default3]: [2026-05-23 03:42:13.685232] iteration      632/    1537 | consumed samples:        20224 | elapsed time per iteration (ms): 1053.0 | throughput per GPU (TFLOP/s/GPU): 360.5 | tokens/sec/GPU: 7780 | learning rate: 7.284366E-05 | global batch size:    32 | lm loss: 3.374939E+00 | loss scale: 1.0 | grad norm: 0.565 | number of skipped iterations:   0 | number of nan iterations:   0 |
3: [default3]: [2026-05-23 03:42:14.736952] iteration      633/    1537 | consumed samples:        20256 | elapsed time per iteration (ms): 1051.6 | throughput per GPU (TFLOP/s/GPU): 361.0 | tokens/sec/GPU: 7790 | learning rate: 7.275330E-05 | global batch size:    32 | lm loss: 3.548987E+00 | loss scale: 1.0 | grad norm: 0.577 | number of skipped iterations:   0 | number of nan iterations:   0 |
3: [default3]: [2026-05-23 03:42:15.789819] iteration      634/    1537 | consumed samples:        20288 | elapsed time per iteration (ms): 1052.7 | throughput per GPU (TFLOP/s/GPU): 360.6 | tokens/sec/GPU: 7782 | learning rate: 7.266286E-05 | global batch size:    32 | lm loss: 3.770286E+00 | loss scale: 1.0 | grad norm: 0.592 | number of skipped iterations:   0 | number of nan iterations:   0 |
3: [default3]: [2026-05-23 03:42:16.850883] iteration      635/    1537 | consumed samples:        20320 | elapsed time per iteration (ms): 1060.9 | throughput per GPU (TFLOP/s/GPU): 357.9 | tokens/sec/GPU: 7722 | learning rate: 7.257234E-05 | global batch size:    32 | lm loss: 3.810134E+00 | loss scale: 1.0 | grad norm: 0.627 | number of skipped iterations:   0 | number of nan iterations:   0 |
3: [default3]: [2026-05-23 03:42:17.905203] iteration      636/    1537 | consumed samples:        20352 | elapsed time per iteration (ms): 1054.1 | throughput per GPU (TFLOP/s/GPU): 360.1 | tokens/sec/GPU: 7771 | learning rate: 7.248172E-05 | global batch size:    32 | lm loss: 3.842015E+00 | loss scale: 1.0 | grad norm: 0.724 | number of skipped iterations:   0 | number of nan iterations:   0 |
3: [default3]: [2026-05-23 03:42:18.957777] iteration      637/    1537 | consumed samples:        20384 | elapsed time per iteration (ms): 1052.4 | throughput per GPU (TFLOP/s/GPU): 360.7 | tokens/sec/GPU: 7784 | learning rate: 7.239103E-05 | global batch size:    32 | lm loss: 3.911668E+00 | loss scale: 1.0 | grad norm: 0.848 | number of skipped iterations:   0 | number of nan iterations:   0 |
3: [default3]: [2026-05-23 03:42:20.016589] iteration      638/    1537 | consumed samples:        20416 | elapsed time per iteration (ms): 1058.7 | throughput per GPU (TFLOP/s/GPU): 358.6 | tokens/sec/GPU: 7738 | learning rate: 7.230025E-05 | global batch size:    32 | lm loss: 3.572803E+00 | loss scale: 1.0 | grad norm: 0.568 | number of skipped iterations:   0 | number of nan iterations:   0 |
3: [default3]: [2026-05-23 03:42:21.071723] iteration      639/    1537 | consumed samples:        20448 | elapsed time per iteration (ms): 1055.0 | throughput per GPU (TFLOP/s/GPU): 359.9 | tokens/sec/GPU: 7765 | learning rate: 7.220939E-05 | global batch size:    32 | lm loss: 3.948967E+00 | loss scale: 1.0 | grad norm: 0.585 | number of skipped iterations:   0 | number of nan iterations:   0 |
3: [default3]: [2026-05-23 03:42:22.124581] iteration      640/    1537 | consumed samples:        20480 | elapsed time per iteration (ms): 1052.7 | throughput per GPU (TFLOP/s/GPU): 360.6 | tokens/sec/GPU: 7782 | learning rate: 7.211845E-05 | global batch size:    32 | lm loss: 3.701339E+00 | loss scale: 1.0 | grad norm: 0.603 | number of skipped iterations:   0 | number of nan iterations:   0 |
3: [default3]: [2026-05-23 03:42:23.180742] iteration      641/    1537 | consumed samples:        20512 | elapsed time per iteration (ms): 1056.0 | throughput per GPU (TFLOP/s/GPU): 359.5 | tokens/sec/GPU: 7757 | learning rate: 7.202743E-05 | global batch size:    32 | lm loss: 3.597750E+00 | loss scale: 1.0 | grad norm: 0.540 | number of skipped iterations:   0 | number of nan iterations:   0 |
3: [default3]: [2026-05-23 03:42:24.233538] iteration      642/    1537 | consumed samples:        20544 | elapsed time per iteration (ms): 1052.6 | throughput per GPU (TFLOP/s/GPU): 360.7 | tokens/sec/GPU: 7782 | learning rate: 7.193632E-05 | global batch size:    32 | lm loss: 3.575404E+00 | loss scale: 1.0 | grad norm: 0.602 | number of skipped iterations:   0 | number of nan iterations:   0 |
3: [default3]: [2026-05-23 03:42:25.288755] iteration      643/    1537 | consumed samples:        20576 | elapsed time per iteration (ms): 1055.0 | throughput per GPU (TFLOP/s/GPU): 359.8 | tokens/sec/GPU: 7765 | learning rate: 7.184513E-05 | global batch size:    32 | lm loss: 3.576754E+00 | loss scale: 1.0 | grad norm: 0.625 | number of skipped iterations:   0 | number of nan iterations:   0 |
3: [default3]: [2026-05-23 03:42:26.345726] iteration      644/    1537 | consumed samples:        20608 | elapsed time per iteration (ms): 1056.8 | throughput per GPU (TFLOP/s/GPU): 359.3 | tokens/sec/GPU: 7752 | learning rate: 7.175386E-05 | global batch size:    32 | lm loss: 3.432652E+00 | loss scale: 1.0 | grad norm: 0.564 | number of skipped iterations:   0 | number of nan iterations:   0 |
3: [default3]: [2026-05-23 03:42:27.397240] iteration      645/    1537 | consumed samples:        20640 | elapsed time per iteration (ms): 1051.4 | throughput per GPU (TFLOP/s/GPU): 361.1 | tokens/sec/GPU: 7792 | learning rate: 7.166252E-05 | global batch size:    32 | lm loss: 4.029934E+00 | loss scale: 1.0 | grad norm: 0.580 | number of skipped iterations:   0 | number of nan iterations:   0 |
3: [default3]: [2026-05-23 03:42:28.449857] iteration      646/    1537 | consumed samples:        20672 | elapsed time per iteration (ms): 1052.4 | throughput per GPU (TFLOP/s/GPU): 360.7 | tokens/sec/GPU: 7784 | learning rate: 7.157109E-05 | global batch size:    32 | lm loss: 3.575149E+00 | loss scale: 1.0 | grad norm: 0.592 | number of skipped iterations:   0 | number of nan iterations:   0 |
3: [default3]: [2026-05-23 03:42:29.505135] iteration      647/    1537 | consumed samples:        20704 | elapsed time per iteration (ms): 1055.1 | throughput per GPU (TFLOP/s/GPU): 359.8 | tokens/sec/GPU: 7764 | learning rate: 7.147959E-05 | global batch size:    32 | lm loss: 3.741491E+00 | loss scale: 1.0 | grad norm: 0.632 | number of skipped iterations:   0 | number of nan iterations:   0 |
3: [default3]: [2026-05-23 03:42:30.558936] iteration      648/    1537 | consumed samples:        20736 | elapsed time per iteration (ms): 1053.6 | throughput per GPU (TFLOP/s/GPU): 360.3 | tokens/sec/GPU: 7775 | learning rate: 7.138800E-05 | global batch size:    32 | lm loss: 3.709232E+00 | loss scale: 1.0 | grad norm: 0.579 | number of skipped iterations:   0 | number of nan iterations:   0 |
3: [default3]: [2026-05-23 03:42:31.610570] iteration      649/    1537 | consumed samples:        20768 | elapsed time per iteration (ms): 1051.5 | throughput per GPU (TFLOP/s/GPU): 361.1 | tokens/sec/GPU: 7791 | learning rate: 7.129634E-05 | global batch size:    32 | lm loss: 3.471992E+00 | loss scale: 1.0 | grad norm: 0.563 | number of skipped iterations:   0 | number of nan iterations:   0 |
3: [default3]: [2026-05-23 03:42:32.665680] iteration      650/    1537 | consumed samples:        20800 | elapsed time per iteration (ms): 1055.0 | throughput per GPU (TFLOP/s/GPU): 359.9 | tokens/sec/GPU: 7765 | learning rate: 7.120459E-05 | global batch size:    32 | lm loss: 3.594560E+00 | loss scale: 1.0 | grad norm: 0.577 | number of skipped iterations:   0 | number of nan iterations:   0 |
3: [default3]: [2026-05-23 03:42:34.405363] iteration      651/    1537 | consumed samples:        20832 | elapsed time per iteration (ms): 1739.5 | throughput per GPU (TFLOP/s/GPU): 218.2 | tokens/sec/GPU: 4709 | learning rate: 7.111278E-05 | global batch size:    32 | lm loss: 3.565100E+00 | loss scale: 1.0 | grad norm: 0.565 | number of skipped iterations:   0 | number of nan iterations:   0 |
3: [default3]: [2026-05-23 03:42:35.457661] iteration      652/    1537 | consumed samples:        20864 | elapsed time per iteration (ms): 1052.1 | throughput per GPU (TFLOP/s/GPU): 360.8 | tokens/sec/GPU: 7786 | learning rate: 7.102088E-05 | global batch size:    32 | lm loss: 3.420308E+00 | loss scale: 1.0 | grad norm: 0.529 | number of skipped iterations:   0 | number of nan iterations:   0 |
3: [default3]: [2026-05-23 03:42:36.511507] iteration      653/    1537 | consumed samples:        20896 | elapsed time per iteration (ms): 1053.7 | throughput per GPU (TFLOP/s/GPU): 360.3 | tokens/sec/GPU: 7775 | learning rate: 7.092892E-05 | global batch size:    32 | lm loss: 3.546874E+00 | loss scale: 1.0 | grad norm: 0.582 | number of skipped iterations:   0 | number of nan iterations:   0 |
3: [default3]: [2026-05-23 03:42:37.568126] iteration      654/    1537 | consumed samples:        20928 | elapsed time per iteration (ms): 1056.5 | throughput per GPU (TFLOP/s/GPU): 359.4 | tokens/sec/GPU: 7754 | learning rate: 7.083687E-05 | global batch size:    32 | lm loss: 3.868497E+00 | loss scale: 1.0 | grad norm: 0.572 | number of skipped iterations:   0 | number of nan iterations:   0 |
3: [default3]: [2026-05-23 03:42:38.626604] iteration      655/    1537 | consumed samples:        20960 | elapsed time per iteration (ms): 1058.3 | throughput per GPU (TFLOP/s/GPU): 358.7 | tokens/sec/GPU: 7741 | learning rate: 7.074474E-05 | global batch size:    32 | lm loss: 3.730038E+00 | loss scale: 1.0 | grad norm: 0.687 | number of skipped iterations:   0 | number of nan iterations:   0 |
3: [default3]: [2026-05-23 03:42:39.681643] iteration      656/    1537 | consumed samples:        20992 | elapsed time per iteration (ms): 1054.9 | throughput per GPU (TFLOP/s/GPU): 359.9 | tokens/sec/GPU: 7766 | learning rate: 7.065254E-05 | global batch size:    32 | lm loss: 3.535057E+00 | loss scale: 1.0 | grad norm: 0.762 | number of skipped iterations:   0 | number of nan iterations:   0 |
3: [default3]: [2026-05-23 03:42:40.740462] iteration      657/    1537 | consumed samples:        21024 | elapsed time per iteration (ms): 1058.7 | throughput per GPU (TFLOP/s/GPU): 358.6 | tokens/sec/GPU: 7738 | learning rate: 7.056027E-05 | global batch size:    32 | lm loss: 3.630804E+00 | loss scale: 1.0 | grad norm: 0.596 | number of skipped iterations:   0 | number of nan iterations:   0 |
3: [default3]: [2026-05-23 03:42:41.793566] iteration      658/    1537 | consumed samples:        21056 | elapsed time per iteration (ms): 1053.0 | throughput per GPU (TFLOP/s/GPU): 360.5 | tokens/sec/GPU: 7780 | learning rate: 7.046792E-05 | global batch size:    32 | lm loss: 3.632182E+00 | loss scale: 1.0 | grad norm: 0.749 | number of skipped iterations:   0 | number of nan iterations:   0 |
3: [default3]: [2026-05-23 03:42:42.850159] iteration      659/    1537 | consumed samples:        21088 | elapsed time per iteration (ms): 1056.4 | throughput per GPU (TFLOP/s/GPU): 359.4 | tokens/sec/GPU: 7755 | learning rate: 7.037550E-05 | global batch size:    32 | lm loss: 3.751246E+00 | loss scale: 1.0 | grad norm: 0.620 | number of skipped iterations:   0 | number of nan iterations:   0 |
3: [default3]: [2026-05-23 03:42:43.905096] iteration      660/    1537 | consumed samples:        21120 | elapsed time per iteration (ms): 1054.8 | throughput per GPU (TFLOP/s/GPU): 359.9 | tokens/sec/GPU: 7767 | learning rate: 7.028300E-05 | global batch size:    32 | lm loss: 3.567186E+00 | loss scale: 1.0 | grad norm: 0.551 | number of skipped iterations:   0 | number of nan iterations:   0 |
3: [default3]: [2026-05-23 03:42:44.957204] iteration      661/    1537 | consumed samples:        21152 | elapsed time per iteration (ms): 1052.0 | throughput per GPU (TFLOP/s/GPU): 360.9 | tokens/sec/GPU: 7787 | learning rate: 7.019044E-05 | global batch size:    32 | lm loss: 3.686384E+00 | loss scale: 1.0 | grad norm: 0.589 | number of skipped iterations:   0 | number of nan iterations:   0 |
3: [default3]: [2026-05-23 03:42:46.014028] iteration      662/    1537 | consumed samples:        21184 | elapsed time per iteration (ms): 1056.7 | throughput per GPU (TFLOP/s/GPU): 359.3 | tokens/sec/GPU: 7753 | learning rate: 7.009779E-05 | global batch size:    32 | lm loss: 3.652731E+00 | loss scale: 1.0 | grad norm: 0.562 | number of skipped iterations:   0 | number of nan iterations:   0 |
3: [default3]: [2026-05-23 03:42:47.077955] iteration      663/    1537 | consumed samples:        21216 | elapsed time per iteration (ms): 1063.7 | throughput per GPU (TFLOP/s/GPU): 356.9 | tokens/sec/GPU: 7701 | learning rate: 7.000508E-05 | global batch size:    32 | lm loss: 3.661451E+00 | loss scale: 1.0 | grad norm: 0.564 | number of skipped iterations:   0 | number of nan iterations:   0 |
3: [default3]: [2026-05-23 03:42:48.135047] iteration      664/    1537 | consumed samples:        21248 | elapsed time per iteration (ms): 1056.9 | throughput per GPU (TFLOP/s/GPU): 359.2 | tokens/sec/GPU: 7751 | learning rate: 6.991229E-05 | global batch size:    32 | lm loss: 3.563914E+00 | loss scale: 1.0 | grad norm: 0.540 | number of skipped iterations:   0 | number of nan iterations:   0 |
3: [default3]: [2026-05-23 03:42:49.190143] iteration      665/    1537 | consumed samples:        21280 | elapsed time per iteration (ms): 1055.0 | throughput per GPU (TFLOP/s/GPU): 359.9 | tokens/sec/GPU: 7765 | learning rate: 6.981943E-05 | global batch size:    32 | lm loss: 3.613186E+00 | loss scale: 1.0 | grad norm: 0.574 | number of skipped iterations:   0 | number of nan iterations:   0 |
3: [default3]: [2026-05-23 03:42:50.246838] iteration      666/    1537 | consumed samples:        21312 | elapsed time per iteration (ms): 1056.5 | throughput per GPU (TFLOP/s/GPU): 359.3 | tokens/sec/GPU: 7754 | learning rate: 6.972651E-05 | global batch size:    32 | lm loss: 3.661480E+00 | loss scale: 1.0 | grad norm: 1.457 | number of skipped iterations:   0 | number of nan iterations:   0 |
3: [default3]: [2026-05-23 03:42:51.302455] iteration      667/    1537 | consumed samples:        21344 | elapsed time per iteration (ms): 1055.4 | throughput per GPU (TFLOP/s/GPU): 359.7 | tokens/sec/GPU: 7762 | learning rate: 6.963351E-05 | global batch size:    32 | lm loss: 3.266894E+00 | loss scale: 1.0 | grad norm: 0.621 | number of skipped iterations:   0 | number of nan iterations:   0 |
3: [default3]: [2026-05-23 03:42:52.353854] iteration      668/    1537 | consumed samples:        21376 | elapsed time per iteration (ms): 1051.2 | throughput per GPU (TFLOP/s/GPU): 361.1 | tokens/sec/GPU: 7793 | learning rate: 6.954045E-05 | global batch size:    32 | lm loss: 3.850760E+00 | loss scale: 1.0 | grad norm: 0.550 | number of skipped iterations:   0 | number of nan iterations:   0 |
3: [default3]: [2026-05-23 03:42:53.408074] iteration      669/    1537 | consumed samples:        21408 | elapsed time per iteration (ms): 1054.1 | throughput per GPU (TFLOP/s/GPU): 360.2 | tokens/sec/GPU: 7772 | learning rate: 6.944731E-05 | global batch size:    32 | lm loss: 3.787218E+00 | loss scale: 1.0 | grad norm: 0.586 | number of skipped iterations:   0 | number of nan iterations:   0 |
3: [default3]: [2026-05-23 03:42:54.464178] iteration      670/    1537 | consumed samples:        21440 | elapsed time per iteration (ms): 1056.0 | throughput per GPU (TFLOP/s/GPU): 359.5 | tokens/sec/GPU: 7758 | learning rate: 6.935410E-05 | global batch size:    32 | lm loss: 3.669099E+00 | loss scale: 1.0 | grad norm: 0.593 | number of skipped iterations:   0 | number of nan iterations:   0 |
3: [default3]: [2026-05-23 03:42:55.519957] iteration      671/    1537 | consumed samples:        21472 | elapsed time per iteration (ms): 1055.6 | throughput per GPU (TFLOP/s/GPU): 359.7 | tokens/sec/GPU: 7761 | learning rate: 6.926083E-05 | global batch size:    32 | lm loss: 3.682171E+00 | loss scale: 1.0 | grad norm: 0.594 | number of skipped iterations:   0 | number of nan iterations:   0 |
3: [default3]: [2026-05-23 03:42:56.575961] iteration      672/    1537 | consumed samples:        21504 | elapsed time per iteration (ms): 1055.9 | throughput per GPU (TFLOP/s/GPU): 359.6 | tokens/sec/GPU: 7759 | learning rate: 6.916749E-05 | global batch size:    32 | lm loss: 3.387920E+00 | loss scale: 1.0 | grad norm: 0.569 | number of skipped iterations:   0 | number of nan iterations:   0 |
3: [default3]: [2026-05-23 03:42:57.630536] iteration      673/    1537 | consumed samples:        21536 | elapsed time per iteration (ms): 1054.4 | throughput per GPU (TFLOP/s/GPU): 360.0 | tokens/sec/GPU: 7769 | learning rate: 6.907407E-05 | global batch size:    32 | lm loss: 3.628014E+00 | loss scale: 1.0 | grad norm: 0.661 | number of skipped iterations:   0 | number of nan iterations:   0 |
3: [default3]: [2026-05-23 03:42:58.689921] iteration      674/    1537 | consumed samples:        21568 | elapsed time per iteration (ms): 1059.2 | throughput per GPU (TFLOP/s/GPU): 358.4 | tokens/sec/GPU: 7734 | learning rate: 6.898060E-05 | global batch size:    32 | lm loss: 3.271680E+00 | loss scale: 1.0 | grad norm: 0.668 | number of skipped iterations:   0 | number of nan iterations:   0 |
3: [default3]: [2026-05-23 03:42:59.743139] iteration      675/    1537 | consumed samples:        21600 | elapsed time per iteration (ms): 1053.0 | throughput per GPU (TFLOP/s/GPU): 360.5 | tokens/sec/GPU: 7779 | learning rate: 6.888705E-05 | global batch size:    32 | lm loss: 3.933717E+00 | loss scale: 1.0 | grad norm: 0.661 | number of skipped iterations:   0 | number of nan iterations:   0 |
3: [default3]: [2026-05-23 03:43:00.801975] iteration      676/    1537 | consumed samples:        21632 | elapsed time per iteration (ms): 1058.7 | throughput per GPU (TFLOP/s/GPU): 358.6 | tokens/sec/GPU: 7738 | learning rate: 6.879344E-05 | global batch size:    32 | lm loss: 3.520730E+00 | loss scale: 1.0 | grad norm: 0.670 | number of skipped iterations:   0 | number of nan iterations:   0 |
3: [default3]: [2026-05-23 03:43:01.855543] iteration      677/    1537 | consumed samples:        21664 | elapsed time per iteration (ms): 1053.4 | throughput per GPU (TFLOP/s/GPU): 360.4 | tokens/sec/GPU: 7777 | learning rate: 6.869976E-05 | global batch size:    32 | lm loss: 3.635375E+00 | loss scale: 1.0 | grad norm: 1.737 | number of skipped iterations:   0 | number of nan iterations:   0 |
3: [default3]: [2026-05-23 03:43:02.912727] iteration      678/    1537 | consumed samples:        21696 | elapsed time per iteration (ms): 1057.0 | throughput per GPU (TFLOP/s/GPU): 359.2 | tokens/sec/GPU: 7750 | learning rate: 6.860602E-05 | global batch size:    32 | lm loss: 3.715955E+00 | loss scale: 1.0 | grad norm: 1.098 | number of skipped iterations:   0 | number of nan iterations:   0 |
3: [default3]: [2026-05-23 03:43:03.965851] iteration      679/    1537 | consumed samples:        21728 | elapsed time per iteration (ms): 1052.8 | throughput per GPU (TFLOP/s/GPU): 360.6 | tokens/sec/GPU: 7781 | learning rate: 6.851221E-05 | global batch size:    32 | lm loss: 3.466306E+00 | loss scale: 1.0 | grad norm: 0.679 | number of skipped iterations:   0 | number of nan iterations:   0 |
3: [default3]: [2026-05-23 03:43:05.021916] iteration      680/    1537 | consumed samples:        21760 | elapsed time per iteration (ms): 1055.9 | throughput per GPU (TFLOP/s/GPU): 359.5 | tokens/sec/GPU: 7758 | learning rate: 6.841834E-05 | global batch size:    32 | lm loss: 3.569424E+00 | loss scale: 1.0 | grad norm: 0.775 | number of skipped iterations:   0 | number of nan iterations:   0 |
3: [default3]: [2026-05-23 03:43:06.074224] iteration      681/    1537 | consumed samples:        21792 | elapsed time per iteration (ms): 1052.1 | throughput per GPU (TFLOP/s/GPU): 360.8 | tokens/sec/GPU: 7786 | learning rate: 6.832441E-05 | global batch size:    32 | lm loss: 3.610060E+00 | loss scale: 1.0 | grad norm: 0.593 | number of skipped iterations:   0 | number of nan iterations:   0 |
3: [default3]: [2026-05-23 03:43:07.126316] iteration      682/    1537 | consumed samples:        21824 | elapsed time per iteration (ms): 1051.9 | throughput per GPU (TFLOP/s/GPU): 360.9 | tokens/sec/GPU: 7787 | learning rate: 6.823040E-05 | global batch size:    32 | lm loss: 3.469346E+00 | loss scale: 1.0 | grad norm: 0.626 | number of skipped iterations:   0 | number of nan iterations:   0 |
3: [default3]: [2026-05-23 03:43:08.184323] iteration      683/    1537 | consumed samples:        21856 | elapsed time per iteration (ms): 1057.8 | throughput per GPU (TFLOP/s/GPU): 358.9 | tokens/sec/GPU: 7744 | learning rate: 6.813634E-05 | global batch size:    32 | lm loss: 3.666535E+00 | loss scale: 1.0 | grad norm: 0.578 | number of skipped iterations:   0 | number of nan iterations:   0 |
3: [default3]: [2026-05-23 03:43:09.242573] iteration      684/    1537 | consumed samples:        21888 | elapsed time per iteration (ms): 1058.1 | throughput per GPU (TFLOP/s/GPU): 358.8 | tokens/sec/GPU: 7742 | learning rate: 6.804222E-05 | global batch size:    32 | lm loss: 3.499070E+00 | loss scale: 1.0 | grad norm: 0.646 | number of skipped iterations:   0 | number of nan iterations:   0 |
3: [default3]: [2026-05-23 03:43:10.294951] iteration      685/    1537 | consumed samples:        21920 | elapsed time per iteration (ms): 1052.2 | throughput per GPU (TFLOP/s/GPU): 360.8 | tokens/sec/GPU: 7786 | learning rate: 6.794803E-05 | global batch size:    32 | lm loss: 3.492517E+00 | loss scale: 1.0 | grad norm: 0.671 | number of skipped iterations:   0 | number of nan iterations:   0 |
3: [default3]: [2026-05-23 03:43:11.351384] iteration      686/    1537 | consumed samples:        21952 | elapsed time per iteration (ms): 1056.3 | throughput per GPU (TFLOP/s/GPU): 359.4 | tokens/sec/GPU: 7755 | learning rate: 6.785378E-05 | global batch size:    32 | lm loss: 3.435690E+00 | loss scale: 1.0 | grad norm: 0.607 | number of skipped iterations:   0 | number of nan iterations:   0 |
3: [default3]: [2026-05-23 03:43:12.407505] iteration      687/    1537 | consumed samples:        21984 | elapsed time per iteration (ms): 1055.9 | throughput per GPU (TFLOP/s/GPU): 359.5 | tokens/sec/GPU: 7758 | learning rate: 6.775947E-05 | global batch size:    32 | lm loss: 3.616363E+00 | loss scale: 1.0 | grad norm: 0.664 | number of skipped iterations:   0 | number of nan iterations:   0 |
3: [default3]: [2026-05-23 03:43:13.460286] iteration      688/    1537 | consumed samples:        22016 | elapsed time per iteration (ms): 1052.6 | throughput per GPU (TFLOP/s/GPU): 360.7 | tokens/sec/GPU: 7782 | learning rate: 6.766509E-05 | global batch size:    32 | lm loss: 3.572267E+00 | loss scale: 1.0 | grad norm: 0.573 | number of skipped iterations:   0 | number of nan iterations:   0 |
3: [default3]: [2026-05-23 03:43:14.514568] iteration      689/    1537 | consumed samples:        22048 | elapsed time per iteration (ms): 1054.1 | throughput per GPU (TFLOP/s/GPU): 360.1 | tokens/sec/GPU: 7771 | learning rate: 6.757066E-05 | global batch size:    32 | lm loss: 3.528886E+00 | loss scale: 1.0 | grad norm: 0.582 | number of skipped iterations:   0 | number of nan iterations:   0 |
3: [default3]: [2026-05-23 03:43:15.578297] iteration      690/    1537 | consumed samples:        22080 | elapsed time per iteration (ms): 1063.6 | throughput per GPU (TFLOP/s/GPU): 356.9 | tokens/sec/GPU: 7702 | learning rate: 6.747617E-05 | global batch size:    32 | lm loss: 3.689436E+00 | loss scale: 1.0 | grad norm: 1.304 | number of skipped iterations:   0 | number of nan iterations:   0 |
3: [default3]: [2026-05-23 03:43:16.634508] iteration      691/    1537 | consumed samples:        22112 | elapsed time per iteration (ms): 1056.0 | throughput per GPU (TFLOP/s/GPU): 359.5 | tokens/sec/GPU: 7757 | learning rate: 6.738161E-05 | global batch size:    32 | lm loss: 3.415099E+00 | loss scale: 1.0 | grad norm: 0.635 | number of skipped iterations:   0 | number of nan iterations:   0 |
3: [default3]: [2026-05-23 03:43:17.692541] iteration      692/    1537 | consumed samples:        22144 | elapsed time per iteration (ms): 1057.9 | throughput per GPU (TFLOP/s/GPU): 358.9 | tokens/sec/GPU: 7744 | learning rate: 6.728700E-05 | global batch size:    32 | lm loss: 3.403465E+00 | loss scale: 1.0 | grad norm: 0.639 | number of skipped iterations:   0 | number of nan iterations:   0 |
3: [default3]: [2026-05-23 03:43:18.751184] iteration      693/    1537 | consumed samples:        22176 | elapsed time per iteration (ms): 1058.5 | throughput per GPU (TFLOP/s/GPU): 358.7 | tokens/sec/GPU: 7739 | learning rate: 6.719233E-05 | global batch size:    32 | lm loss: 3.410198E+00 | loss scale: 1.0 | grad norm: 0.529 | number of skipped iterations:   0 | number of nan iterations:   0 |
3: [default3]: [2026-05-23 03:43:19.809259] iteration      694/    1537 | consumed samples:        22208 | elapsed time per iteration (ms): 1057.9 | throughput per GPU (TFLOP/s/GPU): 358.9 | tokens/sec/GPU: 7744 | learning rate: 6.709760E-05 | global batch size:    32 | lm loss: 3.555275E+00 | loss scale: 1.0 | grad norm: 0.672 | number of skipped iterations:   0 | number of nan iterations:   0 |
3: [default3]: [2026-05-23 03:43:20.880744] iteration      695/    1537 | consumed samples:        22240 | elapsed time per iteration (ms): 1071.3 | throughput per GPU (TFLOP/s/GPU): 354.4 | tokens/sec/GPU: 7647 | learning rate: 6.700282E-05 | global batch size:    32 | lm loss: 3.550686E+00 | loss scale: 1.0 | grad norm: 0.711 | number of skipped iterations:   0 | number of nan iterations:   0 |
3: [default3]: [2026-05-23 03:43:21.943660] iteration      696/    1537 | consumed samples:        22272 | elapsed time per iteration (ms): 1062.8 | throughput per GPU (TFLOP/s/GPU): 357.2 | tokens/sec/GPU: 7708 | learning rate: 6.690797E-05 | global batch size:    32 | lm loss: 3.381304E+00 | loss scale: 1.0 | grad norm: 0.587 | number of skipped iterations:   0 | number of nan iterations:   0 |
3: [default3]: [2026-05-23 03:43:23.006662] iteration      697/    1537 | consumed samples:        22304 | elapsed time per iteration (ms): 1062.8 | throughput per GPU (TFLOP/s/GPU): 357.2 | tokens/sec/GPU: 7708 | learning rate: 6.681307E-05 | global batch size:    32 | lm loss: 3.509439E+00 | loss scale: 1.0 | grad norm: 0.599 | number of skipped iterations:   0 | number of nan iterations:   0 |
3: [default3]: [2026-05-23 03:43:24.069886] iteration      698/    1537 | consumed samples:        22336 | elapsed time per iteration (ms): 1063.0 | throughput per GPU (TFLOP/s/GPU): 357.1 | tokens/sec/GPU: 7707 | learning rate: 6.671811E-05 | global batch size:    32 | lm loss: 3.656650E+00 | loss scale: 1.0 | grad norm: 0.622 | number of skipped iterations:   0 | number of nan iterations:   0 |
3: [default3]: [2026-05-23 03:43:25.129629] iteration      699/    1537 | consumed samples:        22368 | elapsed time per iteration (ms): 1059.6 | throughput per GPU (TFLOP/s/GPU): 358.3 | tokens/sec/GPU: 7731 | learning rate: 6.662310E-05 | global batch size:    32 | lm loss: 3.761121E+00 | loss scale: 1.0 | grad norm: 1.250 | number of skipped iterations:   0 | number of nan iterations:   0 |
3: [default3]: [2026-05-23 03:43:26.189939] iteration      700/    1537 | consumed samples:        22400 | elapsed time per iteration (ms): 1060.1 | throughput per GPU (TFLOP/s/GPU): 358.1 | tokens/sec/GPU: 7727 | learning rate: 6.652803E-05 | global batch size:    32 | lm loss: 3.510690E+00 | loss scale: 1.0 | grad norm: 0.572 | number of skipped iterations:   0 | number of nan iterations:   0 |
3: [default3]: [2026-05-23 03:43:27.935439] iteration      701/    1537 | consumed samples:        22432 | elapsed time per iteration (ms): 1745.3 | throughput per GPU (TFLOP/s/GPU): 217.5 | tokens/sec/GPU: 4694 | learning rate: 6.643291E-05 | global batch size:    32 | lm loss: 3.594748E+00 | loss scale: 1.0 | grad norm: 0.667 | number of skipped iterations:   0 | number of nan iterations:   0 |
3: [default3]: [2026-05-23 03:43:28.991783] iteration      702/    1537 | consumed samples:        22464 | elapsed time per iteration (ms): 1056.2 | throughput per GPU (TFLOP/s/GPU): 359.4 | tokens/sec/GPU: 7756 | learning rate: 6.633773E-05 | global batch size:    32 | lm loss: 3.465364E+00 | loss scale: 1.0 | grad norm: 0.543 | number of skipped iterations:   0 | number of nan iterations:   0 |
3: [default3]: [2026-05-23 03:43:30.048124] iteration      703/    1537 | consumed samples:        22496 | elapsed time per iteration (ms): 1056.2 | throughput per GPU (TFLOP/s/GPU): 359.4 | tokens/sec/GPU: 7756 | learning rate: 6.624249E-05 | global batch size:    32 | lm loss: 3.697403E+00 | loss scale: 1.0 | grad norm: 0.641 | number of skipped iterations:   0 | number of nan iterations:   0 |
3: [default3]: [2026-05-23 03:43:31.119339] iteration      704/    1537 | consumed samples:        22528 | elapsed time per iteration (ms): 1071.1 | throughput per GPU (TFLOP/s/GPU): 354.5 | tokens/sec/GPU: 7648 | learning rate: 6.614721E-05 | global batch size:    32 | lm loss: 3.577173E+00 | loss scale: 1.0 | grad norm: 0.604 | number of skipped iterations:   0 | number of nan iterations:   0 |
3: [default3]: [2026-05-23 03:43:32.184332] iteration      705/    1537 | consumed samples:        22560 | elapsed time per iteration (ms): 1064.8 | throughput per GPU (TFLOP/s/GPU): 356.5 | tokens/sec/GPU: 7693 | learning rate: 6.605186E-05 | global batch size:    32 | lm loss: 3.349903E+00 | loss scale: 1.0 | grad norm: 0.561 | number of skipped iterations:   0 | number of nan iterations:   0 |
3: [default3]: [2026-05-23 03:43:33.249011] iteration      706/    1537 | consumed samples:        22592 | elapsed time per iteration (ms): 1064.5 | throughput per GPU (TFLOP/s/GPU): 356.6 | tokens/sec/GPU: 7695 | learning rate: 6.595648E-05 | global batch size:    32 | lm loss: 3.484254E+00 | loss scale: 1.0 | grad norm: 0.555 | number of skipped iterations:   0 | number of nan iterations:   0 |
3: [default3]: [2026-05-23 03:43:34.304986] iteration      707/    1537 | consumed samples:        22624 | elapsed time per iteration (ms): 1055.8 | throughput per GPU (TFLOP/s/GPU): 359.6 | tokens/sec/GPU: 7759 | learning rate: 6.586103E-05 | global batch size:    32 | lm loss: 3.637052E+00 | loss scale: 1.0 | grad norm: 0.553 | number of skipped iterations:   0 | number of nan iterations:   0 |
3: [default3]: [2026-05-23 03:43:35.362287] iteration      708/    1537 | consumed samples:        22656 | elapsed time per iteration (ms): 1057.1 | throughput per GPU (TFLOP/s/GPU): 359.1 | tokens/sec/GPU: 7749 | learning rate: 6.576553E-05 | global batch size:    32 | lm loss: 3.336485E+00 | loss scale: 1.0 | grad norm: 0.554 | number of skipped iterations:   0 | number of nan iterations:   0 |
3: [default3]: [2026-05-23 03:43:36.419006] iteration      709/    1537 | consumed samples:        22688 | elapsed time per iteration (ms): 1056.6 | throughput per GPU (TFLOP/s/GPU): 359.3 | tokens/sec/GPU: 7753 | learning rate: 6.566998E-05 | global batch size:    32 | lm loss: 3.482627E+00 | loss scale: 1.0 | grad norm: 0.549 | number of skipped iterations:   0 | number of nan iterations:   0 |
3: [default3]: [2026-05-23 03:43:37.480186] iteration      710/    1537 | consumed samples:        22720 | elapsed time per iteration (ms): 1061.0 | throughput per GPU (TFLOP/s/GPU): 357.8 | tokens/sec/GPU: 7721 | learning rate: 6.557439E-05 | global batch size:    32 | lm loss: 3.747303E+00 | loss scale: 1.0 | grad norm: 0.554 | number of skipped iterations:   0 | number of nan iterations:   0 |
3: [default3]: [2026-05-23 03:43:38.536555] iteration      711/    1537 | consumed samples:        22752 | elapsed time per iteration (ms): 1056.2 | throughput per GPU (TFLOP/s/GPU): 359.4 | tokens/sec/GPU: 7756 | learning rate: 6.547873E-05 | global batch size:    32 | lm loss: 3.804486E+00 | loss scale: 1.0 | grad norm: 0.536 | number of skipped iterations:   0 | number of nan iterations:   0 |
3: [default3]: [2026-05-23 03:43:39.595953] iteration      712/    1537 | consumed samples:        22784 | elapsed time per iteration (ms): 1059.3 | throughput per GPU (TFLOP/s/GPU): 358.4 | tokens/sec/GPU: 7734 | learning rate: 6.538304E-05 | global batch size:    32 | lm loss: 3.547919E+00 | loss scale: 1.0 | grad norm: 0.557 | number of skipped iterations:   0 | number of nan iterations:   0 |
3: [default3]: [2026-05-23 03:43:40.657129] iteration      713/    1537 | consumed samples:        22816 | elapsed time per iteration (ms): 1061.0 | throughput per GPU (TFLOP/s/GPU): 357.8 | tokens/sec/GPU: 7721 | learning rate: 6.528728E-05 | global batch size:    32 | lm loss: 3.619527E+00 | loss scale: 1.0 | grad norm: 0.666 | number of skipped iterations:   0 | number of nan iterations:   0 |
3: [default3]: [2026-05-23 03:43:41.715146] iteration      714/    1537 | consumed samples:        22848 | elapsed time per iteration (ms): 1057.8 | throughput per GPU (TFLOP/s/GPU): 358.9 | tokens/sec/GPU: 7744 | learning rate: 6.519148E-05 | global batch size:    32 | lm loss: 3.562778E+00 | loss scale: 1.0 | grad norm: 0.550 | number of skipped iterations:   0 | number of nan iterations:   0 |
3: [default3]: [2026-05-23 03:43:42.774507] iteration      715/    1537 | consumed samples:        22880 | elapsed time per iteration (ms): 1059.2 | throughput per GPU (TFLOP/s/GPU): 358.4 | tokens/sec/GPU: 7734 | learning rate: 6.509564E-05 | global batch size:    32 | lm loss: 3.551168E+00 | loss scale: 1.0 | grad norm: 0.545 | number of skipped iterations:   0 | number of nan iterations:   0 |
3: [default3]: [2026-05-23 03:43:43.828869] iteration      716/    1537 | consumed samples:        22912 | elapsed time per iteration (ms): 1054.2 | throughput per GPU (TFLOP/s/GPU): 360.1 | tokens/sec/GPU: 7771 | learning rate: 6.499974E-05 | global batch size:    32 | lm loss: 3.483434E+00 | loss scale: 1.0 | grad norm: 0.578 | number of skipped iterations:   0 | number of nan iterations:   0 |
3: [default3]: [2026-05-23 03:43:44.882205] iteration      717/    1537 | consumed samples:        22944 | elapsed time per iteration (ms): 1053.2 | throughput per GPU (TFLOP/s/GPU): 360.5 | tokens/sec/GPU: 7778 | learning rate: 6.490380E-05 | global batch size:    32 | lm loss: 3.633649E+00 | loss scale: 1.0 | grad norm: 0.582 | number of skipped iterations:   0 | number of nan iterations:   0 |
3: [default3]: [2026-05-23 03:43:45.938570] iteration      718/    1537 | consumed samples:        22976 | elapsed time per iteration (ms): 1056.1 | throughput per GPU (TFLOP/s/GPU): 359.5 | tokens/sec/GPU: 7756 | learning rate: 6.480781E-05 | global batch size:    32 | lm loss: 3.432077E+00 | loss scale: 1.0 | grad norm: 0.865 | number of skipped iterations:   0 | number of nan iterations:   0 |
3: [default3]: [2026-05-23 03:43:46.992924] iteration      719/    1537 | consumed samples:        23008 | elapsed time per iteration (ms): 1054.2 | throughput per GPU (TFLOP/s/GPU): 360.1 | tokens/sec/GPU: 7771 | learning rate: 6.471176E-05 | global batch size:    32 | lm loss: 3.566098E+00 | loss scale: 1.0 | grad norm: 0.644 | number of skipped iterations:   0 | number of nan iterations:   0 |
3: [default3]: [2026-05-23 03:43:48.048804] iteration      720/    1537 | consumed samples:        23040 | elapsed time per iteration (ms): 1055.7 | throughput per GPU (TFLOP/s/GPU): 359.6 | tokens/sec/GPU: 7759 | learning rate: 6.461568E-05 | global batch size:    32 | lm loss: 3.547785E+00 | loss scale: 1.0 | grad norm: 0.567 | number of skipped iterations:   0 | number of nan iterations:   0 |
3: [default3]: [2026-05-23 03:43:49.105534] iteration      721/    1537 | consumed samples:        23072 | elapsed time per iteration (ms): 1056.6 | throughput per GPU (TFLOP/s/GPU): 359.3 | tokens/sec/GPU: 7753 | learning rate: 6.451955E-05 | global batch size:    32 | lm loss: 3.552375E+00 | loss scale: 1.0 | grad norm: 0.591 | number of skipped iterations:   0 | number of nan iterations:   0 |
3: [default3]: [2026-05-23 03:43:50.162947] iteration      722/    1537 | consumed samples:        23104 | elapsed time per iteration (ms): 1057.2 | throughput per GPU (TFLOP/s/GPU): 359.1 | tokens/sec/GPU: 7748 | learning rate: 6.442337E-05 | global batch size:    32 | lm loss: 3.241478E+00 | loss scale: 1.0 | grad norm: 0.570 | number of skipped iterations:   0 | number of nan iterations:   0 |
3: [default3]: [2026-05-23 03:43:51.223168] iteration      723/    1537 | consumed samples:        23136 | elapsed time per iteration (ms): 1060.1 | throughput per GPU (TFLOP/s/GPU): 358.1 | tokens/sec/GPU: 7728 | learning rate: 6.432716E-05 | global batch size:    32 | lm loss: 3.479024E+00 | loss scale: 1.0 | grad norm: 0.602 | number of skipped iterations:   0 | number of nan iterations:   0 |
3: [default3]: [2026-05-23 03:43:52.278283] iteration      724/    1537 | consumed samples:        23168 | elapsed time per iteration (ms): 1054.9 | throughput per GPU (TFLOP/s/GPU): 359.9 | tokens/sec/GPU: 7765 | learning rate: 6.423089E-05 | global batch size:    32 | lm loss: 3.481762E+00 | loss scale: 1.0 | grad norm: 0.568 | number of skipped iterations:   0 | number of nan iterations:   0 |
3: [default3]: [2026-05-23 03:43:53.339006] iteration      725/    1537 | consumed samples:        23200 | elapsed time per iteration (ms): 1060.6 | throughput per GPU (TFLOP/s/GPU): 358.0 | tokens/sec/GPU: 7724 | learning rate: 6.413458E-05 | global batch size:    32 | lm loss: 3.569778E+00 | loss scale: 1.0 | grad norm: 0.716 | number of skipped iterations:   0 | number of nan iterations:   0 |
3: [default3]: [2026-05-23 03:43:54.402984] iteration      726/    1537 | consumed samples:        23232 | elapsed time per iteration (ms): 1063.8 | throughput per GPU (TFLOP/s/GPU): 356.9 | tokens/sec/GPU: 7701 | learning rate: 6.403823E-05 | global batch size:    32 | lm loss: 3.640280E+00 | loss scale: 1.0 | grad norm: 0.553 | number of skipped iterations:   0 | number of nan iterations:   0 |
3: [default3]: [2026-05-23 03:43:55.468236] iteration      727/    1537 | consumed samples:        23264 | elapsed time per iteration (ms): 1065.1 | throughput per GPU (TFLOP/s/GPU): 356.5 | tokens/sec/GPU: 7692 | learning rate: 6.394183E-05 | global batch size:    32 | lm loss: 3.483027E+00 | loss scale: 1.0 | grad norm: 0.566 | number of skipped iterations:   0 | number of nan iterations:   0 |
3: [default3]: [2026-05-23 03:43:56.527495] iteration      728/    1537 | consumed samples:        23296 | elapsed time per iteration (ms): 1059.1 | throughput per GPU (TFLOP/s/GPU): 358.4 | tokens/sec/GPU: 7735 | learning rate: 6.384539E-05 | global batch size:    32 | lm loss: 3.587198E+00 | loss scale: 1.0 | grad norm: 0.582 | number of skipped iterations:   0 | number of nan iterations:   0 |
3: [default3]: [2026-05-23 03:43:57.582621] iteration      729/    1537 | consumed samples:        23328 | elapsed time per iteration (ms): 1055.0 | throughput per GPU (TFLOP/s/GPU): 359.9 | tokens/sec/GPU: 7765 | learning rate: 6.374891E-05 | global batch size:    32 | lm loss: 3.449806E+00 | loss scale: 1.0 | grad norm: 0.560 | number of skipped iterations:   0 | number of nan iterations:   0 |
3: [default3]: [2026-05-23 03:43:58.642244] iteration      730/    1537 | consumed samples:        23360 | elapsed time per iteration (ms): 1059.5 | throughput per GPU (TFLOP/s/GPU): 358.3 | tokens/sec/GPU: 7732 | learning rate: 6.365238E-05 | global batch size:    32 | lm loss: 3.513494E+00 | loss scale: 1.0 | grad norm: 0.558 | number of skipped iterations:   0 | number of nan iterations:   0 |
3: [default3]: [2026-05-23 03:43:59.704142] iteration      731/    1537 | consumed samples:        23392 | elapsed time per iteration (ms): 1061.7 | throughput per GPU (TFLOP/s/GPU): 357.6 | tokens/sec/GPU: 7716 | learning rate: 6.355582E-05 | global batch size:    32 | lm loss: 3.308854E+00 | loss scale: 1.0 | grad norm: 0.548 | number of skipped iterations:   0 | number of nan iterations:   0 |
3: [default3]: [2026-05-23 03:44:00.767651] iteration      732/    1537 | consumed samples:        23424 | elapsed time per iteration (ms): 1063.3 | throughput per GPU (TFLOP/s/GPU): 357.0 | tokens/sec/GPU: 7704 | learning rate: 6.345921E-05 | global batch size:    32 | lm loss: 3.357413E+00 | loss scale: 1.0 | grad norm: 0.643 | number of skipped iterations:   0 | number of nan iterations:   0 |
3: [default3]: [2026-05-23 03:44:01.828150] iteration      733/    1537 | consumed samples:        23456 | elapsed time per iteration (ms): 1060.3 | throughput per GPU (TFLOP/s/GPU): 358.0 | tokens/sec/GPU: 7726 | learning rate: 6.336257E-05 | global batch size:    32 | lm loss: 3.484303E+00 | loss scale: 1.0 | grad norm: 0.589 | number of skipped iterations:   0 | number of nan iterations:   0 |
3: [default3]: [2026-05-23 03:44:02.889975] iteration      734/    1537 | consumed samples:        23488 | elapsed time per iteration (ms): 1061.7 | throughput per GPU (TFLOP/s/GPU): 357.6 | tokens/sec/GPU: 7716 | learning rate: 6.326588E-05 | global batch size:    32 | lm loss: 3.532179E+00 | loss scale: 1.0 | grad norm: 0.586 | number of skipped iterations:   0 | number of nan iterations:   0 |
3: [default3]: [2026-05-23 03:44:03.952859] iteration      735/    1537 | consumed samples:        23520 | elapsed time per iteration (ms): 1062.7 | throughput per GPU (TFLOP/s/GPU): 357.2 | tokens/sec/GPU: 7708 | learning rate: 6.316916E-05 | global batch size:    32 | lm loss: 3.428175E+00 | loss scale: 1.0 | grad norm: 0.611 | number of skipped iterations:   0 | number of nan iterations:   0 |
3: [default3]: [2026-05-23 03:44:05.012787] iteration      736/    1537 | consumed samples:        23552 | elapsed time per iteration (ms): 1059.8 | throughput per GPU (TFLOP/s/GPU): 358.2 | tokens/sec/GPU: 7730 | learning rate: 6.307240E-05 | global batch size:    32 | lm loss: 3.389627E+00 | loss scale: 1.0 | grad norm: 1.190 | number of skipped iterations:   0 | number of nan iterations:   0 |
3: [default3]: [2026-05-23 03:44:06.073160] iteration      737/    1537 | consumed samples:        23584 | elapsed time per iteration (ms): 1060.2 | throughput per GPU (TFLOP/s/GPU): 358.1 | tokens/sec/GPU: 7727 | learning rate: 6.297559E-05 | global batch size:    32 | lm loss: 3.669023E+00 | loss scale: 1.0 | grad norm: 0.559 | number of skipped iterations:   0 | number of nan iterations:   0 |
3: [default3]: [2026-05-23 03:44:07.132653] iteration      738/    1537 | consumed samples:        23616 | elapsed time per iteration (ms): 1059.4 | throughput per GPU (TFLOP/s/GPU): 358.4 | tokens/sec/GPU: 7733 | learning rate: 6.287875E-05 | global batch size:    32 | lm loss: 3.495424E+00 | loss scale: 1.0 | grad norm: 0.550 | number of skipped iterations:   0 | number of nan iterations:   0 |
3: [default3]: [2026-05-23 03:44:08.189824] iteration      739/    1537 | consumed samples:        23648 | elapsed time per iteration (ms): 1057.0 | throughput per GPU (TFLOP/s/GPU): 359.2 | tokens/sec/GPU: 7750 | learning rate: 6.278187E-05 | global batch size:    32 | lm loss: 3.505037E+00 | loss scale: 1.0 | grad norm: 0.530 | number of skipped iterations:   0 | number of nan iterations:   0 |
3: [default3]: [2026-05-23 03:44:09.250337] iteration      740/    1537 | consumed samples:        23680 | elapsed time per iteration (ms): 1060.4 | throughput per GPU (TFLOP/s/GPU): 358.0 | tokens/sec/GPU: 7726 | learning rate: 6.268496E-05 | global batch size:    32 | lm loss: 3.388611E+00 | loss scale: 1.0 | grad norm: 0.554 | number of skipped iterations:   0 | number of nan iterations:   0 |
3: [default3]: [2026-05-23 03:44:10.309425] iteration      741/    1537 | consumed samples:        23712 | elapsed time per iteration (ms): 1058.9 | throughput per GPU (TFLOP/s/GPU): 358.5 | tokens/sec/GPU: 7736 | learning rate: 6.258800E-05 | global batch size:    32 | lm loss: 3.397820E+00 | loss scale: 1.0 | grad norm: 0.546 | number of skipped iterations:   0 | number of nan iterations:   0 |
3: [default3]: [2026-05-23 03:44:11.364774] iteration      742/    1537 | consumed samples:        23744 | elapsed time per iteration (ms): 1055.2 | throughput per GPU (TFLOP/s/GPU): 359.8 | tokens/sec/GPU: 7764 | learning rate: 6.249101E-05 | global batch size:    32 | lm loss: 3.467330E+00 | loss scale: 1.0 | grad norm: 0.587 | number of skipped iterations:   0 | number of nan iterations:   0 |
3: [default3]: [2026-05-23 03:44:12.426592] iteration      743/    1537 | consumed samples:        23776 | elapsed time per iteration (ms): 1061.6 | throughput per GPU (TFLOP/s/GPU): 357.6 | tokens/sec/GPU: 7716 | learning rate: 6.239398E-05 | global batch size:    32 | lm loss: 3.390287E+00 | loss scale: 1.0 | grad norm: 0.582 | number of skipped iterations:   0 | number of nan iterations:   0 |
3: [default3]: [2026-05-23 03:44:13.482060] iteration      744/    1537 | consumed samples:        23808 | elapsed time per iteration (ms): 1055.3 | throughput per GPU (TFLOP/s/GPU): 359.7 | tokens/sec/GPU: 7762 | learning rate: 6.229693E-05 | global batch size:    32 | lm loss: 3.619082E+00 | loss scale: 1.0 | grad norm: 0.555 | number of skipped iterations:   0 | number of nan iterations:   0 |
3: [default3]: [2026-05-23 03:44:14.546000] iteration      745/    1537 | consumed samples:        23840 | elapsed time per iteration (ms): 1063.8 | throughput per GPU (TFLOP/s/GPU): 356.9 | tokens/sec/GPU: 7701 | learning rate: 6.219983E-05 | global batch size:    32 | lm loss: 3.454562E+00 | loss scale: 1.0 | grad norm: 0.514 | number of skipped iterations:   0 | number of nan iterations:   0 |
3: [default3]: [2026-05-23 03:44:15.621381] iteration      746/    1537 | consumed samples:        23872 | elapsed time per iteration (ms): 1075.2 | throughput per GPU (TFLOP/s/GPU): 353.1 | tokens/sec/GPU: 7619 | learning rate: 6.210271E-05 | global batch size:    32 | lm loss: 3.724340E+00 | loss scale: 1.0 | grad norm: 0.543 | number of skipped iterations:   0 | number of nan iterations:   0 |
3: [default3]: [2026-05-23 03:44:16.680212] iteration      747/    1537 | consumed samples:        23904 | elapsed time per iteration (ms): 1058.7 | throughput per GPU (TFLOP/s/GPU): 358.6 | tokens/sec/GPU: 7738 | learning rate: 6.200554E-05 | global batch size:    32 | lm loss: 3.324130E+00 | loss scale: 1.0 | grad norm: 0.528 | number of skipped iterations:   0 | number of nan iterations:   0 |
3: [default3]: [2026-05-23 03:44:17.740968] iteration      748/    1537 | consumed samples:        23936 | elapsed time per iteration (ms): 1060.6 | throughput per GPU (TFLOP/s/GPU): 358.0 | tokens/sec/GPU: 7724 | learning rate: 6.190834E-05 | global batch size:    32 | lm loss: 3.508312E+00 | loss scale: 1.0 | grad norm: 0.559 | number of skipped iterations:   0 | number of nan iterations:   0 |
3: [default3]: [2026-05-23 03:44:18.801736] iteration      749/    1537 | consumed samples:        23968 | elapsed time per iteration (ms): 1060.6 | throughput per GPU (TFLOP/s/GPU): 357.9 | tokens/sec/GPU: 7724 | learning rate: 6.181112E-05 | global batch size:    32 | lm loss: 3.573618E+00 | loss scale: 1.0 | grad norm: 0.572 | number of skipped iterations:   0 | number of nan iterations:   0 |
3: [default3]: [2026-05-23 03:44:19.865252] iteration      750/    1537 | consumed samples:        24000 | elapsed time per iteration (ms): 1063.3 | throughput per GPU (TFLOP/s/GPU): 357.0 | tokens/sec/GPU: 7704 | learning rate: 6.171385E-05 | global batch size:    32 | lm loss: 3.323196E+00 | loss scale: 1.0 | grad norm: 0.550 | number of skipped iterations:   0 | number of nan iterations:   0 |
3: [default3]: [2026-05-23 03:44:21.606259] iteration      751/    1537 | consumed samples:        24032 | elapsed time per iteration (ms): 1740.8 | throughput per GPU (TFLOP/s/GPU): 218.1 | tokens/sec/GPU: 4706 | learning rate: 6.161656E-05 | global batch size:    32 | lm loss: 3.842769E+00 | loss scale: 1.0 | grad norm: 0.635 | number of skipped iterations:   0 | number of nan iterations:   0 |
3: [default3]: [2026-05-23 03:44:22.665961] iteration      752/    1537 | consumed samples:        24064 | elapsed time per iteration (ms): 1059.6 | throughput per GPU (TFLOP/s/GPU): 358.3 | tokens/sec/GPU: 7731 | learning rate: 6.151923E-05 | global batch size:    32 | lm loss: 3.467275E+00 | loss scale: 1.0 | grad norm: 0.529 | number of skipped iterations:   0 | number of nan iterations:   0 |
3: [default3]: [2026-05-23 03:44:23.719417] iteration      753/    1537 | consumed samples:        24096 | elapsed time per iteration (ms): 1053.2 | throughput per GPU (TFLOP/s/GPU): 360.4 | tokens/sec/GPU: 7778 | learning rate: 6.142187E-05 | global batch size:    32 | lm loss: 3.625499E+00 | loss scale: 1.0 | grad norm: 0.588 | number of skipped iterations:   0 | number of nan iterations:   0 |
3: [default3]: [2026-05-23 03:44:24.778737] iteration      754/    1537 | consumed samples:        24128 | elapsed time per iteration (ms): 1059.2 | throughput per GPU (TFLOP/s/GPU): 358.4 | tokens/sec/GPU: 7734 | learning rate: 6.132448E-05 | global batch size:    32 | lm loss: 3.477695E+00 | loss scale: 1.0 | grad norm: 0.624 | number of skipped iterations:   0 | number of nan iterations:   0 |
3: [default3]: [2026-05-23 03:44:25.838308] iteration      755/    1537 | consumed samples:        24160 | elapsed time per iteration (ms): 1059.4 | throughput per GPU (TFLOP/s/GPU): 358.4 | tokens/sec/GPU: 7733 | learning rate: 6.122707E-05 | global batch size:    32 | lm loss: 3.603538E+00 | loss scale: 1.0 | grad norm: 0.580 | number of skipped iterations:   0 | number of nan iterations:   0 |
3: [default3]: [2026-05-23 03:44:26.899122] iteration      756/    1537 | consumed samples:        24192 | elapsed time per iteration (ms): 1060.6 | throughput per GPU (TFLOP/s/GPU): 357.9 | tokens/sec/GPU: 7724 | learning rate: 6.112962E-05 | global batch size:    32 | lm loss: 3.203708E+00 | loss scale: 1.0 | grad norm: 0.559 | number of skipped iterations:   0 | number of nan iterations:   0 |
3: [default3]: [2026-05-23 03:44:27.956065] iteration      757/    1537 | consumed samples:        24224 | elapsed time per iteration (ms): 1056.8 | throughput per GPU (TFLOP/s/GPU): 359.2 | tokens/sec/GPU: 7752 | learning rate: 6.103214E-05 | global batch size:    32 | lm loss: 3.297930E+00 | loss scale: 1.0 | grad norm: 0.546 | number of skipped iterations:   0 | number of nan iterations:   0 |
3: [default3]: [2026-05-23 03:44:29.009048] iteration      758/    1537 | consumed samples:        24256 | elapsed time per iteration (ms): 1052.8 | throughput per GPU (TFLOP/s/GPU): 360.6 | tokens/sec/GPU: 7781 | learning rate: 6.093464E-05 | global batch size:    32 | lm loss: 3.273656E+00 | loss scale: 1.0 | grad norm: 0.677 | number of skipped iterations:   0 | number of nan iterations:   0 |
3: [default3]: [2026-05-23 03:44:30.064954] iteration      759/    1537 | consumed samples:        24288 | elapsed time per iteration (ms): 1055.7 | throughput per GPU (TFLOP/s/GPU): 359.6 | tokens/sec/GPU: 7760 | learning rate: 6.083710E-05 | global batch size:    32 | lm loss: 3.509310E+00 | loss scale: 1.0 | grad norm: 0.613 | number of skipped iterations:   0 | number of nan iterations:   0 |
3: [default3]: [2026-05-23 03:44:31.119501] iteration      760/    1537 | consumed samples:        24320 | elapsed time per iteration (ms): 1054.4 | throughput per GPU (TFLOP/s/GPU): 360.1 | tokens/sec/GPU: 7769 | learning rate: 6.073954E-05 | global batch size:    32 | lm loss: 3.381593E+00 | loss scale: 1.0 | grad norm: 0.557 | number of skipped iterations:   0 | number of nan iterations:   0 |
3: [default3]: [2026-05-23 03:44:32.173133] iteration      761/    1537 | consumed samples:        24352 | elapsed time per iteration (ms): 1053.4 | throughput per GPU (TFLOP/s/GPU): 360.4 | tokens/sec/GPU: 7777 | learning rate: 6.064195E-05 | global batch size:    32 | lm loss: 3.529627E+00 | loss scale: 1.0 | grad norm: 2.609 | number of skipped iterations:   0 | number of nan iterations:   0 |
3: [default3]: [2026-05-23 03:44:33.232266] iteration      762/    1537 | consumed samples:        24384 | elapsed time per iteration (ms): 1059.0 | throughput per GPU (TFLOP/s/GPU): 358.5 | tokens/sec/GPU: 7736 | learning rate: 6.054433E-05 | global batch size:    32 | lm loss: 3.451893E+00 | loss scale: 1.0 | grad norm: 0.597 | number of skipped iterations:   0 | number of nan iterations:   0 |
3: [default3]: [2026-05-23 03:44:34.287340] iteration      763/    1537 | consumed samples:        24416 | elapsed time per iteration (ms): 1054.9 | throughput per GPU (TFLOP/s/GPU): 359.9 | tokens/sec/GPU: 7766 | learning rate: 6.044669E-05 | global batch size:    32 | lm loss: 3.174600E+00 | loss scale: 1.0 | grad norm: 0.717 | number of skipped iterations:   0 | number of nan iterations:   0 |
3: [default3]: [2026-05-23 03:44:35.347050] iteration      764/    1537 | consumed samples:        24448 | elapsed time per iteration (ms): 1059.5 | throughput per GPU (TFLOP/s/GPU): 358.3 | tokens/sec/GPU: 7732 | learning rate: 6.034902E-05 | global batch size:    32 | lm loss: 3.513990E+00 | loss scale: 1.0 | grad norm: 0.605 | number of skipped iterations:   0 | number of nan iterations:   0 |
3: [default3]: [2026-05-23 03:44:36.407079] iteration      765/    1537 | consumed samples:        24480 | elapsed time per iteration (ms): 1059.9 | throughput per GPU (TFLOP/s/GPU): 358.2 | tokens/sec/GPU: 7729 | learning rate: 6.025132E-05 | global batch size:    32 | lm loss: 3.395718E+00 | loss scale: 1.0 | grad norm: 0.630 | number of skipped iterations:   0 | number of nan iterations:   0 |
3: [default3]: [2026-05-23 03:44:37.466125] iteration      766/    1537 | consumed samples:        24512 | elapsed time per iteration (ms): 1058.9 | throughput per GPU (TFLOP/s/GPU): 358.5 | tokens/sec/GPU: 7736 | learning rate: 6.015360E-05 | global batch size:    32 | lm loss: 3.186569E+00 | loss scale: 1.0 | grad norm: 0.530 | number of skipped iterations:   0 | number of nan iterations:   0 |
3: [default3]: [2026-05-23 03:44:38.525531] iteration      767/    1537 | consumed samples:        24544 | elapsed time per iteration (ms): 1059.2 | throughput per GPU (TFLOP/s/GPU): 358.4 | tokens/sec/GPU: 7734 | learning rate: 6.005586E-05 | global batch size:    32 | lm loss: 3.377582E+00 | loss scale: 1.0 | grad norm: 0.595 | number of skipped iterations:   0 | number of nan iterations:   0 |
3: [default3]: [2026-05-23 03:44:39.581840] iteration      768/    1537 | consumed samples:        24576 | elapsed time per iteration (ms): 1056.2 | throughput per GPU (TFLOP/s/GPU): 359.5 | tokens/sec/GPU: 7756 | learning rate: 5.995809E-05 | global batch size:    32 | lm loss: 3.567498E+00 | loss scale: 1.0 | grad norm: 0.688 | number of skipped iterations:   0 | number of nan iterations:   0 |
3: [default3]: [2026-05-23 03:44:40.641177] iteration      769/    1537 | consumed samples:        24608 | elapsed time per iteration (ms): 1059.2 | throughput per GPU (TFLOP/s/GPU): 358.4 | tokens/sec/GPU: 7734 | learning rate: 5.986030E-05 | global batch size:    32 | lm loss: 3.447288E+00 | loss scale: 1.0 | grad norm: 0.592 | number of skipped iterations:   0 | number of nan iterations:   0 |
3: [default3]: [2026-05-23 03:44:41.704243] iteration      770/    1537 | consumed samples:        24640 | elapsed time per iteration (ms): 1062.9 | throughput per GPU (TFLOP/s/GPU): 357.2 | tokens/sec/GPU: 7707 | learning rate: 5.976248E-05 | global batch size:    32 | lm loss: 3.336964E+00 | loss scale: 1.0 | grad norm: 0.755 | number of skipped iterations:   0 | number of nan iterations:   0 |
3: [default3]: [2026-05-23 03:44:42.772035] iteration      771/    1537 | consumed samples:        24672 | elapsed time per iteration (ms): 1067.6 | throughput per GPU (TFLOP/s/GPU): 355.6 | tokens/sec/GPU: 7673 | learning rate: 5.966464E-05 | global batch size:    32 | lm loss: 3.349752E+00 | loss scale: 1.0 | grad norm: 0.557 | number of skipped iterations:   0 | number of nan iterations:   0 |
3: [default3]: [2026-05-23 03:44:43.832857] iteration      772/    1537 | consumed samples:        24704 | elapsed time per iteration (ms): 1060.6 | throughput per GPU (TFLOP/s/GPU): 357.9 | tokens/sec/GPU: 7724 | learning rate: 5.956678E-05 | global batch size:    32 | lm loss: 3.656779E+00 | loss scale: 1.0 | grad norm: 0.693 | number of skipped iterations:   0 | number of nan iterations:   0 |
3: [default3]: [2026-05-23 03:44:44.891133] iteration      773/    1537 | consumed samples:        24736 | elapsed time per iteration (ms): 1058.1 | throughput per GPU (TFLOP/s/GPU): 358.8 | tokens/sec/GPU: 7742 | learning rate: 5.946890E-05 | global batch size:    32 | lm loss: 3.255697E+00 | loss scale: 1.0 | grad norm: 0.608 | number of skipped iterations:   0 | number of nan iterations:   0 |
3: [default3]: [2026-05-23 03:44:45.950046] iteration      774/    1537 | consumed samples:        24768 | elapsed time per iteration (ms): 1058.8 | throughput per GPU (TFLOP/s/GPU): 358.6 | tokens/sec/GPU: 7737 | learning rate: 5.937100E-05 | global batch size:    32 | lm loss: 3.292904E+00 | loss scale: 1.0 | grad norm: 0.566 | number of skipped iterations:   0 | number of nan iterations:   0 |
3: [default3]: [2026-05-23 03:44:47.012275] iteration      775/    1537 | consumed samples:        24800 | elapsed time per iteration (ms): 1062.1 | throughput per GPU (TFLOP/s/GPU): 357.5 | tokens/sec/GPU: 7713 | learning rate: 5.927307E-05 | global batch size:    32 | lm loss: 3.421345E+00 | loss scale: 1.0 | grad norm: 0.668 | number of skipped iterations:   0 | number of nan iterations:   0 |
3: [default3]: [2026-05-23 03:44:48.069744] iteration      776/    1537 | consumed samples:        24832 | elapsed time per iteration (ms): 1057.3 | throughput per GPU (TFLOP/s/GPU): 359.1 | tokens/sec/GPU: 7748 | learning rate: 5.917513E-05 | global batch size:    32 | lm loss: 3.374097E+00 | loss scale: 1.0 | grad norm: 0.542 | number of skipped iterations:   0 | number of nan iterations:   0 |
3: [default3]: [2026-05-23 03:44:49.129991] iteration      777/    1537 | consumed samples:        24864 | elapsed time per iteration (ms): 1060.1 | throughput per GPU (TFLOP/s/GPU): 358.1 | tokens/sec/GPU: 7728 | learning rate: 5.907716E-05 | global batch size:    32 | lm loss: 3.605674E+00 | loss scale: 1.0 | grad norm: 0.570 | number of skipped iterations:   0 | number of nan iterations:   0 |
3: [default3]: [2026-05-23 03:44:50.189362] iteration      778/    1537 | consumed samples:        24896 | elapsed time per iteration (ms): 1059.2 | throughput per GPU (TFLOP/s/GPU): 358.4 | tokens/sec/GPU: 7734 | learning rate: 5.897917E-05 | global batch size:    32 | lm loss: 3.411509E+00 | loss scale: 1.0 | grad norm: 0.578 | number of skipped iterations:   0 | number of nan iterations:   0 |
3: [default3]: [2026-05-23 03:44:51.247460] iteration      779/    1537 | consumed samples:        24928 | elapsed time per iteration (ms): 1057.9 | throughput per GPU (TFLOP/s/GPU): 358.9 | tokens/sec/GPU: 7743 | learning rate: 5.888117E-05 | global batch size:    32 | lm loss: 3.326317E+00 | loss scale: 1.0 | grad norm: 0.598 | number of skipped iterations:   0 | number of nan iterations:   0 |
3: [default3]: [2026-05-23 03:44:52.308159] iteration      780/    1537 | consumed samples:        24960 | elapsed time per iteration (ms): 1060.5 | throughput per GPU (TFLOP/s/GPU): 358.0 | tokens/sec/GPU: 7725 | learning rate: 5.878315E-05 | global batch size:    32 | lm loss: 3.321093E+00 | loss scale: 1.0 | grad norm: 0.557 | number of skipped iterations:   0 | number of nan iterations:   0 |
3: [default3]: [2026-05-23 03:44:53.366023] iteration      781/    1537 | consumed samples:        24992 | elapsed time per iteration (ms): 1057.7 | throughput per GPU (TFLOP/s/GPU): 358.9 | tokens/sec/GPU: 7745 | learning rate: 5.868511E-05 | global batch size:    32 | lm loss: 3.340807E+00 | loss scale: 1.0 | grad norm: 0.580 | number of skipped iterations:   0 | number of nan iterations:   0 |
3: [default3]: [2026-05-23 03:44:54.421159] iteration      782/    1537 | consumed samples:        25024 | elapsed time per iteration (ms): 1054.9 | throughput per GPU (TFLOP/s/GPU): 359.9 | tokens/sec/GPU: 7766 | learning rate: 5.858705E-05 | global batch size:    32 | lm loss: 3.538890E+00 | loss scale: 1.0 | grad norm: 0.604 | number of skipped iterations:   0 | number of nan iterations:   0 |
3: [default3]: [2026-05-23 03:44:55.476348] iteration      783/    1537 | consumed samples:        25056 | elapsed time per iteration (ms): 1055.0 | throughput per GPU (TFLOP/s/GPU): 359.8 | tokens/sec/GPU: 7765 | learning rate: 5.848897E-05 | global batch size:    32 | lm loss: 3.430399E+00 | loss scale: 1.0 | grad norm: 0.607 | number of skipped iterations:   0 | number of nan iterations:   0 |
3: [default3]: [2026-05-23 03:44:56.534487] iteration      784/    1537 | consumed samples:        25088 | elapsed time per iteration (ms): 1058.0 | throughput per GPU (TFLOP/s/GPU): 358.8 | tokens/sec/GPU: 7743 | learning rate: 5.839088E-05 | global batch size:    32 | lm loss: 3.018162E+00 | loss scale: 1.0 | grad norm: 0.699 | number of skipped iterations:   0 | number of nan iterations:   0 |
3: [default3]: [2026-05-23 03:44:57.587739] iteration      785/    1537 | consumed samples:        25120 | elapsed time per iteration (ms): 1053.1 | throughput per GPU (TFLOP/s/GPU): 360.5 | tokens/sec/GPU: 7779 | learning rate: 5.829278E-05 | global batch size:    32 | lm loss: 3.683187E+00 | loss scale: 1.0 | grad norm: 0.583 | number of skipped iterations:   0 | number of nan iterations:   0 |
3: [default3]: [2026-05-23 03:44:58.649601] iteration      786/    1537 | consumed samples:        25152 | elapsed time per iteration (ms): 1061.7 | throughput per GPU (TFLOP/s/GPU): 357.6 | tokens/sec/GPU: 7716 | learning rate: 5.819465E-05 | global batch size:    32 | lm loss: 3.538782E+00 | loss scale: 1.0 | grad norm: 0.739 | number of skipped iterations:   0 | number of nan iterations:   0 |
3: [default3]: [2026-05-23 03:44:59.705513] iteration      787/    1537 | consumed samples:        25184 | elapsed time per iteration (ms): 1055.7 | throughput per GPU (TFLOP/s/GPU): 359.6 | tokens/sec/GPU: 7760 | learning rate: 5.809651E-05 | global batch size:    32 | lm loss: 3.287335E+00 | loss scale: 1.0 | grad norm: 0.711 | number of skipped iterations:   0 | number of nan iterations:   0 |
3: [default3]: [2026-05-23 03:45:00.762651] iteration      788/    1537 | consumed samples:        25216 | elapsed time per iteration (ms): 1057.0 | throughput per GPU (TFLOP/s/GPU): 359.2 | tokens/sec/GPU: 7751 | learning rate: 5.799836E-05 | global batch size:    32 | lm loss: 3.416463E+00 | loss scale: 1.0 | grad norm: 0.553 | number of skipped iterations:   0 | number of nan iterations:   0 |
3: [default3]: [2026-05-23 03:45:01.817420] iteration      789/    1537 | consumed samples:        25248 | elapsed time per iteration (ms): 1054.6 | throughput per GPU (TFLOP/s/GPU): 360.0 | tokens/sec/GPU: 7768 | learning rate: 5.790019E-05 | global batch size:    32 | lm loss: 3.579360E+00 | loss scale: 1.0 | grad norm: 0.845 | number of skipped iterations:   0 | number of nan iterations:   0 |
3: [default3]: [2026-05-23 03:45:02.874249] iteration      790/    1537 | consumed samples:        25280 | elapsed time per iteration (ms): 1056.7 | throughput per GPU (TFLOP/s/GPU): 359.3 | tokens/sec/GPU: 7753 | learning rate: 5.780201E-05 | global batch size:    32 | lm loss: 3.414850E+00 | loss scale: 1.0 | grad norm: 0.559 | number of skipped iterations:   0 | number of nan iterations:   0 |
3: [default3]: [2026-05-23 03:45:03.934959] iteration      791/    1537 | consumed samples:        25312 | elapsed time per iteration (ms): 1060.5 | throughput per GPU (TFLOP/s/GPU): 358.0 | tokens/sec/GPU: 7724 | learning rate: 5.770381E-05 | global batch size:    32 | lm loss: 3.541641E+00 | loss scale: 1.0 | grad norm: 0.569 | number of skipped iterations:   0 | number of nan iterations:   0 |
3: [default3]: [2026-05-23 03:45:04.996791] iteration      792/    1537 | consumed samples:        25344 | elapsed time per iteration (ms): 1061.7 | throughput per GPU (TFLOP/s/GPU): 357.6 | tokens/sec/GPU: 7716 | learning rate: 5.760560E-05 | global batch size:    32 | lm loss: 3.248818E+00 | loss scale: 1.0 | grad norm: 0.653 | number of skipped iterations:   0 | number of nan iterations:   0 |
3: [default3]: [2026-05-23 03:45:06.052550] iteration      793/    1537 | consumed samples:        25376 | elapsed time per iteration (ms): 1055.6 | throughput per GPU (TFLOP/s/GPU): 359.6 | tokens/sec/GPU: 7760 | learning rate: 5.750738E-05 | global batch size:    32 | lm loss: 3.523662E+00 | loss scale: 1.0 | grad norm: 0.651 | number of skipped iterations:   0 | number of nan iterations:   0 |
3: [default3]: [2026-05-23 03:45:07.118821] iteration      794/    1537 | consumed samples:        25408 | elapsed time per iteration (ms): 1066.1 | throughput per GPU (TFLOP/s/GPU): 356.1 | tokens/sec/GPU: 7684 | learning rate: 5.740915E-05 | global batch size:    32 | lm loss: 3.325547E+00 | loss scale: 1.0 | grad norm: 0.569 | number of skipped iterations:   0 | number of nan iterations:   0 |
3: [default3]: [2026-05-23 03:45:08.184702] iteration      795/    1537 | consumed samples:        25440 | elapsed time per iteration (ms): 1065.7 | throughput per GPU (TFLOP/s/GPU): 356.2 | tokens/sec/GPU: 7687 | learning rate: 5.731091E-05 | global batch size:    32 | lm loss: 3.464272E+00 | loss scale: 1.0 | grad norm: 0.615 | number of skipped iterations:   0 | number of nan iterations:   0 |
3: [default3]: [2026-05-23 03:45:09.250239] iteration      796/    1537 | consumed samples:        25472 | elapsed time per iteration (ms): 1065.3 | throughput per GPU (TFLOP/s/GPU): 356.4 | tokens/sec/GPU: 7689 | learning rate: 5.721265E-05 | global batch size:    32 | lm loss: 3.556047E+00 | loss scale: 1.0 | grad norm: 0.580 | number of skipped iterations:   0 | number of nan iterations:   0 |
3: [default3]: [2026-05-23 03:45:10.317999] iteration      797/    1537 | consumed samples:        25504 | elapsed time per iteration (ms): 1067.6 | throughput per GPU (TFLOP/s/GPU): 355.6 | tokens/sec/GPU: 7673 | learning rate: 5.711439E-05 | global batch size:    32 | lm loss: 3.482067E+00 | loss scale: 1.0 | grad norm: 0.561 | number of skipped iterations:   0 | number of nan iterations:   0 |
3: [default3]: [2026-05-23 03:45:11.382990] iteration      798/    1537 | consumed samples:        25536 | elapsed time per iteration (ms): 1064.8 | throughput per GPU (TFLOP/s/GPU): 356.5 | tokens/sec/GPU: 7693 | learning rate: 5.701611E-05 | global batch size:    32 | lm loss: 3.121320E+00 | loss scale: 1.0 | grad norm: 1.023 | number of skipped iterations:   0 | number of nan iterations:   0 |
3: [default3]: [2026-05-23 03:45:12.448145] iteration      799/    1537 | consumed samples:        25568 | elapsed time per iteration (ms): 1065.0 | throughput per GPU (TFLOP/s/GPU): 356.5 | tokens/sec/GPU: 7692 | learning rate: 5.691782E-05 | global batch size:    32 | lm loss: 3.470217E+00 | loss scale: 1.0 | grad norm: 0.552 | number of skipped iterations:   0 | number of nan iterations:   0 |
3: [default3]: [2026-05-23 03:45:13.507409] iteration      800/    1537 | consumed samples:        25600 | elapsed time per iteration (ms): 1059.1 | throughput per GPU (TFLOP/s/GPU): 358.5 | tokens/sec/GPU: 7735 | learning rate: 5.681953E-05 | global batch size:    32 | lm loss: 3.290934E+00 | loss scale: 1.0 | grad norm: 0.669 | number of skipped iterations:   0 | number of nan iterations:   0 |
3: [default3]: [2026-05-23 03:45:15.248626] iteration      801/    1537 | consumed samples:        25632 | elapsed time per iteration (ms): 1741.0 | throughput per GPU (TFLOP/s/GPU): 218.1 | tokens/sec/GPU: 4705 | learning rate: 5.672123E-05 | global batch size:    32 | lm loss: 3.438324E+00 | loss scale: 1.0 | grad norm: 1.029 | number of skipped iterations:   0 | number of nan iterations:   0 |
3: [default3]: [2026-05-23 03:45:16.309346] iteration      802/    1537 | consumed samples:        25664 | elapsed time per iteration (ms): 1060.5 | throughput per GPU (TFLOP/s/GPU): 358.0 | tokens/sec/GPU: 7724 | learning rate: 5.662291E-05 | global batch size:    32 | lm loss: 3.189137E+00 | loss scale: 1.0 | grad norm: 0.562 | number of skipped iterations:   0 | number of nan iterations:   0 |
3: [default3]: [2026-05-23 03:45:17.369101] iteration      803/    1537 | consumed samples:        25696 | elapsed time per iteration (ms): 1059.6 | throughput per GPU (TFLOP/s/GPU): 358.3 | tokens/sec/GPU: 7731 | learning rate: 5.652459E-05 | global batch size:    32 | lm loss: 3.479801E+00 | loss scale: 1.0 | grad norm: 0.589 | number of skipped iterations:   0 | number of nan iterations:   0 |
3: [default3]: [2026-05-23 03:45:18.427188] iteration      804/    1537 | consumed samples:        25728 | elapsed time per iteration (ms): 1057.9 | throughput per GPU (TFLOP/s/GPU): 358.9 | tokens/sec/GPU: 7744 | learning rate: 5.642627E-05 | global batch size:    32 | lm loss: 3.416872E+00 | loss scale: 1.0 | grad norm: 0.535 | number of skipped iterations:   0 | number of nan iterations:   0 |
3: [default3]: [2026-05-23 03:45:19.483911] iteration      805/    1537 | consumed samples:        25760 | elapsed time per iteration (ms): 1056.6 | throughput per GPU (TFLOP/s/GPU): 359.3 | tokens/sec/GPU: 7753 | learning rate: 5.632793E-05 | global batch size:    32 | lm loss: 3.233490E+00 | loss scale: 1.0 | grad norm: 0.591 | number of skipped iterations:   0 | number of nan iterations:   0 |
3: [default3]: [2026-05-23 03:45:20.540903] iteration      806/    1537 | consumed samples:        25792 | elapsed time per iteration (ms): 1056.8 | throughput per GPU (TFLOP/s/GPU): 359.2 | tokens/sec/GPU: 7752 | learning rate: 5.622959E-05 | global batch size:    32 | lm loss: 3.360950E+00 | loss scale: 1.0 | grad norm: 0.581 | number of skipped iterations:   0 | number of nan iterations:   0 |
3: [default3]: [2026-05-23 03:45:21.595729] iteration      807/    1537 | consumed samples:        25824 | elapsed time per iteration (ms): 1054.7 | throughput per GPU (TFLOP/s/GPU): 360.0 | tokens/sec/GPU: 7767 | learning rate: 5.613125E-05 | global batch size:    32 | lm loss: 3.231421E+00 | loss scale: 1.0 | grad norm: 0.566 | number of skipped iterations:   0 | number of nan iterations:   0 |
3: [default3]: [2026-05-23 03:45:22.652464] iteration      808/    1537 | consumed samples:        25856 | elapsed time per iteration (ms): 1056.6 | throughput per GPU (TFLOP/s/GPU): 359.3 | tokens/sec/GPU: 7753 | learning rate: 5.603290E-05 | global batch size:    32 | lm loss: 2.955648E+00 | loss scale: 1.0 | grad norm: 0.557 | number of skipped iterations:   0 | number of nan iterations:   0 |
3: [default3]: [2026-05-23 03:45:23.706115] iteration      809/    1537 | consumed samples:        25888 | elapsed time per iteration (ms): 1053.5 | throughput per GPU (TFLOP/s/GPU): 360.4 | tokens/sec/GPU: 7776 | learning rate: 5.593454E-05 | global batch size:    32 | lm loss: 3.770213E+00 | loss scale: 1.0 | grad norm: 0.658 | number of skipped iterations:   0 | number of nan iterations:   0 |
3: [default3]: [2026-05-23 03:45:24.758353] iteration      810/    1537 | consumed samples:        25920 | elapsed time per iteration (ms): 1052.1 | throughput per GPU (TFLOP/s/GPU): 360.8 | tokens/sec/GPU: 7786 | learning rate: 5.583618E-05 | global batch size:    32 | lm loss: 3.526101E+00 | loss scale: 1.0 | grad norm: 0.555 | number of skipped iterations:   0 | number of nan iterations:   0 |
3: [default3]: [2026-05-23 03:45:25.815436] iteration      811/    1537 | consumed samples:        25952 | elapsed time per iteration (ms): 1056.9 | throughput per GPU (TFLOP/s/GPU): 359.2 | tokens/sec/GPU: 7751 | learning rate: 5.573782E-05 | global batch size:    32 | lm loss: 3.663727E+00 | loss scale: 1.0 | grad norm: 0.588 | number of skipped iterations:   0 | number of nan iterations:   0 |
3: [default3]: [2026-05-23 03:45:26.868249] iteration      812/    1537 | consumed samples:        25984 | elapsed time per iteration (ms): 1052.6 | throughput per GPU (TFLOP/s/GPU): 360.7 | tokens/sec/GPU: 7782 | learning rate: 5.563945E-05 | global batch size:    32 | lm loss: 3.216742E+00 | loss scale: 1.0 | grad norm: 0.541 | number of skipped iterations:   0 | number of nan iterations:   0 |
3: [default3]: [2026-05-23 03:45:27.925127] iteration      813/    1537 | consumed samples:        26016 | elapsed time per iteration (ms): 1056.7 | throughput per GPU (TFLOP/s/GPU): 359.3 | tokens/sec/GPU: 7752 | learning rate: 5.554108E-05 | global batch size:    32 | lm loss: 3.311813E+00 | loss scale: 1.0 | grad norm: 0.559 | number of skipped iterations:   0 | number of nan iterations:   0 |
3: [default3]: [2026-05-23 03:45:28.978782] iteration      814/    1537 | consumed samples:        26048 | elapsed time per iteration (ms): 1053.5 | throughput per GPU (TFLOP/s/GPU): 360.4 | tokens/sec/GPU: 7776 | learning rate: 5.544270E-05 | global batch size:    32 | lm loss: 3.447719E+00 | loss scale: 1.0 | grad norm: 0.730 | number of skipped iterations:   0 | number of nan iterations:   0 |
3: [default3]: [2026-05-23 03:45:30.038742] iteration      815/    1537 | consumed samples:        26080 | elapsed time per iteration (ms): 1059.8 | throughput per GPU (TFLOP/s/GPU): 358.2 | tokens/sec/GPU: 7730 | learning rate: 5.534432E-05 | global batch size:    32 | lm loss: 3.417655E+00 | loss scale: 1.0 | grad norm: 0.548 | number of skipped iterations:   0 | number of nan iterations:   0 |
3: [default3]: [2026-05-23 03:45:31.094020] iteration      816/    1537 | consumed samples:        26112 | elapsed time per iteration (ms): 1055.1 | throughput per GPU (TFLOP/s/GPU): 359.8 | tokens/sec/GPU: 7764 | learning rate: 5.524595E-05 | global batch size:    32 | lm loss: 3.345810E+00 | loss scale: 1.0 | grad norm: 0.545 | number of skipped iterations:   0 | number of nan iterations:   0 |
3: [default3]: [2026-05-23 03:45:32.157002] iteration      817/    1537 | consumed samples:        26144 | elapsed time per iteration (ms): 1062.6 | throughput per GPU (TFLOP/s/GPU): 357.3 | tokens/sec/GPU: 7709 | learning rate: 5.514757E-05 | global batch size:    32 | lm loss: 3.377415E+00 | loss scale: 1.0 | grad norm: 0.558 | number of skipped iterations:   0 | number of nan iterations:   0 |
3: [default3]: [2026-05-23 03:45:33.215617] iteration      818/    1537 | consumed samples:        26176 | elapsed time per iteration (ms): 1058.5 | throughput per GPU (TFLOP/s/GPU): 358.7 | tokens/sec/GPU: 7739 | learning rate: 5.504919E-05 | global batch size:    32 | lm loss: 3.492398E+00 | loss scale: 1.0 | grad norm: 0.583 | number of skipped iterations:   0 | number of nan iterations:   0 |
3: [default3]: [2026-05-23 03:45:34.268949] iteration      819/    1537 | consumed samples:        26208 | elapsed time per iteration (ms): 1053.2 | throughput per GPU (TFLOP/s/GPU): 360.5 | tokens/sec/GPU: 7779 | learning rate: 5.495081E-05 | global batch size:    32 | lm loss: 3.581075E+00 | loss scale: 1.0 | grad norm: 0.566 | number of skipped iterations:   0 | number of nan iterations:   0 |
3: [default3]: [2026-05-23 03:45:35.326065] iteration      820/    1537 | consumed samples:        26240 | elapsed time per iteration (ms): 1056.9 | throughput per GPU (TFLOP/s/GPU): 359.2 | tokens/sec/GPU: 7751 | learning rate: 5.485243E-05 | global batch size:    32 | lm loss: 3.545009E+00 | loss scale: 1.0 | grad norm: 0.649 | number of skipped iterations:   0 | number of nan iterations:   0 |
3: [default3]: [2026-05-23 03:45:36.378389] iteration      821/    1537 | consumed samples:        26272 | elapsed time per iteration (ms): 1052.2 | throughput per GPU (TFLOP/s/GPU): 360.8 | tokens/sec/GPU: 7786 | learning rate: 5.475405E-05 | global batch size:    32 | lm loss: 3.441093E+00 | loss scale: 1.0 | grad norm: 0.586 | number of skipped iterations:   0 | number of nan iterations:   0 |
3: [default3]: [2026-05-23 03:45:37.439956] iteration      822/    1537 | consumed samples:        26304 | elapsed time per iteration (ms): 1061.4 | throughput per GPU (TFLOP/s/GPU): 357.7 | tokens/sec/GPU: 7718 | learning rate: 5.465567E-05 | global batch size:    32 | lm loss: 3.586816E+00 | loss scale: 1.0 | grad norm: 0.587 | number of skipped iterations:   0 | number of nan iterations:   0 |
3: [default3]: [2026-05-23 03:45:38.497529] iteration      823/    1537 | consumed samples:        26336 | elapsed time per iteration (ms): 1057.4 | throughput per GPU (TFLOP/s/GPU): 359.0 | tokens/sec/GPU: 7748 | learning rate: 5.455730E-05 | global batch size:    32 | lm loss: 3.276739E+00 | loss scale: 1.0 | grad norm: 0.559 | number of skipped iterations:   0 | number of nan iterations:   0 |
3: [default3]: [2026-05-23 03:45:39.556131] iteration      824/    1537 | consumed samples:        26368 | elapsed time per iteration (ms): 1058.5 | throughput per GPU (TFLOP/s/GPU): 358.7 | tokens/sec/GPU: 7739 | learning rate: 5.445892E-05 | global batch size:    32 | lm loss: 3.387509E+00 | loss scale: 1.0 | grad norm: 0.591 | number of skipped iterations:   0 | number of nan iterations:   0 |
3: [default3]: [2026-05-23 03:45:40.613323] iteration      825/    1537 | consumed samples:        26400 | elapsed time per iteration (ms): 1057.0 | throughput per GPU (TFLOP/s/GPU): 359.2 | tokens/sec/GPU: 7750 | learning rate: 5.436055E-05 | global batch size:    32 | lm loss: 3.531397E+00 | loss scale: 1.0 | grad norm: 0.538 | number of skipped iterations:   0 | number of nan iterations:   0 |
3: [default3]: [2026-05-23 03:45:41.672558] iteration      826/    1537 | consumed samples:        26432 | elapsed time per iteration (ms): 1059.1 | throughput per GPU (TFLOP/s/GPU): 358.5 | tokens/sec/GPU: 7735 | learning rate: 5.426219E-05 | global batch size:    32 | lm loss: 3.340530E+00 | loss scale: 1.0 | grad norm: 0.535 | number of skipped iterations:   0 | number of nan iterations:   0 |
3: [default3]: [2026-05-23 03:45:42.731329] iteration      827/    1537 | consumed samples:        26464 | elapsed time per iteration (ms): 1058.6 | throughput per GPU (TFLOP/s/GPU): 358.6 | tokens/sec/GPU: 7739 | learning rate: 5.416382E-05 | global batch size:    32 | lm loss: 3.217250E+00 | loss scale: 1.0 | grad norm: 0.533 | number of skipped iterations:   0 | number of nan iterations:   0 |
3: [default3]: [2026-05-23 03:45:43.790897] iteration      828/    1537 | consumed samples:        26496 | elapsed time per iteration (ms): 1059.4 | throughput per GPU (TFLOP/s/GPU): 358.4 | tokens/sec/GPU: 7733 | learning rate: 5.406546E-05 | global batch size:    32 | lm loss: 3.205047E+00 | loss scale: 1.0 | grad norm: 0.561 | number of skipped iterations:   0 | number of nan iterations:   0 |
3: [default3]: [2026-05-23 03:45:44.852372] iteration      829/    1537 | consumed samples:        26528 | elapsed time per iteration (ms): 1061.3 | throughput per GPU (TFLOP/s/GPU): 357.7 | tokens/sec/GPU: 7719 | learning rate: 5.396710E-05 | global batch size:    32 | lm loss: 3.520545E+00 | loss scale: 1.0 | grad norm: 0.664 | number of skipped iterations:   0 | number of nan iterations:   0 |
3: [default3]: [2026-05-23 03:45:45.911685] iteration      830/    1537 | consumed samples:        26560 | elapsed time per iteration (ms): 1059.2 | throughput per GPU (TFLOP/s/GPU): 358.4 | tokens/sec/GPU: 7734 | learning rate: 5.386875E-05 | global batch size:    32 | lm loss: 3.473652E+00 | loss scale: 1.0 | grad norm: 0.570 | number of skipped iterations:   0 | number of nan iterations:   0 |
3: [default3]: [2026-05-23 03:45:46.967700] iteration      831/    1537 | consumed samples:        26592 | elapsed time per iteration (ms): 1055.8 | throughput per GPU (TFLOP/s/GPU): 359.6 | tokens/sec/GPU: 7759 | learning rate: 5.377041E-05 | global batch size:    32 | lm loss: 3.580492E+00 | loss scale: 1.0 | grad norm: 0.628 | number of skipped iterations:   0 | number of nan iterations:   0 |
3: [default3]: [2026-05-23 03:45:48.024110] iteration      832/    1537 | consumed samples:        26624 | elapsed time per iteration (ms): 1056.3 | throughput per GPU (TFLOP/s/GPU): 359.4 | tokens/sec/GPU: 7756 | learning rate: 5.367207E-05 | global batch size:    32 | lm loss: 3.316813E+00 | loss scale: 1.0 | grad norm: 0.583 | number of skipped iterations:   0 | number of nan iterations:   0 |
3: [default3]: [2026-05-23 03:45:49.083559] iteration      833/    1537 | consumed samples:        26656 | elapsed time per iteration (ms): 1059.3 | throughput per GPU (TFLOP/s/GPU): 358.4 | tokens/sec/GPU: 7733 | learning rate: 5.357373E-05 | global batch size:    32 | lm loss: 3.324673E+00 | loss scale: 1.0 | grad norm: 0.703 | number of skipped iterations:   0 | number of nan iterations:   0 |
3: [default3]: [2026-05-23 03:45:50.141763] iteration      834/    1537 | consumed samples:        26688 | elapsed time per iteration (ms): 1058.0 | throughput per GPU (TFLOP/s/GPU): 358.8 | tokens/sec/GPU: 7743 | learning rate: 5.347541E-05 | global batch size:    32 | lm loss: 3.281798E+00 | loss scale: 1.0 | grad norm: 0.592 | number of skipped iterations:   0 | number of nan iterations:   0 |
3: [default3]: [2026-05-23 03:45:51.195884] iteration      835/    1537 | consumed samples:        26720 | elapsed time per iteration (ms): 1053.9 | throughput per GPU (TFLOP/s/GPU): 360.2 | tokens/sec/GPU: 7773 | learning rate: 5.337709E-05 | global batch size:    32 | lm loss: 3.505283E+00 | loss scale: 1.0 | grad norm: 0.700 | number of skipped iterations:   0 | number of nan iterations:   0 |
3: [default3]: [2026-05-23 03:45:52.261031] iteration      836/    1537 | consumed samples:        26752 | elapsed time per iteration (ms): 1065.0 | throughput per GPU (TFLOP/s/GPU): 356.5 | tokens/sec/GPU: 7692 | learning rate: 5.327877E-05 | global batch size:    32 | lm loss: 3.713475E+00 | loss scale: 1.0 | grad norm: 0.639 | number of skipped iterations:   0 | number of nan iterations:   0 |
3: [default3]: [2026-05-23 03:45:53.329085] iteration      837/    1537 | consumed samples:        26784 | elapsed time per iteration (ms): 1067.9 | throughput per GPU (TFLOP/s/GPU): 355.5 | tokens/sec/GPU: 7671 | learning rate: 5.318047E-05 | global batch size:    32 | lm loss: 3.472260E+00 | loss scale: 1.0 | grad norm: 0.633 | number of skipped iterations:   0 | number of nan iterations:   0 |
3: [default3]: [2026-05-23 03:45:54.391747] iteration      838/    1537 | consumed samples:        26816 | elapsed time per iteration (ms): 1062.4 | throughput per GPU (TFLOP/s/GPU): 357.3 | tokens/sec/GPU: 7711 | learning rate: 5.308218E-05 | global batch size:    32 | lm loss: 3.359517E+00 | loss scale: 1.0 | grad norm: 0.536 | number of skipped iterations:   0 | number of nan iterations:   0 |
3: [default3]: [2026-05-23 03:45:55.452517] iteration      839/    1537 | consumed samples:        26848 | elapsed time per iteration (ms): 1060.6 | throughput per GPU (TFLOP/s/GPU): 357.9 | tokens/sec/GPU: 7724 | learning rate: 5.298389E-05 | global batch size:    32 | lm loss: 3.133597E+00 | loss scale: 1.0 | grad norm: 0.617 | number of skipped iterations:   0 | number of nan iterations:   0 |
3: [default3]: [2026-05-23 03:45:56.508620] iteration      840/    1537 | consumed samples:        26880 | elapsed time per iteration (ms): 1055.9 | throughput per GPU (TFLOP/s/GPU): 359.5 | tokens/sec/GPU: 7758 | learning rate: 5.288561E-05 | global batch size:    32 | lm loss: 3.336938E+00 | loss scale: 1.0 | grad norm: 0.609 | number of skipped iterations:   0 | number of nan iterations:   0 |
3: [default3]: [2026-05-23 03:45:57.562310] iteration      841/    1537 | consumed samples:        26912 | elapsed time per iteration (ms): 1053.5 | throughput per GPU (TFLOP/s/GPU): 360.3 | tokens/sec/GPU: 7776 | learning rate: 5.278735E-05 | global batch size:    32 | lm loss: 3.429683E+00 | loss scale: 1.0 | grad norm: 0.746 | number of skipped iterations:   0 | number of nan iterations:   0 |
3: [default3]: [2026-05-23 03:45:58.618956] iteration      842/    1537 | consumed samples:        26944 | elapsed time per iteration (ms): 1056.5 | throughput per GPU (TFLOP/s/GPU): 359.4 | tokens/sec/GPU: 7754 | learning rate: 5.268909E-05 | global batch size:    32 | lm loss: 3.391758E+00 | loss scale: 1.0 | grad norm: 0.562 | number of skipped iterations:   0 | number of nan iterations:   0 |
3: [default3]: [2026-05-23 03:45:59.675323] iteration      843/    1537 | consumed samples:        26976 | elapsed time per iteration (ms): 1056.2 | throughput per GPU (TFLOP/s/GPU): 359.4 | tokens/sec/GPU: 7756 | learning rate: 5.259085E-05 | global batch size:    32 | lm loss: 3.093400E+00 | loss scale: 1.0 | grad norm: 0.536 | number of skipped iterations:   0 | number of nan iterations:   0 |
3: [default3]: [2026-05-23 03:46:00.736871] iteration      844/    1537 | consumed samples:        27008 | elapsed time per iteration (ms): 1061.4 | throughput per GPU (TFLOP/s/GPU): 357.7 | tokens/sec/GPU: 7718 | learning rate: 5.249261E-05 | global batch size:    32 | lm loss: 3.258912E+00 | loss scale: 1.0 | grad norm: 0.609 | number of skipped iterations:   0 | number of nan iterations:   0 |
3: [default3]: [2026-05-23 03:46:01.794592] iteration      845/    1537 | consumed samples:        27040 | elapsed time per iteration (ms): 1057.6 | throughput per GPU (TFLOP/s/GPU): 359.0 | tokens/sec/GPU: 7746 | learning rate: 5.239440E-05 | global batch size:    32 | lm loss: 3.295879E+00 | loss scale: 1.0 | grad norm: 0.550 | number of skipped iterations:   0 | number of nan iterations:   0 |
3: [default3]: [2026-05-23 03:46:02.854431] iteration      846/    1537 | consumed samples:        27072 | elapsed time per iteration (ms): 1059.7 | throughput per GPU (TFLOP/s/GPU): 358.3 | tokens/sec/GPU: 7731 | learning rate: 5.229619E-05 | global batch size:    32 | lm loss: 3.337801E+00 | loss scale: 1.0 | grad norm: 0.517 | number of skipped iterations:   0 | number of nan iterations:   0 |
3: [default3]: [2026-05-23 03:46:03.908307] iteration      847/    1537 | consumed samples:        27104 | elapsed time per iteration (ms): 1053.7 | throughput per GPU (TFLOP/s/GPU): 360.3 | tokens/sec/GPU: 7774 | learning rate: 5.219799E-05 | global batch size:    32 | lm loss: 3.284896E+00 | loss scale: 1.0 | grad norm: 0.684 | number of skipped iterations:   0 | number of nan iterations:   0 |
3: [default3]: [2026-05-23 03:46:04.969134] iteration      848/    1537 | consumed samples:        27136 | elapsed time per iteration (ms): 1060.7 | throughput per GPU (TFLOP/s/GPU): 357.9 | tokens/sec/GPU: 7723 | learning rate: 5.209981E-05 | global batch size:    32 | lm loss: 3.314431E+00 | loss scale: 1.0 | grad norm: 0.604 | number of skipped iterations:   0 | number of nan iterations:   0 |
3: [default3]: [2026-05-23 03:46:06.026390] iteration      849/    1537 | consumed samples:        27168 | elapsed time per iteration (ms): 1057.1 | throughput per GPU (TFLOP/s/GPU): 359.1 | tokens/sec/GPU: 7749 | learning rate: 5.200164E-05 | global batch size:    32 | lm loss: 3.516435E+00 | loss scale: 1.0 | grad norm: 0.550 | number of skipped iterations:   0 | number of nan iterations:   0 |
3: [default3]: [2026-05-23 03:46:07.085242] iteration      850/    1537 | consumed samples:        27200 | elapsed time per iteration (ms): 1058.7 | throughput per GPU (TFLOP/s/GPU): 358.6 | tokens/sec/GPU: 7738 | learning rate: 5.190349E-05 | global batch size:    32 | lm loss: 3.194830E+00 | loss scale: 1.0 | grad norm: 0.612 | number of skipped iterations:   0 | number of nan iterations:   0 |
3: [default3]: [2026-05-23 03:46:08.829392] iteration      851/    1537 | consumed samples:        27232 | elapsed time per iteration (ms): 1744.0 | throughput per GPU (TFLOP/s/GPU): 217.7 | tokens/sec/GPU: 4697 | learning rate: 5.180535E-05 | global batch size:    32 | lm loss: 3.474797E+00 | loss scale: 1.0 | grad norm: 0.817 | number of skipped iterations:   0 | number of nan iterations:   0 |
3: [default3]: [2026-05-23 03:46:09.889088] iteration      852/    1537 | consumed samples:        27264 | elapsed time per iteration (ms): 1059.5 | throughput per GPU (TFLOP/s/GPU): 358.3 | tokens/sec/GPU: 7732 | learning rate: 5.170723E-05 | global batch size:    32 | lm loss: 3.229632E+00 | loss scale: 1.0 | grad norm: 0.571 | number of skipped iterations:   0 | number of nan iterations:   0 |
3: [default3]: [2026-05-23 03:46:10.946287] iteration      853/    1537 | consumed samples:        27296 | elapsed time per iteration (ms): 1057.0 | throughput per GPU (TFLOP/s/GPU): 359.2 | tokens/sec/GPU: 7750 | learning rate: 5.160912E-05 | global batch size:    32 | lm loss: 3.286392E+00 | loss scale: 1.0 | grad norm: 0.579 | number of skipped iterations:   0 | number of nan iterations:   0 |
3: [default3]: [2026-05-23 03:46:12.007335] iteration      854/    1537 | consumed samples:        27328 | elapsed time per iteration (ms): 1060.9 | throughput per GPU (TFLOP/s/GPU): 357.9 | tokens/sec/GPU: 7722 | learning rate: 5.151103E-05 | global batch size:    32 | lm loss: 3.346196E+00 | loss scale: 1.0 | grad norm: 0.565 | number of skipped iterations:   0 | number of nan iterations:   0 |
3: [default3]: [2026-05-23 03:46:13.066476] iteration      855/    1537 | consumed samples:        27360 | elapsed time per iteration (ms): 1059.0 | throughput per GPU (TFLOP/s/GPU): 358.5 | tokens/sec/GPU: 7736 | learning rate: 5.141295E-05 | global batch size:    32 | lm loss: 3.044001E+00 | loss scale: 1.0 | grad norm: 0.617 | number of skipped iterations:   0 | number of nan iterations:   0 |
3: [default3]: [2026-05-23 03:46:14.124173] iteration      856/    1537 | consumed samples:        27392 | elapsed time per iteration (ms): 1057.5 | throughput per GPU (TFLOP/s/GPU): 359.0 | tokens/sec/GPU: 7746 | learning rate: 5.131489E-05 | global batch size:    32 | lm loss: 3.103572E+00 | loss scale: 1.0 | grad norm: 0.570 | number of skipped iterations:   0 | number of nan iterations:   0 |
3: [default3]: [2026-05-23 03:46:15.181844] iteration      857/    1537 | consumed samples:        27424 | elapsed time per iteration (ms): 1057.4 | throughput per GPU (TFLOP/s/GPU): 359.0 | tokens/sec/GPU: 7747 | learning rate: 5.121685E-05 | global batch size:    32 | lm loss: 3.512689E+00 | loss scale: 1.0 | grad norm: 0.549 | number of skipped iterations:   0 | number of nan iterations:   0 |
3: [default3]: [2026-05-23 03:46:16.239011] iteration      858/    1537 | consumed samples:        27456 | elapsed time per iteration (ms): 1057.0 | throughput per GPU (TFLOP/s/GPU): 359.2 | tokens/sec/GPU: 7750 | learning rate: 5.111883E-05 | global batch size:    32 | lm loss: 3.254249E+00 | loss scale: 1.0 | grad norm: 0.574 | number of skipped iterations:   0 | number of nan iterations:   0 |
3: [default3]: [2026-05-23 03:46:17.296799] iteration      859/    1537 | consumed samples:        27488 | elapsed time per iteration (ms): 1057.6 | throughput per GPU (TFLOP/s/GPU): 359.0 | tokens/sec/GPU: 7746 | learning rate: 5.102083E-05 | global batch size:    32 | lm loss: 3.190295E+00 | loss scale: 1.0 | grad norm: 0.628 | number of skipped iterations:   0 | number of nan iterations:   0 |
3: [default3]: [2026-05-23 03:46:18.355535] iteration      860/    1537 | consumed samples:        27520 | elapsed time per iteration (ms): 1058.6 | throughput per GPU (TFLOP/s/GPU): 358.6 | tokens/sec/GPU: 7739 | learning rate: 5.092284E-05 | global batch size:    32 | lm loss: 3.361418E+00 | loss scale: 1.0 | grad norm: 0.548 | number of skipped iterations:   0 | number of nan iterations:   0 |
3: [default3]: [2026-05-23 03:46:19.413513] iteration      861/    1537 | consumed samples:        27552 | elapsed time per iteration (ms): 1057.8 | throughput per GPU (TFLOP/s/GPU): 358.9 | tokens/sec/GPU: 7744 | learning rate: 5.082487E-05 | global batch size:    32 | lm loss: 3.596497E+00 | loss scale: 1.0 | grad norm: 0.828 | number of skipped iterations:   0 | number of nan iterations:   0 |
3: [default3]: [2026-05-23 03:46:20.471769] iteration      862/    1537 | consumed samples:        27584 | elapsed time per iteration (ms): 1058.1 | throughput per GPU (TFLOP/s/GPU): 358.8 | tokens/sec/GPU: 7742 | learning rate: 5.072693E-05 | global batch size:    32 | lm loss: 3.182493E+00 | loss scale: 1.0 | grad norm: 0.557 | number of skipped iterations:   0 | number of nan iterations:   0 |
3: [default3]: [2026-05-23 03:46:21.531432] iteration      863/    1537 | consumed samples:        27616 | elapsed time per iteration (ms): 1059.5 | throughput per GPU (TFLOP/s/GPU): 358.3 | tokens/sec/GPU: 7732 | learning rate: 5.062901E-05 | global batch size:    32 | lm loss: 3.226561E+00 | loss scale: 1.0 | grad norm: 0.591 | number of skipped iterations:   0 | number of nan iterations:   0 |
3: [default3]: [2026-05-23 03:46:22.586230] iteration      864/    1537 | consumed samples:        27648 | elapsed time per iteration (ms): 1054.6 | throughput per GPU (TFLOP/s/GPU): 360.0 | tokens/sec/GPU: 7768 | learning rate: 5.053110E-05 | global batch size:    32 | lm loss: 3.230608E+00 | loss scale: 1.0 | grad norm: 0.634 | number of skipped iterations:   0 | number of nan iterations:   0 |
3: [default3]: [2026-05-23 03:46:23.642725] iteration      865/    1537 | consumed samples:        27680 | elapsed time per iteration (ms): 1056.4 | throughput per GPU (TFLOP/s/GPU): 359.4 | tokens/sec/GPU: 7755 | learning rate: 5.043322E-05 | global batch size:    32 | lm loss: 3.205637E+00 | loss scale: 1.0 | grad norm: 0.593 | number of skipped iterations:   0 | number of nan iterations:   0 |
3: [default3]: [2026-05-23 03:46:24.700343] iteration      866/    1537 | consumed samples:        27712 | elapsed time per iteration (ms): 1057.5 | throughput per GPU (TFLOP/s/GPU): 359.0 | tokens/sec/GPU: 7747 | learning rate: 5.033536E-05 | global batch size:    32 | lm loss: 3.152042E+00 | loss scale: 1.0 | grad norm: 0.583 | number of skipped iterations:   0 | number of nan iterations:   0 |
3: [default3]: [2026-05-23 03:46:25.755149] iteration      867/    1537 | consumed samples:        27744 | elapsed time per iteration (ms): 1054.6 | throughput per GPU (TFLOP/s/GPU): 360.0 | tokens/sec/GPU: 7768 | learning rate: 5.023752E-05 | global batch size:    32 | lm loss: 3.241718E+00 | loss scale: 1.0 | grad norm: 0.568 | number of skipped iterations:   0 | number of nan iterations:   0 |
3: [default3]: [2026-05-23 03:46:26.810876] iteration      868/    1537 | consumed samples:        27776 | elapsed time per iteration (ms): 1055.5 | throughput per GPU (TFLOP/s/GPU): 359.7 | tokens/sec/GPU: 7761 | learning rate: 5.013970E-05 | global batch size:    32 | lm loss: 3.146337E+00 | loss scale: 1.0 | grad norm: 0.605 | number of skipped iterations:   0 | number of nan iterations:   0 |
3: [default3]: [2026-05-23 03:46:27.865694] iteration      869/    1537 | consumed samples:        27808 | elapsed time per iteration (ms): 1054.7 | throughput per GPU (TFLOP/s/GPU): 360.0 | tokens/sec/GPU: 7767 | learning rate: 5.004191E-05 | global batch size:    32 | lm loss: 3.378484E+00 | loss scale: 1.0 | grad norm: 0.663 | number of skipped iterations:   0 | number of nan iterations:   0 |
3: [default3]: [2026-05-23 03:46:28.923228] iteration      870/    1537 | consumed samples:        27840 | elapsed time per iteration (ms): 1057.4 | throughput per GPU (TFLOP/s/GPU): 359.0 | tokens/sec/GPU: 7747 | learning rate: 4.994414E-05 | global batch size:    32 | lm loss: 3.333162E+00 | loss scale: 1.0 | grad norm: 0.578 | number of skipped iterations:   0 | number of nan iterations:   0 |
3: [default3]: [2026-05-23 03:46:29.981940] iteration      871/    1537 | consumed samples:        27872 | elapsed time per iteration (ms): 1058.6 | throughput per GPU (TFLOP/s/GPU): 358.6 | tokens/sec/GPU: 7739 | learning rate: 4.984640E-05 | global batch size:    32 | lm loss: 3.500128E+00 | loss scale: 1.0 | grad norm: 0.553 | number of skipped iterations:   0 | number of nan iterations:   0 |
3: [default3]: [2026-05-23 03:46:31.037743] iteration      872/    1537 | consumed samples:        27904 | elapsed time per iteration (ms): 1055.7 | throughput per GPU (TFLOP/s/GPU): 359.6 | tokens/sec/GPU: 7760 | learning rate: 4.974868E-05 | global batch size:    32 | lm loss: 3.342271E+00 | loss scale: 1.0 | grad norm: 0.561 | number of skipped iterations:   0 | number of nan iterations:   0 |
3: [default3]: [2026-05-23 03:46:32.096191] iteration      873/    1537 | consumed samples:        27936 | elapsed time per iteration (ms): 1058.3 | throughput per GPU (TFLOP/s/GPU): 358.7 | tokens/sec/GPU: 7741 | learning rate: 4.965098E-05 | global batch size:    32 | lm loss: 3.413125E+00 | loss scale: 1.0 | grad norm: 0.583 | number of skipped iterations:   0 | number of nan iterations:   0 |
3: [default3]: [2026-05-23 03:46:33.156975] iteration      874/    1537 | consumed samples:        27968 | elapsed time per iteration (ms): 1060.6 | throughput per GPU (TFLOP/s/GPU): 357.9 | tokens/sec/GPU: 7724 | learning rate: 4.955331E-05 | global batch size:    32 | lm loss: 3.336155E+00 | loss scale: 1.0 | grad norm: 0.665 | number of skipped iterations:   0 | number of nan iterations:   0 |
3: [default3]: [2026-05-23 03:46:34.212903] iteration      875/    1537 | consumed samples:        28000 | elapsed time per iteration (ms): 1055.8 | throughput per GPU (TFLOP/s/GPU): 359.6 | tokens/sec/GPU: 7759 | learning rate: 4.945567E-05 | global batch size:    32 | lm loss: 3.347055E+00 | loss scale: 1.0 | grad norm: 0.597 | number of skipped iterations:   0 | number of nan iterations:   0 |
3: [default3]: [2026-05-23 03:46:35.268770] iteration      876/    1537 | consumed samples:        28032 | elapsed time per iteration (ms): 1055.7 | throughput per GPU (TFLOP/s/GPU): 359.6 | tokens/sec/GPU: 7760 | learning rate: 4.935805E-05 | global batch size:    32 | lm loss: 3.297471E+00 | loss scale: 1.0 | grad norm: 0.547 | number of skipped iterations:   0 | number of nan iterations:   0 |
3: [default3]: [2026-05-23 03:46:36.325757] iteration      877/    1537 | consumed samples:        28064 | elapsed time per iteration (ms): 1056.8 | throughput per GPU (TFLOP/s/GPU): 359.2 | tokens/sec/GPU: 7751 | learning rate: 4.926046E-05 | global batch size:    32 | lm loss: 3.187162E+00 | loss scale: 1.0 | grad norm: 0.559 | number of skipped iterations:   0 | number of nan iterations:   0 |
3: [default3]: [2026-05-23 03:46:37.388238] iteration      878/    1537 | consumed samples:        28096 | elapsed time per iteration (ms): 1062.3 | throughput per GPU (TFLOP/s/GPU): 357.4 | tokens/sec/GPU: 7711 | learning rate: 4.916290E-05 | global batch size:    32 | lm loss: 3.161988E+00 | loss scale: 1.0 | grad norm: 0.835 | number of skipped iterations:   0 | number of nan iterations:   0 |
3: [default3]: [2026-05-23 03:46:38.444668] iteration      879/    1537 | consumed samples:        28128 | elapsed time per iteration (ms): 1056.2 | throughput per GPU (TFLOP/s/GPU): 359.4 | tokens/sec/GPU: 7756 | learning rate: 4.906537E-05 | global batch size:    32 | lm loss: 3.380245E+00 | loss scale: 1.0 | grad norm: 0.680 | number of skipped iterations:   0 | number of nan iterations:   0 |
3: [default3]: [2026-05-23 03:46:39.500481] iteration      880/    1537 | consumed samples:        28160 | elapsed time per iteration (ms): 1055.6 | throughput per GPU (TFLOP/s/GPU): 359.6 | tokens/sec/GPU: 7760 | learning rate: 4.896786E-05 | global batch size:    32 | lm loss: 3.214269E+00 | loss scale: 1.0 | grad norm: 0.567 | number of skipped iterations:   0 | number of nan iterations:   0 |
3: [default3]: [2026-05-23 03:46:40.559873] iteration      881/    1537 | consumed samples:        28192 | elapsed time per iteration (ms): 1059.2 | throughput per GPU (TFLOP/s/GPU): 358.4 | tokens/sec/GPU: 7734 | learning rate: 4.887038E-05 | global batch size:    32 | lm loss: 3.390813E+00 | loss scale: 1.0 | grad norm: 0.596 | number of skipped iterations:   0 | number of nan iterations:   0 |
3: [default3]: [2026-05-23 03:46:41.622706] iteration      882/    1537 | consumed samples:        28224 | elapsed time per iteration (ms): 1062.7 | throughput per GPU (TFLOP/s/GPU): 357.3 | tokens/sec/GPU: 7709 | learning rate: 4.877293E-05 | global batch size:    32 | lm loss: 3.106266E+00 | loss scale: 1.0 | grad norm: 0.587 | number of skipped iterations:   0 | number of nan iterations:   0 |
3: [default3]: [2026-05-23 03:46:42.683242] iteration      883/    1537 | consumed samples:        28256 | elapsed time per iteration (ms): 1060.4 | throughput per GPU (TFLOP/s/GPU): 358.0 | tokens/sec/GPU: 7726 | learning rate: 4.867552E-05 | global batch size:    32 | lm loss: 3.490743E+00 | loss scale: 1.0 | grad norm: 0.607 | number of skipped iterations:   0 | number of nan iterations:   0 |
3: [default3]: [2026-05-23 03:46:43.741336] iteration      884/    1537 | consumed samples:        28288 | elapsed time per iteration (ms): 1057.9 | throughput per GPU (TFLOP/s/GPU): 358.9 | tokens/sec/GPU: 7744 | learning rate: 4.857813E-05 | global batch size:    32 | lm loss: 3.233280E+00 | loss scale: 1.0 | grad norm: 1.567 | number of skipped iterations:   0 | number of nan iterations:   0 |
3: [default3]: [2026-05-23 03:46:44.797505] iteration      885/    1537 | consumed samples:        28320 | elapsed time per iteration (ms): 1056.0 | throughput per GPU (TFLOP/s/GPU): 359.5 | tokens/sec/GPU: 7757 | learning rate: 4.848077E-05 | global batch size:    32 | lm loss: 3.093044E+00 | loss scale: 1.0 | grad norm: 0.549 | number of skipped iterations:   0 | number of nan iterations:   0 |
3: [default3]: [2026-05-23 03:46:45.854069] iteration      886/    1537 | consumed samples:        28352 | elapsed time per iteration (ms): 1056.3 | throughput per GPU (TFLOP/s/GPU): 359.4 | tokens/sec/GPU: 7755 | learning rate: 4.838344E-05 | global batch size:    32 | lm loss: 3.361993E+00 | loss scale: 1.0 | grad norm: 0.649 | number of skipped iterations:   0 | number of nan iterations:   0 |
3: [default3]: [2026-05-23 03:46:46.909514] iteration      887/    1537 | consumed samples:        28384 | elapsed time per iteration (ms): 1055.3 | throughput per GPU (TFLOP/s/GPU): 359.8 | tokens/sec/GPU: 7763 | learning rate: 4.828615E-05 | global batch size:    32 | lm loss: 3.347167E+00 | loss scale: 1.0 | grad norm: 0.624 | number of skipped iterations:   0 | number of nan iterations:   0 |
3: [default3]: [2026-05-23 03:46:47.967113] iteration      888/    1537 | consumed samples:        28416 | elapsed time per iteration (ms): 1057.5 | throughput per GPU (TFLOP/s/GPU): 359.0 | tokens/sec/GPU: 7747 | learning rate: 4.818889E-05 | global batch size:    32 | lm loss: 3.206126E+00 | loss scale: 1.0 | grad norm: 0.706 | number of skipped iterations:   0 | number of nan iterations:   0 |
3: [default3]: [2026-05-23 03:46:49.023459] iteration      889/    1537 | consumed samples:        28448 | elapsed time per iteration (ms): 1056.2 | throughput per GPU (TFLOP/s/GPU): 359.5 | tokens/sec/GPU: 7756 | learning rate: 4.809166E-05 | global batch size:    32 | lm loss: 3.633424E+00 | loss scale: 1.0 | grad norm: 0.647 | number of skipped iterations:   0 | number of nan iterations:   0 |
3: [default3]: [2026-05-23 03:46:50.077095] iteration      890/    1537 | consumed samples:        28480 | elapsed time per iteration (ms): 1053.5 | throughput per GPU (TFLOP/s/GPU): 360.4 | tokens/sec/GPU: 7776 | learning rate: 4.799446E-05 | global batch size:    32 | lm loss: 3.259263E+00 | loss scale: 1.0 | grad norm: 0.570 | number of skipped iterations:   0 | number of nan iterations:   0 |
3: [default3]: [2026-05-23 03:46:51.136514] iteration      891/    1537 | consumed samples:        28512 | elapsed time per iteration (ms): 1059.2 | throughput per GPU (TFLOP/s/GPU): 358.4 | tokens/sec/GPU: 7734 | learning rate: 4.789730E-05 | global batch size:    32 | lm loss: 3.181640E+00 | loss scale: 1.0 | grad norm: 0.534 | number of skipped iterations:   0 | number of nan iterations:   0 |
3: [default3]: [2026-05-23 03:46:52.195579] iteration      892/    1537 | consumed samples:        28544 | elapsed time per iteration (ms): 1058.9 | throughput per GPU (TFLOP/s/GPU): 358.5 | tokens/sec/GPU: 7736 | learning rate: 4.780017E-05 | global batch size:    32 | lm loss: 3.248537E+00 | loss scale: 1.0 | grad norm: 0.833 | number of skipped iterations:   0 | number of nan iterations:   0 |
3: [default3]: [2026-05-23 03:46:53.252346] iteration      893/    1537 | consumed samples:        28576 | elapsed time per iteration (ms): 1056.6 | throughput per GPU (TFLOP/s/GPU): 359.3 | tokens/sec/GPU: 7753 | learning rate: 4.770307E-05 | global batch size:    32 | lm loss: 3.344403E+00 | loss scale: 1.0 | grad norm: 0.568 | number of skipped iterations:   0 | number of nan iterations:   0 |
3: [default3]: [2026-05-23 03:46:54.308178] iteration      894/    1537 | consumed samples:        28608 | elapsed time per iteration (ms): 1055.7 | throughput per GPU (TFLOP/s/GPU): 359.6 | tokens/sec/GPU: 7760 | learning rate: 4.760601E-05 | global batch size:    32 | lm loss: 3.241261E+00 | loss scale: 1.0 | grad norm: 2.170 | number of skipped iterations:   0 | number of nan iterations:   0 |
3: [default3]: [2026-05-23 03:46:55.367219] iteration      895/    1537 | consumed samples:        28640 | elapsed time per iteration (ms): 1058.9 | throughput per GPU (TFLOP/s/GPU): 358.5 | tokens/sec/GPU: 7736 | learning rate: 4.750899E-05 | global batch size:    32 | lm loss: 3.468829E+00 | loss scale: 1.0 | grad norm: 0.621 | number of skipped iterations:   0 | number of nan iterations:   0 |
3: [default3]: [2026-05-23 03:46:56.423049] iteration      896/    1537 | consumed samples:        28672 | elapsed time per iteration (ms): 1055.6 | throughput per GPU (TFLOP/s/GPU): 359.6 | tokens/sec/GPU: 7760 | learning rate: 4.741200E-05 | global batch size:    32 | lm loss: 3.359186E+00 | loss scale: 1.0 | grad norm: 0.585 | number of skipped iterations:   0 | number of nan iterations:   0 |
3: [default3]: [2026-05-23 03:46:57.479957] iteration      897/    1537 | consumed samples:        28704 | elapsed time per iteration (ms): 1056.8 | throughput per GPU (TFLOP/s/GPU): 359.2 | tokens/sec/GPU: 7752 | learning rate: 4.731505E-05 | global batch size:    32 | lm loss: 3.200751E+00 | loss scale: 1.0 | grad norm: 0.576 | number of skipped iterations:   0 | number of nan iterations:   0 |
3: [default3]: [2026-05-23 03:46:58.538955] iteration      898/    1537 | consumed samples:        28736 | elapsed time per iteration (ms): 1058.8 | throughput per GPU (TFLOP/s/GPU): 358.5 | tokens/sec/GPU: 7737 | learning rate: 4.721813E-05 | global batch size:    32 | lm loss: 3.277795E+00 | loss scale: 1.0 | grad norm: 0.549 | number of skipped iterations:   0 | number of nan iterations:   0 |
3: [default3]: [2026-05-23 03:46:59.598392] iteration      899/    1537 | consumed samples:        28768 | elapsed time per iteration (ms): 1059.3 | throughput per GPU (TFLOP/s/GPU): 358.4 | tokens/sec/GPU: 7734 | learning rate: 4.712125E-05 | global batch size:    32 | lm loss: 3.184237E+00 | loss scale: 1.0 | grad norm: 0.559 | number of skipped iterations:   0 | number of nan iterations:   0 |
3: [default3]: [2026-05-23 03:47:00.660904] iteration      900/    1537 | consumed samples:        28800 | elapsed time per iteration (ms): 1062.3 | throughput per GPU (TFLOP/s/GPU): 357.4 | tokens/sec/GPU: 7711 | learning rate: 4.702441E-05 | global batch size:    32 | lm loss: 3.310587E+00 | loss scale: 1.0 | grad norm: 0.566 | number of skipped iterations:   0 | number of nan iterations:   0 |
3: [default3]: [2026-05-23 03:47:02.409488] iteration      901/    1537 | consumed samples:        28832 | elapsed time per iteration (ms): 1748.4 | throughput per GPU (TFLOP/s/GPU): 217.1 | tokens/sec/GPU: 4685 | learning rate: 4.692761E-05 | global batch size:    32 | lm loss: 3.228074E+00 | loss scale: 1.0 | grad norm: 0.612 | number of skipped iterations:   0 | number of nan iterations:   0 |
3: [default3]: [2026-05-23 03:47:03.474141] iteration      902/    1537 | consumed samples:        28864 | elapsed time per iteration (ms): 1064.5 | throughput per GPU (TFLOP/s/GPU): 356.6 | tokens/sec/GPU: 7696 | learning rate: 4.683084E-05 | global batch size:    32 | lm loss: 3.275863E+00 | loss scale: 1.0 | grad norm: 0.580 | number of skipped iterations:   0 | number of nan iterations:   0 |
3: [default3]: [2026-05-23 03:47:04.543902] iteration      903/    1537 | consumed samples:        28896 | elapsed time per iteration (ms): 1069.2 | throughput per GPU (TFLOP/s/GPU): 355.1 | tokens/sec/GPU: 7661 | learning rate: 4.673412E-05 | global batch size:    32 | lm loss: 3.241981E+00 | loss scale: 1.0 | grad norm: 0.560 | number of skipped iterations:   0 | number of nan iterations:   0 |
3: [default3]: [2026-05-23 03:47:05.613276] iteration      904/    1537 | consumed samples:        28928 | elapsed time per iteration (ms): 1069.0 | throughput per GPU (TFLOP/s/GPU): 355.1 | tokens/sec/GPU: 7663 | learning rate: 4.663743E-05 | global batch size:    32 | lm loss: 3.330431E+00 | loss scale: 1.0 | grad norm: 0.570 | number of skipped iterations:   0 | number of nan iterations:   0 |
3: [default3]: [2026-05-23 03:47:06.674497] iteration      905/    1537 | consumed samples:        28960 | elapsed time per iteration (ms): 1060.8 | throughput per GPU (TFLOP/s/GPU): 357.9 | tokens/sec/GPU: 7722 | learning rate: 4.654078E-05 | global batch size:    32 | lm loss: 3.044314E+00 | loss scale: 1.0 | grad norm: 0.585 | number of skipped iterations:   0 | number of nan iterations:   0 |
3: [default3]: [2026-05-23 03:47:07.731508] iteration      906/    1537 | consumed samples:        28992 | elapsed time per iteration (ms): 1056.6 | throughput per GPU (TFLOP/s/GPU): 359.3 | tokens/sec/GPU: 7753 | learning rate: 4.644418E-05 | global batch size:    32 | lm loss: 3.455494E+00 | loss scale: 1.0 | grad norm: 2.175 | number of skipped iterations:   0 | number of nan iterations:   0 |
3: [default3]: [2026-05-23 03:47:08.786565] iteration      907/    1537 | consumed samples:        29024 | elapsed time per iteration (ms): 1055.0 | throughput per GPU (TFLOP/s/GPU): 359.8 | tokens/sec/GPU: 7765 | learning rate: 4.634761E-05 | global batch size:    32 | lm loss: 3.320582E+00 | loss scale: 1.0 | grad norm: 0.692 | number of skipped iterations:   0 | number of nan iterations:   0 |
3: [default3]: [2026-05-23 03:47:09.841296] iteration      908/    1537 | consumed samples:        29056 | elapsed time per iteration (ms): 1054.4 | throughput per GPU (TFLOP/s/GPU): 360.0 | tokens/sec/GPU: 7769 | learning rate: 4.625109E-05 | global batch size:    32 | lm loss: 3.216077E+00 | loss scale: 1.0 | grad norm: 0.545 | number of skipped iterations:   0 | number of nan iterations:   0 |
3: [default3]: [2026-05-23 03:47:10.897611] iteration      909/    1537 | consumed samples:        29088 | elapsed time per iteration (ms): 1055.9 | throughput per GPU (TFLOP/s/GPU): 359.5 | tokens/sec/GPU: 7758 | learning rate: 4.615461E-05 | global batch size:    32 | lm loss: 3.131668E+00 | loss scale: 1.0 | grad norm: 0.562 | number of skipped iterations:   0 | number of nan iterations:   0 |
3: [default3]: [2026-05-23 03:47:11.957852] iteration      910/    1537 | consumed samples:        29120 | elapsed time per iteration (ms): 1059.9 | throughput per GPU (TFLOP/s/GPU): 358.2 | tokens/sec/GPU: 7729 | learning rate: 4.605817E-05 | global batch size:    32 | lm loss: 3.384861E+00 | loss scale: 1.0 | grad norm: 0.541 | number of skipped iterations:   0 | number of nan iterations:   0 |
3: [default3]: [2026-05-23 03:47:13.021482] iteration      911/    1537 | consumed samples:        29152 | elapsed time per iteration (ms): 1063.2 | throughput per GPU (TFLOP/s/GPU): 357.1 | tokens/sec/GPU: 7705 | learning rate: 4.596177E-05 | global batch size:    32 | lm loss: 3.310950E+00 | loss scale: 1.0 | grad norm: 0.630 | number of skipped iterations:   0 | number of nan iterations:   0 |
3: [default3]: [2026-05-23 03:47:14.079021] iteration      912/    1537 | consumed samples:        29184 | elapsed time per iteration (ms): 1057.2 | throughput per GPU (TFLOP/s/GPU): 359.1 | tokens/sec/GPU: 7749 | learning rate: 4.586542E-05 | global batch size:    32 | lm loss: 3.103731E+00 | loss scale: 1.0 | grad norm: 0.565 | number of skipped iterations:   0 | number of nan iterations:   0 |
3: [default3]: [2026-05-23 03:47:15.137394] iteration      913/    1537 | consumed samples:        29216 | elapsed time per iteration (ms): 1058.1 | throughput per GPU (TFLOP/s/GPU): 358.8 | tokens/sec/GPU: 7742 | learning rate: 4.576911E-05 | global batch size:    32 | lm loss: 3.266704E+00 | loss scale: 1.0 | grad norm: 0.784 | number of skipped iterations:   0 | number of nan iterations:   0 |
3: [default3]: [2026-05-23 03:47:16.192018] iteration      914/    1537 | consumed samples:        29248 | elapsed time per iteration (ms): 1054.5 | throughput per GPU (TFLOP/s/GPU): 360.0 | tokens/sec/GPU: 7769 | learning rate: 4.567284E-05 | global batch size:    32 | lm loss: 3.198197E+00 | loss scale: 1.0 | grad norm: 0.602 | number of skipped iterations:   0 | number of nan iterations:   0 |
3: [default3]: [2026-05-23 03:47:17.250978] iteration      915/    1537 | consumed samples:        29280 | elapsed time per iteration (ms): 1058.5 | throughput per GPU (TFLOP/s/GPU): 358.7 | tokens/sec/GPU: 7740 | learning rate: 4.557662E-05 | global batch size:    32 | lm loss: 3.175900E+00 | loss scale: 1.0 | grad norm: 0.603 | number of skipped iterations:   0 | number of nan iterations:   0 |
3: [default3]: [2026-05-23 03:47:18.312440] iteration      916/    1537 | consumed samples:        29312 | elapsed time per iteration (ms): 1061.3 | throughput per GPU (TFLOP/s/GPU): 357.7 | tokens/sec/GPU: 7719 | learning rate: 4.548045E-05 | global batch size:    32 | lm loss: 3.384364E+00 | loss scale: 1.0 | grad norm: 0.606 | number of skipped iterations:   0 | number of nan iterations:   0 |
3: [default3]: [2026-05-23 03:47:19.371567] iteration      917/    1537 | consumed samples:        29344 | elapsed time per iteration (ms): 1059.1 | throughput per GPU (TFLOP/s/GPU): 358.5 | tokens/sec/GPU: 7735 | learning rate: 4.538432E-05 | global batch size:    32 | lm loss: 3.102647E+00 | loss scale: 1.0 | grad norm: 0.553 | number of skipped iterations:   0 | number of nan iterations:   0 |
3: [default3]: [2026-05-23 03:47:20.433185] iteration      918/    1537 | consumed samples:        29376 | elapsed time per iteration (ms): 1061.4 | throughput per GPU (TFLOP/s/GPU): 357.7 | tokens/sec/GPU: 7718 | learning rate: 4.528823E-05 | global batch size:    32 | lm loss: 3.202287E+00 | loss scale: 1.0 | grad norm: 0.544 | number of skipped iterations:   0 | number of nan iterations:   0 |
3: [default3]: [2026-05-23 03:47:21.493247] iteration      919/    1537 | consumed samples:        29408 | elapsed time per iteration (ms): 1059.7 | throughput per GPU (TFLOP/s/GPU): 358.2 | tokens/sec/GPU: 7730 | learning rate: 4.519220E-05 | global batch size:    32 | lm loss: 3.146365E+00 | loss scale: 1.0 | grad norm: 0.520 | number of skipped iterations:   0 | number of nan iterations:   0 |
3: [default3]: [2026-05-23 03:47:22.551456] iteration      920/    1537 | consumed samples:        29440 | elapsed time per iteration (ms): 1057.8 | throughput per GPU (TFLOP/s/GPU): 358.9 | tokens/sec/GPU: 7744 | learning rate: 4.509620E-05 | global batch size:    32 | lm loss: 3.122119E+00 | loss scale: 1.0 | grad norm: 0.572 | number of skipped iterations:   0 | number of nan iterations:   0 |
3: [default3]: [2026-05-23 03:47:23.611572] iteration      921/    1537 | consumed samples:        29472 | elapsed time per iteration (ms): 1060.0 | throughput per GPU (TFLOP/s/GPU): 358.1 | tokens/sec/GPU: 7728 | learning rate: 4.500026E-05 | global batch size:    32 | lm loss: 3.298985E+00 | loss scale: 1.0 | grad norm: 0.574 | number of skipped iterations:   0 | number of nan iterations:   0 |
3: [default3]: [2026-05-23 03:47:24.667509] iteration      922/    1537 | consumed samples:        29504 | elapsed time per iteration (ms): 1055.8 | throughput per GPU (TFLOP/s/GPU): 359.6 | tokens/sec/GPU: 7759 | learning rate: 4.490437E-05 | global batch size:    32 | lm loss: 3.091992E+00 | loss scale: 1.0 | grad norm: 0.523 | number of skipped iterations:   0 | number of nan iterations:   0 |
3: [default3]: [2026-05-23 03:47:25.724065] iteration      923/    1537 | consumed samples:        29536 | elapsed time per iteration (ms): 1056.4 | throughput per GPU (TFLOP/s/GPU): 359.4 | tokens/sec/GPU: 7755 | learning rate: 4.480852E-05 | global batch size:    32 | lm loss: 3.393518E+00 | loss scale: 1.0 | grad norm: 0.621 | number of skipped iterations:   0 | number of nan iterations:   0 |
3: [default3]: [2026-05-23 03:47:26.781463] iteration      924/    1537 | consumed samples:        29568 | elapsed time per iteration (ms): 1057.2 | throughput per GPU (TFLOP/s/GPU): 359.1 | tokens/sec/GPU: 7749 | learning rate: 4.471272E-05 | global batch size:    32 | lm loss: 3.225466E+00 | loss scale: 1.0 | grad norm: 0.559 | number of skipped iterations:   0 | number of nan iterations:   0 |
3: [default3]: [2026-05-23 03:47:27.836045] iteration      925/    1537 | consumed samples:        29600 | elapsed time per iteration (ms): 1054.4 | throughput per GPU (TFLOP/s/GPU): 360.0 | tokens/sec/GPU: 7769 | learning rate: 4.461697E-05 | global batch size:    32 | lm loss: 3.462440E+00 | loss scale: 1.0 | grad norm: 0.550 | number of skipped iterations:   0 | number of nan iterations:   0 |
3: [default3]: [2026-05-23 03:47:28.892916] iteration      926/    1537 | consumed samples:        29632 | elapsed time per iteration (ms): 1056.7 | throughput per GPU (TFLOP/s/GPU): 359.3 | tokens/sec/GPU: 7752 | learning rate: 4.452127E-05 | global batch size:    32 | lm loss: 3.309056E+00 | loss scale: 1.0 | grad norm: 0.561 | number of skipped iterations:   0 | number of nan iterations:   0 |
3: [default3]: [2026-05-23 03:47:29.951234] iteration      927/    1537 | consumed samples:        29664 | elapsed time per iteration (ms): 1058.1 | throughput per GPU (TFLOP/s/GPU): 358.8 | tokens/sec/GPU: 7742 | learning rate: 4.442562E-05 | global batch size:    32 | lm loss: 3.187370E+00 | loss scale: 1.0 | grad norm: 0.575 | number of skipped iterations:   0 | number of nan iterations:   0 |
3: [default3]: [2026-05-23 03:47:31.004336] iteration      928/    1537 | consumed samples:        29696 | elapsed time per iteration (ms): 1052.9 | throughput per GPU (TFLOP/s/GPU): 360.6 | tokens/sec/GPU: 7780 | learning rate: 4.433002E-05 | global batch size:    32 | lm loss: 3.352095E+00 | loss scale: 1.0 | grad norm: 1.252 | number of skipped iterations:   0 | number of nan iterations:   0 |
3: [default3]: [2026-05-23 03:47:32.062073] iteration      929/    1537 | consumed samples:        29728 | elapsed time per iteration (ms): 1057.6 | throughput per GPU (TFLOP/s/GPU): 359.0 | tokens/sec/GPU: 7746 | learning rate: 4.423447E-05 | global batch size:    32 | lm loss: 3.340229E+00 | loss scale: 1.0 | grad norm: 0.606 | number of skipped iterations:   0 | number of nan iterations:   0 |
3: [default3]: [2026-05-23 03:47:33.116282] iteration      930/    1537 | consumed samples:        29760 | elapsed time per iteration (ms): 1054.0 | throughput per GPU (TFLOP/s/GPU): 360.2 | tokens/sec/GPU: 7772 | learning rate: 4.413897E-05 | global batch size:    32 | lm loss: 3.302794E+00 | loss scale: 1.0 | grad norm: 0.532 | number of skipped iterations:   0 | number of nan iterations:   0 |
3: [default3]: [2026-05-23 03:47:34.171948] iteration      931/    1537 | consumed samples:        29792 | elapsed time per iteration (ms): 1055.5 | throughput per GPU (TFLOP/s/GPU): 359.7 | tokens/sec/GPU: 7761 | learning rate: 4.404353E-05 | global batch size:    32 | lm loss: 3.282244E+00 | loss scale: 1.0 | grad norm: 0.557 | number of skipped iterations:   0 | number of nan iterations:   0 |
3: [default3]: [2026-05-23 03:47:35.226987] iteration      932/    1537 | consumed samples:        29824 | elapsed time per iteration (ms): 1054.8 | throughput per GPU (TFLOP/s/GPU): 359.9 | tokens/sec/GPU: 7766 | learning rate: 4.394813E-05 | global batch size:    32 | lm loss: 3.453355E+00 | loss scale: 1.0 | grad norm: 0.554 | number of skipped iterations:   0 | number of nan iterations:   0 |
3: [default3]: [2026-05-23 03:47:36.285807] iteration      933/    1537 | consumed samples:        29856 | elapsed time per iteration (ms): 1058.7 | throughput per GPU (TFLOP/s/GPU): 358.6 | tokens/sec/GPU: 7738 | learning rate: 4.385279E-05 | global batch size:    32 | lm loss: 3.302299E+00 | loss scale: 1.0 | grad norm: 0.590 | number of skipped iterations:   0 | number of nan iterations:   0 |
3: [default3]: [2026-05-23 03:47:37.345180] iteration      934/    1537 | consumed samples:        29888 | elapsed time per iteration (ms): 1058.9 | throughput per GPU (TFLOP/s/GPU): 358.5 | tokens/sec/GPU: 7737 | learning rate: 4.375751E-05 | global batch size:    32 | lm loss: 3.243731E+00 | loss scale: 1.0 | grad norm: 0.562 | number of skipped iterations:   0 | number of nan iterations:   0 |
3: [default3]: [2026-05-23 03:47:38.405765] iteration      935/    1537 | consumed samples:        29920 | elapsed time per iteration (ms): 1060.4 | throughput per GPU (TFLOP/s/GPU): 358.0 | tokens/sec/GPU: 7726 | learning rate: 4.366227E-05 | global batch size:    32 | lm loss: 3.078617E+00 | loss scale: 1.0 | grad norm: 0.576 | number of skipped iterations:   0 | number of nan iterations:   0 |
3: [default3]: [2026-05-23 03:47:39.465577] iteration      936/    1537 | consumed samples:        29952 | elapsed time per iteration (ms): 1059.7 | throughput per GPU (TFLOP/s/GPU): 358.3 | tokens/sec/GPU: 7731 | learning rate: 4.356710E-05 | global batch size:    32 | lm loss: 3.050431E+00 | loss scale: 1.0 | grad norm: 0.657 | number of skipped iterations:   0 | number of nan iterations:   0 |
3: [default3]: [2026-05-23 03:47:40.525239] iteration      937/    1537 | consumed samples:        29984 | elapsed time per iteration (ms): 1059.4 | throughput per GPU (TFLOP/s/GPU): 358.3 | tokens/sec/GPU: 7733 | learning rate: 4.347197E-05 | global batch size:    32 | lm loss: 2.972562E+00 | loss scale: 1.0 | grad norm: 0.569 | number of skipped iterations:   0 | number of nan iterations:   0 |
3: [default3]: [2026-05-23 03:47:41.581862] iteration      938/    1537 | consumed samples:        30016 | elapsed time per iteration (ms): 1056.5 | throughput per GPU (TFLOP/s/GPU): 359.4 | tokens/sec/GPU: 7754 | learning rate: 4.337690E-05 | global batch size:    32 | lm loss: 3.281551E+00 | loss scale: 1.0 | grad norm: 0.619 | number of skipped iterations:   0 | number of nan iterations:   0 |
3: [default3]: [2026-05-23 03:47:42.643083] iteration      939/    1537 | consumed samples:        30048 | elapsed time per iteration (ms): 1061.0 | throughput per GPU (TFLOP/s/GPU): 357.8 | tokens/sec/GPU: 7721 | learning rate: 4.328189E-05 | global batch size:    32 | lm loss: 3.223567E+00 | loss scale: 1.0 | grad norm: 0.531 | number of skipped iterations:   0 | number of nan iterations:   0 |
3: [default3]: [2026-05-23 03:47:43.702156] iteration      940/    1537 | consumed samples:        30080 | elapsed time per iteration (ms): 1058.9 | throughput per GPU (TFLOP/s/GPU): 358.5 | tokens/sec/GPU: 7737 | learning rate: 4.318693E-05 | global batch size:    32 | lm loss: 3.076926E+00 | loss scale: 1.0 | grad norm: 0.585 | number of skipped iterations:   0 | number of nan iterations:   0 |
3: [default3]: [2026-05-23 03:47:44.760648] iteration      941/    1537 | consumed samples:        30112 | elapsed time per iteration (ms): 1058.3 | throughput per GPU (TFLOP/s/GPU): 358.7 | tokens/sec/GPU: 7740 | learning rate: 4.309203E-05 | global batch size:    32 | lm loss: 3.227498E+00 | loss scale: 1.0 | grad norm: 0.591 | number of skipped iterations:   0 | number of nan iterations:   0 |
3: [default3]: [2026-05-23 03:47:45.814969] iteration      942/    1537 | consumed samples:        30144 | elapsed time per iteration (ms): 1054.1 | throughput per GPU (TFLOP/s/GPU): 360.1 | tokens/sec/GPU: 7771 | learning rate: 4.299718E-05 | global batch size:    32 | lm loss: 3.226273E+00 | loss scale: 1.0 | grad norm: 0.588 | number of skipped iterations:   0 | number of nan iterations:   0 |
3: [default3]: [2026-05-23 03:47:46.872046] iteration      943/    1537 | consumed samples:        30176 | elapsed time per iteration (ms): 1056.9 | throughput per GPU (TFLOP/s/GPU): 359.2 | tokens/sec/GPU: 7751 | learning rate: 4.290240E-05 | global batch size:    32 | lm loss: 3.049555E+00 | loss scale: 1.0 | grad norm: 0.631 | number of skipped iterations:   0 | number of nan iterations:   0 |
3: [default3]: [2026-05-23 03:47:47.930825] iteration      944/    1537 | consumed samples:        30208 | elapsed time per iteration (ms): 1058.6 | throughput per GPU (TFLOP/s/GPU): 358.6 | tokens/sec/GPU: 7738 | learning rate: 4.280767E-05 | global batch size:    32 | lm loss: 2.910388E+00 | loss scale: 1.0 | grad norm: 0.562 | number of skipped iterations:   0 | number of nan iterations:   0 |
3: [default3]: [2026-05-23 03:47:48.985672] iteration      945/    1537 | consumed samples:        30240 | elapsed time per iteration (ms): 1054.7 | throughput per GPU (TFLOP/s/GPU): 360.0 | tokens/sec/GPU: 7767 | learning rate: 4.271300E-05 | global batch size:    32 | lm loss: 3.258574E+00 | loss scale: 1.0 | grad norm: 5.452 | number of skipped iterations:   0 | number of nan iterations:   0 |
3: [default3]: [2026-05-23 03:47:50.046456] iteration      946/    1537 | consumed samples:        30272 | elapsed time per iteration (ms): 1060.6 | throughput per GPU (TFLOP/s/GPU): 357.9 | tokens/sec/GPU: 7724 | learning rate: 4.261839E-05 | global batch size:    32 | lm loss: 3.401825E+00 | loss scale: 1.0 | grad norm: 0.606 | number of skipped iterations:   0 | number of nan iterations:   0 |
3: [default3]: [2026-05-23 03:47:51.101576] iteration      947/    1537 | consumed samples:        30304 | elapsed time per iteration (ms): 1054.9 | throughput per GPU (TFLOP/s/GPU): 359.9 | tokens/sec/GPU: 7765 | learning rate: 4.252383E-05 | global batch size:    32 | lm loss: 3.218410E+00 | loss scale: 1.0 | grad norm: 0.642 | number of skipped iterations:   0 | number of nan iterations:   0 |
3: [default3]: [2026-05-23 03:47:52.162606] iteration      948/    1537 | consumed samples:        30336 | elapsed time per iteration (ms): 1060.8 | throughput per GPU (TFLOP/s/GPU): 357.9 | tokens/sec/GPU: 7722 | learning rate: 4.242934E-05 | global batch size:    32 | lm loss: 3.229919E+00 | loss scale: 1.0 | grad norm: 0.641 | number of skipped iterations:   0 | number of nan iterations:   0 |
3: [default3]: [2026-05-23 03:47:53.224361] iteration      949/    1537 | consumed samples:        30368 | elapsed time per iteration (ms): 1061.6 | throughput per GPU (TFLOP/s/GPU): 357.6 | tokens/sec/GPU: 7717 | learning rate: 4.233491E-05 | global batch size:    32 | lm loss: 3.279465E+00 | loss scale: 1.0 | grad norm: 0.544 | number of skipped iterations:   0 | number of nan iterations:   0 |
3: [default3]: [2026-05-23 03:47:54.279214] iteration      950/    1537 | consumed samples:        30400 | elapsed time per iteration (ms): 1054.7 | throughput per GPU (TFLOP/s/GPU): 360.0 | tokens/sec/GPU: 7767 | learning rate: 4.224054E-05 | global batch size:    32 | lm loss: 3.072122E+00 | loss scale: 1.0 | grad norm: 0.578 | number of skipped iterations:   0 | number of nan iterations:   0 |
3: [default3]: [2026-05-23 03:47:56.020890] iteration      951/    1537 | consumed samples:        30432 | elapsed time per iteration (ms): 1741.5 | throughput per GPU (TFLOP/s/GPU): 218.0 | tokens/sec/GPU: 4704 | learning rate: 4.214622E-05 | global batch size:    32 | lm loss: 3.418975E+00 | loss scale: 1.0 | grad norm: 0.551 | number of skipped iterations:   0 | number of nan iterations:   0 |
3: [default3]: [2026-05-23 03:47:57.082826] iteration      952/    1537 | consumed samples:        30464 | elapsed time per iteration (ms): 1061.8 | throughput per GPU (TFLOP/s/GPU): 357.5 | tokens/sec/GPU: 7715 | learning rate: 4.205197E-05 | global batch size:    32 | lm loss: 3.449018E+00 | loss scale: 1.0 | grad norm: 0.614 | number of skipped iterations:   0 | number of nan iterations:   0 |
3: [default3]: [2026-05-23 03:47:58.144174] iteration      953/    1537 | consumed samples:        30496 | elapsed time per iteration (ms): 1061.2 | throughput per GPU (TFLOP/s/GPU): 357.7 | tokens/sec/GPU: 7720 | learning rate: 4.195778E-05 | global batch size:    32 | lm loss: 3.460709E+00 | loss scale: 1.0 | grad norm: 0.989 | number of skipped iterations:   0 | number of nan iterations:   0 |
3: [default3]: [2026-05-23 03:47:59.203746] iteration      954/    1537 | consumed samples:        30528 | elapsed time per iteration (ms): 1059.4 | throughput per GPU (TFLOP/s/GPU): 358.4 | tokens/sec/GPU: 7733 | learning rate: 4.186366E-05 | global batch size:    32 | lm loss: 3.114584E+00 | loss scale: 1.0 | grad norm: 0.587 | number of skipped iterations:   0 | number of nan iterations:   0 |
3: [default3]: [2026-05-23 03:48:00.262929] iteration      955/    1537 | consumed samples:        30560 | elapsed time per iteration (ms): 1059.0 | throughput per GPU (TFLOP/s/GPU): 358.5 | tokens/sec/GPU: 7736 | learning rate: 4.176960E-05 | global batch size:    32 | lm loss: 2.932318E+00 | loss scale: 1.0 | grad norm: 0.558 | number of skipped iterations:   0 | number of nan iterations:   0 |
3: [default3]: [2026-05-23 03:48:01.318102] iteration      956/    1537 | consumed samples:        30592 | elapsed time per iteration (ms): 1055.0 | throughput per GPU (TFLOP/s/GPU): 359.8 | tokens/sec/GPU: 7765 | learning rate: 4.167560E-05 | global batch size:    32 | lm loss: 3.052103E+00 | loss scale: 1.0 | grad norm: 0.581 | number of skipped iterations:   0 | number of nan iterations:   0 |
3: [default3]: [2026-05-23 03:48:02.377678] iteration      957/    1537 | consumed samples:        30624 | elapsed time per iteration (ms): 1059.4 | throughput per GPU (TFLOP/s/GPU): 358.3 | tokens/sec/GPU: 7732 | learning rate: 4.158166E-05 | global batch size:    32 | lm loss: 3.257501E+00 | loss scale: 1.0 | grad norm: 0.617 | number of skipped iterations:   0 | number of nan iterations:   0 |
3: [default3]: [2026-05-23 03:48:03.436174] iteration      958/    1537 | consumed samples:        30656 | elapsed time per iteration (ms): 1058.3 | throughput per GPU (TFLOP/s/GPU): 358.7 | tokens/sec/GPU: 7740 | learning rate: 4.148779E-05 | global batch size:    32 | lm loss: 3.331754E+00 | loss scale: 1.0 | grad norm: 1.191 | number of skipped iterations:   0 | number of nan iterations:   0 |
3: [default3]: [2026-05-23 03:48:04.497414] iteration      959/    1537 | consumed samples:        30688 | elapsed time per iteration (ms): 1061.0 | throughput per GPU (TFLOP/s/GPU): 357.8 | tokens/sec/GPU: 7721 | learning rate: 4.139398E-05 | global batch size:    32 | lm loss: 3.192976E+00 | loss scale: 1.0 | grad norm: 0.664 | number of skipped iterations:   0 | number of nan iterations:   0 |
3: [default3]: [2026-05-23 03:48:05.553508] iteration      960/    1537 | consumed samples:        30720 | elapsed time per iteration (ms): 1056.0 | throughput per GPU (TFLOP/s/GPU): 359.5 | tokens/sec/GPU: 7758 | learning rate: 4.130024E-05 | global batch size:    32 | lm loss: 3.100954E+00 | loss scale: 1.0 | grad norm: 0.560 | number of skipped iterations:   0 | number of nan iterations:   0 |
3: [default3]: [2026-05-23 03:48:06.608469] iteration      961/    1537 | consumed samples:        30752 | elapsed time per iteration (ms): 1054.8 | throughput per GPU (TFLOP/s/GPU): 359.9 | tokens/sec/GPU: 7766 | learning rate: 4.120656E-05 | global batch size:    32 | lm loss: 3.088954E+00 | loss scale: 1.0 | grad norm: 0.614 | number of skipped iterations:   0 | number of nan iterations:   0 |
3: [default3]: [2026-05-23 03:48:07.667326] iteration      962/    1537 | consumed samples:        30784 | elapsed time per iteration (ms): 1058.7 | throughput per GPU (TFLOP/s/GPU): 358.6 | tokens/sec/GPU: 7738 | learning rate: 4.111295E-05 | global batch size:    32 | lm loss: 3.303008E+00 | loss scale: 1.0 | grad norm: 0.561 | number of skipped iterations:   0 | number of nan iterations:   0 |
3: [default3]: [2026-05-23 03:48:08.724099] iteration      963/    1537 | consumed samples:        30816 | elapsed time per iteration (ms): 1056.6 | throughput per GPU (TFLOP/s/GPU): 359.3 | tokens/sec/GPU: 7753 | learning rate: 4.101940E-05 | global batch size:    32 | lm loss: 3.121112E+00 | loss scale: 1.0 | grad norm: 0.590 | number of skipped iterations:   0 | number of nan iterations:   0 |
3: [default3]: [2026-05-23 03:48:09.780948] iteration      964/    1537 | consumed samples:        30848 | elapsed time per iteration (ms): 1056.7 | throughput per GPU (TFLOP/s/GPU): 359.3 | tokens/sec/GPU: 7753 | learning rate: 4.092593E-05 | global batch size:    32 | lm loss: 3.112169E+00 | loss scale: 1.0 | grad norm: 0.666 | number of skipped iterations:   0 | number of nan iterations:   0 |
3: [default3]: [2026-05-23 03:48:10.846815] iteration      965/    1537 | consumed samples:        30880 | elapsed time per iteration (ms): 1065.7 | throughput per GPU (TFLOP/s/GPU): 356.2 | tokens/sec/GPU: 7687 | learning rate: 4.083252E-05 | global batch size:    32 | lm loss: 3.422618E+00 | loss scale: 1.0 | grad norm: 0.584 | number of skipped iterations:   0 | number of nan iterations:   0 |
3: [default3]: [2026-05-23 03:48:11.907212] iteration      966/    1537 | consumed samples:        30912 | elapsed time per iteration (ms): 1060.2 | throughput per GPU (TFLOP/s/GPU): 358.1 | tokens/sec/GPU: 7727 | learning rate: 4.073917E-05 | global batch size:    32 | lm loss: 2.953200E+00 | loss scale: 1.0 | grad norm: 0.759 | number of skipped iterations:   0 | number of nan iterations:   0 |
3: [default3]: [2026-05-23 03:48:12.962541] iteration      967/    1537 | consumed samples:        30944 | elapsed time per iteration (ms): 1055.1 | throughput per GPU (TFLOP/s/GPU): 359.8 | tokens/sec/GPU: 7764 | learning rate: 4.064590E-05 | global batch size:    32 | lm loss: 3.156210E+00 | loss scale: 1.0 | grad norm: 0.612 | number of skipped iterations:   0 | number of nan iterations:   0 |
3: [default3]: [2026-05-23 03:48:14.018969] iteration      968/    1537 | consumed samples:        30976 | elapsed time per iteration (ms): 1056.3 | throughput per GPU (TFLOP/s/GPU): 359.4 | tokens/sec/GPU: 7756 | learning rate: 4.055269E-05 | global batch size:    32 | lm loss: 3.104032E+00 | loss scale: 1.0 | grad norm: 0.588 | number of skipped iterations:   0 | number of nan iterations:   0 |
3: [default3]: [2026-05-23 03:48:15.074585] iteration      969/    1537 | consumed samples:        31008 | elapsed time per iteration (ms): 1055.4 | throughput per GPU (TFLOP/s/GPU): 359.7 | tokens/sec/GPU: 7762 | learning rate: 4.045956E-05 | global batch size:    32 | lm loss: 3.116957E+00 | loss scale: 1.0 | grad norm: 0.532 | number of skipped iterations:   0 | number of nan iterations:   0 |
3: [default3]: [2026-05-23 03:48:16.132139] iteration      970/    1537 | consumed samples:        31040 | elapsed time per iteration (ms): 1057.4 | throughput per GPU (TFLOP/s/GPU): 359.0 | tokens/sec/GPU: 7747 | learning rate: 4.036649E-05 | global batch size:    32 | lm loss: 3.023722E+00 | loss scale: 1.0 | grad norm: 2.728 | number of skipped iterations:   0 | number of nan iterations:   0 |
3: [default3]: [2026-05-23 03:48:17.190893] iteration      971/    1537 | consumed samples:        31072 | elapsed time per iteration (ms): 1058.6 | throughput per GPU (TFLOP/s/GPU): 358.6 | tokens/sec/GPU: 7739 | learning rate: 4.027349E-05 | global batch size:    32 | lm loss: 3.130401E+00 | loss scale: 1.0 | grad norm: 0.727 | number of skipped iterations:   0 | number of nan iterations:   0 |
3: [default3]: [2026-05-23 03:48:18.249939] iteration      972/    1537 | consumed samples:        31104 | elapsed time per iteration (ms): 1058.9 | throughput per GPU (TFLOP/s/GPU): 358.5 | tokens/sec/GPU: 7737 | learning rate: 4.018056E-05 | global batch size:    32 | lm loss: 3.119377E+00 | loss scale: 1.0 | grad norm: 0.606 | number of skipped iterations:   0 | number of nan iterations:   0 |
3: [default3]: [2026-05-23 03:48:19.308726] iteration      973/    1537 | consumed samples:        31136 | elapsed time per iteration (ms): 1058.6 | throughput per GPU (TFLOP/s/GPU): 358.6 | tokens/sec/GPU: 7738 | learning rate: 4.008771E-05 | global batch size:    32 | lm loss: 2.977019E+00 | loss scale: 1.0 | grad norm: 0.573 | number of skipped iterations:   0 | number of nan iterations:   0 |
3: [default3]: [2026-05-23 03:48:20.368970] iteration      974/    1537 | consumed samples:        31168 | elapsed time per iteration (ms): 1060.1 | throughput per GPU (TFLOP/s/GPU): 358.1 | tokens/sec/GPU: 7728 | learning rate: 3.999492E-05 | global batch size:    32 | lm loss: 3.112736E+00 | loss scale: 1.0 | grad norm: 0.560 | number of skipped iterations:   0 | number of nan iterations:   0 |
3: [default3]: [2026-05-23 03:48:21.429928] iteration      975/    1537 | consumed samples:        31200 | elapsed time per iteration (ms): 1060.8 | throughput per GPU (TFLOP/s/GPU): 357.9 | tokens/sec/GPU: 7723 | learning rate: 3.990221E-05 | global batch size:    32 | lm loss: 3.220298E+00 | loss scale: 1.0 | grad norm: 0.685 | number of skipped iterations:   0 | number of nan iterations:   0 |
3: [default3]: [2026-05-23 03:48:22.485234] iteration      976/    1537 | consumed samples:        31232 | elapsed time per iteration (ms): 1055.2 | throughput per GPU (TFLOP/s/GPU): 359.8 | tokens/sec/GPU: 7764 | learning rate: 3.980957E-05 | global batch size:    32 | lm loss: 3.218301E+00 | loss scale: 1.0 | grad norm: 0.605 | number of skipped iterations:   0 | number of nan iterations:   0 |
3: [default3]: [2026-05-23 03:48:23.544814] iteration      977/    1537 | consumed samples:        31264 | elapsed time per iteration (ms): 1059.4 | throughput per GPU (TFLOP/s/GPU): 358.3 | tokens/sec/GPU: 7732 | learning rate: 3.971700E-05 | global batch size:    32 | lm loss: 2.950605E+00 | loss scale: 1.0 | grad norm: 0.562 | number of skipped iterations:   0 | number of nan iterations:   0 |
3: [default3]: [2026-05-23 03:48:24.600791] iteration      978/    1537 | consumed samples:        31296 | elapsed time per iteration (ms): 1055.8 | throughput per GPU (TFLOP/s/GPU): 359.6 | tokens/sec/GPU: 7759 | learning rate: 3.962450E-05 | global batch size:    32 | lm loss: 2.982764E+00 | loss scale: 1.0 | grad norm: 0.537 | number of skipped iterations:   0 | number of nan iterations:   0 |
3: [default3]: [2026-05-23 03:48:25.659560] iteration      979/    1537 | consumed samples:        31328 | elapsed time per iteration (ms): 1058.6 | throughput per GPU (TFLOP/s/GPU): 358.6 | tokens/sec/GPU: 7739 | learning rate: 3.953208E-05 | global batch size:    32 | lm loss: 3.086460E+00 | loss scale: 1.0 | grad norm: 0.613 | number of skipped iterations:   0 | number of nan iterations:   0 |
3: [default3]: [2026-05-23 03:48:26.719754] iteration      980/    1537 | consumed samples:        31360 | elapsed time per iteration (ms): 1060.0 | throughput per GPU (TFLOP/s/GPU): 358.1 | tokens/sec/GPU: 7728 | learning rate: 3.943973E-05 | global batch size:    32 | lm loss: 3.106003E+00 | loss scale: 1.0 | grad norm: 0.525 | number of skipped iterations:   0 | number of nan iterations:   0 |
3: [default3]: [2026-05-23 03:48:27.778384] iteration      981/    1537 | consumed samples:        31392 | elapsed time per iteration (ms): 1058.5 | throughput per GPU (TFLOP/s/GPU): 358.7 | tokens/sec/GPU: 7739 | learning rate: 3.934746E-05 | global batch size:    32 | lm loss: 3.309453E+00 | loss scale: 1.0 | grad norm: 0.582 | number of skipped iterations:   0 | number of nan iterations:   0 |
3: [default3]: [2026-05-23 03:48:28.836581] iteration      982/    1537 | consumed samples:        31424 | elapsed time per iteration (ms): 1058.1 | throughput per GPU (TFLOP/s/GPU): 358.8 | tokens/sec/GPU: 7743 | learning rate: 3.925526E-05 | global batch size:    32 | lm loss: 3.129733E+00 | loss scale: 1.0 | grad norm: 0.670 | number of skipped iterations:   0 | number of nan iterations:   0 |
3: [default3]: [2026-05-23 03:48:29.894889] iteration      983/    1537 | consumed samples:        31456 | elapsed time per iteration (ms): 1058.1 | throughput per GPU (TFLOP/s/GPU): 358.8 | tokens/sec/GPU: 7742 | learning rate: 3.916314E-05 | global batch size:    32 | lm loss: 3.360859E+00 | loss scale: 1.0 | grad norm: 0.577 | number of skipped iterations:   0 | number of nan iterations:   0 |
3: [default3]: [2026-05-23 03:48:30.956502] iteration      984/    1537 | consumed samples:        31488 | elapsed time per iteration (ms): 1061.5 | throughput per GPU (TFLOP/s/GPU): 357.7 | tokens/sec/GPU: 7717 | learning rate: 3.907109E-05 | global batch size:    32 | lm loss: 3.215806E+00 | loss scale: 1.0 | grad norm: 0.592 | number of skipped iterations:   0 | number of nan iterations:   0 |
3: [default3]: [2026-05-23 03:48:32.015494] iteration      985/    1537 | consumed samples:        31520 | elapsed time per iteration (ms): 1058.8 | throughput per GPU (TFLOP/s/GPU): 358.5 | tokens/sec/GPU: 7737 | learning rate: 3.897912E-05 | global batch size:    32 | lm loss: 2.977724E+00 | loss scale: 1.0 | grad norm: 1.322 | number of skipped iterations:   0 | number of nan iterations:   0 |
3: [default3]: [2026-05-23 03:48:33.073123] iteration      986/    1537 | consumed samples:        31552 | elapsed time per iteration (ms): 1057.5 | throughput per GPU (TFLOP/s/GPU): 359.0 | tokens/sec/GPU: 7747 | learning rate: 3.888722E-05 | global batch size:    32 | lm loss: 3.182063E+00 | loss scale: 1.0 | grad norm: 0.537 | number of skipped iterations:   0 | number of nan iterations:   0 |
3: [default3]: [2026-05-23 03:48:34.133318] iteration      987/    1537 | consumed samples:        31584 | elapsed time per iteration (ms): 1060.0 | throughput per GPU (TFLOP/s/GPU): 358.1 | tokens/sec/GPU: 7728 | learning rate: 3.879540E-05 | global batch size:    32 | lm loss: 2.962091E+00 | loss scale: 1.0 | grad norm: 0.536 | number of skipped iterations:   0 | number of nan iterations:   0 |
3: [default3]: [2026-05-23 03:48:35.192319] iteration      988/    1537 | consumed samples:        31616 | elapsed time per iteration (ms): 1058.8 | throughput per GPU (TFLOP/s/GPU): 358.6 | tokens/sec/GPU: 7737 | learning rate: 3.870366E-05 | global batch size:    32 | lm loss: 3.053189E+00 | loss scale: 1.0 | grad norm: 0.542 | number of skipped iterations:   0 | number of nan iterations:   0 |
3: [default3]: [2026-05-23 03:48:36.252962] iteration      989/    1537 | consumed samples:        31648 | elapsed time per iteration (ms): 1060.5 | throughput per GPU (TFLOP/s/GPU): 358.0 | tokens/sec/GPU: 7725 | learning rate: 3.861200E-05 | global batch size:    32 | lm loss: 3.247843E+00 | loss scale: 1.0 | grad norm: 0.628 | number of skipped iterations:   0 | number of nan iterations:   0 |
3: [default3]: [2026-05-23 03:48:37.311886] iteration      990/    1537 | consumed samples:        31680 | elapsed time per iteration (ms): 1058.7 | throughput per GPU (TFLOP/s/GPU): 358.6 | tokens/sec/GPU: 7737 | learning rate: 3.852041E-05 | global batch size:    32 | lm loss: 3.267807E+00 | loss scale: 1.0 | grad norm: 0.573 | number of skipped iterations:   0 | number of nan iterations:   0 |
3: [default3]: [2026-05-23 03:48:38.370036] iteration      991/    1537 | consumed samples:        31712 | elapsed time per iteration (ms): 1057.9 | throughput per GPU (TFLOP/s/GPU): 358.9 | tokens/sec/GPU: 7743 | learning rate: 3.842891E-05 | global batch size:    32 | lm loss: 3.021107E+00 | loss scale: 1.0 | grad norm: 0.680 | number of skipped iterations:   0 | number of nan iterations:   0 |
3: [default3]: [2026-05-23 03:48:39.428384] iteration      992/    1537 | consumed samples:        31744 | elapsed time per iteration (ms): 1058.2 | throughput per GPU (TFLOP/s/GPU): 358.8 | tokens/sec/GPU: 7741 | learning rate: 3.833748E-05 | global batch size:    32 | lm loss: 2.939348E+00 | loss scale: 1.0 | grad norm: 0.532 | number of skipped iterations:   0 | number of nan iterations:   0 |
3: [default3]: [2026-05-23 03:48:40.489022] iteration      993/    1537 | consumed samples:        31776 | elapsed time per iteration (ms): 1060.5 | throughput per GPU (TFLOP/s/GPU): 358.0 | tokens/sec/GPU: 7725 | learning rate: 3.824613E-05 | global batch size:    32 | lm loss: 3.216498E+00 | loss scale: 1.0 | grad norm: 0.564 | number of skipped iterations:   0 | number of nan iterations:   0 |
3: [default3]: [2026-05-23 03:48:41.547883] iteration      994/    1537 | consumed samples:        31808 | elapsed time per iteration (ms): 1058.7 | throughput per GPU (TFLOP/s/GPU): 358.6 | tokens/sec/GPU: 7738 | learning rate: 3.815487E-05 | global batch size:    32 | lm loss: 3.089115E+00 | loss scale: 1.0 | grad norm: 2.233 | number of skipped iterations:   0 | number of nan iterations:   0 |
3: [default3]: [2026-05-23 03:48:42.604136] iteration      995/    1537 | consumed samples:        31840 | elapsed time per iteration (ms): 1056.1 | throughput per GPU (TFLOP/s/GPU): 359.5 | tokens/sec/GPU: 7757 | learning rate: 3.806368E-05 | global batch size:    32 | lm loss: 3.408995E+00 | loss scale: 1.0 | grad norm: 0.609 | number of skipped iterations:   0 | number of nan iterations:   0 |
3: [default3]: [2026-05-23 03:48:43.664548] iteration      996/    1537 | consumed samples:        31872 | elapsed time per iteration (ms): 1060.2 | throughput per GPU (TFLOP/s/GPU): 358.1 | tokens/sec/GPU: 7727 | learning rate: 3.797258E-05 | global batch size:    32 | lm loss: 3.352432E+00 | loss scale: 1.0 | grad norm: 0.569 | number of skipped iterations:   0 | number of nan iterations:   0 |
3: [default3]: [2026-05-23 03:48:44.720034] iteration      997/    1537 | consumed samples:        31904 | elapsed time per iteration (ms): 1055.3 | throughput per GPU (TFLOP/s/GPU): 359.7 | tokens/sec/GPU: 7763 | learning rate: 3.788155E-05 | global batch size:    32 | lm loss: 3.153563E+00 | loss scale: 1.0 | grad norm: 0.541 | number of skipped iterations:   0 | number of nan iterations:   0 |
3: [default3]: [2026-05-23 03:48:45.781314] iteration      998/    1537 | consumed samples:        31936 | elapsed time per iteration (ms): 1061.1 | throughput per GPU (TFLOP/s/GPU): 357.8 | tokens/sec/GPU: 7720 | learning rate: 3.779061E-05 | global batch size:    32 | lm loss: 2.976002E+00 | loss scale: 1.0 | grad norm: 0.618 | number of skipped iterations:   0 | number of nan iterations:   0 |
3: [default3]: [2026-05-23 03:48:46.841463] iteration      999/    1537 | consumed samples:        31968 | elapsed time per iteration (ms): 1059.9 | throughput per GPU (TFLOP/s/GPU): 358.2 | tokens/sec/GPU: 7729 | learning rate: 3.769975E-05 | global batch size:    32 | lm loss: 3.082978E+00 | loss scale: 1.0 | grad norm: 0.566 | number of skipped iterations:   0 | number of nan iterations:   0 |
3: [default3]: [2026-05-23 03:48:47.898154] iteration     1000/    1537 | consumed samples:        32000 | elapsed time per iteration (ms): 1056.5 | throughput per GPU (TFLOP/s/GPU): 359.3 | tokens/sec/GPU: 7754 | learning rate: 3.760897E-05 | global batch size:    32 | lm loss: 2.822580E+00 | loss scale: 1.0 | grad norm: 2.032 | number of skipped iterations:   0 | number of nan iterations:   0 |
2: [default0]:[Rank 8] (before save_checkpoint for iteration 1000) memory (MB) | allocated: 10032.45 | max allocated: 17328.02 | reserved: 17970.00 | max reserved: 17970.00
2: [default2]:[Rank 10] (before save_checkpoint for iteration 1000) memory (MB) | allocated: 10032.45 | max allocated: 17327.90 | reserved: 17970.00 | max reserved: 17970.00
0: [default0]:[Rank 0] (before save_checkpoint for iteration 1000) memory (MB) | allocated: 9740.79 | max allocated: 22345.70 | reserved: 22886.00 | max reserved: 22886.00
0: [default0]:[2026-05-23 03:48:48.576976] saving checkpoint at iteration    1000 to /iopsstor/scratch/cscs/course_00179/gipfelsturm/gipfelsturm/train-8b-4n/checkpoints in torch_dist format
0: [default0]:Storing distributed optimizer sharded state of type dp_reshardable
2: [default3]:[Rank 11] (before save_checkpoint for iteration 1000) memory (MB) | allocated: 10032.45 | max allocated: 17327.90 | reserved: 17970.00 | max reserved: 17970.00
0: [default3]:[Rank 3] (before save_checkpoint for iteration 1000) memory (MB) | allocated: 9740.79 | max allocated: 22345.70 | reserved: 22886.00 | max reserved: 22886.00
2: [default1]:[Rank 9] (before save_checkpoint for iteration 1000) memory (MB) | allocated: 10032.45 | max allocated: 17327.90 | reserved: 17970.00 | max reserved: 17970.00
0: [default1]:[Rank 1] (before save_checkpoint for iteration 1000) memory (MB) | allocated: 9740.79 | max allocated: 22345.70 | reserved: 22886.00 | max reserved: 22886.00
0: [default2]:[Rank 2] (before save_checkpoint for iteration 1000) memory (MB) | allocated: 9740.79 | max allocated: 22345.70 | reserved: 22886.00 | max reserved: 22886.00
2: [default0]:[Rank 8] (after save_checkpoint for iteration 1000) memory (MB) | allocated: 10032.45 | max allocated: 17328.02 | reserved: 17970.00 | max reserved: 17970.00
2: [default2]:[Rank 10] (after save_checkpoint for iteration 1000) memory (MB) | allocated: 10032.45 | max allocated: 17327.90 | reserved: 17970.00 | max reserved: 17970.00
0: [default0]:  [2026-05-23 03:48:50.195378] successfully saved checkpoint from iteration    1000 to /iopsstor/scratch/cscs/course_00179/gipfelsturm/gipfelsturm/train-8b-4n/checkpoints [ t 1/4, p 1/2 ]
0: [default0]:[Rank 0] (after save_checkpoint for iteration 1000) memory (MB) | allocated: 9740.79 | max allocated: 22345.70 | reserved: 22886.00 | max reserved: 22886.00
2: [default3]:[Rank 11] (after save_checkpoint for iteration 1000) memory (MB) | allocated: 10032.45 | max allocated: 17327.90 | reserved: 17970.00 | max reserved: 17970.00
0: [default3]:[Rank 3] (after save_checkpoint for iteration 1000) memory (MB) | allocated: 9740.79 | max allocated: 22345.70 | reserved: 22886.00 | max reserved: 22886.00
2: [default1]:[Rank 9] (after save_checkpoint for iteration 1000) memory (MB) | allocated: 10032.45 | max allocated: 17327.90 | reserved: 17970.00 | max reserved: 17970.00
0: [default2]:[Rank 2] (after save_checkpoint for iteration 1000) memory (MB) | allocated: 9740.79 | max allocated: 22345.70 | reserved: 22886.00 | max reserved: 22886.00
0: [default1]:[Rank 1] (after save_checkpoint for iteration 1000) memory (MB) | allocated: 9740.79 | max allocated: 22345.70 | reserved: 22886.00 | max reserved: 22886.00
3: [default3]:INFO:megatron.core.timers:(min, max) time across ranks (ms):
3: [default3]:    save-checkpoint ................................: (2147.36, 2147.56)
3: [default3]: [2026-05-23 03:48:51.788030] iteration     1001/    1537 | consumed samples:        32032 | elapsed time per iteration (ms): 1734.9 | throughput per GPU (TFLOP/s/GPU): 218.8 | tokens/sec/GPU: 4722 | learning rate: 3.751828E-05 | global batch size:    32 | lm loss: 3.137330E+00 | loss scale: 1.0 | grad norm: 0.571 | number of skipped iterations:   0 | number of nan iterations:   0 |
3: [default3]: [2026-05-23 03:48:52.842575] iteration     1002/    1537 | consumed samples:        32064 | elapsed time per iteration (ms): 1054.4 | throughput per GPU (TFLOP/s/GPU): 360.1 | tokens/sec/GPU: 7769 | learning rate: 3.742766E-05 | global batch size:    32 | lm loss: 2.993115E+00 | loss scale: 1.0 | grad norm: 0.548 | number of skipped iterations:   0 | number of nan iterations:   0 |
3: [default3]: [2026-05-23 03:48:53.893329] iteration     1003/    1537 | consumed samples:        32096 | elapsed time per iteration (ms): 1050.6 | throughput per GPU (TFLOP/s/GPU): 361.4 | tokens/sec/GPU: 7797 | learning rate: 3.733714E-05 | global batch size:    32 | lm loss: 3.098813E+00 | loss scale: 1.0 | grad norm: 0.553 | number of skipped iterations:   0 | number of nan iterations:   0 |
3: [default3]: [2026-05-23 03:48:54.947070] iteration     1004/    1537 | consumed samples:        32128 | elapsed time per iteration (ms): 1053.6 | throughput per GPU (TFLOP/s/GPU): 360.3 | tokens/sec/GPU: 7776 | learning rate: 3.724670E-05 | global batch size:    32 | lm loss: 2.955823E+00 | loss scale: 1.0 | grad norm: 0.558 | number of skipped iterations:   0 | number of nan iterations:   0 |
3: [default3]: [2026-05-23 03:48:56.001003] iteration     1005/    1537 | consumed samples:        32160 | elapsed time per iteration (ms): 1053.8 | throughput per GPU (TFLOP/s/GPU): 360.3 | tokens/sec/GPU: 7774 | learning rate: 3.715634E-05 | global batch size:    32 | lm loss: 3.118404E+00 | loss scale: 1.0 | grad norm: 0.578 | number of skipped iterations:   0 | number of nan iterations:   0 |
3: [default3]: [2026-05-23 03:48:57.061401] iteration     1006/    1537 | consumed samples:        32192 | elapsed time per iteration (ms): 1060.2 | throughput per GPU (TFLOP/s/GPU): 358.1 | tokens/sec/GPU: 7727 | learning rate: 3.706607E-05 | global batch size:    32 | lm loss: 3.176101E+00 | loss scale: 1.0 | grad norm: 0.569 | number of skipped iterations:   0 | number of nan iterations:   0 |
3: [default3]: [2026-05-23 03:48:58.119519] iteration     1007/    1537 | consumed samples:        32224 | elapsed time per iteration (ms): 1057.9 | throughput per GPU (TFLOP/s/GPU): 358.9 | tokens/sec/GPU: 7744 | learning rate: 3.697588E-05 | global batch size:    32 | lm loss: 3.060884E+00 | loss scale: 1.0 | grad norm: 0.546 | number of skipped iterations:   0 | number of nan iterations:   0 |
3: [default3]: [2026-05-23 03:48:59.177525] iteration     1008/    1537 | consumed samples:        32256 | elapsed time per iteration (ms): 1057.8 | throughput per GPU (TFLOP/s/GPU): 358.9 | tokens/sec/GPU: 7744 | learning rate: 3.688578E-05 | global batch size:    32 | lm loss: 3.120935E+00 | loss scale: 1.0 | grad norm: 0.631 | number of skipped iterations:   0 | number of nan iterations:   0 |
3: [default3]: [2026-05-23 03:49:00.235583] iteration     1009/    1537 | consumed samples:        32288 | elapsed time per iteration (ms): 1057.9 | throughput per GPU (TFLOP/s/GPU): 358.9 | tokens/sec/GPU: 7744 | learning rate: 3.679577E-05 | global batch size:    32 | lm loss: 3.071129E+00 | loss scale: 1.0 | grad norm: 0.599 | number of skipped iterations:   0 | number of nan iterations:   0 |
3: [default3]: [2026-05-23 03:49:01.293349] iteration     1010/    1537 | consumed samples:        32320 | elapsed time per iteration (ms): 1057.6 | throughput per GPU (TFLOP/s/GPU): 359.0 | tokens/sec/GPU: 7746 | learning rate: 3.670584E-05 | global batch size:    32 | lm loss: 3.190102E+00 | loss scale: 1.0 | grad norm: 0.634 | number of skipped iterations:   0 | number of nan iterations:   0 |
3: [default3]: [2026-05-23 03:49:02.351889] iteration     1011/    1537 | consumed samples:        32352 | elapsed time per iteration (ms): 1058.4 | throughput per GPU (TFLOP/s/GPU): 358.7 | tokens/sec/GPU: 7740 | learning rate: 3.661600E-05 | global batch size:    32 | lm loss: 3.160937E+00 | loss scale: 1.0 | grad norm: 0.592 | number of skipped iterations:   0 | number of nan iterations:   0 |
3: [default3]: [2026-05-23 03:49:03.409955] iteration     1012/    1537 | consumed samples:        32384 | elapsed time per iteration (ms): 1057.9 | throughput per GPU (TFLOP/s/GPU): 358.9 | tokens/sec/GPU: 7744 | learning rate: 3.652625E-05 | global batch size:    32 | lm loss: 3.277994E+00 | loss scale: 1.0 | grad norm: 0.600 | number of skipped iterations:   0 | number of nan iterations:   0 |
3: [default3]: [2026-05-23 03:49:04.468980] iteration     1013/    1537 | consumed samples:        32416 | elapsed time per iteration (ms): 1058.9 | throughput per GPU (TFLOP/s/GPU): 358.5 | tokens/sec/GPU: 7737 | learning rate: 3.643658E-05 | global batch size:    32 | lm loss: 3.084415E+00 | loss scale: 1.0 | grad norm: 0.538 | number of skipped iterations:   0 | number of nan iterations:   0 |
3: [default3]: [2026-05-23 03:49:05.528844] iteration     1014/    1537 | consumed samples:        32448 | elapsed time per iteration (ms): 1059.7 | throughput per GPU (TFLOP/s/GPU): 358.3 | tokens/sec/GPU: 7731 | learning rate: 3.634701E-05 | global batch size:    32 | lm loss: 3.058405E+00 | loss scale: 1.0 | grad norm: 0.839 | number of skipped iterations:   0 | number of nan iterations:   0 |
3: [default3]: [2026-05-23 03:49:06.586775] iteration     1015/    1537 | consumed samples:        32480 | elapsed time per iteration (ms): 1057.8 | throughput per GPU (TFLOP/s/GPU): 358.9 | tokens/sec/GPU: 7745 | learning rate: 3.625753E-05 | global batch size:    32 | lm loss: 3.141917E+00 | loss scale: 1.0 | grad norm: 0.678 | number of skipped iterations:   0 | number of nan iterations:   0 |
3: [default3]: [2026-05-23 03:49:07.647499] iteration     1016/    1537 | consumed samples:        32512 | elapsed time per iteration (ms): 1060.4 | throughput per GPU (TFLOP/s/GPU): 358.0 | tokens/sec/GPU: 7725 | learning rate: 3.616813E-05 | global batch size:    32 | lm loss: 3.139064E+00 | loss scale: 1.0 | grad norm: 0.590 | number of skipped iterations:   0 | number of nan iterations:   0 |
3: [default3]: [2026-05-23 03:49:08.705909] iteration     1017/    1537 | consumed samples:        32544 | elapsed time per iteration (ms): 1058.3 | throughput per GPU (TFLOP/s/GPU): 358.7 | tokens/sec/GPU: 7741 | learning rate: 3.607883E-05 | global batch size:    32 | lm loss: 3.120982E+00 | loss scale: 1.0 | grad norm: 0.673 | number of skipped iterations:   0 | number of nan iterations:   0 |
3: [default3]: [2026-05-23 03:49:09.759435] iteration     1018/    1537 | consumed samples:        32576 | elapsed time per iteration (ms): 1053.4 | throughput per GPU (TFLOP/s/GPU): 360.4 | tokens/sec/GPU: 7777 | learning rate: 3.598961E-05 | global batch size:    32 | lm loss: 3.140969E+00 | loss scale: 1.0 | grad norm: 0.633 | number of skipped iterations:   0 | number of nan iterations:   0 |
3: [default3]: [2026-05-23 03:49:10.818597] iteration     1019/    1537 | consumed samples:        32608 | elapsed time per iteration (ms): 1059.0 | throughput per GPU (TFLOP/s/GPU): 358.5 | tokens/sec/GPU: 7736 | learning rate: 3.590048E-05 | global batch size:    32 | lm loss: 3.108068E+00 | loss scale: 1.0 | grad norm: 0.595 | number of skipped iterations:   0 | number of nan iterations:   0 |
3: [default3]: [2026-05-23 03:49:11.880110] iteration     1020/    1537 | consumed samples:        32640 | elapsed time per iteration (ms): 1061.3 | throughput per GPU (TFLOP/s/GPU): 357.7 | tokens/sec/GPU: 7719 | learning rate: 3.581145E-05 | global batch size:    32 | lm loss: 2.999238E+00 | loss scale: 1.0 | grad norm: 0.565 | number of skipped iterations:   0 | number of nan iterations:   0 |
3: [default3]: [2026-05-23 03:49:12.939803] iteration     1021/    1537 | consumed samples:        32672 | elapsed time per iteration (ms): 1059.5 | throughput per GPU (TFLOP/s/GPU): 358.3 | tokens/sec/GPU: 7732 | learning rate: 3.572251E-05 | global batch size:    32 | lm loss: 3.189624E+00 | loss scale: 1.0 | grad norm: 0.597 | number of skipped iterations:   0 | number of nan iterations:   0 |
3: [default3]: [2026-05-23 03:49:13.997492] iteration     1022/    1537 | consumed samples:        32704 | elapsed time per iteration (ms): 1057.5 | throughput per GPU (TFLOP/s/GPU): 359.0 | tokens/sec/GPU: 7747 | learning rate: 3.563366E-05 | global batch size:    32 | lm loss: 2.967034E+00 | loss scale: 1.0 | grad norm: 0.853 | number of skipped iterations:   0 | number of nan iterations:   0 |
3: [default3]: [2026-05-23 03:49:15.052549] iteration     1023/    1537 | consumed samples:        32736 | elapsed time per iteration (ms): 1054.8 | throughput per GPU (TFLOP/s/GPU): 359.9 | tokens/sec/GPU: 7766 | learning rate: 3.554490E-05 | global batch size:    32 | lm loss: 3.069391E+00 | loss scale: 1.0 | grad norm: 0.560 | number of skipped iterations:   0 | number of nan iterations:   0 |
3: [default3]: [2026-05-23 03:49:16.122999] iteration     1024/    1537 | consumed samples:        32768 | elapsed time per iteration (ms): 1070.3 | throughput per GPU (TFLOP/s/GPU): 354.7 | tokens/sec/GPU: 7654 | learning rate: 3.545624E-05 | global batch size:    32 | lm loss: 2.855969E+00 | loss scale: 1.0 | grad norm: 0.528 | number of skipped iterations:   0 | number of nan iterations:   0 |
3: [default3]: [2026-05-23 03:49:17.191642] iteration     1025/    1537 | consumed samples:        32800 | elapsed time per iteration (ms): 1068.5 | throughput per GPU (TFLOP/s/GPU): 355.3 | tokens/sec/GPU: 7667 | learning rate: 3.536767E-05 | global batch size:    32 | lm loss: 3.312436E+00 | loss scale: 1.0 | grad norm: 1.430 | number of skipped iterations:   0 | number of nan iterations:   0 |
3: [default3]: [2026-05-23 03:49:18.257905] iteration     1026/    1537 | consumed samples:        32832 | elapsed time per iteration (ms): 1066.1 | throughput per GPU (TFLOP/s/GPU): 356.1 | tokens/sec/GPU: 7684 | learning rate: 3.527919E-05 | global batch size:    32 | lm loss: 3.219949E+00 | loss scale: 1.0 | grad norm: 0.551 | number of skipped iterations:   0 | number of nan iterations:   0 |
3: [default3]: [2026-05-23 03:49:19.320718] iteration     1027/    1537 | consumed samples:        32864 | elapsed time per iteration (ms): 1062.6 | throughput per GPU (TFLOP/s/GPU): 357.3 | tokens/sec/GPU: 7709 | learning rate: 3.519081E-05 | global batch size:    32 | lm loss: 3.131172E+00 | loss scale: 1.0 | grad norm: 0.653 | number of skipped iterations:   0 | number of nan iterations:   0 |
3: [default3]: [2026-05-23 03:49:20.386424] iteration     1028/    1537 | consumed samples:        32896 | elapsed time per iteration (ms): 1065.4 | throughput per GPU (TFLOP/s/GPU): 356.3 | tokens/sec/GPU: 7689 | learning rate: 3.510252E-05 | global batch size:    32 | lm loss: 3.189071E+00 | loss scale: 1.0 | grad norm: 0.552 | number of skipped iterations:   0 | number of nan iterations:   0 |
3: [default3]: [2026-05-23 03:49:21.447027] iteration     1029/    1537 | consumed samples:        32928 | elapsed time per iteration (ms): 1060.4 | throughput per GPU (TFLOP/s/GPU): 358.0 | tokens/sec/GPU: 7725 | learning rate: 3.501433E-05 | global batch size:    32 | lm loss: 3.168093E+00 | loss scale: 1.0 | grad norm: 0.561 | number of skipped iterations:   0 | number of nan iterations:   0 |
3: [default3]: [2026-05-23 03:49:22.509490] iteration     1030/    1537 | consumed samples:        32960 | elapsed time per iteration (ms): 1062.2 | throughput per GPU (TFLOP/s/GPU): 357.4 | tokens/sec/GPU: 7712 | learning rate: 3.492623E-05 | global batch size:    32 | lm loss: 3.278625E+00 | loss scale: 1.0 | grad norm: 1.037 | number of skipped iterations:   0 | number of nan iterations:   0 |
3: [default3]: [2026-05-23 03:49:23.570642] iteration     1031/    1537 | consumed samples:        32992 | elapsed time per iteration (ms): 1061.0 | throughput per GPU (TFLOP/s/GPU): 357.8 | tokens/sec/GPU: 7721 | learning rate: 3.483823E-05 | global batch size:    32 | lm loss: 3.032927E+00 | loss scale: 1.0 | grad norm: 0.572 | number of skipped iterations:   0 | number of nan iterations:   0 |
3: [default3]: [2026-05-23 03:49:24.632515] iteration     1032/    1537 | consumed samples:        33024 | elapsed time per iteration (ms): 1061.7 | throughput per GPU (TFLOP/s/GPU): 357.6 | tokens/sec/GPU: 7716 | learning rate: 3.475033E-05 | global batch size:    32 | lm loss: 3.135002E+00 | loss scale: 1.0 | grad norm: 0.563 | number of skipped iterations:   0 | number of nan iterations:   0 |
3: [default3]: [2026-05-23 03:49:25.694605] iteration     1033/    1537 | consumed samples:        33056 | elapsed time per iteration (ms): 1061.9 | throughput per GPU (TFLOP/s/GPU): 357.5 | tokens/sec/GPU: 7714 | learning rate: 3.466252E-05 | global batch size:    32 | lm loss: 3.122571E+00 | loss scale: 1.0 | grad norm: 0.573 | number of skipped iterations:   0 | number of nan iterations:   0 |
3: [default3]: [2026-05-23 03:49:26.755305] iteration     1034/    1537 | consumed samples:        33088 | elapsed time per iteration (ms): 1060.5 | throughput per GPU (TFLOP/s/GPU): 358.0 | tokens/sec/GPU: 7724 | learning rate: 3.457481E-05 | global batch size:    32 | lm loss: 3.011903E+00 | loss scale: 1.0 | grad norm: 0.697 | number of skipped iterations:   0 | number of nan iterations:   0 |
3: [default3]: [2026-05-23 03:49:27.814960] iteration     1035/    1537 | consumed samples:        33120 | elapsed time per iteration (ms): 1059.5 | throughput per GPU (TFLOP/s/GPU): 358.3 | tokens/sec/GPU: 7732 | learning rate: 3.448720E-05 | global batch size:    32 | lm loss: 3.036497E+00 | loss scale: 1.0 | grad norm: 0.622 | number of skipped iterations:   0 | number of nan iterations:   0 |
3: [default3]: [2026-05-23 03:49:28.868680] iteration     1036/    1537 | consumed samples:        33152 | elapsed time per iteration (ms): 1053.6 | throughput per GPU (TFLOP/s/GPU): 360.3 | tokens/sec/GPU: 7776 | learning rate: 3.439968E-05 | global batch size:    32 | lm loss: 2.984138E+00 | loss scale: 1.0 | grad norm: 0.578 | number of skipped iterations:   0 | number of nan iterations:   0 |
3: [default3]: [2026-05-23 03:49:29.925528] iteration     1037/    1537 | consumed samples:        33184 | elapsed time per iteration (ms): 1056.7 | throughput per GPU (TFLOP/s/GPU): 359.3 | tokens/sec/GPU: 7753 | learning rate: 3.431227E-05 | global batch size:    32 | lm loss: 3.218577E+00 | loss scale: 1.0 | grad norm: 3.932 | number of skipped iterations:   0 | number of nan iterations:   0 |
3: [default3]: [2026-05-23 03:49:30.981978] iteration     1038/    1537 | consumed samples:        33216 | elapsed time per iteration (ms): 1056.3 | throughput per GPU (TFLOP/s/GPU): 359.4 | tokens/sec/GPU: 7755 | learning rate: 3.422495E-05 | global batch size:    32 | lm loss: 2.848886E+00 | loss scale: 1.0 | grad norm: 0.561 | number of skipped iterations:   0 | number of nan iterations:   0 |
3: [default3]: [2026-05-23 03:49:32.045647] iteration     1039/    1537 | consumed samples:        33248 | elapsed time per iteration (ms): 1063.5 | throughput per GPU (TFLOP/s/GPU): 357.0 | tokens/sec/GPU: 7703 | learning rate: 3.413773E-05 | global batch size:    32 | lm loss: 3.117167E+00 | loss scale: 1.0 | grad norm: 0.600 | number of skipped iterations:   0 | number of nan iterations:   0 |
3: [default3]: [2026-05-23 03:49:33.109317] iteration     1040/    1537 | consumed samples:        33280 | elapsed time per iteration (ms): 1063.5 | throughput per GPU (TFLOP/s/GPU): 357.0 | tokens/sec/GPU: 7703 | learning rate: 3.405061E-05 | global batch size:    32 | lm loss: 3.137946E+00 | loss scale: 1.0 | grad norm: 0.606 | number of skipped iterations:   0 | number of nan iterations:   0 |
3: [default3]: [2026-05-23 03:49:34.166324] iteration     1041/    1537 | consumed samples:        33312 | elapsed time per iteration (ms): 1056.7 | throughput per GPU (TFLOP/s/GPU): 359.3 | tokens/sec/GPU: 7752 | learning rate: 3.396359E-05 | global batch size:    32 | lm loss: 3.313999E+00 | loss scale: 1.0 | grad norm: 0.580 | number of skipped iterations:   0 | number of nan iterations:   0 |
3: [default3]: [2026-05-23 03:49:35.227108] iteration     1042/    1537 | consumed samples:        33344 | elapsed time per iteration (ms): 1060.6 | throughput per GPU (TFLOP/s/GPU): 357.9 | tokens/sec/GPU: 7724 | learning rate: 3.387668E-05 | global batch size:    32 | lm loss: 3.089896E+00 | loss scale: 1.0 | grad norm: 0.576 | number of skipped iterations:   0 | number of nan iterations:   0 |
3: [default3]: [2026-05-23 03:49:36.284526] iteration     1043/    1537 | consumed samples:        33376 | elapsed time per iteration (ms): 1057.2 | throughput per GPU (TFLOP/s/GPU): 359.1 | tokens/sec/GPU: 7748 | learning rate: 3.378986E-05 | global batch size:    32 | lm loss: 3.016333E+00 | loss scale: 1.0 | grad norm: 0.572 | number of skipped iterations:   0 | number of nan iterations:   0 |
3: [default3]: [2026-05-23 03:49:37.347246] iteration     1044/    1537 | consumed samples:        33408 | elapsed time per iteration (ms): 1062.5 | throughput per GPU (TFLOP/s/GPU): 357.3 | tokens/sec/GPU: 7710 | learning rate: 3.370314E-05 | global batch size:    32 | lm loss: 3.157130E+00 | loss scale: 1.0 | grad norm: 0.646 | number of skipped iterations:   0 | number of nan iterations:   0 |
3: [default3]: [2026-05-23 03:49:38.403678] iteration     1045/    1537 | consumed samples:        33440 | elapsed time per iteration (ms): 1056.2 | throughput per GPU (TFLOP/s/GPU): 359.4 | tokens/sec/GPU: 7756 | learning rate: 3.361653E-05 | global batch size:    32 | lm loss: 3.025666E+00 | loss scale: 1.0 | grad norm: 0.607 | number of skipped iterations:   0 | number of nan iterations:   0 |
3: [default3]: [2026-05-23 03:49:39.467453] iteration     1046/    1537 | consumed samples:        33472 | elapsed time per iteration (ms): 1063.5 | throughput per GPU (TFLOP/s/GPU): 357.0 | tokens/sec/GPU: 7703 | learning rate: 3.353002E-05 | global batch size:    32 | lm loss: 3.116619E+00 | loss scale: 1.0 | grad norm: 0.674 | number of skipped iterations:   0 | number of nan iterations:   0 |
3: [default3]: [2026-05-23 03:49:40.525419] iteration     1047/    1537 | consumed samples:        33504 | elapsed time per iteration (ms): 1057.7 | throughput per GPU (TFLOP/s/GPU): 358.9 | tokens/sec/GPU: 7745 | learning rate: 3.344361E-05 | global batch size:    32 | lm loss: 2.964612E+00 | loss scale: 1.0 | grad norm: 0.582 | number of skipped iterations:   0 | number of nan iterations:   0 |
3: [default3]: [2026-05-23 03:49:41.589545] iteration     1048/    1537 | consumed samples:        33536 | elapsed time per iteration (ms): 1064.0 | throughput per GPU (TFLOP/s/GPU): 356.8 | tokens/sec/GPU: 7700 | learning rate: 3.335730E-05 | global batch size:    32 | lm loss: 3.102658E+00 | loss scale: 1.0 | grad norm: 0.568 | number of skipped iterations:   0 | number of nan iterations:   0 |
3: [default3]: [2026-05-23 03:49:42.649693] iteration     1049/    1537 | consumed samples:        33568 | elapsed time per iteration (ms): 1060.0 | throughput per GPU (TFLOP/s/GPU): 358.2 | tokens/sec/GPU: 7728 | learning rate: 3.327110E-05 | global batch size:    32 | lm loss: 2.924138E+00 | loss scale: 1.0 | grad norm: 0.557 | number of skipped iterations:   0 | number of nan iterations:   0 |
3: [default3]: [2026-05-23 03:49:43.706414] iteration     1050/    1537 | consumed samples:        33600 | elapsed time per iteration (ms): 1056.6 | throughput per GPU (TFLOP/s/GPU): 359.3 | tokens/sec/GPU: 7753 | learning rate: 3.318500E-05 | global batch size:    32 | lm loss: 3.028243E+00 | loss scale: 1.0 | grad norm: 0.557 | number of skipped iterations:   0 | number of nan iterations:   0 |
3: [default3]: [2026-05-23 03:49:45.446985] iteration     1051/    1537 | consumed samples:        33632 | elapsed time per iteration (ms): 1740.3 | throughput per GPU (TFLOP/s/GPU): 218.1 | tokens/sec/GPU: 4707 | learning rate: 3.309901E-05 | global batch size:    32 | lm loss: 3.009566E+00 | loss scale: 1.0 | grad norm: 0.578 | number of skipped iterations:   0 | number of nan iterations:   0 |
3: [default3]: [2026-05-23 03:49:46.506934] iteration     1052/    1537 | consumed samples:        33664 | elapsed time per iteration (ms): 1059.8 | throughput per GPU (TFLOP/s/GPU): 358.2 | tokens/sec/GPU: 7730 | learning rate: 3.301312E-05 | global batch size:    32 | lm loss: 3.312413E+00 | loss scale: 1.0 | grad norm: 0.632 | number of skipped iterations:   0 | number of nan iterations:   0 |
3: [default3]: [2026-05-23 03:49:47.562272] iteration     1053/    1537 | consumed samples:        33696 | elapsed time per iteration (ms): 1055.2 | throughput per GPU (TFLOP/s/GPU): 359.8 | tokens/sec/GPU: 7763 | learning rate: 3.292733E-05 | global batch size:    32 | lm loss: 3.121984E+00 | loss scale: 1.0 | grad norm: 0.608 | number of skipped iterations:   0 | number of nan iterations:   0 |
3: [default3]: [2026-05-23 03:49:48.623557] iteration     1054/    1537 | consumed samples:        33728 | elapsed time per iteration (ms): 1061.1 | throughput per GPU (TFLOP/s/GPU): 357.8 | tokens/sec/GPU: 7720 | learning rate: 3.284165E-05 | global batch size:    32 | lm loss: 3.183143E+00 | loss scale: 1.0 | grad norm: 0.588 | number of skipped iterations:   0 | number of nan iterations:   0 |
3: [default3]: [2026-05-23 03:49:49.683333] iteration     1055/    1537 | consumed samples:        33760 | elapsed time per iteration (ms): 1059.6 | throughput per GPU (TFLOP/s/GPU): 358.3 | tokens/sec/GPU: 7731 | learning rate: 3.275608E-05 | global batch size:    32 | lm loss: 3.046494E+00 | loss scale: 1.0 | grad norm: 0.551 | number of skipped iterations:   0 | number of nan iterations:   0 |
3: [default3]: [2026-05-23 03:49:50.742388] iteration     1056/    1537 | consumed samples:        33792 | elapsed time per iteration (ms): 1058.9 | throughput per GPU (TFLOP/s/GPU): 358.5 | tokens/sec/GPU: 7737 | learning rate: 3.267061E-05 | global batch size:    32 | lm loss: 3.163132E+00 | loss scale: 1.0 | grad norm: 0.559 | number of skipped iterations:   0 | number of nan iterations:   0 |
3: [default3]: [2026-05-23 03:49:51.807454] iteration     1057/    1537 | consumed samples:        33824 | elapsed time per iteration (ms): 1064.9 | throughput per GPU (TFLOP/s/GPU): 356.5 | tokens/sec/GPU: 7693 | learning rate: 3.258525E-05 | global batch size:    32 | lm loss: 3.234358E+00 | loss scale: 1.0 | grad norm: 0.653 | number of skipped iterations:   0 | number of nan iterations:   0 |
3: [default3]: [2026-05-23 03:49:52.870414] iteration     1058/    1537 | consumed samples:        33856 | elapsed time per iteration (ms): 1062.8 | throughput per GPU (TFLOP/s/GPU): 357.2 | tokens/sec/GPU: 7708 | learning rate: 3.250000E-05 | global batch size:    32 | lm loss: 2.995720E+00 | loss scale: 1.0 | grad norm: 0.578 | number of skipped iterations:   0 | number of nan iterations:   0 |
3: [default3]: [2026-05-23 03:49:53.932005] iteration     1059/    1537 | consumed samples:        33888 | elapsed time per iteration (ms): 1061.4 | throughput per GPU (TFLOP/s/GPU): 357.7 | tokens/sec/GPU: 7718 | learning rate: 3.241485E-05 | global batch size:    32 | lm loss: 3.028706E+00 | loss scale: 1.0 | grad norm: 0.600 | number of skipped iterations:   0 | number of nan iterations:   0 |
3: [default3]: [2026-05-23 03:49:54.992711] iteration     1060/    1537 | consumed samples:        33920 | elapsed time per iteration (ms): 1060.5 | throughput per GPU (TFLOP/s/GPU): 358.0 | tokens/sec/GPU: 7725 | learning rate: 3.232982E-05 | global batch size:    32 | lm loss: 3.051253E+00 | loss scale: 1.0 | grad norm: 0.604 | number of skipped iterations:   0 | number of nan iterations:   0 |
3: [default3]: [2026-05-23 03:49:56.050054] iteration     1061/    1537 | consumed samples:        33952 | elapsed time per iteration (ms): 1057.2 | throughput per GPU (TFLOP/s/GPU): 359.1 | tokens/sec/GPU: 7749 | learning rate: 3.224489E-05 | global batch size:    32 | lm loss: 3.252566E+00 | loss scale: 1.0 | grad norm: 0.587 | number of skipped iterations:   0 | number of nan iterations:   0 |
3: [default3]: [2026-05-23 03:49:57.111942] iteration     1062/    1537 | consumed samples:        33984 | elapsed time per iteration (ms): 1061.7 | throughput per GPU (TFLOP/s/GPU): 357.6 | tokens/sec/GPU: 7716 | learning rate: 3.216007E-05 | global batch size:    32 | lm loss: 3.250671E+00 | loss scale: 1.0 | grad norm: 0.569 | number of skipped iterations:   0 | number of nan iterations:   0 |
3: [default3]: [2026-05-23 03:49:58.171152] iteration     1063/    1537 | consumed samples:        34016 | elapsed time per iteration (ms): 1059.0 | throughput per GPU (TFLOP/s/GPU): 358.5 | tokens/sec/GPU: 7735 | learning rate: 3.207536E-05 | global batch size:    32 | lm loss: 3.055797E+00 | loss scale: 1.0 | grad norm: 0.537 | number of skipped iterations:   0 | number of nan iterations:   0 |
3: [default3]: [2026-05-23 03:49:59.231012] iteration     1064/    1537 | consumed samples:        34048 | elapsed time per iteration (ms): 1059.6 | throughput per GPU (TFLOP/s/GPU): 358.3 | tokens/sec/GPU: 7731 | learning rate: 3.199076E-05 | global batch size:    32 | lm loss: 3.125534E+00 | loss scale: 1.0 | grad norm: 0.579 | number of skipped iterations:   0 | number of nan iterations:   0 |
3: [default3]: [2026-05-23 03:50:00.290464] iteration     1065/    1537 | consumed samples:        34080 | elapsed time per iteration (ms): 1059.3 | throughput per GPU (TFLOP/s/GPU): 358.4 | tokens/sec/GPU: 7733 | learning rate: 3.190626E-05 | global batch size:    32 | lm loss: 3.025906E+00 | loss scale: 1.0 | grad norm: 0.574 | number of skipped iterations:   0 | number of nan iterations:   0 |
3: [default3]: [2026-05-23 03:50:01.353436] iteration     1066/    1537 | consumed samples:        34112 | elapsed time per iteration (ms): 1062.8 | throughput per GPU (TFLOP/s/GPU): 357.2 | tokens/sec/GPU: 7708 | learning rate: 3.182188E-05 | global batch size:    32 | lm loss: 3.156671E+00 | loss scale: 1.0 | grad norm: 5.104 | number of skipped iterations:   0 | number of nan iterations:   0 |
3: [default3]: [2026-05-23 03:50:02.415243] iteration     1067/    1537 | consumed samples:        34144 | elapsed time per iteration (ms): 1061.6 | throughput per GPU (TFLOP/s/GPU): 357.6 | tokens/sec/GPU: 7716 | learning rate: 3.173761E-05 | global batch size:    32 | lm loss: 2.938504E+00 | loss scale: 1.0 | grad norm: 0.566 | number of skipped iterations:   0 | number of nan iterations:   0 |
3: [default3]: [2026-05-23 03:50:03.473911] iteration     1068/    1537 | consumed samples:        34176 | elapsed time per iteration (ms): 1058.5 | throughput per GPU (TFLOP/s/GPU): 358.7 | tokens/sec/GPU: 7739 | learning rate: 3.165345E-05 | global batch size:    32 | lm loss: 2.938175E+00 | loss scale: 1.0 | grad norm: 0.623 | number of skipped iterations:   0 | number of nan iterations:   0 |
3: [default3]: [2026-05-23 03:50:04.530208] iteration     1069/    1537 | consumed samples:        34208 | elapsed time per iteration (ms): 1056.1 | throughput per GPU (TFLOP/s/GPU): 359.5 | tokens/sec/GPU: 7757 | learning rate: 3.156941E-05 | global batch size:    32 | lm loss: 3.039585E+00 | loss scale: 1.0 | grad norm: 0.612 | number of skipped iterations:   0 | number of nan iterations:   0 |
3: [default3]: [2026-05-23 03:50:05.596018] iteration     1070/    1537 | consumed samples:        34240 | elapsed time per iteration (ms): 1065.6 | throughput per GPU (TFLOP/s/GPU): 356.3 | tokens/sec/GPU: 7688 | learning rate: 3.148547E-05 | global batch size:    32 | lm loss: 3.038292E+00 | loss scale: 1.0 | grad norm: 1.956 | number of skipped iterations:   0 | number of nan iterations:   0 |
3: [default3]: [2026-05-23 03:50:06.661314] iteration     1071/    1537 | consumed samples:        34272 | elapsed time per iteration (ms): 1065.1 | throughput per GPU (TFLOP/s/GPU): 356.4 | tokens/sec/GPU: 7692 | learning rate: 3.140164E-05 | global batch size:    32 | lm loss: 3.060142E+00 | loss scale: 1.0 | grad norm: 0.585 | number of skipped iterations:   0 | number of nan iterations:   0 |
3: [default3]: [2026-05-23 03:50:07.725229] iteration     1072/    1537 | consumed samples:        34304 | elapsed time per iteration (ms): 1063.7 | throughput per GPU (TFLOP/s/GPU): 356.9 | tokens/sec/GPU: 7701 | learning rate: 3.131793E-05 | global batch size:    32 | lm loss: 3.154482E+00 | loss scale: 1.0 | grad norm: 0.609 | number of skipped iterations:   0 | number of nan iterations:   0 |
3: [default3]: [2026-05-23 03:50:08.787191] iteration     1073/    1537 | consumed samples:        34336 | elapsed time per iteration (ms): 1061.8 | throughput per GPU (TFLOP/s/GPU): 357.5 | tokens/sec/GPU: 7715 | learning rate: 3.123434E-05 | global batch size:    32 | lm loss: 3.182148E+00 | loss scale: 1.0 | grad norm: 0.611 | number of skipped iterations:   0 | number of nan iterations:   0 |
3: [default3]: [2026-05-23 03:50:09.852867] iteration     1074/    1537 | consumed samples:        34368 | elapsed time per iteration (ms): 1065.4 | throughput per GPU (TFLOP/s/GPU): 356.3 | tokens/sec/GPU: 7689 | learning rate: 3.115085E-05 | global batch size:    32 | lm loss: 3.162195E+00 | loss scale: 1.0 | grad norm: 0.608 | number of skipped iterations:   0 | number of nan iterations:   0 |
3: [default3]: [2026-05-23 03:50:10.919005] iteration     1075/    1537 | consumed samples:        34400 | elapsed time per iteration (ms): 1065.9 | throughput per GPU (TFLOP/s/GPU): 356.2 | tokens/sec/GPU: 7685 | learning rate: 3.106748E-05 | global batch size:    32 | lm loss: 3.478752E+00 | loss scale: 1.0 | grad norm: 0.595 | number of skipped iterations:   0 | number of nan iterations:   0 |
3: [default3]: [2026-05-23 03:50:11.977892] iteration     1076/    1537 | consumed samples:        34432 | elapsed time per iteration (ms): 1058.6 | throughput per GPU (TFLOP/s/GPU): 358.6 | tokens/sec/GPU: 7739 | learning rate: 3.098423E-05 | global batch size:    32 | lm loss: 3.065394E+00 | loss scale: 1.0 | grad norm: 0.540 | number of skipped iterations:   0 | number of nan iterations:   0 |
3: [default3]: [2026-05-23 03:50:13.038970] iteration     1077/    1537 | consumed samples:        34464 | elapsed time per iteration (ms): 1060.9 | throughput per GPU (TFLOP/s/GPU): 357.8 | tokens/sec/GPU: 7722 | learning rate: 3.090109E-05 | global batch size:    32 | lm loss: 3.194820E+00 | loss scale: 1.0 | grad norm: 0.584 | number of skipped iterations:   0 | number of nan iterations:   0 |
3: [default3]: [2026-05-23 03:50:14.103468] iteration     1078/    1537 | consumed samples:        34496 | elapsed time per iteration (ms): 1064.3 | throughput per GPU (TFLOP/s/GPU): 356.7 | tokens/sec/GPU: 7697 | learning rate: 3.081806E-05 | global batch size:    32 | lm loss: 3.137117E+00 | loss scale: 1.0 | grad norm: 0.596 | number of skipped iterations:   0 | number of nan iterations:   0 |
3: [default3]: [2026-05-23 03:50:15.163571] iteration     1079/    1537 | consumed samples:        34528 | elapsed time per iteration (ms): 1059.9 | throughput per GPU (TFLOP/s/GPU): 358.2 | tokens/sec/GPU: 7729 | learning rate: 3.073515E-05 | global batch size:    32 | lm loss: 3.027503E+00 | loss scale: 1.0 | grad norm: 0.572 | number of skipped iterations:   0 | number of nan iterations:   0 |
3: [default3]: [2026-05-23 03:50:16.230247] iteration     1080/    1537 | consumed samples:        34560 | elapsed time per iteration (ms): 1066.4 | throughput per GPU (TFLOP/s/GPU): 356.0 | tokens/sec/GPU: 7682 | learning rate: 3.065236E-05 | global batch size:    32 | lm loss: 2.957764E+00 | loss scale: 1.0 | grad norm: 0.547 | number of skipped iterations:   0 | number of nan iterations:   0 |
3: [default3]: [2026-05-23 03:50:17.288492] iteration     1081/    1537 | consumed samples:        34592 | elapsed time per iteration (ms): 1058.0 | throughput per GPU (TFLOP/s/GPU): 358.8 | tokens/sec/GPU: 7743 | learning rate: 3.056968E-05 | global batch size:    32 | lm loss: 2.967023E+00 | loss scale: 1.0 | grad norm: 0.671 | number of skipped iterations:   0 | number of nan iterations:   0 |
3: [default3]: [2026-05-23 03:50:18.354644] iteration     1082/    1537 | consumed samples:        34624 | elapsed time per iteration (ms): 1066.0 | throughput per GPU (TFLOP/s/GPU): 356.1 | tokens/sec/GPU: 7685 | learning rate: 3.048712E-05 | global batch size:    32 | lm loss: 3.078272E+00 | loss scale: 1.0 | grad norm: 0.609 | number of skipped iterations:   0 | number of nan iterations:   0 |
3: [default3]: [2026-05-23 03:50:19.429093] iteration     1083/    1537 | consumed samples:        34656 | elapsed time per iteration (ms): 1074.2 | throughput per GPU (TFLOP/s/GPU): 353.4 | tokens/sec/GPU: 7626 | learning rate: 3.040468E-05 | global batch size:    32 | lm loss: 3.096973E+00 | loss scale: 1.0 | grad norm: 0.580 | number of skipped iterations:   0 | number of nan iterations:   0 |
3: [default3]: [2026-05-23 03:50:20.498955] iteration     1084/    1537 | consumed samples:        34688 | elapsed time per iteration (ms): 1069.7 | throughput per GPU (TFLOP/s/GPU): 354.9 | tokens/sec/GPU: 7659 | learning rate: 3.032235E-05 | global batch size:    32 | lm loss: 3.127604E+00 | loss scale: 1.0 | grad norm: 0.556 | number of skipped iterations:   0 | number of nan iterations:   0 |
3: [default3]: [2026-05-23 03:50:21.556459] iteration     1085/    1537 | consumed samples:        34720 | elapsed time per iteration (ms): 1057.4 | throughput per GPU (TFLOP/s/GPU): 359.0 | tokens/sec/GPU: 7748 | learning rate: 3.024014E-05 | global batch size:    32 | lm loss: 3.004847E+00 | loss scale: 1.0 | grad norm: 0.836 | number of skipped iterations:   0 | number of nan iterations:   0 |
3: [default3]: [2026-05-23 03:50:22.615136] iteration     1086/    1537 | consumed samples:        34752 | elapsed time per iteration (ms): 1058.4 | throughput per GPU (TFLOP/s/GPU): 358.7 | tokens/sec/GPU: 7740 | learning rate: 3.015805E-05 | global batch size:    32 | lm loss: 2.889250E+00 | loss scale: 1.0 | grad norm: 0.550 | number of skipped iterations:   0 | number of nan iterations:   0 |
3: [default3]: [2026-05-23 03:50:23.673782] iteration     1087/    1537 | consumed samples:        34784 | elapsed time per iteration (ms): 1058.5 | throughput per GPU (TFLOP/s/GPU): 358.7 | tokens/sec/GPU: 7739 | learning rate: 3.007608E-05 | global batch size:    32 | lm loss: 3.121269E+00 | loss scale: 1.0 | grad norm: 0.576 | number of skipped iterations:   0 | number of nan iterations:   0 |
3: [default3]: [2026-05-23 03:50:24.733361] iteration     1088/    1537 | consumed samples:        34816 | elapsed time per iteration (ms): 1059.4 | throughput per GPU (TFLOP/s/GPU): 358.4 | tokens/sec/GPU: 7733 | learning rate: 2.999423E-05 | global batch size:    32 | lm loss: 2.981103E+00 | loss scale: 1.0 | grad norm: 0.597 | number of skipped iterations:   0 | number of nan iterations:   0 |
3: [default3]: [2026-05-23 03:50:25.791209] iteration     1089/    1537 | consumed samples:        34848 | elapsed time per iteration (ms): 1057.6 | throughput per GPU (TFLOP/s/GPU): 359.0 | tokens/sec/GPU: 7746 | learning rate: 2.991249E-05 | global batch size:    32 | lm loss: 3.148705E+00 | loss scale: 1.0 | grad norm: 0.596 | number of skipped iterations:   0 | number of nan iterations:   0 |
3: [default3]: [2026-05-23 03:50:26.848989] iteration     1090/    1537 | consumed samples:        34880 | elapsed time per iteration (ms): 1057.6 | throughput per GPU (TFLOP/s/GPU): 359.0 | tokens/sec/GPU: 7746 | learning rate: 2.983088E-05 | global batch size:    32 | lm loss: 2.977531E+00 | loss scale: 1.0 | grad norm: 0.594 | number of skipped iterations:   0 | number of nan iterations:   0 |
3: [default3]: [2026-05-23 03:50:27.909725] iteration     1091/    1537 | consumed samples:        34912 | elapsed time per iteration (ms): 1060.6 | throughput per GPU (TFLOP/s/GPU): 358.0 | tokens/sec/GPU: 7724 | learning rate: 2.974939E-05 | global batch size:    32 | lm loss: 2.882483E+00 | loss scale: 1.0 | grad norm: 0.555 | number of skipped iterations:   0 | number of nan iterations:   0 |
3: [default3]: [2026-05-23 03:50:28.969700] iteration     1092/    1537 | consumed samples:        34944 | elapsed time per iteration (ms): 1059.5 | throughput per GPU (TFLOP/s/GPU): 358.3 | tokens/sec/GPU: 7732 | learning rate: 2.966802E-05 | global batch size:    32 | lm loss: 2.872342E+00 | loss scale: 1.0 | grad norm: 0.577 | number of skipped iterations:   0 | number of nan iterations:   0 |
3: [default3]: [2026-05-23 03:50:30.030669] iteration     1093/    1537 | consumed samples:        34976 | elapsed time per iteration (ms): 1060.8 | throughput per GPU (TFLOP/s/GPU): 357.9 | tokens/sec/GPU: 7722 | learning rate: 2.958677E-05 | global batch size:    32 | lm loss: 3.171784E+00 | loss scale: 1.0 | grad norm: 0.604 | number of skipped iterations:   0 | number of nan iterations:   0 |
3: [default3]: [2026-05-23 03:50:31.094590] iteration     1094/    1537 | consumed samples:        35008 | elapsed time per iteration (ms): 1063.7 | throughput per GPU (TFLOP/s/GPU): 356.9 | tokens/sec/GPU: 7702 | learning rate: 2.950564E-05 | global batch size:    32 | lm loss: 2.916598E+00 | loss scale: 1.0 | grad norm: 0.560 | number of skipped iterations:   0 | number of nan iterations:   0 |
3: [default3]: [2026-05-23 03:50:32.161905] iteration     1095/    1537 | consumed samples:        35040 | elapsed time per iteration (ms): 1067.2 | throughput per GPU (TFLOP/s/GPU): 355.7 | tokens/sec/GPU: 7676 | learning rate: 2.942463E-05 | global batch size:    32 | lm loss: 3.114207E+00 | loss scale: 1.0 | grad norm: 0.567 | number of skipped iterations:   0 | number of nan iterations:   0 |
3: [default3]: [2026-05-23 03:50:33.226757] iteration     1096/    1537 | consumed samples:        35072 | elapsed time per iteration (ms): 1064.7 | throughput per GPU (TFLOP/s/GPU): 356.6 | tokens/sec/GPU: 7694 | learning rate: 2.934375E-05 | global batch size:    32 | lm loss: 3.086335E+00 | loss scale: 1.0 | grad norm: 0.664 | number of skipped iterations:   0 | number of nan iterations:   0 |
3: [default3]: [2026-05-23 03:50:34.292191] iteration     1097/    1537 | consumed samples:        35104 | elapsed time per iteration (ms): 1065.2 | throughput per GPU (TFLOP/s/GPU): 356.4 | tokens/sec/GPU: 7690 | learning rate: 2.926298E-05 | global batch size:    32 | lm loss: 3.046124E+00 | loss scale: 1.0 | grad norm: 0.617 | number of skipped iterations:   0 | number of nan iterations:   0 |
3: [default3]: [2026-05-23 03:50:35.350309] iteration     1098/    1537 | consumed samples:        35136 | elapsed time per iteration (ms): 1057.9 | throughput per GPU (TFLOP/s/GPU): 358.9 | tokens/sec/GPU: 7743 | learning rate: 2.918235E-05 | global batch size:    32 | lm loss: 3.032616E+00 | loss scale: 1.0 | grad norm: 0.574 | number of skipped iterations:   0 | number of nan iterations:   0 |
3: [default3]: [2026-05-23 03:50:36.418051] iteration     1099/    1537 | consumed samples:        35168 | elapsed time per iteration (ms): 1067.6 | throughput per GPU (TFLOP/s/GPU): 355.6 | tokens/sec/GPU: 7674 | learning rate: 2.910183E-05 | global batch size:    32 | lm loss: 3.101314E+00 | loss scale: 1.0 | grad norm: 0.656 | number of skipped iterations:   0 | number of nan iterations:   0 |
3: [default3]: [2026-05-23 03:50:37.485887] iteration     1100/    1537 | consumed samples:        35200 | elapsed time per iteration (ms): 1067.6 | throughput per GPU (TFLOP/s/GPU): 355.6 | tokens/sec/GPU: 7673 | learning rate: 2.902144E-05 | global batch size:    32 | lm loss: 3.240394E+00 | loss scale: 1.0 | grad norm: 0.557 | number of skipped iterations:   0 | number of nan iterations:   0 |
3: [default3]: [2026-05-23 03:50:39.235554] iteration     1101/    1537 | consumed samples:        35232 | elapsed time per iteration (ms): 1749.5 | throughput per GPU (TFLOP/s/GPU): 217.0 | tokens/sec/GPU: 4682 | learning rate: 2.894117E-05 | global batch size:    32 | lm loss: 3.134699E+00 | loss scale: 1.0 | grad norm: 0.544 | number of skipped iterations:   0 | number of nan iterations:   0 |
3: [default3]: [2026-05-23 03:50:40.299163] iteration     1102/    1537 | consumed samples:        35264 | elapsed time per iteration (ms): 1063.3 | throughput per GPU (TFLOP/s/GPU): 357.0 | tokens/sec/GPU: 7704 | learning rate: 2.886103E-05 | global batch size:    32 | lm loss: 2.978815E+00 | loss scale: 1.0 | grad norm: 0.565 | number of skipped iterations:   0 | number of nan iterations:   0 |
3: [default3]: [2026-05-23 03:50:41.356806] iteration     1103/    1537 | consumed samples:        35296 | elapsed time per iteration (ms): 1057.5 | throughput per GPU (TFLOP/s/GPU): 359.0 | tokens/sec/GPU: 7747 | learning rate: 2.878101E-05 | global batch size:    32 | lm loss: 2.985675E+00 | loss scale: 1.0 | grad norm: 0.604 | number of skipped iterations:   0 | number of nan iterations:   0 |
3: [default3]: [2026-05-23 03:50:42.416296] iteration     1104/    1537 | consumed samples:        35328 | elapsed time per iteration (ms): 1059.3 | throughput per GPU (TFLOP/s/GPU): 358.4 | tokens/sec/GPU: 7733 | learning rate: 2.870111E-05 | global batch size:    32 | lm loss: 3.101541E+00 | loss scale: 1.0 | grad norm: 0.589 | number of skipped iterations:   0 | number of nan iterations:   0 |
3: [default3]: [2026-05-23 03:50:43.471181] iteration     1105/    1537 | consumed samples:        35360 | elapsed time per iteration (ms): 1054.7 | throughput per GPU (TFLOP/s/GPU): 359.9 | tokens/sec/GPU: 7767 | learning rate: 2.862135E-05 | global batch size:    32 | lm loss: 2.863614E+00 | loss scale: 1.0 | grad norm: 0.775 | number of skipped iterations:   0 | number of nan iterations:   0 |
3: [default3]: [2026-05-23 03:50:44.534536] iteration     1106/    1537 | consumed samples:        35392 | elapsed time per iteration (ms): 1063.2 | throughput per GPU (TFLOP/s/GPU): 357.1 | tokens/sec/GPU: 7705 | learning rate: 2.854170E-05 | global batch size:    32 | lm loss: 2.997432E+00 | loss scale: 1.0 | grad norm: 0.605 | number of skipped iterations:   0 | number of nan iterations:   0 |
3: [default3]: [2026-05-23 03:50:45.596680] iteration     1107/    1537 | consumed samples:        35424 | elapsed time per iteration (ms): 1062.0 | throughput per GPU (TFLOP/s/GPU): 357.5 | tokens/sec/GPU: 7714 | learning rate: 2.846219E-05 | global batch size:    32 | lm loss: 2.994424E+00 | loss scale: 1.0 | grad norm: 0.579 | number of skipped iterations:   0 | number of nan iterations:   0 |
3: [default3]: [2026-05-23 03:50:46.657474] iteration     1108/    1537 | consumed samples:        35456 | elapsed time per iteration (ms): 1060.6 | throughput per GPU (TFLOP/s/GPU): 357.9 | tokens/sec/GPU: 7724 | learning rate: 2.838280E-05 | global batch size:    32 | lm loss: 2.807840E+00 | loss scale: 1.0 | grad norm: 0.564 | number of skipped iterations:   0 | number of nan iterations:   0 |
3: [default3]: [2026-05-23 03:50:47.721646] iteration     1109/    1537 | consumed samples:        35488 | elapsed time per iteration (ms): 1064.0 | throughput per GPU (TFLOP/s/GPU): 356.8 | tokens/sec/GPU: 7699 | learning rate: 2.830354E-05 | global batch size:    32 | lm loss: 3.004989E+00 | loss scale: 1.0 | grad norm: 0.565 | number of skipped iterations:   0 | number of nan iterations:   0 |
3: [default3]: [2026-05-23 03:50:48.783061] iteration     1110/    1537 | consumed samples:        35520 | elapsed time per iteration (ms): 1061.2 | throughput per GPU (TFLOP/s/GPU): 357.7 | tokens/sec/GPU: 7719 | learning rate: 2.822441E-05 | global batch size:    32 | lm loss: 3.315110E+00 | loss scale: 1.0 | grad norm: 0.583 | number of skipped iterations:   0 | number of nan iterations:   0 |
3: [default3]: [2026-05-23 03:50:49.845692] iteration     1111/    1537 | consumed samples:        35552 | elapsed time per iteration (ms): 1062.4 | throughput per GPU (TFLOP/s/GPU): 357.4 | tokens/sec/GPU: 7711 | learning rate: 2.814540E-05 | global batch size:    32 | lm loss: 2.642706E+00 | loss scale: 1.0 | grad norm: 0.553 | number of skipped iterations:   0 | number of nan iterations:   0 |
3: [default3]: [2026-05-23 03:50:50.903021] iteration     1112/    1537 | consumed samples:        35584 | elapsed time per iteration (ms): 1057.1 | throughput per GPU (TFLOP/s/GPU): 359.1 | tokens/sec/GPU: 7749 | learning rate: 2.806653E-05 | global batch size:    32 | lm loss: 3.155745E+00 | loss scale: 1.0 | grad norm: 0.577 | number of skipped iterations:   0 | number of nan iterations:   0 |
3: [default3]: [2026-05-23 03:50:51.961335] iteration     1113/    1537 | consumed samples:        35616 | elapsed time per iteration (ms): 1058.2 | throughput per GPU (TFLOP/s/GPU): 358.8 | tokens/sec/GPU: 7742 | learning rate: 2.798778E-05 | global batch size:    32 | lm loss: 2.885722E+00 | loss scale: 1.0 | grad norm: 0.578 | number of skipped iterations:   0 | number of nan iterations:   0 |
3: [default3]: [2026-05-23 03:50:53.015963] iteration     1114/    1537 | consumed samples:        35648 | elapsed time per iteration (ms): 1054.5 | throughput per GPU (TFLOP/s/GPU): 360.0 | tokens/sec/GPU: 7769 | learning rate: 2.790916E-05 | global batch size:    32 | lm loss: 3.232405E+00 | loss scale: 1.0 | grad norm: 0.574 | number of skipped iterations:   0 | number of nan iterations:   0 |
3: [default3]: [2026-05-23 03:50:54.080437] iteration     1115/    1537 | consumed samples:        35680 | elapsed time per iteration (ms): 1064.3 | throughput per GPU (TFLOP/s/GPU): 356.7 | tokens/sec/GPU: 7697 | learning rate: 2.783067E-05 | global batch size:    32 | lm loss: 2.869637E+00 | loss scale: 1.0 | grad norm: 0.585 | number of skipped iterations:   0 | number of nan iterations:   0 |
3: [default3]: [2026-05-23 03:50:55.139518] iteration     1116/    1537 | consumed samples:        35712 | elapsed time per iteration (ms): 1058.9 | throughput per GPU (TFLOP/s/GPU): 358.5 | tokens/sec/GPU: 7736 | learning rate: 2.775231E-05 | global batch size:    32 | lm loss: 3.160481E+00 | loss scale: 1.0 | grad norm: 0.657 | number of skipped iterations:   0 | number of nan iterations:   0 |
3: [default3]: [2026-05-23 03:50:56.199479] iteration     1117/    1537 | consumed samples:        35744 | elapsed time per iteration (ms): 1059.8 | throughput per GPU (TFLOP/s/GPU): 358.2 | tokens/sec/GPU: 7730 | learning rate: 2.767408E-05 | global batch size:    32 | lm loss: 2.981065E+00 | loss scale: 1.0 | grad norm: 0.690 | number of skipped iterations:   0 | number of nan iterations:   0 |
3: [default3]: [2026-05-23 03:50:57.258016] iteration     1118/    1537 | consumed samples:        35776 | elapsed time per iteration (ms): 1058.3 | throughput per GPU (TFLOP/s/GPU): 358.7 | tokens/sec/GPU: 7741 | learning rate: 2.759598E-05 | global batch size:    32 | lm loss: 2.908903E+00 | loss scale: 1.0 | grad norm: 0.701 | number of skipped iterations:   0 | number of nan iterations:   0 |
3: [default3]: [2026-05-23 03:50:58.317049] iteration     1119/    1537 | consumed samples:        35808 | elapsed time per iteration (ms): 1058.9 | throughput per GPU (TFLOP/s/GPU): 358.5 | tokens/sec/GPU: 7736 | learning rate: 2.751801E-05 | global batch size:    32 | lm loss: 3.091167E+00 | loss scale: 1.0 | grad norm: 0.542 | number of skipped iterations:   0 | number of nan iterations:   0 |
3: [default3]: [2026-05-23 03:50:59.375655] iteration     1120/    1537 | consumed samples:        35840 | elapsed time per iteration (ms): 1058.4 | throughput per GPU (TFLOP/s/GPU): 358.7 | tokens/sec/GPU: 7740 | learning rate: 2.744018E-05 | global batch size:    32 | lm loss: 2.965888E+00 | loss scale: 1.0 | grad norm: 0.618 | number of skipped iterations:   0 | number of nan iterations:   0 |
3: [default3]: [2026-05-23 03:51:00.434123] iteration     1121/    1537 | consumed samples:        35872 | elapsed time per iteration (ms): 1058.3 | throughput per GPU (TFLOP/s/GPU): 358.7 | tokens/sec/GPU: 7741 | learning rate: 2.736247E-05 | global batch size:    32 | lm loss: 3.134760E+00 | loss scale: 1.0 | grad norm: 0.584 | number of skipped iterations:   0 | number of nan iterations:   0 |
3: [default3]: [2026-05-23 03:51:01.490073] iteration     1122/    1537 | consumed samples:        35904 | elapsed time per iteration (ms): 1055.8 | throughput per GPU (TFLOP/s/GPU): 359.6 | tokens/sec/GPU: 7759 | learning rate: 2.728490E-05 | global batch size:    32 | lm loss: 2.956800E+00 | loss scale: 1.0 | grad norm: 0.631 | number of skipped iterations:   0 | number of nan iterations:   0 |
3: [default3]: [2026-05-23 03:51:02.548019] iteration     1123/    1537 | consumed samples:        35936 | elapsed time per iteration (ms): 1057.8 | throughput per GPU (TFLOP/s/GPU): 358.9 | tokens/sec/GPU: 7745 | learning rate: 2.720746E-05 | global batch size:    32 | lm loss: 2.869040E+00 | loss scale: 1.0 | grad norm: 0.569 | number of skipped iterations:   0 | number of nan iterations:   0 |
3: [default3]: [2026-05-23 03:51:03.611976] iteration     1124/    1537 | consumed samples:        35968 | elapsed time per iteration (ms): 1063.8 | throughput per GPU (TFLOP/s/GPU): 356.9 | tokens/sec/GPU: 7701 | learning rate: 2.713015E-05 | global batch size:    32 | lm loss: 3.135196E+00 | loss scale: 1.0 | grad norm: 0.591 | number of skipped iterations:   0 | number of nan iterations:   0 |
3: [default3]: [2026-05-23 03:51:04.672862] iteration     1125/    1537 | consumed samples:        36000 | elapsed time per iteration (ms): 1060.7 | throughput per GPU (TFLOP/s/GPU): 357.9 | tokens/sec/GPU: 7723 | learning rate: 2.705298E-05 | global batch size:    32 | lm loss: 2.921868E+00 | loss scale: 1.0 | grad norm: 0.566 | number of skipped iterations:   0 | number of nan iterations:   0 |
3: [default3]: [2026-05-23 03:51:05.732468] iteration     1126/    1537 | consumed samples:        36032 | elapsed time per iteration (ms): 1059.3 | throughput per GPU (TFLOP/s/GPU): 358.4 | tokens/sec/GPU: 7733 | learning rate: 2.697593E-05 | global batch size:    32 | lm loss: 2.931259E+00 | loss scale: 1.0 | grad norm: 0.562 | number of skipped iterations:   0 | number of nan iterations:   0 |
3: [default3]: [2026-05-23 03:51:06.794307] iteration     1127/    1537 | consumed samples:        36064 | elapsed time per iteration (ms): 1061.6 | throughput per GPU (TFLOP/s/GPU): 357.6 | tokens/sec/GPU: 7716 | learning rate: 2.689903E-05 | global batch size:    32 | lm loss: 3.103044E+00 | loss scale: 1.0 | grad norm: 0.581 | number of skipped iterations:   0 | number of nan iterations:   0 |
3: [default3]: [2026-05-23 03:51:07.854715] iteration     1128/    1537 | consumed samples:        36096 | elapsed time per iteration (ms): 1060.2 | throughput per GPU (TFLOP/s/GPU): 358.1 | tokens/sec/GPU: 7727 | learning rate: 2.682226E-05 | global batch size:    32 | lm loss: 3.100376E+00 | loss scale: 1.0 | grad norm: 0.675 | number of skipped iterations:   0 | number of nan iterations:   0 |
3: [default3]: [2026-05-23 03:51:08.913326] iteration     1129/    1537 | consumed samples:        36128 | elapsed time per iteration (ms): 1058.4 | throughput per GPU (TFLOP/s/GPU): 358.7 | tokens/sec/GPU: 7740 | learning rate: 2.674562E-05 | global batch size:    32 | lm loss: 2.819547E+00 | loss scale: 1.0 | grad norm: 0.603 | number of skipped iterations:   0 | number of nan iterations:   0 |
3: [default3]: [2026-05-23 03:51:09.984158] iteration     1130/    1537 | consumed samples:        36160 | elapsed time per iteration (ms): 1070.7 | throughput per GPU (TFLOP/s/GPU): 354.6 | tokens/sec/GPU: 7651 | learning rate: 2.666911E-05 | global batch size:    32 | lm loss: 3.184635E+00 | loss scale: 1.0 | grad norm: 5.243 | number of skipped iterations:   0 | number of nan iterations:   0 |
3: [default3]: [2026-05-23 03:51:11.049838] iteration     1131/    1537 | consumed samples:        36192 | elapsed time per iteration (ms): 1065.5 | throughput per GPU (TFLOP/s/GPU): 356.3 | tokens/sec/GPU: 7688 | learning rate: 2.659275E-05 | global batch size:    32 | lm loss: 3.065119E+00 | loss scale: 1.0 | grad norm: 0.587 | number of skipped iterations:   0 | number of nan iterations:   0 |
3: [default3]: [2026-05-23 03:51:12.112780] iteration     1132/    1537 | consumed samples:        36224 | elapsed time per iteration (ms): 1062.8 | throughput per GPU (TFLOP/s/GPU): 357.2 | tokens/sec/GPU: 7708 | learning rate: 2.651652E-05 | global batch size:    32 | lm loss: 2.974867E+00 | loss scale: 1.0 | grad norm: 0.614 | number of skipped iterations:   0 | number of nan iterations:   0 |
3: [default3]: [2026-05-23 03:51:13.176319] iteration     1133/    1537 | consumed samples:        36256 | elapsed time per iteration (ms): 1063.4 | throughput per GPU (TFLOP/s/GPU): 357.0 | tokens/sec/GPU: 7704 | learning rate: 2.644042E-05 | global batch size:    32 | lm loss: 2.990359E+00 | loss scale: 1.0 | grad norm: 0.594 | number of skipped iterations:   0 | number of nan iterations:   0 |
3: [default3]: [2026-05-23 03:51:14.238264] iteration     1134/    1537 | consumed samples:        36288 | elapsed time per iteration (ms): 1061.6 | throughput per GPU (TFLOP/s/GPU): 357.6 | tokens/sec/GPU: 7716 | learning rate: 2.636446E-05 | global batch size:    32 | lm loss: 2.897571E+00 | loss scale: 1.0 | grad norm: 0.553 | number of skipped iterations:   0 | number of nan iterations:   0 |
3: [default3]: [2026-05-23 03:51:15.301843] iteration     1135/    1537 | consumed samples:        36320 | elapsed time per iteration (ms): 1063.3 | throughput per GPU (TFLOP/s/GPU): 357.0 | tokens/sec/GPU: 7704 | learning rate: 2.628864E-05 | global batch size:    32 | lm loss: 3.101731E+00 | loss scale: 1.0 | grad norm: 0.576 | number of skipped iterations:   0 | number of nan iterations:   0 |
3: [default3]: [2026-05-23 03:51:16.365558] iteration     1136/    1537 | consumed samples:        36352 | elapsed time per iteration (ms): 1063.5 | throughput per GPU (TFLOP/s/GPU): 357.0 | tokens/sec/GPU: 7703 | learning rate: 2.621296E-05 | global batch size:    32 | lm loss: 3.091856E+00 | loss scale: 1.0 | grad norm: 0.593 | number of skipped iterations:   0 | number of nan iterations:   0 |
3: [default3]: [2026-05-23 03:51:17.427350] iteration     1137/    1537 | consumed samples:        36384 | elapsed time per iteration (ms): 1061.6 | throughput per GPU (TFLOP/s/GPU): 357.6 | tokens/sec/GPU: 7716 | learning rate: 2.613741E-05 | global batch size:    32 | lm loss: 3.252119E+00 | loss scale: 1.0 | grad norm: 0.614 | number of skipped iterations:   0 | number of nan iterations:   0 |
3: [default3]: [2026-05-23 03:51:18.485643] iteration     1138/    1537 | consumed samples:        36416 | elapsed time per iteration (ms): 1058.2 | throughput per GPU (TFLOP/s/GPU): 358.8 | tokens/sec/GPU: 7742 | learning rate: 2.606200E-05 | global batch size:    32 | lm loss: 3.125268E+00 | loss scale: 1.0 | grad norm: 0.694 | number of skipped iterations:   0 | number of nan iterations:   0 |
3: [default3]: [2026-05-23 03:51:19.544644] iteration     1139/    1537 | consumed samples:        36448 | elapsed time per iteration (ms): 1058.8 | throughput per GPU (TFLOP/s/GPU): 358.6 | tokens/sec/GPU: 7737 | learning rate: 2.598673E-05 | global batch size:    32 | lm loss: 3.141454E+00 | loss scale: 1.0 | grad norm: 0.547 | number of skipped iterations:   0 | number of nan iterations:   0 |
3: [default3]: [2026-05-23 03:51:20.606415] iteration     1140/    1537 | consumed samples:        36480 | elapsed time per iteration (ms): 1061.6 | throughput per GPU (TFLOP/s/GPU): 357.6 | tokens/sec/GPU: 7717 | learning rate: 2.591160E-05 | global batch size:    32 | lm loss: 3.025131E+00 | loss scale: 1.0 | grad norm: 0.644 | number of skipped iterations:   0 | number of nan iterations:   0 |
3: [default3]: [2026-05-23 03:51:21.663113] iteration     1141/    1537 | consumed samples:        36512 | elapsed time per iteration (ms): 1056.5 | throughput per GPU (TFLOP/s/GPU): 359.3 | tokens/sec/GPU: 7754 | learning rate: 2.583660E-05 | global batch size:    32 | lm loss: 3.186083E+00 | loss scale: 1.0 | grad norm: 0.827 | number of skipped iterations:   0 | number of nan iterations:   0 |
3: [default3]: [2026-05-23 03:51:22.722454] iteration     1142/    1537 | consumed samples:        36544 | elapsed time per iteration (ms): 1059.2 | throughput per GPU (TFLOP/s/GPU): 358.4 | tokens/sec/GPU: 7734 | learning rate: 2.576175E-05 | global batch size:    32 | lm loss: 2.800474E+00 | loss scale: 1.0 | grad norm: 0.591 | number of skipped iterations:   0 | number of nan iterations:   0 |
3: [default3]: [2026-05-23 03:51:23.778084] iteration     1143/    1537 | consumed samples:        36576 | elapsed time per iteration (ms): 1055.5 | throughput per GPU (TFLOP/s/GPU): 359.7 | tokens/sec/GPU: 7762 | learning rate: 2.568703E-05 | global batch size:    32 | lm loss: 3.197062E+00 | loss scale: 1.0 | grad norm: 0.595 | number of skipped iterations:   0 | number of nan iterations:   0 |
3: [default3]: [2026-05-23 03:51:24.842239] iteration     1144/    1537 | consumed samples:        36608 | elapsed time per iteration (ms): 1064.0 | throughput per GPU (TFLOP/s/GPU): 356.8 | tokens/sec/GPU: 7699 | learning rate: 2.561246E-05 | global batch size:    32 | lm loss: 3.078392E+00 | loss scale: 1.0 | grad norm: 0.629 | number of skipped iterations:   0 | number of nan iterations:   0 |
3: [default3]: [2026-05-23 03:51:25.901315] iteration     1145/    1537 | consumed samples:        36640 | elapsed time per iteration (ms): 1058.9 | throughput per GPU (TFLOP/s/GPU): 358.5 | tokens/sec/GPU: 7736 | learning rate: 2.553803E-05 | global batch size:    32 | lm loss: 3.061786E+00 | loss scale: 1.0 | grad norm: 0.556 | number of skipped iterations:   0 | number of nan iterations:   0 |
3: [default3]: [2026-05-23 03:51:26.963392] iteration     1146/    1537 | consumed samples:        36672 | elapsed time per iteration (ms): 1061.9 | throughput per GPU (TFLOP/s/GPU): 357.5 | tokens/sec/GPU: 7714 | learning rate: 2.546373E-05 | global batch size:    32 | lm loss: 3.028987E+00 | loss scale: 1.0 | grad norm: 1.031 | number of skipped iterations:   0 | number of nan iterations:   0 |
3: [default3]: [2026-05-23 03:51:28.027370] iteration     1147/    1537 | consumed samples:        36704 | elapsed time per iteration (ms): 1063.8 | throughput per GPU (TFLOP/s/GPU): 356.9 | tokens/sec/GPU: 7701 | learning rate: 2.538958E-05 | global batch size:    32 | lm loss: 2.856375E+00 | loss scale: 1.0 | grad norm: 0.581 | number of skipped iterations:   0 | number of nan iterations:   0 |
3: [default3]: [2026-05-23 03:51:29.090307] iteration     1148/    1537 | consumed samples:        36736 | elapsed time per iteration (ms): 1062.7 | throughput per GPU (TFLOP/s/GPU): 357.2 | tokens/sec/GPU: 7708 | learning rate: 2.531557E-05 | global batch size:    32 | lm loss: 3.035957E+00 | loss scale: 1.0 | grad norm: 0.657 | number of skipped iterations:   0 | number of nan iterations:   0 |
3: [default3]: [2026-05-23 03:51:30.148469] iteration     1149/    1537 | consumed samples:        36768 | elapsed time per iteration (ms): 1058.0 | throughput per GPU (TFLOP/s/GPU): 358.8 | tokens/sec/GPU: 7743 | learning rate: 2.524170E-05 | global batch size:    32 | lm loss: 2.980673E+00 | loss scale: 1.0 | grad norm: 2.162 | number of skipped iterations:   0 | number of nan iterations:   0 |
3: [default3]: [2026-05-23 03:51:31.210304] iteration     1150/    1537 | consumed samples:        36800 | elapsed time per iteration (ms): 1061.7 | throughput per GPU (TFLOP/s/GPU): 357.6 | tokens/sec/GPU: 7716 | learning rate: 2.516798E-05 | global batch size:    32 | lm loss: 2.869840E+00 | loss scale: 1.0 | grad norm: 0.626 | number of skipped iterations:   0 | number of nan iterations:   0 |
3: [default3]: [2026-05-23 03:51:32.962410] iteration     1151/    1537 | consumed samples:        36832 | elapsed time per iteration (ms): 1751.9 | throughput per GPU (TFLOP/s/GPU): 216.7 | tokens/sec/GPU: 4676 | learning rate: 2.509439E-05 | global batch size:    32 | lm loss: 2.997544E+00 | loss scale: 1.0 | grad norm: 0.632 | number of skipped iterations:   0 | number of nan iterations:   0 |
3: [default3]: [2026-05-23 03:51:34.024442] iteration     1152/    1537 | consumed samples:        36864 | elapsed time per iteration (ms): 1061.8 | throughput per GPU (TFLOP/s/GPU): 357.5 | tokens/sec/GPU: 7715 | learning rate: 2.502095E-05 | global batch size:    32 | lm loss: 2.922478E+00 | loss scale: 1.0 | grad norm: 0.599 | number of skipped iterations:   0 | number of nan iterations:   0 |
3: [default3]: [2026-05-23 03:51:35.086548] iteration     1153/    1537 | consumed samples:        36896 | elapsed time per iteration (ms): 1062.0 | throughput per GPU (TFLOP/s/GPU): 357.5 | tokens/sec/GPU: 7714 | learning rate: 2.494766E-05 | global batch size:    32 | lm loss: 3.075696E+00 | loss scale: 1.0 | grad norm: 0.694 | number of skipped iterations:   0 | number of nan iterations:   0 |
3: [default3]: [2026-05-23 03:51:36.146044] iteration     1154/    1537 | consumed samples:        36928 | elapsed time per iteration (ms): 1059.3 | throughput per GPU (TFLOP/s/GPU): 358.4 | tokens/sec/GPU: 7733 | learning rate: 2.487450E-05 | global batch size:    32 | lm loss: 3.216946E+00 | loss scale: 1.0 | grad norm: 0.581 | number of skipped iterations:   0 | number of nan iterations:   0 |
3: [default3]: [2026-05-23 03:51:37.203344] iteration     1155/    1537 | consumed samples:        36960 | elapsed time per iteration (ms): 1057.1 | throughput per GPU (TFLOP/s/GPU): 359.1 | tokens/sec/GPU: 7749 | learning rate: 2.480149E-05 | global batch size:    32 | lm loss: 2.984093E+00 | loss scale: 1.0 | grad norm: 0.597 | number of skipped iterations:   0 | number of nan iterations:   0 |
3: [default3]: [2026-05-23 03:51:38.264580] iteration     1156/    1537 | consumed samples:        36992 | elapsed time per iteration (ms): 1061.0 | throughput per GPU (TFLOP/s/GPU): 357.8 | tokens/sec/GPU: 7721 | learning rate: 2.472863E-05 | global batch size:    32 | lm loss: 3.088243E+00 | loss scale: 1.0 | grad norm: 0.571 | number of skipped iterations:   0 | number of nan iterations:   0 |
3: [default3]: [2026-05-23 03:51:39.326295] iteration     1157/    1537 | consumed samples:        37024 | elapsed time per iteration (ms): 1061.6 | throughput per GPU (TFLOP/s/GPU): 357.6 | tokens/sec/GPU: 7717 | learning rate: 2.465591E-05 | global batch size:    32 | lm loss: 3.221670E+00 | loss scale: 1.0 | grad norm: 0.639 | number of skipped iterations:   0 | number of nan iterations:   0 |
3: [default3]: [2026-05-23 03:51:40.387977] iteration     1158/    1537 | consumed samples:        37056 | elapsed time per iteration (ms): 1061.5 | throughput per GPU (TFLOP/s/GPU): 357.6 | tokens/sec/GPU: 7717 | learning rate: 2.458333E-05 | global batch size:    32 | lm loss: 2.833158E+00 | loss scale: 1.0 | grad norm: 1.028 | number of skipped iterations:   0 | number of nan iterations:   0 |
3: [default3]: [2026-05-23 03:51:41.446699] iteration     1159/    1537 | consumed samples:        37088 | elapsed time per iteration (ms): 1058.5 | throughput per GPU (TFLOP/s/GPU): 358.7 | tokens/sec/GPU: 7739 | learning rate: 2.451090E-05 | global batch size:    32 | lm loss: 3.092758E+00 | loss scale: 1.0 | grad norm: 0.581 | number of skipped iterations:   0 | number of nan iterations:   0 |
3: [default3]: [2026-05-23 03:51:42.506870] iteration     1160/    1537 | consumed samples:        37120 | elapsed time per iteration (ms): 1060.0 | throughput per GPU (TFLOP/s/GPU): 358.2 | tokens/sec/GPU: 7728 | learning rate: 2.443862E-05 | global batch size:    32 | lm loss: 2.897701E+00 | loss scale: 1.0 | grad norm: 0.559 | number of skipped iterations:   0 | number of nan iterations:   0 |
3: [default3]: [2026-05-23 03:51:43.569955] iteration     1161/    1537 | consumed samples:        37152 | elapsed time per iteration (ms): 1062.9 | throughput per GPU (TFLOP/s/GPU): 357.2 | tokens/sec/GPU: 7707 | learning rate: 2.436648E-05 | global batch size:    32 | lm loss: 2.768694E+00 | loss scale: 1.0 | grad norm: 0.553 | number of skipped iterations:   0 | number of nan iterations:   0 |
3: [default3]: [2026-05-23 03:51:44.632230] iteration     1162/    1537 | consumed samples:        37184 | elapsed time per iteration (ms): 1062.1 | throughput per GPU (TFLOP/s/GPU): 357.4 | tokens/sec/GPU: 7713 | learning rate: 2.429449E-05 | global batch size:    32 | lm loss: 2.821250E+00 | loss scale: 1.0 | grad norm: 0.555 | number of skipped iterations:   0 | number of nan iterations:   0 |
3: [default3]: [2026-05-23 03:51:45.688298] iteration     1163/    1537 | consumed samples:        37216 | elapsed time per iteration (ms): 1055.9 | throughput per GPU (TFLOP/s/GPU): 359.5 | tokens/sec/GPU: 7758 | learning rate: 2.422264E-05 | global batch size:    32 | lm loss: 3.143267E+00 | loss scale: 1.0 | grad norm: 0.609 | number of skipped iterations:   0 | number of nan iterations:   0 |
3: [default3]: [2026-05-23 03:51:46.750412] iteration     1164/    1537 | consumed samples:        37248 | elapsed time per iteration (ms): 1061.9 | throughput per GPU (TFLOP/s/GPU): 357.5 | tokens/sec/GPU: 7714 | learning rate: 2.415094E-05 | global batch size:    32 | lm loss: 3.014911E+00 | loss scale: 1.0 | grad norm: 0.619 | number of skipped iterations:   0 | number of nan iterations:   0 |
3: [default3]: [2026-05-23 03:51:47.809784] iteration     1165/    1537 | consumed samples:        37280 | elapsed time per iteration (ms): 1059.2 | throughput per GPU (TFLOP/s/GPU): 358.4 | tokens/sec/GPU: 7734 | learning rate: 2.407939E-05 | global batch size:    32 | lm loss: 3.038255E+00 | loss scale: 1.0 | grad norm: 0.560 | number of skipped iterations:   0 | number of nan iterations:   0 |
3: [default3]: [2026-05-23 03:51:48.869782] iteration     1166/    1537 | consumed samples:        37312 | elapsed time per iteration (ms): 1059.8 | throughput per GPU (TFLOP/s/GPU): 358.2 | tokens/sec/GPU: 7729 | learning rate: 2.400799E-05 | global batch size:    32 | lm loss: 3.070185E+00 | loss scale: 1.0 | grad norm: 0.622 | number of skipped iterations:   0 | number of nan iterations:   0 |
3: [default3]: [2026-05-23 03:51:49.926168] iteration     1167/    1537 | consumed samples:        37344 | elapsed time per iteration (ms): 1056.2 | throughput per GPU (TFLOP/s/GPU): 359.4 | tokens/sec/GPU: 7756 | learning rate: 2.393674E-05 | global batch size:    32 | lm loss: 3.240532E+00 | loss scale: 1.0 | grad norm: 0.723 | number of skipped iterations:   0 | number of nan iterations:   0 |
3: [default3]: [2026-05-23 03:51:50.988544] iteration     1168/    1537 | consumed samples:        37376 | elapsed time per iteration (ms): 1062.2 | throughput per GPU (TFLOP/s/GPU): 357.4 | tokens/sec/GPU: 7712 | learning rate: 2.386563E-05 | global batch size:    32 | lm loss: 3.016695E+00 | loss scale: 1.0 | grad norm: 0.595 | number of skipped iterations:   0 | number of nan iterations:   0 |
3: [default3]: [2026-05-23 03:51:52.048431] iteration     1169/    1537 | consumed samples:        37408 | elapsed time per iteration (ms): 1059.7 | throughput per GPU (TFLOP/s/GPU): 358.2 | tokens/sec/GPU: 7730 | learning rate: 2.379467E-05 | global batch size:    32 | lm loss: 2.884801E+00 | loss scale: 1.0 | grad norm: 0.562 | number of skipped iterations:   0 | number of nan iterations:   0 |
3: [default3]: [2026-05-23 03:51:53.107056] iteration     1170/    1537 | consumed samples:        37440 | elapsed time per iteration (ms): 1058.5 | throughput per GPU (TFLOP/s/GPU): 358.7 | tokens/sec/GPU: 7740 | learning rate: 2.372387E-05 | global batch size:    32 | lm loss: 3.137520E+00 | loss scale: 1.0 | grad norm: 0.575 | number of skipped iterations:   0 | number of nan iterations:   0 |
3: [default3]: [2026-05-23 03:51:54.167316] iteration     1171/    1537 | consumed samples:        37472 | elapsed time per iteration (ms): 1060.1 | throughput per GPU (TFLOP/s/GPU): 358.1 | tokens/sec/GPU: 7728 | learning rate: 2.365321E-05 | global batch size:    32 | lm loss: 2.963532E+00 | loss scale: 1.0 | grad norm: 0.571 | number of skipped iterations:   0 | number of nan iterations:   0 |
3: [default3]: [2026-05-23 03:51:55.228125] iteration     1172/    1537 | consumed samples:        37504 | elapsed time per iteration (ms): 1060.5 | throughput per GPU (TFLOP/s/GPU): 358.0 | tokens/sec/GPU: 7725 | learning rate: 2.358270E-05 | global batch size:    32 | lm loss: 3.013263E+00 | loss scale: 1.0 | grad norm: 0.605 | number of skipped iterations:   0 | number of nan iterations:   0 |
3: [default3]: [2026-05-23 03:51:56.289402] iteration     1173/    1537 | consumed samples:        37536 | elapsed time per iteration (ms): 1061.1 | throughput per GPU (TFLOP/s/GPU): 357.8 | tokens/sec/GPU: 7720 | learning rate: 2.351234E-05 | global batch size:    32 | lm loss: 2.911141E+00 | loss scale: 1.0 | grad norm: 0.569 | number of skipped iterations:   0 | number of nan iterations:   0 |
3: [default3]: [2026-05-23 03:51:57.349149] iteration     1174/    1537 | consumed samples:        37568 | elapsed time per iteration (ms): 1059.6 | throughput per GPU (TFLOP/s/GPU): 358.3 | tokens/sec/GPU: 7731 | learning rate: 2.344213E-05 | global batch size:    32 | lm loss: 3.190633E+00 | loss scale: 1.0 | grad norm: 0.560 | number of skipped iterations:   0 | number of nan iterations:   0 |
3: [default3]: [2026-05-23 03:51:58.411229] iteration     1175/    1537 | consumed samples:        37600 | elapsed time per iteration (ms): 1061.9 | throughput per GPU (TFLOP/s/GPU): 357.5 | tokens/sec/GPU: 7714 | learning rate: 2.337207E-05 | global batch size:    32 | lm loss: 3.244648E+00 | loss scale: 1.0 | grad norm: 0.568 | number of skipped iterations:   0 | number of nan iterations:   0 |
3: [default3]: [2026-05-23 03:51:59.482348] iteration     1176/    1537 | consumed samples:        37632 | elapsed time per iteration (ms): 1070.9 | throughput per GPU (TFLOP/s/GPU): 354.5 | tokens/sec/GPU: 7649 | learning rate: 2.330217E-05 | global batch size:    32 | lm loss: 3.159628E+00 | loss scale: 1.0 | grad norm: 0.694 | number of skipped iterations:   0 | number of nan iterations:   0 |
3: [default3]: [2026-05-23 03:52:00.546466] iteration     1177/    1537 | consumed samples:        37664 | elapsed time per iteration (ms): 1064.0 | throughput per GPU (TFLOP/s/GPU): 356.8 | tokens/sec/GPU: 7700 | learning rate: 2.323241E-05 | global batch size:    32 | lm loss: 2.892522E+00 | loss scale: 1.0 | grad norm: 0.736 | number of skipped iterations:   0 | number of nan iterations:   0 |
3: [default3]: [2026-05-23 03:52:01.615687] iteration     1178/    1537 | consumed samples:        37696 | elapsed time per iteration (ms): 1069.1 | throughput per GPU (TFLOP/s/GPU): 355.1 | tokens/sec/GPU: 7663 | learning rate: 2.316281E-05 | global batch size:    32 | lm loss: 3.007170E+00 | loss scale: 1.0 | grad norm: 0.597 | number of skipped iterations:   0 | number of nan iterations:   0 |
3: [default3]: [2026-05-23 03:52:02.677618] iteration     1179/    1537 | consumed samples:        37728 | elapsed time per iteration (ms): 1061.7 | throughput per GPU (TFLOP/s/GPU): 357.6 | tokens/sec/GPU: 7716 | learning rate: 2.309336E-05 | global batch size:    32 | lm loss: 3.033162E+00 | loss scale: 1.0 | grad norm: 0.643 | number of skipped iterations:   0 | number of nan iterations:   0 |
3: [default3]: [2026-05-23 03:52:03.739704] iteration     1180/    1537 | consumed samples:        37760 | elapsed time per iteration (ms): 1061.9 | throughput per GPU (TFLOP/s/GPU): 357.5 | tokens/sec/GPU: 7715 | learning rate: 2.302406E-05 | global batch size:    32 | lm loss: 3.194882E+00 | loss scale: 1.0 | grad norm: 0.633 | number of skipped iterations:   0 | number of nan iterations:   0 |
3: [default3]: [2026-05-23 03:52:04.800701] iteration     1181/    1537 | consumed samples:        37792 | elapsed time per iteration (ms): 1060.8 | throughput per GPU (TFLOP/s/GPU): 357.9 | tokens/sec/GPU: 7722 | learning rate: 2.295491E-05 | global batch size:    32 | lm loss: 3.109451E+00 | loss scale: 1.0 | grad norm: 0.591 | number of skipped iterations:   0 | number of nan iterations:   0 |
3: [default3]: [2026-05-23 03:52:05.860777] iteration     1182/    1537 | consumed samples:        37824 | elapsed time per iteration (ms): 1059.9 | throughput per GPU (TFLOP/s/GPU): 358.2 | tokens/sec/GPU: 7729 | learning rate: 2.288592E-05 | global batch size:    32 | lm loss: 2.761903E+00 | loss scale: 1.0 | grad norm: 0.631 | number of skipped iterations:   0 | number of nan iterations:   0 |
3: [default3]: [2026-05-23 03:52:06.919887] iteration     1183/    1537 | consumed samples:        37856 | elapsed time per iteration (ms): 1058.9 | throughput per GPU (TFLOP/s/GPU): 358.5 | tokens/sec/GPU: 7736 | learning rate: 2.281708E-05 | global batch size:    32 | lm loss: 3.084285E+00 | loss scale: 1.0 | grad norm: 0.760 | number of skipped iterations:   0 | number of nan iterations:   0 |
3: [default3]: [2026-05-23 03:52:07.979021] iteration     1184/    1537 | consumed samples:        37888 | elapsed time per iteration (ms): 1058.9 | throughput per GPU (TFLOP/s/GPU): 358.5 | tokens/sec/GPU: 7736 | learning rate: 2.274840E-05 | global batch size:    32 | lm loss: 3.060046E+00 | loss scale: 1.0 | grad norm: 0.564 | number of skipped iterations:   0 | number of nan iterations:   0 |
3: [default3]: [2026-05-23 03:52:09.039843] iteration     1185/    1537 | consumed samples:        37920 | elapsed time per iteration (ms): 1060.7 | throughput per GPU (TFLOP/s/GPU): 357.9 | tokens/sec/GPU: 7723 | learning rate: 2.267987E-05 | global batch size:    32 | lm loss: 2.955359E+00 | loss scale: 1.0 | grad norm: 0.541 | number of skipped iterations:   0 | number of nan iterations:   0 |
3: [default3]: [2026-05-23 03:52:10.101900] iteration     1186/    1537 | consumed samples:        37952 | elapsed time per iteration (ms): 1061.9 | throughput per GPU (TFLOP/s/GPU): 357.5 | tokens/sec/GPU: 7715 | learning rate: 2.261149E-05 | global batch size:    32 | lm loss: 3.167450E+00 | loss scale: 1.0 | grad norm: 0.607 | number of skipped iterations:   0 | number of nan iterations:   0 |
3: [default3]: [2026-05-23 03:52:11.161571] iteration     1187/    1537 | consumed samples:        37984 | elapsed time per iteration (ms): 1059.5 | throughput per GPU (TFLOP/s/GPU): 358.3 | tokens/sec/GPU: 7732 | learning rate: 2.254327E-05 | global batch size:    32 | lm loss: 2.999659E+00 | loss scale: 1.0 | grad norm: 0.676 | number of skipped iterations:   0 | number of nan iterations:   0 |
3: [default3]: [2026-05-23 03:52:12.222516] iteration     1188/    1537 | consumed samples:        38016 | elapsed time per iteration (ms): 1060.8 | throughput per GPU (TFLOP/s/GPU): 357.9 | tokens/sec/GPU: 7723 | learning rate: 2.247520E-05 | global batch size:    32 | lm loss: 2.870858E+00 | loss scale: 1.0 | grad norm: 0.568 | number of skipped iterations:   0 | number of nan iterations:   0 |
3: [default3]: [2026-05-23 03:52:13.280555] iteration     1189/    1537 | consumed samples:        38048 | elapsed time per iteration (ms): 1057.9 | throughput per GPU (TFLOP/s/GPU): 358.9 | tokens/sec/GPU: 7744 | learning rate: 2.240729E-05 | global batch size:    32 | lm loss: 3.123791E+00 | loss scale: 1.0 | grad norm: 0.679 | number of skipped iterations:   0 | number of nan iterations:   0 |
3: [default3]: [2026-05-23 03:52:14.341697] iteration     1190/    1537 | consumed samples:        38080 | elapsed time per iteration (ms): 1061.0 | throughput per GPU (TFLOP/s/GPU): 357.8 | tokens/sec/GPU: 7721 | learning rate: 2.233954E-05 | global batch size:    32 | lm loss: 2.958982E+00 | loss scale: 1.0 | grad norm: 1.099 | number of skipped iterations:   0 | number of nan iterations:   0 |
3: [default3]: [2026-05-23 03:52:15.398294] iteration     1191/    1537 | consumed samples:        38112 | elapsed time per iteration (ms): 1056.4 | throughput per GPU (TFLOP/s/GPU): 359.4 | tokens/sec/GPU: 7755 | learning rate: 2.227194E-05 | global batch size:    32 | lm loss: 3.045375E+00 | loss scale: 1.0 | grad norm: 0.589 | number of skipped iterations:   0 | number of nan iterations:   0 |
3: [default3]: [2026-05-23 03:52:16.459446] iteration     1192/    1537 | consumed samples:        38144 | elapsed time per iteration (ms): 1061.0 | throughput per GPU (TFLOP/s/GPU): 357.8 | tokens/sec/GPU: 7721 | learning rate: 2.220449E-05 | global batch size:    32 | lm loss: 2.952744E+00 | loss scale: 1.0 | grad norm: 0.573 | number of skipped iterations:   0 | number of nan iterations:   0 |
3: [default3]: [2026-05-23 03:52:17.517217] iteration     1193/    1537 | consumed samples:        38176 | elapsed time per iteration (ms): 1057.6 | throughput per GPU (TFLOP/s/GPU): 359.0 | tokens/sec/GPU: 7746 | learning rate: 2.213721E-05 | global batch size:    32 | lm loss: 3.188875E+00 | loss scale: 1.0 | grad norm: 0.656 | number of skipped iterations:   0 | number of nan iterations:   0 |
3: [default3]: [2026-05-23 03:52:18.577936] iteration     1194/    1537 | consumed samples:        38208 | elapsed time per iteration (ms): 1060.5 | throughput per GPU (TFLOP/s/GPU): 358.0 | tokens/sec/GPU: 7724 | learning rate: 2.207008E-05 | global batch size:    32 | lm loss: 3.157907E+00 | loss scale: 1.0 | grad norm: 0.565 | number of skipped iterations:   0 | number of nan iterations:   0 |
3: [default3]: [2026-05-23 03:52:19.634372] iteration     1195/    1537 | consumed samples:        38240 | elapsed time per iteration (ms): 1056.2 | throughput per GPU (TFLOP/s/GPU): 359.4 | tokens/sec/GPU: 7756 | learning rate: 2.200311E-05 | global batch size:    32 | lm loss: 3.128672E+00 | loss scale: 1.0 | grad norm: 0.620 | number of skipped iterations:   0 | number of nan iterations:   0 |
3: [default3]: [2026-05-23 03:52:20.695578] iteration     1196/    1537 | consumed samples:        38272 | elapsed time per iteration (ms): 1061.0 | throughput per GPU (TFLOP/s/GPU): 357.8 | tokens/sec/GPU: 7721 | learning rate: 2.193629E-05 | global batch size:    32 | lm loss: 2.987523E+00 | loss scale: 1.0 | grad norm: 0.547 | number of skipped iterations:   0 | number of nan iterations:   0 |
3: [default3]: [2026-05-23 03:52:21.750799] iteration     1197/    1537 | consumed samples:        38304 | elapsed time per iteration (ms): 1055.1 | throughput per GPU (TFLOP/s/GPU): 359.8 | tokens/sec/GPU: 7764 | learning rate: 2.186964E-05 | global batch size:    32 | lm loss: 3.052847E+00 | loss scale: 1.0 | grad norm: 0.589 | number of skipped iterations:   0 | number of nan iterations:   0 |
3: [default3]: [2026-05-23 03:52:22.810759] iteration     1198/    1537 | consumed samples:        38336 | elapsed time per iteration (ms): 1059.8 | throughput per GPU (TFLOP/s/GPU): 358.2 | tokens/sec/GPU: 7730 | learning rate: 2.180314E-05 | global batch size:    32 | lm loss: 3.219141E+00 | loss scale: 1.0 | grad norm: 1.524 | number of skipped iterations:   0 | number of nan iterations:   0 |
3: [default3]: [2026-05-23 03:52:23.866489] iteration     1199/    1537 | consumed samples:        38368 | elapsed time per iteration (ms): 1055.6 | throughput per GPU (TFLOP/s/GPU): 359.7 | tokens/sec/GPU: 7761 | learning rate: 2.173680E-05 | global batch size:    32 | lm loss: 3.017201E+00 | loss scale: 1.0 | grad norm: 0.600 | number of skipped iterations:   0 | number of nan iterations:   0 |
3: [default3]: [2026-05-23 03:52:24.921830] iteration     1200/    1537 | consumed samples:        38400 | elapsed time per iteration (ms): 1055.2 | throughput per GPU (TFLOP/s/GPU): 359.8 | tokens/sec/GPU: 7764 | learning rate: 2.167062E-05 | global batch size:    32 | lm loss: 2.998464E+00 | loss scale: 1.0 | grad norm: 0.574 | number of skipped iterations:   0 | number of nan iterations:   0 |
3: [default3]: [2026-05-23 03:52:26.677381] iteration     1201/    1537 | consumed samples:        38432 | elapsed time per iteration (ms): 1755.3 | throughput per GPU (TFLOP/s/GPU): 216.3 | tokens/sec/GPU: 4667 | learning rate: 2.160460E-05 | global batch size:    32 | lm loss: 3.037247E+00 | loss scale: 1.0 | grad norm: 0.606 | number of skipped iterations:   0 | number of nan iterations:   0 |
3: [default3]: [2026-05-23 03:52:27.738173] iteration     1202/    1537 | consumed samples:        38464 | elapsed time per iteration (ms): 1060.7 | throughput per GPU (TFLOP/s/GPU): 357.9 | tokens/sec/GPU: 7724 | learning rate: 2.153874E-05 | global batch size:    32 | lm loss: 3.149523E+00 | loss scale: 1.0 | grad norm: 0.647 | number of skipped iterations:   0 | number of nan iterations:   0 |
3: [default3]: [2026-05-23 03:52:28.799680] iteration     1203/    1537 | consumed samples:        38496 | elapsed time per iteration (ms): 1061.3 | throughput per GPU (TFLOP/s/GPU): 357.7 | tokens/sec/GPU: 7719 | learning rate: 2.147304E-05 | global batch size:    32 | lm loss: 2.984301E+00 | loss scale: 1.0 | grad norm: 0.733 | number of skipped iterations:   0 | number of nan iterations:   0 |
3: [default3]: [2026-05-23 03:52:29.853686] iteration     1204/    1537 | consumed samples:        38528 | elapsed time per iteration (ms): 1053.8 | throughput per GPU (TFLOP/s/GPU): 360.3 | tokens/sec/GPU: 7774 | learning rate: 2.140750E-05 | global batch size:    32 | lm loss: 3.094025E+00 | loss scale: 1.0 | grad norm: 0.571 | number of skipped iterations:   0 | number of nan iterations:   0 |
3: [default3]: [2026-05-23 03:52:30.912934] iteration     1205/    1537 | consumed samples:        38560 | elapsed time per iteration (ms): 1059.0 | throughput per GPU (TFLOP/s/GPU): 358.5 | tokens/sec/GPU: 7735 | learning rate: 2.134212E-05 | global batch size:    32 | lm loss: 3.022793E+00 | loss scale: 1.0 | grad norm: 0.914 | number of skipped iterations:   0 | number of nan iterations:   0 |
3: [default3]: [2026-05-23 03:52:31.969325] iteration     1206/    1537 | consumed samples:        38592 | elapsed time per iteration (ms): 1056.2 | throughput per GPU (TFLOP/s/GPU): 359.4 | tokens/sec/GPU: 7756 | learning rate: 2.127690E-05 | global batch size:    32 | lm loss: 2.923389E+00 | loss scale: 1.0 | grad norm: 0.592 | number of skipped iterations:   0 | number of nan iterations:   0 |
3: [default3]: [2026-05-23 03:52:33.024362] iteration     1207/    1537 | consumed samples:        38624 | elapsed time per iteration (ms): 1054.8 | throughput per GPU (TFLOP/s/GPU): 359.9 | tokens/sec/GPU: 7767 | learning rate: 2.121184E-05 | global batch size:    32 | lm loss: 3.082142E+00 | loss scale: 1.0 | grad norm: 0.554 | number of skipped iterations:   0 | number of nan iterations:   0 |
3: [default3]: [2026-05-23 03:52:34.082159] iteration     1208/    1537 | consumed samples:        38656 | elapsed time per iteration (ms): 1057.6 | throughput per GPU (TFLOP/s/GPU): 359.0 | tokens/sec/GPU: 7746 | learning rate: 2.114695E-05 | global batch size:    32 | lm loss: 3.068987E+00 | loss scale: 1.0 | grad norm: 0.813 | number of skipped iterations:   0 | number of nan iterations:   0 |
3: [default3]: [2026-05-23 03:52:35.142808] iteration     1209/    1537 | consumed samples:        38688 | elapsed time per iteration (ms): 1060.4 | throughput per GPU (TFLOP/s/GPU): 358.0 | tokens/sec/GPU: 7725 | learning rate: 2.108221E-05 | global batch size:    32 | lm loss: 2.950429E+00 | loss scale: 1.0 | grad norm: 0.635 | number of skipped iterations:   0 | number of nan iterations:   0 |
3: [default3]: [2026-05-23 03:52:36.203342] iteration     1210/    1537 | consumed samples:        38720 | elapsed time per iteration (ms): 1060.4 | throughput per GPU (TFLOP/s/GPU): 358.0 | tokens/sec/GPU: 7726 | learning rate: 2.101764E-05 | global batch size:    32 | lm loss: 2.953912E+00 | loss scale: 1.0 | grad norm: 0.572 | number of skipped iterations:   0 | number of nan iterations:   0 |
3: [default3]: [2026-05-23 03:52:37.263126] iteration     1211/    1537 | consumed samples:        38752 | elapsed time per iteration (ms): 1059.6 | throughput per GPU (TFLOP/s/GPU): 358.3 | tokens/sec/GPU: 7731 | learning rate: 2.095323E-05 | global batch size:    32 | lm loss: 2.937284E+00 | loss scale: 1.0 | grad norm: 0.622 | number of skipped iterations:   0 | number of nan iterations:   0 |
3: [default3]: [2026-05-23 03:52:38.324162] iteration     1212/    1537 | consumed samples:        38784 | elapsed time per iteration (ms): 1060.8 | throughput per GPU (TFLOP/s/GPU): 357.9 | tokens/sec/GPU: 7722 | learning rate: 2.088898E-05 | global batch size:    32 | lm loss: 2.990865E+00 | loss scale: 1.0 | grad norm: 0.714 | number of skipped iterations:   0 | number of nan iterations:   0 |
3: [default3]: [2026-05-23 03:52:39.389109] iteration     1213/    1537 | consumed samples:        38816 | elapsed time per iteration (ms): 1064.8 | throughput per GPU (TFLOP/s/GPU): 356.5 | tokens/sec/GPU: 7693 | learning rate: 2.082490E-05 | global batch size:    32 | lm loss: 2.945260E+00 | loss scale: 1.0 | grad norm: 0.644 | number of skipped iterations:   0 | number of nan iterations:   0 |
3: [default3]: [2026-05-23 03:52:40.451778] iteration     1214/    1537 | consumed samples:        38848 | elapsed time per iteration (ms): 1062.5 | throughput per GPU (TFLOP/s/GPU): 357.3 | tokens/sec/GPU: 7710 | learning rate: 2.076098E-05 | global batch size:    32 | lm loss: 2.945738E+00 | loss scale: 1.0 | grad norm: 0.788 | number of skipped iterations:   0 | number of nan iterations:   0 |
3: [default3]: [2026-05-23 03:52:41.513949] iteration     1215/    1537 | consumed samples:        38880 | elapsed time per iteration (ms): 1061.9 | throughput per GPU (TFLOP/s/GPU): 357.5 | tokens/sec/GPU: 7714 | learning rate: 2.069722E-05 | global batch size:    32 | lm loss: 3.069856E+00 | loss scale: 1.0 | grad norm: 0.583 | number of skipped iterations:   0 | number of nan iterations:   0 |
3: [default3]: [2026-05-23 03:52:42.572561] iteration     1216/    1537 | consumed samples:        38912 | elapsed time per iteration (ms): 1058.4 | throughput per GPU (TFLOP/s/GPU): 358.7 | tokens/sec/GPU: 7740 | learning rate: 2.063362E-05 | global batch size:    32 | lm loss: 3.211181E+00 | loss scale: 1.0 | grad norm: 0.554 | number of skipped iterations:   0 | number of nan iterations:   0 |
3: [default3]: [2026-05-23 03:52:43.635995] iteration     1217/    1537 | consumed samples:        38944 | elapsed time per iteration (ms): 1063.3 | throughput per GPU (TFLOP/s/GPU): 357.1 | tokens/sec/GPU: 7705 | learning rate: 2.057019E-05 | global batch size:    32 | lm loss: 3.065175E+00 | loss scale: 1.0 | grad norm: 0.570 | number of skipped iterations:   0 | number of nan iterations:   0 |
3: [default3]: [2026-05-23 03:52:44.702813] iteration     1218/    1537 | consumed samples:        38976 | elapsed time per iteration (ms): 1066.7 | throughput per GPU (TFLOP/s/GPU): 355.9 | tokens/sec/GPU: 7680 | learning rate: 2.050693E-05 | global batch size:    32 | lm loss: 3.086434E+00 | loss scale: 1.0 | grad norm: 0.646 | number of skipped iterations:   0 | number of nan iterations:   0 |
3: [default3]: [2026-05-23 03:52:45.765680] iteration     1219/    1537 | consumed samples:        39008 | elapsed time per iteration (ms): 1062.7 | throughput per GPU (TFLOP/s/GPU): 357.3 | tokens/sec/GPU: 7709 | learning rate: 2.044383E-05 | global batch size:    32 | lm loss: 3.064824E+00 | loss scale: 1.0 | grad norm: 0.585 | number of skipped iterations:   0 | number of nan iterations:   0 |
3: [default3]: [2026-05-23 03:52:46.828581] iteration     1220/    1537 | consumed samples:        39040 | elapsed time per iteration (ms): 1062.7 | throughput per GPU (TFLOP/s/GPU): 357.2 | tokens/sec/GPU: 7709 | learning rate: 2.038090E-05 | global batch size:    32 | lm loss: 3.099437E+00 | loss scale: 1.0 | grad norm: 0.639 | number of skipped iterations:   0 | number of nan iterations:   0 |
3: [default3]: [2026-05-23 03:52:47.897908] iteration     1221/    1537 | consumed samples:        39072 | elapsed time per iteration (ms): 1069.2 | throughput per GPU (TFLOP/s/GPU): 355.1 | tokens/sec/GPU: 7662 | learning rate: 2.031813E-05 | global batch size:    32 | lm loss: 3.019574E+00 | loss scale: 1.0 | grad norm: 0.698 | number of skipped iterations:   0 | number of nan iterations:   0 |
3: [default3]: [2026-05-23 03:52:48.958156] iteration     1222/    1537 | consumed samples:        39104 | elapsed time per iteration (ms): 1060.1 | throughput per GPU (TFLOP/s/GPU): 358.1 | tokens/sec/GPU: 7728 | learning rate: 2.025552E-05 | global batch size:    32 | lm loss: 3.030349E+00 | loss scale: 1.0 | grad norm: 0.605 | number of skipped iterations:   0 | number of nan iterations:   0 |
3: [default3]: [2026-05-23 03:52:50.024575] iteration     1223/    1537 | consumed samples:        39136 | elapsed time per iteration (ms): 1066.2 | throughput per GPU (TFLOP/s/GPU): 356.1 | tokens/sec/GPU: 7683 | learning rate: 2.019309E-05 | global batch size:    32 | lm loss: 3.043314E+00 | loss scale: 1.0 | grad norm: 0.625 | number of skipped iterations:   0 | number of nan iterations:   0 |
3: [default3]: [2026-05-23 03:52:51.098270] iteration     1224/    1537 | consumed samples:        39168 | elapsed time per iteration (ms): 1073.5 | throughput per GPU (TFLOP/s/GPU): 353.6 | tokens/sec/GPU: 7631 | learning rate: 2.013081E-05 | global batch size:    32 | lm loss: 2.801375E+00 | loss scale: 1.0 | grad norm: 0.562 | number of skipped iterations:   0 | number of nan iterations:   0 |
3: [default3]: [2026-05-23 03:52:52.156660] iteration     1225/    1537 | consumed samples:        39200 | elapsed time per iteration (ms): 1058.2 | throughput per GPU (TFLOP/s/GPU): 358.7 | tokens/sec/GPU: 7741 | learning rate: 2.006871E-05 | global batch size:    32 | lm loss: 3.202344E+00 | loss scale: 1.0 | grad norm: 0.630 | number of skipped iterations:   0 | number of nan iterations:   0 |
3: [default3]: [2026-05-23 03:52:53.221283] iteration     1226/    1537 | consumed samples:        39232 | elapsed time per iteration (ms): 1064.5 | throughput per GPU (TFLOP/s/GPU): 356.6 | tokens/sec/GPU: 7696 | learning rate: 2.000677E-05 | global batch size:    32 | lm loss: 2.969394E+00 | loss scale: 1.0 | grad norm: 0.590 | number of skipped iterations:   0 | number of nan iterations:   0 |
3: [default3]: [2026-05-23 03:52:54.289378] iteration     1227/    1537 | consumed samples:        39264 | elapsed time per iteration (ms): 1067.9 | throughput per GPU (TFLOP/s/GPU): 355.5 | tokens/sec/GPU: 7671 | learning rate: 1.994500E-05 | global batch size:    32 | lm loss: 2.777866E+00 | loss scale: 1.0 | grad norm: 0.649 | number of skipped iterations:   0 | number of nan iterations:   0 |
3: [default3]: [2026-05-23 03:52:55.352519] iteration     1228/    1537 | consumed samples:        39296 | elapsed time per iteration (ms): 1063.0 | throughput per GPU (TFLOP/s/GPU): 357.2 | tokens/sec/GPU: 7707 | learning rate: 1.988340E-05 | global batch size:    32 | lm loss: 3.037479E+00 | loss scale: 1.0 | grad norm: 0.607 | number of skipped iterations:   0 | number of nan iterations:   0 |
3: [default3]: [2026-05-23 03:52:56.408398] iteration     1229/    1537 | consumed samples:        39328 | elapsed time per iteration (ms): 1055.7 | throughput per GPU (TFLOP/s/GPU): 359.6 | tokens/sec/GPU: 7760 | learning rate: 1.982197E-05 | global batch size:    32 | lm loss: 3.102300E+00 | loss scale: 1.0 | grad norm: 0.592 | number of skipped iterations:   0 | number of nan iterations:   0 |
3: [default3]: [2026-05-23 03:52:57.473896] iteration     1230/    1537 | consumed samples:        39360 | elapsed time per iteration (ms): 1065.3 | throughput per GPU (TFLOP/s/GPU): 356.4 | tokens/sec/GPU: 7690 | learning rate: 1.976070E-05 | global batch size:    32 | lm loss: 3.185554E+00 | loss scale: 1.0 | grad norm: 0.583 | number of skipped iterations:   0 | number of nan iterations:   0 |
3: [default3]: [2026-05-23 03:52:58.537207] iteration     1231/    1537 | consumed samples:        39392 | elapsed time per iteration (ms): 1063.2 | throughput per GPU (TFLOP/s/GPU): 357.1 | tokens/sec/GPU: 7705 | learning rate: 1.969960E-05 | global batch size:    32 | lm loss: 2.844696E+00 | loss scale: 1.0 | grad norm: 0.593 | number of skipped iterations:   0 | number of nan iterations:   0 |
3: [default3]: [2026-05-23 03:52:59.599378] iteration     1232/    1537 | consumed samples:        39424 | elapsed time per iteration (ms): 1062.0 | throughput per GPU (TFLOP/s/GPU): 357.5 | tokens/sec/GPU: 7714 | learning rate: 1.963867E-05 | global batch size:    32 | lm loss: 2.967028E+00 | loss scale: 1.0 | grad norm: 0.576 | number of skipped iterations:   0 | number of nan iterations:   0 |
3: [default3]: [2026-05-23 03:53:00.669922] iteration     1233/    1537 | consumed samples:        39456 | elapsed time per iteration (ms): 1070.4 | throughput per GPU (TFLOP/s/GPU): 354.7 | tokens/sec/GPU: 7653 | learning rate: 1.957791E-05 | global batch size:    32 | lm loss: 2.949626E+00 | loss scale: 1.0 | grad norm: 0.736 | number of skipped iterations:   0 | number of nan iterations:   0 |
3: [default3]: [2026-05-23 03:53:01.735787] iteration     1234/    1537 | consumed samples:        39488 | elapsed time per iteration (ms): 1065.7 | throughput per GPU (TFLOP/s/GPU): 356.2 | tokens/sec/GPU: 7687 | learning rate: 1.951732E-05 | global batch size:    32 | lm loss: 2.973683E+00 | loss scale: 1.0 | grad norm: 0.589 | number of skipped iterations:   0 | number of nan iterations:   0 |
3: [default3]: [2026-05-23 03:53:02.802114] iteration     1235/    1537 | consumed samples:        39520 | elapsed time per iteration (ms): 1066.2 | throughput per GPU (TFLOP/s/GPU): 356.1 | tokens/sec/GPU: 7684 | learning rate: 1.945690E-05 | global batch size:    32 | lm loss: 2.862272E+00 | loss scale: 1.0 | grad norm: 0.587 | number of skipped iterations:   0 | number of nan iterations:   0 |
3: [default3]: [2026-05-23 03:53:03.867021] iteration     1236/    1537 | consumed samples:        39552 | elapsed time per iteration (ms): 1064.7 | throughput per GPU (TFLOP/s/GPU): 356.6 | tokens/sec/GPU: 7694 | learning rate: 1.939665E-05 | global batch size:    32 | lm loss: 2.842031E+00 | loss scale: 1.0 | grad norm: 0.626 | number of skipped iterations:   0 | number of nan iterations:   0 |
3: [default3]: [2026-05-23 03:53:04.926434] iteration     1237/    1537 | consumed samples:        39584 | elapsed time per iteration (ms): 1059.3 | throughput per GPU (TFLOP/s/GPU): 358.4 | tokens/sec/GPU: 7734 | learning rate: 1.933656E-05 | global batch size:    32 | lm loss: 2.956955E+00 | loss scale: 1.0 | grad norm: 0.616 | number of skipped iterations:   0 | number of nan iterations:   0 |
3: [default3]: [2026-05-23 03:53:05.992632] iteration     1238/    1537 | consumed samples:        39616 | elapsed time per iteration (ms): 1066.0 | throughput per GPU (TFLOP/s/GPU): 356.1 | tokens/sec/GPU: 7685 | learning rate: 1.927665E-05 | global batch size:    32 | lm loss: 3.042504E+00 | loss scale: 1.0 | grad norm: 1.057 | number of skipped iterations:   0 | number of nan iterations:   0 |
3: [default3]: [2026-05-23 03:53:07.053157] iteration     1239/    1537 | consumed samples:        39648 | elapsed time per iteration (ms): 1060.4 | throughput per GPU (TFLOP/s/GPU): 358.0 | tokens/sec/GPU: 7726 | learning rate: 1.921691E-05 | global batch size:    32 | lm loss: 2.910348E+00 | loss scale: 1.0 | grad norm: 0.604 | number of skipped iterations:   0 | number of nan iterations:   0 |
3: [default3]: [2026-05-23 03:53:08.113087] iteration     1240/    1537 | consumed samples:        39680 | elapsed time per iteration (ms): 1059.7 | throughput per GPU (TFLOP/s/GPU): 358.2 | tokens/sec/GPU: 7730 | learning rate: 1.915734E-05 | global batch size:    32 | lm loss: 3.068429E+00 | loss scale: 1.0 | grad norm: 0.608 | number of skipped iterations:   0 | number of nan iterations:   0 |
3: [default3]: [2026-05-23 03:53:09.175467] iteration     1241/    1537 | consumed samples:        39712 | elapsed time per iteration (ms): 1062.2 | throughput per GPU (TFLOP/s/GPU): 357.4 | tokens/sec/GPU: 7712 | learning rate: 1.909794E-05 | global batch size:    32 | lm loss: 2.950533E+00 | loss scale: 1.0 | grad norm: 0.633 | number of skipped iterations:   0 | number of nan iterations:   0 |
3: [default3]: [2026-05-23 03:53:10.237018] iteration     1242/    1537 | consumed samples:        39744 | elapsed time per iteration (ms): 1061.4 | throughput per GPU (TFLOP/s/GPU): 357.7 | tokens/sec/GPU: 7718 | learning rate: 1.903872E-05 | global batch size:    32 | lm loss: 3.199141E+00 | loss scale: 1.0 | grad norm: 0.594 | number of skipped iterations:   0 | number of nan iterations:   0 |
3: [default3]: [2026-05-23 03:53:11.295141] iteration     1243/    1537 | consumed samples:        39776 | elapsed time per iteration (ms): 1057.9 | throughput per GPU (TFLOP/s/GPU): 358.9 | tokens/sec/GPU: 7743 | learning rate: 1.897966E-05 | global batch size:    32 | lm loss: 3.062397E+00 | loss scale: 1.0 | grad norm: 0.580 | number of skipped iterations:   0 | number of nan iterations:   0 |
3: [default3]: [2026-05-23 03:53:12.359095] iteration     1244/    1537 | consumed samples:        39808 | elapsed time per iteration (ms): 1063.8 | throughput per GPU (TFLOP/s/GPU): 356.9 | tokens/sec/GPU: 7701 | learning rate: 1.892078E-05 | global batch size:    32 | lm loss: 2.818484E+00 | loss scale: 1.0 | grad norm: 0.637 | number of skipped iterations:   0 | number of nan iterations:   0 |
3: [default3]: [2026-05-23 03:53:13.416646] iteration     1245/    1537 | consumed samples:        39840 | elapsed time per iteration (ms): 1057.4 | throughput per GPU (TFLOP/s/GPU): 359.0 | tokens/sec/GPU: 7748 | learning rate: 1.886207E-05 | global batch size:    32 | lm loss: 3.063546E+00 | loss scale: 1.0 | grad norm: 0.660 | number of skipped iterations:   0 | number of nan iterations:   0 |
3: [default3]: [2026-05-23 03:53:14.477110] iteration     1246/    1537 | consumed samples:        39872 | elapsed time per iteration (ms): 1060.3 | throughput per GPU (TFLOP/s/GPU): 358.1 | tokens/sec/GPU: 7726 | learning rate: 1.880354E-05 | global batch size:    32 | lm loss: 2.943073E+00 | loss scale: 1.0 | grad norm: 0.572 | number of skipped iterations:   0 | number of nan iterations:   0 |
3: [default3]: [2026-05-23 03:53:15.541026] iteration     1247/    1537 | consumed samples:        39904 | elapsed time per iteration (ms): 1063.8 | throughput per GPU (TFLOP/s/GPU): 356.9 | tokens/sec/GPU: 7701 | learning rate: 1.874517E-05 | global batch size:    32 | lm loss: 3.051059E+00 | loss scale: 1.0 | grad norm: 0.593 | number of skipped iterations:   0 | number of nan iterations:   0 |
3: [default3]: [2026-05-23 03:53:16.601349] iteration     1248/    1537 | consumed samples:        39936 | elapsed time per iteration (ms): 1060.1 | throughput per GPU (TFLOP/s/GPU): 358.1 | tokens/sec/GPU: 7727 | learning rate: 1.868698E-05 | global batch size:    32 | lm loss: 3.036860E+00 | loss scale: 1.0 | grad norm: 0.554 | number of skipped iterations:   0 | number of nan iterations:   0 |
3: [default3]: [2026-05-23 03:53:17.661854] iteration     1249/    1537 | consumed samples:        39968 | elapsed time per iteration (ms): 1060.3 | throughput per GPU (TFLOP/s/GPU): 358.0 | tokens/sec/GPU: 7726 | learning rate: 1.862896E-05 | global batch size:    32 | lm loss: 3.213796E+00 | loss scale: 1.0 | grad norm: 0.585 | number of skipped iterations:   0 | number of nan iterations:   0 |
3: [default3]: [2026-05-23 03:53:18.725032] iteration     1250/    1537 | consumed samples:        40000 | elapsed time per iteration (ms): 1063.0 | throughput per GPU (TFLOP/s/GPU): 357.1 | tokens/sec/GPU: 7706 | learning rate: 1.857112E-05 | global batch size:    32 | lm loss: 2.978027E+00 | loss scale: 1.0 | grad norm: 0.607 | number of skipped iterations:   0 | number of nan iterations:   0 |
3: [default3]: [2026-05-23 03:53:20.479421] iteration     1251/    1537 | consumed samples:        40032 | elapsed time per iteration (ms): 1754.2 | throughput per GPU (TFLOP/s/GPU): 216.4 | tokens/sec/GPU: 4670 | learning rate: 1.851345E-05 | global batch size:    32 | lm loss: 2.972209E+00 | loss scale: 1.0 | grad norm: 0.579 | number of skipped iterations:   0 | number of nan iterations:   0 |
3: [default3]: [2026-05-23 03:53:21.541523] iteration     1252/    1537 | consumed samples:        40064 | elapsed time per iteration (ms): 1061.9 | throughput per GPU (TFLOP/s/GPU): 357.5 | tokens/sec/GPU: 7714 | learning rate: 1.845595E-05 | global batch size:    32 | lm loss: 2.961400E+00 | loss scale: 1.0 | grad norm: 0.591 | number of skipped iterations:   0 | number of nan iterations:   0 |
3: [default3]: [2026-05-23 03:53:22.607958] iteration     1253/    1537 | consumed samples:        40096 | elapsed time per iteration (ms): 1066.3 | throughput per GPU (TFLOP/s/GPU): 356.0 | tokens/sec/GPU: 7683 | learning rate: 1.839863E-05 | global batch size:    32 | lm loss: 2.819279E+00 | loss scale: 1.0 | grad norm: 0.638 | number of skipped iterations:   0 | number of nan iterations:   0 |
3: [default3]: [2026-05-23 03:53:23.680089] iteration     1254/    1537 | consumed samples:        40128 | elapsed time per iteration (ms): 1071.8 | throughput per GPU (TFLOP/s/GPU): 354.2 | tokens/sec/GPU: 7643 | learning rate: 1.834149E-05 | global batch size:    32 | lm loss: 2.898192E+00 | loss scale: 1.0 | grad norm: 0.568 | number of skipped iterations:   0 | number of nan iterations:   0 |
3: [default3]: [2026-05-23 03:53:24.749406] iteration     1255/    1537 | consumed samples:        40160 | elapsed time per iteration (ms): 1069.1 | throughput per GPU (TFLOP/s/GPU): 355.1 | tokens/sec/GPU: 7662 | learning rate: 1.828452E-05 | global batch size:    32 | lm loss: 3.002607E+00 | loss scale: 1.0 | grad norm: 0.627 | number of skipped iterations:   0 | number of nan iterations:   0 |
3: [default3]: [2026-05-23 03:53:25.809347] iteration     1256/    1537 | consumed samples:        40192 | elapsed time per iteration (ms): 1059.8 | throughput per GPU (TFLOP/s/GPU): 358.2 | tokens/sec/GPU: 7730 | learning rate: 1.822772E-05 | global batch size:    32 | lm loss: 2.994556E+00 | loss scale: 1.0 | grad norm: 0.568 | number of skipped iterations:   0 | number of nan iterations:   0 |
3: [default3]: [2026-05-23 03:53:26.868271] iteration     1257/    1537 | consumed samples:        40224 | elapsed time per iteration (ms): 1058.8 | throughput per GPU (TFLOP/s/GPU): 358.6 | tokens/sec/GPU: 7737 | learning rate: 1.817110E-05 | global batch size:    32 | lm loss: 2.778902E+00 | loss scale: 1.0 | grad norm: 0.562 | number of skipped iterations:   0 | number of nan iterations:   0 |
3: [default3]: [2026-05-23 03:53:27.926819] iteration     1258/    1537 | consumed samples:        40256 | elapsed time per iteration (ms): 1058.4 | throughput per GPU (TFLOP/s/GPU): 358.7 | tokens/sec/GPU: 7740 | learning rate: 1.811466E-05 | global batch size:    32 | lm loss: 3.048360E+00 | loss scale: 1.0 | grad norm: 0.621 | number of skipped iterations:   0 | number of nan iterations:   0 |
3: [default3]: [2026-05-23 03:53:28.985301] iteration     1259/    1537 | consumed samples:        40288 | elapsed time per iteration (ms): 1058.3 | throughput per GPU (TFLOP/s/GPU): 358.7 | tokens/sec/GPU: 7741 | learning rate: 1.805840E-05 | global batch size:    32 | lm loss: 2.980738E+00 | loss scale: 1.0 | grad norm: 0.602 | number of skipped iterations:   0 | number of nan iterations:   0 |
3: [default3]: [2026-05-23 03:53:30.045378] iteration     1260/    1537 | consumed samples:        40320 | elapsed time per iteration (ms): 1059.9 | throughput per GPU (TFLOP/s/GPU): 358.2 | tokens/sec/GPU: 7729 | learning rate: 1.800231E-05 | global batch size:    32 | lm loss: 3.008884E+00 | loss scale: 1.0 | grad norm: 0.560 | number of skipped iterations:   0 | number of nan iterations:   0 |
3: [default3]: [2026-05-23 03:53:31.108004] iteration     1261/    1537 | consumed samples:        40352 | elapsed time per iteration (ms): 1062.5 | throughput per GPU (TFLOP/s/GPU): 357.3 | tokens/sec/GPU: 7710 | learning rate: 1.794639E-05 | global batch size:    32 | lm loss: 2.872604E+00 | loss scale: 1.0 | grad norm: 0.649 | number of skipped iterations:   0 | number of nan iterations:   0 |
3: [default3]: [2026-05-23 03:53:32.167255] iteration     1262/    1537 | consumed samples:        40384 | elapsed time per iteration (ms): 1059.0 | throughput per GPU (TFLOP/s/GPU): 358.5 | tokens/sec/GPU: 7735 | learning rate: 1.789066E-05 | global batch size:    32 | lm loss: 3.048962E+00 | loss scale: 1.0 | grad norm: 0.584 | number of skipped iterations:   0 | number of nan iterations:   0 |
3: [default3]: [2026-05-23 03:53:33.233656] iteration     1263/    1537 | consumed samples:        40416 | elapsed time per iteration (ms): 1066.2 | throughput per GPU (TFLOP/s/GPU): 356.1 | tokens/sec/GPU: 7683 | learning rate: 1.783510E-05 | global batch size:    32 | lm loss: 2.977845E+00 | loss scale: 1.0 | grad norm: 0.584 | number of skipped iterations:   0 | number of nan iterations:   0 |
3: [default3]: [2026-05-23 03:53:34.296421] iteration     1264/    1537 | consumed samples:        40448 | elapsed time per iteration (ms): 1062.6 | throughput per GPU (TFLOP/s/GPU): 357.3 | tokens/sec/GPU: 7710 | learning rate: 1.777972E-05 | global batch size:    32 | lm loss: 2.905913E+00 | loss scale: 1.0 | grad norm: 0.591 | number of skipped iterations:   0 | number of nan iterations:   0 |
3: [default3]: [2026-05-23 03:53:35.351820] iteration     1265/    1537 | consumed samples:        40480 | elapsed time per iteration (ms): 1055.2 | throughput per GPU (TFLOP/s/GPU): 359.8 | tokens/sec/GPU: 7763 | learning rate: 1.772451E-05 | global batch size:    32 | lm loss: 2.948663E+00 | loss scale: 1.0 | grad norm: 1.279 | number of skipped iterations:   0 | number of nan iterations:   0 |
3: [default3]: [2026-05-23 03:53:36.413152] iteration     1266/    1537 | consumed samples:        40512 | elapsed time per iteration (ms): 1061.2 | throughput per GPU (TFLOP/s/GPU): 357.7 | tokens/sec/GPU: 7720 | learning rate: 1.766949E-05 | global batch size:    32 | lm loss: 3.032352E+00 | loss scale: 1.0 | grad norm: 0.586 | number of skipped iterations:   0 | number of nan iterations:   0 |
3: [default3]: [2026-05-23 03:53:37.470956] iteration     1267/    1537 | consumed samples:        40544 | elapsed time per iteration (ms): 1057.6 | throughput per GPU (TFLOP/s/GPU): 359.0 | tokens/sec/GPU: 7746 | learning rate: 1.761464E-05 | global batch size:    32 | lm loss: 3.016442E+00 | loss scale: 1.0 | grad norm: 0.601 | number of skipped iterations:   0 | number of nan iterations:   0 |
3: [default3]: [2026-05-23 03:53:38.528288] iteration     1268/    1537 | consumed samples:        40576 | elapsed time per iteration (ms): 1057.1 | throughput per GPU (TFLOP/s/GPU): 359.1 | tokens/sec/GPU: 7749 | learning rate: 1.755997E-05 | global batch size:    32 | lm loss: 2.981886E+00 | loss scale: 1.0 | grad norm: 0.600 | number of skipped iterations:   0 | number of nan iterations:   0 |
3: [default3]: [2026-05-23 03:53:39.587684] iteration     1269/    1537 | consumed samples:        40608 | elapsed time per iteration (ms): 1059.2 | throughput per GPU (TFLOP/s/GPU): 358.4 | tokens/sec/GPU: 7734 | learning rate: 1.750548E-05 | global batch size:    32 | lm loss: 2.910723E+00 | loss scale: 1.0 | grad norm: 0.599 | number of skipped iterations:   0 | number of nan iterations:   0 |
3: [default3]: [2026-05-23 03:53:40.646359] iteration     1270/    1537 | consumed samples:        40640 | elapsed time per iteration (ms): 1058.5 | throughput per GPU (TFLOP/s/GPU): 358.6 | tokens/sec/GPU: 7739 | learning rate: 1.745117E-05 | global batch size:    32 | lm loss: 2.575888E+00 | loss scale: 1.0 | grad norm: 0.566 | number of skipped iterations:   0 | number of nan iterations:   0 |
3: [default3]: [2026-05-23 03:53:41.703576] iteration     1271/    1537 | consumed samples:        40672 | elapsed time per iteration (ms): 1057.0 | throughput per GPU (TFLOP/s/GPU): 359.2 | tokens/sec/GPU: 7750 | learning rate: 1.739704E-05 | global batch size:    32 | lm loss: 2.834331E+00 | loss scale: 1.0 | grad norm: 0.578 | number of skipped iterations:   0 | number of nan iterations:   0 |
3: [default3]: [2026-05-23 03:53:42.759072] iteration     1272/    1537 | consumed samples:        40704 | elapsed time per iteration (ms): 1055.3 | throughput per GPU (TFLOP/s/GPU): 359.7 | tokens/sec/GPU: 7763 | learning rate: 1.734309E-05 | global batch size:    32 | lm loss: 2.993468E+00 | loss scale: 1.0 | grad norm: 0.579 | number of skipped iterations:   0 | number of nan iterations:   0 |
3: [default3]: [2026-05-23 03:53:43.813794] iteration     1273/    1537 | consumed samples:        40736 | elapsed time per iteration (ms): 1054.6 | throughput per GPU (TFLOP/s/GPU): 360.0 | tokens/sec/GPU: 7768 | learning rate: 1.728932E-05 | global batch size:    32 | lm loss: 3.100975E+00 | loss scale: 1.0 | grad norm: 0.614 | number of skipped iterations:   0 | number of nan iterations:   0 |
3: [default3]: [2026-05-23 03:53:44.869845] iteration     1274/    1537 | consumed samples:        40768 | elapsed time per iteration (ms): 1055.9 | throughput per GPU (TFLOP/s/GPU): 359.5 | tokens/sec/GPU: 7758 | learning rate: 1.723573E-05 | global batch size:    32 | lm loss: 2.898521E+00 | loss scale: 1.0 | grad norm: 0.595 | number of skipped iterations:   0 | number of nan iterations:   0 |
3: [default3]: [2026-05-23 03:53:45.930443] iteration     1275/    1537 | consumed samples:        40800 | elapsed time per iteration (ms): 1060.4 | throughput per GPU (TFLOP/s/GPU): 358.0 | tokens/sec/GPU: 7725 | learning rate: 1.718232E-05 | global batch size:    32 | lm loss: 3.225065E+00 | loss scale: 1.0 | grad norm: 0.583 | number of skipped iterations:   0 | number of nan iterations:   0 |
3: [default3]: [2026-05-23 03:53:46.995213] iteration     1276/    1537 | consumed samples:        40832 | elapsed time per iteration (ms): 1064.6 | throughput per GPU (TFLOP/s/GPU): 356.6 | tokens/sec/GPU: 7695 | learning rate: 1.712909E-05 | global batch size:    32 | lm loss: 2.971653E+00 | loss scale: 1.0 | grad norm: 0.625 | number of skipped iterations:   0 | number of nan iterations:   0 |
3: [default3]: [2026-05-23 03:53:48.054353] iteration     1277/    1537 | consumed samples:        40864 | elapsed time per iteration (ms): 1059.0 | throughput per GPU (TFLOP/s/GPU): 358.5 | tokens/sec/GPU: 7736 | learning rate: 1.707604E-05 | global batch size:    32 | lm loss: 2.948447E+00 | loss scale: 1.0 | grad norm: 0.606 | number of skipped iterations:   0 | number of nan iterations:   0 |
3: [default3]: [2026-05-23 03:53:49.115574] iteration     1278/    1537 | consumed samples:        40896 | elapsed time per iteration (ms): 1061.1 | throughput per GPU (TFLOP/s/GPU): 357.8 | tokens/sec/GPU: 7721 | learning rate: 1.702318E-05 | global batch size:    32 | lm loss: 3.129713E+00 | loss scale: 1.0 | grad norm: 0.633 | number of skipped iterations:   0 | number of nan iterations:   0 |
3: [default3]: [2026-05-23 03:53:50.176472] iteration     1279/    1537 | consumed samples:        40928 | elapsed time per iteration (ms): 1060.6 | throughput per GPU (TFLOP/s/GPU): 357.9 | tokens/sec/GPU: 7724 | learning rate: 1.697049E-05 | global batch size:    32 | lm loss: 3.285132E+00 | loss scale: 1.0 | grad norm: 0.588 | number of skipped iterations:   0 | number of nan iterations:   0 |
3: [default3]: [2026-05-23 03:53:51.244749] iteration     1280/    1537 | consumed samples:        40960 | elapsed time per iteration (ms): 1068.1 | throughput per GPU (TFLOP/s/GPU): 355.4 | tokens/sec/GPU: 7670 | learning rate: 1.691799E-05 | global batch size:    32 | lm loss: 2.907839E+00 | loss scale: 1.0 | grad norm: 0.624 | number of skipped iterations:   0 | number of nan iterations:   0 |
3: [default3]: [2026-05-23 03:53:52.308568] iteration     1281/    1537 | consumed samples:        40992 | elapsed time per iteration (ms): 1063.6 | throughput per GPU (TFLOP/s/GPU): 356.9 | tokens/sec/GPU: 7702 | learning rate: 1.686567E-05 | global batch size:    32 | lm loss: 2.654978E+00 | loss scale: 1.0 | grad norm: 0.698 | number of skipped iterations:   0 | number of nan iterations:   0 |
3: [default3]: [2026-05-23 03:53:53.371691] iteration     1282/    1537 | consumed samples:        41024 | elapsed time per iteration (ms): 1062.9 | throughput per GPU (TFLOP/s/GPU): 357.2 | tokens/sec/GPU: 7707 | learning rate: 1.681353E-05 | global batch size:    32 | lm loss: 2.993602E+00 | loss scale: 1.0 | grad norm: 0.624 | number of skipped iterations:   0 | number of nan iterations:   0 |
3: [default3]: [2026-05-23 03:53:54.435058] iteration     1283/    1537 | consumed samples:        41056 | elapsed time per iteration (ms): 1063.2 | throughput per GPU (TFLOP/s/GPU): 357.1 | tokens/sec/GPU: 7705 | learning rate: 1.676157E-05 | global batch size:    32 | lm loss: 3.049331E+00 | loss scale: 1.0 | grad norm: 0.596 | number of skipped iterations:   0 | number of nan iterations:   0 |
3: [default3]: [2026-05-23 03:53:55.495920] iteration     1284/    1537 | consumed samples:        41088 | elapsed time per iteration (ms): 1060.7 | throughput per GPU (TFLOP/s/GPU): 357.9 | tokens/sec/GPU: 7723 | learning rate: 1.670980E-05 | global batch size:    32 | lm loss: 2.966979E+00 | loss scale: 1.0 | grad norm: 0.716 | number of skipped iterations:   0 | number of nan iterations:   0 |
3: [default3]: [2026-05-23 03:53:56.554006] iteration     1285/    1537 | consumed samples:        41120 | elapsed time per iteration (ms): 1057.9 | throughput per GPU (TFLOP/s/GPU): 358.8 | tokens/sec/GPU: 7743 | learning rate: 1.665820E-05 | global batch size:    32 | lm loss: 3.305660E+00 | loss scale: 1.0 | grad norm: 0.572 | number of skipped iterations:   0 | number of nan iterations:   0 |
3: [default3]: [2026-05-23 03:53:57.612438] iteration     1286/    1537 | consumed samples:        41152 | elapsed time per iteration (ms): 1058.3 | throughput per GPU (TFLOP/s/GPU): 358.7 | tokens/sec/GPU: 7741 | learning rate: 1.660680E-05 | global batch size:    32 | lm loss: 3.057545E+00 | loss scale: 1.0 | grad norm: 0.614 | number of skipped iterations:   0 | number of nan iterations:   0 |
3: [default3]: [2026-05-23 03:53:58.671650] iteration     1287/    1537 | consumed samples:        41184 | elapsed time per iteration (ms): 1059.0 | throughput per GPU (TFLOP/s/GPU): 358.5 | tokens/sec/GPU: 7735 | learning rate: 1.655557E-05 | global batch size:    32 | lm loss: 3.050111E+00 | loss scale: 1.0 | grad norm: 0.581 | number of skipped iterations:   0 | number of nan iterations:   0 |
3: [default3]: [2026-05-23 03:53:59.728991] iteration     1288/    1537 | consumed samples:        41216 | elapsed time per iteration (ms): 1057.2 | throughput per GPU (TFLOP/s/GPU): 359.1 | tokens/sec/GPU: 7749 | learning rate: 1.650453E-05 | global batch size:    32 | lm loss: 2.872995E+00 | loss scale: 1.0 | grad norm: 0.575 | number of skipped iterations:   0 | number of nan iterations:   0 |
3: [default3]: [2026-05-23 03:54:00.789386] iteration     1289/    1537 | consumed samples:        41248 | elapsed time per iteration (ms): 1060.2 | throughput per GPU (TFLOP/s/GPU): 358.1 | tokens/sec/GPU: 7727 | learning rate: 1.645368E-05 | global batch size:    32 | lm loss: 3.019250E+00 | loss scale: 1.0 | grad norm: 0.658 | number of skipped iterations:   0 | number of nan iterations:   0 |
3: [default3]: [2026-05-23 03:54:01.845538] iteration     1290/    1537 | consumed samples:        41280 | elapsed time per iteration (ms): 1056.0 | throughput per GPU (TFLOP/s/GPU): 359.5 | tokens/sec/GPU: 7758 | learning rate: 1.640300E-05 | global batch size:    32 | lm loss: 3.102531E+00 | loss scale: 1.0 | grad norm: 0.685 | number of skipped iterations:   0 | number of nan iterations:   0 |
3: [default3]: [2026-05-23 03:54:02.902793] iteration     1291/    1537 | consumed samples:        41312 | elapsed time per iteration (ms): 1057.1 | throughput per GPU (TFLOP/s/GPU): 359.1 | tokens/sec/GPU: 7750 | learning rate: 1.635251E-05 | global batch size:    32 | lm loss: 2.950282E+00 | loss scale: 1.0 | grad norm: 0.626 | number of skipped iterations:   0 | number of nan iterations:   0 |
3: [default3]: [2026-05-23 03:54:03.960770] iteration     1292/    1537 | consumed samples:        41344 | elapsed time per iteration (ms): 1057.8 | throughput per GPU (TFLOP/s/GPU): 358.9 | tokens/sec/GPU: 7744 | learning rate: 1.630221E-05 | global batch size:    32 | lm loss: 3.100241E+00 | loss scale: 1.0 | grad norm: 0.575 | number of skipped iterations:   0 | number of nan iterations:   0 |
3: [default3]: [2026-05-23 03:54:05.018324] iteration     1293/    1537 | consumed samples:        41376 | elapsed time per iteration (ms): 1057.4 | throughput per GPU (TFLOP/s/GPU): 359.0 | tokens/sec/GPU: 7747 | learning rate: 1.625209E-05 | global batch size:    32 | lm loss: 2.907152E+00 | loss scale: 1.0 | grad norm: 0.605 | number of skipped iterations:   0 | number of nan iterations:   0 |
3: [default3]: [2026-05-23 03:54:06.076666] iteration     1294/    1537 | consumed samples:        41408 | elapsed time per iteration (ms): 1058.1 | throughput per GPU (TFLOP/s/GPU): 358.8 | tokens/sec/GPU: 7742 | learning rate: 1.620216E-05 | global batch size:    32 | lm loss: 3.072356E+00 | loss scale: 1.0 | grad norm: 0.627 | number of skipped iterations:   0 | number of nan iterations:   0 |
3: [default3]: [2026-05-23 03:54:07.130994] iteration     1295/    1537 | consumed samples:        41440 | elapsed time per iteration (ms): 1054.2 | throughput per GPU (TFLOP/s/GPU): 360.1 | tokens/sec/GPU: 7771 | learning rate: 1.615241E-05 | global batch size:    32 | lm loss: 2.937503E+00 | loss scale: 1.0 | grad norm: 0.585 | number of skipped iterations:   0 | number of nan iterations:   0 |
3: [default3]: [2026-05-23 03:54:08.186895] iteration     1296/    1537 | consumed samples:        41472 | elapsed time per iteration (ms): 1055.7 | throughput per GPU (TFLOP/s/GPU): 359.6 | tokens/sec/GPU: 7759 | learning rate: 1.610285E-05 | global batch size:    32 | lm loss: 2.888553E+00 | loss scale: 1.0 | grad norm: 0.611 | number of skipped iterations:   0 | number of nan iterations:   0 |
3: [default3]: [2026-05-23 03:54:09.242035] iteration     1297/    1537 | consumed samples:        41504 | elapsed time per iteration (ms): 1055.0 | throughput per GPU (TFLOP/s/GPU): 359.9 | tokens/sec/GPU: 7765 | learning rate: 1.605347E-05 | global batch size:    32 | lm loss: 2.979137E+00 | loss scale: 1.0 | grad norm: 0.576 | number of skipped iterations:   0 | number of nan iterations:   0 |
3: [default3]: [2026-05-23 03:54:10.300063] iteration     1298/    1537 | consumed samples:        41536 | elapsed time per iteration (ms): 1057.9 | throughput per GPU (TFLOP/s/GPU): 358.9 | tokens/sec/GPU: 7744 | learning rate: 1.600429E-05 | global batch size:    32 | lm loss: 3.052308E+00 | loss scale: 1.0 | grad norm: 0.614 | number of skipped iterations:   0 | number of nan iterations:   0 |
3: [default3]: [2026-05-23 03:54:11.361889] iteration     1299/    1537 | consumed samples:        41568 | elapsed time per iteration (ms): 1061.6 | throughput per GPU (TFLOP/s/GPU): 357.6 | tokens/sec/GPU: 7716 | learning rate: 1.595528E-05 | global batch size:    32 | lm loss: 2.885250E+00 | loss scale: 1.0 | grad norm: 0.616 | number of skipped iterations:   0 | number of nan iterations:   0 |
3: [default3]: [2026-05-23 03:54:12.418048] iteration     1300/    1537 | consumed samples:        41600 | elapsed time per iteration (ms): 1056.0 | throughput per GPU (TFLOP/s/GPU): 359.5 | tokens/sec/GPU: 7758 | learning rate: 1.590647E-05 | global batch size:    32 | lm loss: 2.888303E+00 | loss scale: 1.0 | grad norm: 0.655 | number of skipped iterations:   0 | number of nan iterations:   0 |
3: [default3]: [2026-05-23 03:54:14.165452] iteration     1301/    1537 | consumed samples:        41632 | elapsed time per iteration (ms): 1747.2 | throughput per GPU (TFLOP/s/GPU): 217.3 | tokens/sec/GPU: 4689 | learning rate: 1.585784E-05 | global batch size:    32 | lm loss: 2.786338E+00 | loss scale: 1.0 | grad norm: 0.560 | number of skipped iterations:   0 | number of nan iterations:   0 |
3: [default3]: [2026-05-23 03:54:15.226831] iteration     1302/    1537 | consumed samples:        41664 | elapsed time per iteration (ms): 1061.2 | throughput per GPU (TFLOP/s/GPU): 357.7 | tokens/sec/GPU: 7720 | learning rate: 1.580939E-05 | global batch size:    32 | lm loss: 3.037232E+00 | loss scale: 1.0 | grad norm: 0.559 | number of skipped iterations:   0 | number of nan iterations:   0 |
3: [default3]: [2026-05-23 03:54:16.285858] iteration     1303/    1537 | consumed samples:        41696 | elapsed time per iteration (ms): 1058.9 | throughput per GPU (TFLOP/s/GPU): 358.5 | tokens/sec/GPU: 7736 | learning rate: 1.576114E-05 | global batch size:    32 | lm loss: 2.959424E+00 | loss scale: 1.0 | grad norm: 0.687 | number of skipped iterations:   0 | number of nan iterations:   0 |
3: [default3]: [2026-05-23 03:54:17.342047] iteration     1304/    1537 | consumed samples:        41728 | elapsed time per iteration (ms): 1056.0 | throughput per GPU (TFLOP/s/GPU): 359.5 | tokens/sec/GPU: 7758 | learning rate: 1.571307E-05 | global batch size:    32 | lm loss: 2.999760E+00 | loss scale: 1.0 | grad norm: 0.614 | number of skipped iterations:   0 | number of nan iterations:   0 |
3: [default3]: [2026-05-23 03:54:18.402977] iteration     1305/    1537 | consumed samples:        41760 | elapsed time per iteration (ms): 1060.7 | throughput per GPU (TFLOP/s/GPU): 357.9 | tokens/sec/GPU: 7723 | learning rate: 1.566519E-05 | global batch size:    32 | lm loss: 2.997133E+00 | loss scale: 1.0 | grad norm: 0.738 | number of skipped iterations:   0 | number of nan iterations:   0 |
3: [default3]: [2026-05-23 03:54:19.463433] iteration     1306/    1537 | consumed samples:        41792 | elapsed time per iteration (ms): 1060.3 | throughput per GPU (TFLOP/s/GPU): 358.0 | tokens/sec/GPU: 7726 | learning rate: 1.561750E-05 | global batch size:    32 | lm loss: 2.712440E+00 | loss scale: 1.0 | grad norm: 0.683 | number of skipped iterations:   0 | number of nan iterations:   0 |
3: [default3]: [2026-05-23 03:54:20.520193] iteration     1307/    1537 | consumed samples:        41824 | elapsed time per iteration (ms): 1056.6 | throughput per GPU (TFLOP/s/GPU): 359.3 | tokens/sec/GPU: 7753 | learning rate: 1.556999E-05 | global batch size:    32 | lm loss: 2.842657E+00 | loss scale: 1.0 | grad norm: 0.594 | number of skipped iterations:   0 | number of nan iterations:   0 |
3: [default3]: [2026-05-23 03:54:21.579727] iteration     1308/    1537 | consumed samples:        41856 | elapsed time per iteration (ms): 1059.4 | throughput per GPU (TFLOP/s/GPU): 358.4 | tokens/sec/GPU: 7733 | learning rate: 1.552268E-05 | global batch size:    32 | lm loss: 2.980945E+00 | loss scale: 1.0 | grad norm: 0.613 | number of skipped iterations:   0 | number of nan iterations:   0 |
3: [default3]: [2026-05-23 03:54:22.643642] iteration     1309/    1537 | consumed samples:        41888 | elapsed time per iteration (ms): 1063.8 | throughput per GPU (TFLOP/s/GPU): 356.9 | tokens/sec/GPU: 7701 | learning rate: 1.547555E-05 | global batch size:    32 | lm loss: 2.720865E+00 | loss scale: 1.0 | grad norm: 0.648 | number of skipped iterations:   0 | number of nan iterations:   0 |
3: [default3]: [2026-05-23 03:54:23.711403] iteration     1310/    1537 | consumed samples:        41920 | elapsed time per iteration (ms): 1067.6 | throughput per GPU (TFLOP/s/GPU): 355.6 | tokens/sec/GPU: 7674 | learning rate: 1.542861E-05 | global batch size:    32 | lm loss: 3.014600E+00 | loss scale: 1.0 | grad norm: 0.592 | number of skipped iterations:   0 | number of nan iterations:   0 |
3: [default3]: [2026-05-23 03:54:24.772814] iteration     1311/    1537 | consumed samples:        41952 | elapsed time per iteration (ms): 1061.3 | throughput per GPU (TFLOP/s/GPU): 357.7 | tokens/sec/GPU: 7719 | learning rate: 1.538186E-05 | global batch size:    32 | lm loss: 2.850799E+00 | loss scale: 1.0 | grad norm: 0.560 | number of skipped iterations:   0 | number of nan iterations:   0 |
3: [default3]: [2026-05-23 03:54:25.831456] iteration     1312/    1537 | consumed samples:        41984 | elapsed time per iteration (ms): 1058.5 | throughput per GPU (TFLOP/s/GPU): 358.7 | tokens/sec/GPU: 7740 | learning rate: 1.533530E-05 | global batch size:    32 | lm loss: 2.697991E+00 | loss scale: 1.0 | grad norm: 0.677 | number of skipped iterations:   0 | number of nan iterations:   0 |
3: [default3]: [2026-05-23 03:54:26.883540] iteration     1313/    1537 | consumed samples:        42016 | elapsed time per iteration (ms): 1051.9 | throughput per GPU (TFLOP/s/GPU): 360.9 | tokens/sec/GPU: 7788 | learning rate: 1.528893E-05 | global batch size:    32 | lm loss: 2.875762E+00 | loss scale: 1.0 | grad norm: 0.617 | number of skipped iterations:   0 | number of nan iterations:   0 |
3: [default3]: [2026-05-23 03:54:27.944219] iteration     1314/    1537 | consumed samples:        42048 | elapsed time per iteration (ms): 1060.5 | throughput per GPU (TFLOP/s/GPU): 358.0 | tokens/sec/GPU: 7724 | learning rate: 1.524275E-05 | global batch size:    32 | lm loss: 3.033106E+00 | loss scale: 1.0 | grad norm: 1.027 | number of skipped iterations:   0 | number of nan iterations:   0 |
3: [default3]: [2026-05-23 03:54:29.005449] iteration     1315/    1537 | consumed samples:        42080 | elapsed time per iteration (ms): 1061.0 | throughput per GPU (TFLOP/s/GPU): 357.8 | tokens/sec/GPU: 7721 | learning rate: 1.519676E-05 | global batch size:    32 | lm loss: 2.921649E+00 | loss scale: 1.0 | grad norm: 0.622 | number of skipped iterations:   0 | number of nan iterations:   0 |
3: [default3]: [2026-05-23 03:54:30.063070] iteration     1316/    1537 | consumed samples:        42112 | elapsed time per iteration (ms): 1057.4 | throughput per GPU (TFLOP/s/GPU): 359.0 | tokens/sec/GPU: 7747 | learning rate: 1.515096E-05 | global batch size:    32 | lm loss: 3.005409E+00 | loss scale: 1.0 | grad norm: 0.586 | number of skipped iterations:   0 | number of nan iterations:   0 |
3: [default3]: [2026-05-23 03:54:31.127993] iteration     1317/    1537 | consumed samples:        42144 | elapsed time per iteration (ms): 1064.8 | throughput per GPU (TFLOP/s/GPU): 356.5 | tokens/sec/GPU: 7694 | learning rate: 1.510535E-05 | global batch size:    32 | lm loss: 3.136426E+00 | loss scale: 1.0 | grad norm: 0.607 | number of skipped iterations:   0 | number of nan iterations:   0 |
3: [default3]: [2026-05-23 03:54:32.184318] iteration     1318/    1537 | consumed samples:        42176 | elapsed time per iteration (ms): 1056.2 | throughput per GPU (TFLOP/s/GPU): 359.4 | tokens/sec/GPU: 7756 | learning rate: 1.505993E-05 | global batch size:    32 | lm loss: 3.100120E+00 | loss scale: 1.0 | grad norm: 0.579 | number of skipped iterations:   0 | number of nan iterations:   0 |
3: [default3]: [2026-05-23 03:54:33.238816] iteration     1319/    1537 | consumed samples:        42208 | elapsed time per iteration (ms): 1054.4 | throughput per GPU (TFLOP/s/GPU): 360.1 | tokens/sec/GPU: 7770 | learning rate: 1.501471E-05 | global batch size:    32 | lm loss: 2.962404E+00 | loss scale: 1.0 | grad norm: 0.709 | number of skipped iterations:   0 | number of nan iterations:   0 |
3: [default3]: [2026-05-23 03:54:34.295863] iteration     1320/    1537 | consumed samples:        42240 | elapsed time per iteration (ms): 1056.9 | throughput per GPU (TFLOP/s/GPU): 359.2 | tokens/sec/GPU: 7751 | learning rate: 1.496967E-05 | global batch size:    32 | lm loss: 2.651439E+00 | loss scale: 1.0 | grad norm: 0.579 | number of skipped iterations:   0 | number of nan iterations:   0 |
3: [default3]: [2026-05-23 03:54:35.350984] iteration     1321/    1537 | consumed samples:        42272 | elapsed time per iteration (ms): 1054.9 | throughput per GPU (TFLOP/s/GPU): 359.9 | tokens/sec/GPU: 7766 | learning rate: 1.492482E-05 | global batch size:    32 | lm loss: 2.948930E+00 | loss scale: 1.0 | grad norm: 0.592 | number of skipped iterations:   0 | number of nan iterations:   0 |
3: [default3]: [2026-05-23 03:54:36.405826] iteration     1322/    1537 | consumed samples:        42304 | elapsed time per iteration (ms): 1054.7 | throughput per GPU (TFLOP/s/GPU): 359.9 | tokens/sec/GPU: 7767 | learning rate: 1.488017E-05 | global batch size:    32 | lm loss: 3.073961E+00 | loss scale: 1.0 | grad norm: 0.576 | number of skipped iterations:   0 | number of nan iterations:   0 |
3: [default3]: [2026-05-23 03:54:37.463355] iteration     1323/    1537 | consumed samples:        42336 | elapsed time per iteration (ms): 1057.3 | throughput per GPU (TFLOP/s/GPU): 359.1 | tokens/sec/GPU: 7748 | learning rate: 1.483571E-05 | global batch size:    32 | lm loss: 2.933237E+00 | loss scale: 1.0 | grad norm: 0.605 | number of skipped iterations:   0 | number of nan iterations:   0 |
3: [default3]: [2026-05-23 03:54:38.517004] iteration     1324/    1537 | consumed samples:        42368 | elapsed time per iteration (ms): 1053.5 | throughput per GPU (TFLOP/s/GPU): 360.4 | tokens/sec/GPU: 7776 | learning rate: 1.479144E-05 | global batch size:    32 | lm loss: 2.760981E+00 | loss scale: 1.0 | grad norm: 0.586 | number of skipped iterations:   0 | number of nan iterations:   0 |
3: [default3]: [2026-05-23 03:54:39.569431] iteration     1325/    1537 | consumed samples:        42400 | elapsed time per iteration (ms): 1052.3 | throughput per GPU (TFLOP/s/GPU): 360.8 | tokens/sec/GPU: 7785 | learning rate: 1.474736E-05 | global batch size:    32 | lm loss: 3.033699E+00 | loss scale: 1.0 | grad norm: 0.659 | number of skipped iterations:   0 | number of nan iterations:   0 |
3: [default3]: [2026-05-23 03:54:40.628865] iteration     1326/    1537 | consumed samples:        42432 | elapsed time per iteration (ms): 1059.3 | throughput per GPU (TFLOP/s/GPU): 358.4 | tokens/sec/GPU: 7734 | learning rate: 1.470347E-05 | global batch size:    32 | lm loss: 2.839659E+00 | loss scale: 1.0 | grad norm: 0.626 | number of skipped iterations:   0 | number of nan iterations:   0 |
3: [default3]: [2026-05-23 03:54:41.684038] iteration     1327/    1537 | consumed samples:        42464 | elapsed time per iteration (ms): 1055.0 | throughput per GPU (TFLOP/s/GPU): 359.8 | tokens/sec/GPU: 7765 | learning rate: 1.465978E-05 | global batch size:    32 | lm loss: 2.646464E+00 | loss scale: 1.0 | grad norm: 0.684 | number of skipped iterations:   0 | number of nan iterations:   0 |
3: [default3]: [2026-05-23 03:54:42.742821] iteration     1328/    1537 | consumed samples:        42496 | elapsed time per iteration (ms): 1058.5 | throughput per GPU (TFLOP/s/GPU): 358.7 | tokens/sec/GPU: 7740 | learning rate: 1.461628E-05 | global batch size:    32 | lm loss: 2.871557E+00 | loss scale: 1.0 | grad norm: 0.612 | number of skipped iterations:   0 | number of nan iterations:   0 |
3: [default3]: [2026-05-23 03:54:43.796746] iteration     1329/    1537 | consumed samples:        42528 | elapsed time per iteration (ms): 1053.8 | throughput per GPU (TFLOP/s/GPU): 360.3 | tokens/sec/GPU: 7774 | learning rate: 1.457297E-05 | global batch size:    32 | lm loss: 2.829322E+00 | loss scale: 1.0 | grad norm: 0.570 | number of skipped iterations:   0 | number of nan iterations:   0 |
3: [default3]: [2026-05-23 03:54:44.851645] iteration     1330/    1537 | consumed samples:        42560 | elapsed time per iteration (ms): 1054.7 | throughput per GPU (TFLOP/s/GPU): 359.9 | tokens/sec/GPU: 7767 | learning rate: 1.452986E-05 | global batch size:    32 | lm loss: 3.109572E+00 | loss scale: 1.0 | grad norm: 0.591 | number of skipped iterations:   0 | number of nan iterations:   0 |
3: [default3]: [2026-05-23 03:54:45.904814] iteration     1331/    1537 | consumed samples:        42592 | elapsed time per iteration (ms): 1053.0 | throughput per GPU (TFLOP/s/GPU): 360.5 | tokens/sec/GPU: 7780 | learning rate: 1.448694E-05 | global batch size:    32 | lm loss: 2.818246E+00 | loss scale: 1.0 | grad norm: 0.704 | number of skipped iterations:   0 | number of nan iterations:   0 |
3: [default3]: [2026-05-23 03:54:46.959435] iteration     1332/    1537 | consumed samples:        42624 | elapsed time per iteration (ms): 1054.4 | throughput per GPU (TFLOP/s/GPU): 360.0 | tokens/sec/GPU: 7769 | learning rate: 1.444421E-05 | global batch size:    32 | lm loss: 2.765724E+00 | loss scale: 1.0 | grad norm: 0.589 | number of skipped iterations:   0 | number of nan iterations:   0 |
3: [default3]: [2026-05-23 03:54:48.014006] iteration     1333/    1537 | consumed samples:        42656 | elapsed time per iteration (ms): 1054.4 | throughput per GPU (TFLOP/s/GPU): 360.0 | tokens/sec/GPU: 7769 | learning rate: 1.440168E-05 | global batch size:    32 | lm loss: 2.857242E+00 | loss scale: 1.0 | grad norm: 0.607 | number of skipped iterations:   0 | number of nan iterations:   0 |
3: [default3]: [2026-05-23 03:54:49.071789] iteration     1334/    1537 | consumed samples:        42688 | elapsed time per iteration (ms): 1057.6 | throughput per GPU (TFLOP/s/GPU): 359.0 | tokens/sec/GPU: 7746 | learning rate: 1.435934E-05 | global batch size:    32 | lm loss: 3.089022E+00 | loss scale: 1.0 | grad norm: 0.585 | number of skipped iterations:   0 | number of nan iterations:   0 |
3: [default3]: [2026-05-23 03:54:50.126824] iteration     1335/    1537 | consumed samples:        42720 | elapsed time per iteration (ms): 1054.8 | throughput per GPU (TFLOP/s/GPU): 359.9 | tokens/sec/GPU: 7766 | learning rate: 1.431720E-05 | global batch size:    32 | lm loss: 2.789438E+00 | loss scale: 1.0 | grad norm: 0.592 | number of skipped iterations:   0 | number of nan iterations:   0 |
3: [default3]: [2026-05-23 03:54:51.184883] iteration     1336/    1537 | consumed samples:        42752 | elapsed time per iteration (ms): 1057.9 | throughput per GPU (TFLOP/s/GPU): 358.9 | tokens/sec/GPU: 7744 | learning rate: 1.427525E-05 | global batch size:    32 | lm loss: 2.875215E+00 | loss scale: 1.0 | grad norm: 0.617 | number of skipped iterations:   0 | number of nan iterations:   0 |
3: [default3]: [2026-05-23 03:54:52.238227] iteration     1337/    1537 | consumed samples:        42784 | elapsed time per iteration (ms): 1053.2 | throughput per GPU (TFLOP/s/GPU): 360.5 | tokens/sec/GPU: 7778 | learning rate: 1.423349E-05 | global batch size:    32 | lm loss: 2.960554E+00 | loss scale: 1.0 | grad norm: 0.629 | number of skipped iterations:   0 | number of nan iterations:   0 |
3: [default3]: [2026-05-23 03:54:53.294485] iteration     1338/    1537 | consumed samples:        42816 | elapsed time per iteration (ms): 1056.1 | throughput per GPU (TFLOP/s/GPU): 359.5 | tokens/sec/GPU: 7757 | learning rate: 1.419193E-05 | global batch size:    32 | lm loss: 3.035101E+00 | loss scale: 1.0 | grad norm: 0.593 | number of skipped iterations:   0 | number of nan iterations:   0 |
3: [default3]: [2026-05-23 03:54:54.349190] iteration     1339/    1537 | consumed samples:        42848 | elapsed time per iteration (ms): 1054.5 | throughput per GPU (TFLOP/s/GPU): 360.0 | tokens/sec/GPU: 7768 | learning rate: 1.415056E-05 | global batch size:    32 | lm loss: 3.016103E+00 | loss scale: 1.0 | grad norm: 0.629 | number of skipped iterations:   0 | number of nan iterations:   0 |
3: [default3]: [2026-05-23 03:54:55.402706] iteration     1340/    1537 | consumed samples:        42880 | elapsed time per iteration (ms): 1053.3 | throughput per GPU (TFLOP/s/GPU): 360.4 | tokens/sec/GPU: 7777 | learning rate: 1.410939E-05 | global batch size:    32 | lm loss: 2.796395E+00 | loss scale: 1.0 | grad norm: 0.661 | number of skipped iterations:   0 | number of nan iterations:   0 |
3: [default3]: [2026-05-23 03:54:56.453928] iteration     1341/    1537 | consumed samples:        42912 | elapsed time per iteration (ms): 1051.1 | throughput per GPU (TFLOP/s/GPU): 361.2 | tokens/sec/GPU: 7794 | learning rate: 1.406842E-05 | global batch size:    32 | lm loss: 3.067509E+00 | loss scale: 1.0 | grad norm: 1.027 | number of skipped iterations:   0 | number of nan iterations:   0 |
3: [default3]: [2026-05-23 03:54:57.510483] iteration     1342/    1537 | consumed samples:        42944 | elapsed time per iteration (ms): 1056.4 | throughput per GPU (TFLOP/s/GPU): 359.4 | tokens/sec/GPU: 7755 | learning rate: 1.402764E-05 | global batch size:    32 | lm loss: 2.856333E+00 | loss scale: 1.0 | grad norm: 2.434 | number of skipped iterations:   0 | number of nan iterations:   0 |
3: [default3]: [2026-05-23 03:54:58.568761] iteration     1343/    1537 | consumed samples:        42976 | elapsed time per iteration (ms): 1058.1 | throughput per GPU (TFLOP/s/GPU): 358.8 | tokens/sec/GPU: 7742 | learning rate: 1.398706E-05 | global batch size:    32 | lm loss: 2.947586E+00 | loss scale: 1.0 | grad norm: 0.636 | number of skipped iterations:   0 | number of nan iterations:   0 |
3: [default3]: [2026-05-23 03:54:59.628401] iteration     1344/    1537 | consumed samples:        43008 | elapsed time per iteration (ms): 1059.5 | throughput per GPU (TFLOP/s/GPU): 358.3 | tokens/sec/GPU: 7732 | learning rate: 1.394667E-05 | global batch size:    32 | lm loss: 2.897645E+00 | loss scale: 1.0 | grad norm: 0.601 | number of skipped iterations:   0 | number of nan iterations:   0 |
3: [default3]: [2026-05-23 03:55:00.687004] iteration     1345/    1537 | consumed samples:        43040 | elapsed time per iteration (ms): 1058.4 | throughput per GPU (TFLOP/s/GPU): 358.7 | tokens/sec/GPU: 7740 | learning rate: 1.390648E-05 | global batch size:    32 | lm loss: 2.833732E+00 | loss scale: 1.0 | grad norm: 0.651 | number of skipped iterations:   0 | number of nan iterations:   0 |
3: [default3]: [2026-05-23 03:55:01.748072] iteration     1346/    1537 | consumed samples:        43072 | elapsed time per iteration (ms): 1060.9 | throughput per GPU (TFLOP/s/GPU): 357.8 | tokens/sec/GPU: 7722 | learning rate: 1.386648E-05 | global batch size:    32 | lm loss: 2.919655E+00 | loss scale: 1.0 | grad norm: 0.723 | number of skipped iterations:   0 | number of nan iterations:   0 |
3: [default3]: [2026-05-23 03:55:02.809136] iteration     1347/    1537 | consumed samples:        43104 | elapsed time per iteration (ms): 1060.9 | throughput per GPU (TFLOP/s/GPU): 357.9 | tokens/sec/GPU: 7722 | learning rate: 1.382668E-05 | global batch size:    32 | lm loss: 2.991914E+00 | loss scale: 1.0 | grad norm: 0.571 | number of skipped iterations:   0 | number of nan iterations:   0 |
3: [default3]: [2026-05-23 03:55:03.866680] iteration     1348/    1537 | consumed samples:        43136 | elapsed time per iteration (ms): 1057.4 | throughput per GPU (TFLOP/s/GPU): 359.0 | tokens/sec/GPU: 7748 | learning rate: 1.378708E-05 | global batch size:    32 | lm loss: 2.919580E+00 | loss scale: 1.0 | grad norm: 0.565 | number of skipped iterations:   0 | number of nan iterations:   0 |
3: [default3]: [2026-05-23 03:55:04.922427] iteration     1349/    1537 | consumed samples:        43168 | elapsed time per iteration (ms): 1055.6 | throughput per GPU (TFLOP/s/GPU): 359.6 | tokens/sec/GPU: 7761 | learning rate: 1.374768E-05 | global batch size:    32 | lm loss: 2.855185E+00 | loss scale: 1.0 | grad norm: 0.597 | number of skipped iterations:   0 | number of nan iterations:   0 |
3: [default3]: [2026-05-23 03:55:05.976647] iteration     1350/    1537 | consumed samples:        43200 | elapsed time per iteration (ms): 1054.1 | throughput per GPU (TFLOP/s/GPU): 360.2 | tokens/sec/GPU: 7772 | learning rate: 1.370847E-05 | global batch size:    32 | lm loss: 3.088380E+00 | loss scale: 1.0 | grad norm: 0.682 | number of skipped iterations:   0 | number of nan iterations:   0 |
3: [default3]: [2026-05-23 03:55:07.725236] iteration     1351/    1537 | consumed samples:        43232 | elapsed time per iteration (ms): 1748.4 | throughput per GPU (TFLOP/s/GPU): 217.1 | tokens/sec/GPU: 4685 | learning rate: 1.366946E-05 | global batch size:    32 | lm loss: 2.895822E+00 | loss scale: 1.0 | grad norm: 0.707 | number of skipped iterations:   0 | number of nan iterations:   0 |
3: [default3]: [2026-05-23 03:55:08.786773] iteration     1352/    1537 | consumed samples:        43264 | elapsed time per iteration (ms): 1061.3 | throughput per GPU (TFLOP/s/GPU): 357.7 | tokens/sec/GPU: 7718 | learning rate: 1.363065E-05 | global batch size:    32 | lm loss: 3.130210E+00 | loss scale: 1.0 | grad norm: 0.659 | number of skipped iterations:   0 | number of nan iterations:   0 |
3: [default3]: [2026-05-23 03:55:09.849650] iteration     1353/    1537 | consumed samples:        43296 | elapsed time per iteration (ms): 1062.7 | throughput per GPU (TFLOP/s/GPU): 357.2 | tokens/sec/GPU: 7709 | learning rate: 1.359203E-05 | global batch size:    32 | lm loss: 2.810391E+00 | loss scale: 1.0 | grad norm: 0.603 | number of skipped iterations:   0 | number of nan iterations:   0 |
3: [default3]: [2026-05-23 03:55:10.909759] iteration     1354/    1537 | consumed samples:        43328 | elapsed time per iteration (ms): 1060.0 | throughput per GPU (TFLOP/s/GPU): 358.2 | tokens/sec/GPU: 7729 | learning rate: 1.355361E-05 | global batch size:    32 | lm loss: 2.804638E+00 | loss scale: 1.0 | grad norm: 0.576 | number of skipped iterations:   0 | number of nan iterations:   0 |
3: [default3]: [2026-05-23 03:55:11.978087] iteration     1355/    1537 | consumed samples:        43360 | elapsed time per iteration (ms): 1067.7 | throughput per GPU (TFLOP/s/GPU): 355.6 | tokens/sec/GPU: 7673 | learning rate: 1.351540E-05 | global batch size:    32 | lm loss: 2.751480E+00 | loss scale: 1.0 | grad norm: 0.574 | number of skipped iterations:   0 | number of nan iterations:   0 |
3: [default3]: [2026-05-23 03:55:13.037633] iteration     1356/    1537 | consumed samples:        43392 | elapsed time per iteration (ms): 1059.4 | throughput per GPU (TFLOP/s/GPU): 358.4 | tokens/sec/GPU: 7733 | learning rate: 1.347738E-05 | global batch size:    32 | lm loss: 2.936275E+00 | loss scale: 1.0 | grad norm: 0.859 | number of skipped iterations:   0 | number of nan iterations:   0 |
3: [default3]: [2026-05-23 03:55:14.093725] iteration     1357/    1537 | consumed samples:        43424 | elapsed time per iteration (ms): 1055.9 | throughput per GPU (TFLOP/s/GPU): 359.5 | tokens/sec/GPU: 7758 | learning rate: 1.343955E-05 | global batch size:    32 | lm loss: 3.047135E+00 | loss scale: 1.0 | grad norm: 0.610 | number of skipped iterations:   0 | number of nan iterations:   0 |
3: [default3]: [2026-05-23 03:55:15.149418] iteration     1358/    1537 | consumed samples:        43456 | elapsed time per iteration (ms): 1055.5 | throughput per GPU (TFLOP/s/GPU): 359.7 | tokens/sec/GPU: 7761 | learning rate: 1.340193E-05 | global batch size:    32 | lm loss: 2.707735E+00 | loss scale: 1.0 | grad norm: 0.642 | number of skipped iterations:   0 | number of nan iterations:   0 |
3: [default3]: [2026-05-23 03:55:16.209031] iteration     1359/    1537 | consumed samples:        43488 | elapsed time per iteration (ms): 1059.5 | throughput per GPU (TFLOP/s/GPU): 358.3 | tokens/sec/GPU: 7732 | learning rate: 1.336451E-05 | global batch size:    32 | lm loss: 2.808882E+00 | loss scale: 1.0 | grad norm: 0.739 | number of skipped iterations:   0 | number of nan iterations:   0 |
3: [default3]: [2026-05-23 03:55:17.267678] iteration     1360/    1537 | consumed samples:        43520 | elapsed time per iteration (ms): 1058.4 | throughput per GPU (TFLOP/s/GPU): 358.7 | tokens/sec/GPU: 7740 | learning rate: 1.332728E-05 | global batch size:    32 | lm loss: 2.894933E+00 | loss scale: 1.0 | grad norm: 0.618 | number of skipped iterations:   0 | number of nan iterations:   0 |
3: [default3]: [2026-05-23 03:55:18.321093] iteration     1361/    1537 | consumed samples:        43552 | elapsed time per iteration (ms): 1053.3 | throughput per GPU (TFLOP/s/GPU): 360.4 | tokens/sec/GPU: 7778 | learning rate: 1.329025E-05 | global batch size:    32 | lm loss: 3.152087E+00 | loss scale: 1.0 | grad norm: 0.600 | number of skipped iterations:   0 | number of nan iterations:   0 |
3: [default3]: [2026-05-23 03:55:19.379300] iteration     1362/    1537 | consumed samples:        43584 | elapsed time per iteration (ms): 1058.0 | throughput per GPU (TFLOP/s/GPU): 358.8 | tokens/sec/GPU: 7743 | learning rate: 1.325343E-05 | global batch size:    32 | lm loss: 2.763647E+00 | loss scale: 1.0 | grad norm: 0.732 | number of skipped iterations:   0 | number of nan iterations:   0 |
3: [default3]: [2026-05-23 03:55:20.440195] iteration     1363/    1537 | consumed samples:        43616 | elapsed time per iteration (ms): 1060.7 | throughput per GPU (TFLOP/s/GPU): 357.9 | tokens/sec/GPU: 7723 | learning rate: 1.321680E-05 | global batch size:    32 | lm loss: 2.812729E+00 | loss scale: 1.0 | grad norm: 0.620 | number of skipped iterations:   0 | number of nan iterations:   0 |
3: [default3]: [2026-05-23 03:55:21.493888] iteration     1364/    1537 | consumed samples:        43648 | elapsed time per iteration (ms): 1053.5 | throughput per GPU (TFLOP/s/GPU): 360.4 | tokens/sec/GPU: 7776 | learning rate: 1.318037E-05 | global batch size:    32 | lm loss: 3.006701E+00 | loss scale: 1.0 | grad norm: 1.378 | number of skipped iterations:   0 | number of nan iterations:   0 |
3: [default3]: [2026-05-23 03:55:22.548841] iteration     1365/    1537 | consumed samples:        43680 | elapsed time per iteration (ms): 1054.8 | throughput per GPU (TFLOP/s/GPU): 359.9 | tokens/sec/GPU: 7766 | learning rate: 1.314414E-05 | global batch size:    32 | lm loss: 2.840114E+00 | loss scale: 1.0 | grad norm: 0.645 | number of skipped iterations:   0 | number of nan iterations:   0 |
3: [default3]: [2026-05-23 03:55:23.606707] iteration     1366/    1537 | consumed samples:        43712 | elapsed time per iteration (ms): 1057.7 | throughput per GPU (TFLOP/s/GPU): 358.9 | tokens/sec/GPU: 7745 | learning rate: 1.310811E-05 | global batch size:    32 | lm loss: 2.942959E+00 | loss scale: 1.0 | grad norm: 0.602 | number of skipped iterations:   0 | number of nan iterations:   0 |
3: [default3]: [2026-05-23 03:55:24.664155] iteration     1367/    1537 | consumed samples:        43744 | elapsed time per iteration (ms): 1057.2 | throughput per GPU (TFLOP/s/GPU): 359.1 | tokens/sec/GPU: 7749 | learning rate: 1.307229E-05 | global batch size:    32 | lm loss: 3.071920E+00 | loss scale: 1.0 | grad norm: 0.606 | number of skipped iterations:   0 | number of nan iterations:   0 |
3: [default3]: [2026-05-23 03:55:25.728000] iteration     1368/    1537 | consumed samples:        43776 | elapsed time per iteration (ms): 1063.7 | throughput per GPU (TFLOP/s/GPU): 356.9 | tokens/sec/GPU: 7702 | learning rate: 1.303666E-05 | global batch size:    32 | lm loss: 3.014142E+00 | loss scale: 1.0 | grad norm: 0.617 | number of skipped iterations:   0 | number of nan iterations:   0 |
3: [default3]: [2026-05-23 03:55:26.796956] iteration     1369/    1537 | consumed samples:        43808 | elapsed time per iteration (ms): 1068.8 | throughput per GPU (TFLOP/s/GPU): 355.2 | tokens/sec/GPU: 7665 | learning rate: 1.300123E-05 | global batch size:    32 | lm loss: 3.035419E+00 | loss scale: 1.0 | grad norm: 0.667 | number of skipped iterations:   0 | number of nan iterations:   0 |
3: [default3]: [2026-05-23 03:55:27.861846] iteration     1370/    1537 | consumed samples:        43840 | elapsed time per iteration (ms): 1064.8 | throughput per GPU (TFLOP/s/GPU): 356.6 | tokens/sec/GPU: 7694 | learning rate: 1.296601E-05 | global batch size:    32 | lm loss: 3.086825E+00 | loss scale: 1.0 | grad norm: 0.644 | number of skipped iterations:   0 | number of nan iterations:   0 |
3: [default3]: [2026-05-23 03:55:28.932220] iteration     1371/    1537 | consumed samples:        43872 | elapsed time per iteration (ms): 1070.2 | throughput per GPU (TFLOP/s/GPU): 354.7 | tokens/sec/GPU: 7655 | learning rate: 1.293098E-05 | global batch size:    32 | lm loss: 3.008068E+00 | loss scale: 1.0 | grad norm: 0.569 | number of skipped iterations:   0 | number of nan iterations:   0 |
3: [default3]: [2026-05-23 03:55:30.000259] iteration     1372/    1537 | consumed samples:        43904 | elapsed time per iteration (ms): 1067.9 | throughput per GPU (TFLOP/s/GPU): 355.5 | tokens/sec/GPU: 7671 | learning rate: 1.289616E-05 | global batch size:    32 | lm loss: 2.772377E+00 | loss scale: 1.0 | grad norm: 1.139 | number of skipped iterations:   0 | number of nan iterations:   0 |
3: [default3]: [2026-05-23 03:55:31.074832] iteration     1373/    1537 | consumed samples:        43936 | elapsed time per iteration (ms): 1074.4 | throughput per GPU (TFLOP/s/GPU): 353.3 | tokens/sec/GPU: 7625 | learning rate: 1.286153E-05 | global batch size:    32 | lm loss: 2.859453E+00 | loss scale: 1.0 | grad norm: 0.611 | number of skipped iterations:   0 | number of nan iterations:   0 |
3: [default3]: [2026-05-23 03:55:32.149910] iteration     1374/    1537 | consumed samples:        43968 | elapsed time per iteration (ms): 1074.9 | throughput per GPU (TFLOP/s/GPU): 353.2 | tokens/sec/GPU: 7621 | learning rate: 1.282711E-05 | global batch size:    32 | lm loss: 3.030931E+00 | loss scale: 1.0 | grad norm: 0.616 | number of skipped iterations:   0 | number of nan iterations:   0 |
3: [default3]: [2026-05-23 03:55:33.217753] iteration     1375/    1537 | consumed samples:        44000 | elapsed time per iteration (ms): 1067.7 | throughput per GPU (TFLOP/s/GPU): 355.6 | tokens/sec/GPU: 7673 | learning rate: 1.279289E-05 | global batch size:    32 | lm loss: 3.148779E+00 | loss scale: 1.0 | grad norm: 0.642 | number of skipped iterations:   0 | number of nan iterations:   0 |
3: [default3]: [2026-05-23 03:55:34.286508] iteration     1376/    1537 | consumed samples:        44032 | elapsed time per iteration (ms): 1068.6 | throughput per GPU (TFLOP/s/GPU): 355.3 | tokens/sec/GPU: 7666 | learning rate: 1.275888E-05 | global batch size:    32 | lm loss: 2.908597E+00 | loss scale: 1.0 | grad norm: 0.591 | number of skipped iterations:   0 | number of nan iterations:   0 |
3: [default3]: [2026-05-23 03:55:35.355921] iteration     1377/    1537 | consumed samples:        44064 | elapsed time per iteration (ms): 1069.2 | throughput per GPU (TFLOP/s/GPU): 355.1 | tokens/sec/GPU: 7662 | learning rate: 1.272506E-05 | global batch size:    32 | lm loss: 2.855016E+00 | loss scale: 1.0 | grad norm: 0.629 | number of skipped iterations:   0 | number of nan iterations:   0 |
3: [default3]: [2026-05-23 03:55:36.424785] iteration     1378/    1537 | consumed samples:        44096 | elapsed time per iteration (ms): 1068.7 | throughput per GPU (TFLOP/s/GPU): 355.2 | tokens/sec/GPU: 7665 | learning rate: 1.269144E-05 | global batch size:    32 | lm loss: 2.797308E+00 | loss scale: 1.0 | grad norm: 0.620 | number of skipped iterations:   0 | number of nan iterations:   0 |
3: [default3]: [2026-05-23 03:55:37.486075] iteration     1379/    1537 | consumed samples:        44128 | elapsed time per iteration (ms): 1061.1 | throughput per GPU (TFLOP/s/GPU): 357.8 | tokens/sec/GPU: 7720 | learning rate: 1.265803E-05 | global batch size:    32 | lm loss: 2.944328E+00 | loss scale: 1.0 | grad norm: 0.620 | number of skipped iterations:   0 | number of nan iterations:   0 |
3: [default3]: [2026-05-23 03:55:38.543950] iteration     1380/    1537 | consumed samples:        44160 | elapsed time per iteration (ms): 1057.7 | throughput per GPU (TFLOP/s/GPU): 358.9 | tokens/sec/GPU: 7745 | learning rate: 1.262482E-05 | global batch size:    32 | lm loss: 2.950559E+00 | loss scale: 1.0 | grad norm: 0.616 | number of skipped iterations:   0 | number of nan iterations:   0 |
3: [default3]: [2026-05-23 03:55:39.604156] iteration     1381/    1537 | consumed samples:        44192 | elapsed time per iteration (ms): 1060.1 | throughput per GPU (TFLOP/s/GPU): 358.1 | tokens/sec/GPU: 7728 | learning rate: 1.259182E-05 | global batch size:    32 | lm loss: 2.889911E+00 | loss scale: 1.0 | grad norm: 0.586 | number of skipped iterations:   0 | number of nan iterations:   0 |
3: [default3]: [2026-05-23 03:55:40.666094] iteration     1382/    1537 | consumed samples:        44224 | elapsed time per iteration (ms): 1061.8 | throughput per GPU (TFLOP/s/GPU): 357.6 | tokens/sec/GPU: 7715 | learning rate: 1.255901E-05 | global batch size:    32 | lm loss: 2.802503E+00 | loss scale: 1.0 | grad norm: 0.595 | number of skipped iterations:   0 | number of nan iterations:   0 |
3: [default3]: [2026-05-23 03:55:41.727987] iteration     1383/    1537 | consumed samples:        44256 | elapsed time per iteration (ms): 1061.7 | throughput per GPU (TFLOP/s/GPU): 357.6 | tokens/sec/GPU: 7716 | learning rate: 1.252641E-05 | global batch size:    32 | lm loss: 2.802052E+00 | loss scale: 1.0 | grad norm: 0.608 | number of skipped iterations:   0 | number of nan iterations:   0 |
3: [default3]: [2026-05-23 03:55:42.784579] iteration     1384/    1537 | consumed samples:        44288 | elapsed time per iteration (ms): 1056.4 | throughput per GPU (TFLOP/s/GPU): 359.4 | tokens/sec/GPU: 7755 | learning rate: 1.249401E-05 | global batch size:    32 | lm loss: 2.748327E+00 | loss scale: 1.0 | grad norm: 0.567 | number of skipped iterations:   0 | number of nan iterations:   0 |
3: [default3]: [2026-05-23 03:55:43.841878] iteration     1385/    1537 | consumed samples:        44320 | elapsed time per iteration (ms): 1057.2 | throughput per GPU (TFLOP/s/GPU): 359.1 | tokens/sec/GPU: 7749 | learning rate: 1.246182E-05 | global batch size:    32 | lm loss: 3.022113E+00 | loss scale: 1.0 | grad norm: 0.635 | number of skipped iterations:   0 | number of nan iterations:   0 |
3: [default3]: [2026-05-23 03:55:44.900517] iteration     1386/    1537 | consumed samples:        44352 | elapsed time per iteration (ms): 1058.5 | throughput per GPU (TFLOP/s/GPU): 358.7 | tokens/sec/GPU: 7739 | learning rate: 1.242982E-05 | global batch size:    32 | lm loss: 3.110121E+00 | loss scale: 1.0 | grad norm: 0.636 | number of skipped iterations:   0 | number of nan iterations:   0 |
3: [default3]: [2026-05-23 03:55:45.961196] iteration     1387/    1537 | consumed samples:        44384 | elapsed time per iteration (ms): 1060.5 | throughput per GPU (TFLOP/s/GPU): 358.0 | tokens/sec/GPU: 7725 | learning rate: 1.239804E-05 | global batch size:    32 | lm loss: 2.804575E+00 | loss scale: 1.0 | grad norm: 0.698 | number of skipped iterations:   0 | number of nan iterations:   0 |
3: [default3]: [2026-05-23 03:55:47.023166] iteration     1388/    1537 | consumed samples:        44416 | elapsed time per iteration (ms): 1061.8 | throughput per GPU (TFLOP/s/GPU): 357.6 | tokens/sec/GPU: 7715 | learning rate: 1.236645E-05 | global batch size:    32 | lm loss: 3.111236E+00 | loss scale: 1.0 | grad norm: 0.657 | number of skipped iterations:   0 | number of nan iterations:   0 |
3: [default3]: [2026-05-23 03:55:48.081500] iteration     1389/    1537 | consumed samples:        44448 | elapsed time per iteration (ms): 1058.2 | throughput per GPU (TFLOP/s/GPU): 358.8 | tokens/sec/GPU: 7742 | learning rate: 1.233507E-05 | global batch size:    32 | lm loss: 3.037673E+00 | loss scale: 1.0 | grad norm: 0.577 | number of skipped iterations:   0 | number of nan iterations:   0 |
3: [default3]: [2026-05-23 03:55:49.141729] iteration     1390/    1537 | consumed samples:        44480 | elapsed time per iteration (ms): 1060.0 | throughput per GPU (TFLOP/s/GPU): 358.2 | tokens/sec/GPU: 7728 | learning rate: 1.230389E-05 | global batch size:    32 | lm loss: 2.930752E+00 | loss scale: 1.0 | grad norm: 0.599 | number of skipped iterations:   0 | number of nan iterations:   0 |
3: [default3]: [2026-05-23 03:55:50.199307] iteration     1391/    1537 | consumed samples:        44512 | elapsed time per iteration (ms): 1057.3 | throughput per GPU (TFLOP/s/GPU): 359.0 | tokens/sec/GPU: 7748 | learning rate: 1.227292E-05 | global batch size:    32 | lm loss: 2.893407E+00 | loss scale: 1.0 | grad norm: 0.669 | number of skipped iterations:   0 | number of nan iterations:   0 |
3: [default3]: [2026-05-23 03:55:51.261868] iteration     1392/    1537 | consumed samples:        44544 | elapsed time per iteration (ms): 1062.4 | throughput per GPU (TFLOP/s/GPU): 357.4 | tokens/sec/GPU: 7711 | learning rate: 1.224215E-05 | global batch size:    32 | lm loss: 3.132427E+00 | loss scale: 1.0 | grad norm: 0.600 | number of skipped iterations:   0 | number of nan iterations:   0 |
3: [default3]: [2026-05-23 03:55:52.322713] iteration     1393/    1537 | consumed samples:        44576 | elapsed time per iteration (ms): 1060.7 | throughput per GPU (TFLOP/s/GPU): 357.9 | tokens/sec/GPU: 7723 | learning rate: 1.221159E-05 | global batch size:    32 | lm loss: 2.990171E+00 | loss scale: 1.0 | grad norm: 0.709 | number of skipped iterations:   0 | number of nan iterations:   0 |
3: [default3]: [2026-05-23 03:55:53.403006] iteration     1394/    1537 | consumed samples:        44608 | elapsed time per iteration (ms): 1080.1 | throughput per GPU (TFLOP/s/GPU): 351.5 | tokens/sec/GPU: 7584 | learning rate: 1.218123E-05 | global batch size:    32 | lm loss: 3.007224E+00 | loss scale: 1.0 | grad norm: 0.649 | number of skipped iterations:   0 | number of nan iterations:   0 |
3: [default3]: [2026-05-23 03:55:54.490603] iteration     1395/    1537 | consumed samples:        44640 | elapsed time per iteration (ms): 1087.4 | throughput per GPU (TFLOP/s/GPU): 349.1 | tokens/sec/GPU: 7533 | learning rate: 1.215107E-05 | global batch size:    32 | lm loss: 2.934850E+00 | loss scale: 1.0 | grad norm: 0.619 | number of skipped iterations:   0 | number of nan iterations:   0 |
3: [default3]: [2026-05-23 03:55:55.563282] iteration     1396/    1537 | consumed samples:        44672 | elapsed time per iteration (ms): 1072.5 | throughput per GPU (TFLOP/s/GPU): 354.0 | tokens/sec/GPU: 7638 | learning rate: 1.212112E-05 | global batch size:    32 | lm loss: 3.141528E+00 | loss scale: 1.0 | grad norm: 0.595 | number of skipped iterations:   0 | number of nan iterations:   0 |
3: [default3]: [2026-05-23 03:55:56.635966] iteration     1397/    1537 | consumed samples:        44704 | elapsed time per iteration (ms): 1072.5 | throughput per GPU (TFLOP/s/GPU): 354.0 | tokens/sec/GPU: 7638 | learning rate: 1.209137E-05 | global batch size:    32 | lm loss: 2.937742E+00 | loss scale: 1.0 | grad norm: 0.589 | number of skipped iterations:   0 | number of nan iterations:   0 |
3: [default3]: [2026-05-23 03:55:57.716959] iteration     1398/    1537 | consumed samples:        44736 | elapsed time per iteration (ms): 1080.9 | throughput per GPU (TFLOP/s/GPU): 351.2 | tokens/sec/GPU: 7579 | learning rate: 1.206183E-05 | global batch size:    32 | lm loss: 2.614994E+00 | loss scale: 1.0 | grad norm: 0.589 | number of skipped iterations:   0 | number of nan iterations:   0 |
3: [default3]: [2026-05-23 03:55:58.790926] iteration     1399/    1537 | consumed samples:        44768 | elapsed time per iteration (ms): 1073.8 | throughput per GPU (TFLOP/s/GPU): 353.5 | tokens/sec/GPU: 7629 | learning rate: 1.203250E-05 | global batch size:    32 | lm loss: 3.016886E+00 | loss scale: 1.0 | grad norm: 0.626 | number of skipped iterations:   0 | number of nan iterations:   0 |
3: [default3]: [2026-05-23 03:55:59.864604] iteration     1400/    1537 | consumed samples:        44800 | elapsed time per iteration (ms): 1073.5 | throughput per GPU (TFLOP/s/GPU): 353.6 | tokens/sec/GPU: 7631 | learning rate: 1.200337E-05 | global batch size:    32 | lm loss: 2.795996E+00 | loss scale: 1.0 | grad norm: 0.636 | number of skipped iterations:   0 | number of nan iterations:   0 |
3: [default3]: [2026-05-23 03:56:01.619849] iteration     1401/    1537 | consumed samples:        44832 | elapsed time per iteration (ms): 1755.0 | throughput per GPU (TFLOP/s/GPU): 216.3 | tokens/sec/GPU: 4668 | learning rate: 1.197444E-05 | global batch size:    32 | lm loss: 2.874103E+00 | loss scale: 1.0 | grad norm: 0.591 | number of skipped iterations:   0 | number of nan iterations:   0 |
3: [default3]: [2026-05-23 03:56:02.678693] iteration     1402/    1537 | consumed samples:        44864 | elapsed time per iteration (ms): 1058.7 | throughput per GPU (TFLOP/s/GPU): 358.6 | tokens/sec/GPU: 7738 | learning rate: 1.194573E-05 | global batch size:    32 | lm loss: 2.704998E+00 | loss scale: 1.0 | grad norm: 0.632 | number of skipped iterations:   0 | number of nan iterations:   0 |
3: [default3]: [2026-05-23 03:56:03.737460] iteration     1403/    1537 | consumed samples:        44896 | elapsed time per iteration (ms): 1058.6 | throughput per GPU (TFLOP/s/GPU): 358.6 | tokens/sec/GPU: 7739 | learning rate: 1.191721E-05 | global batch size:    32 | lm loss: 2.966059E+00 | loss scale: 1.0 | grad norm: 0.634 | number of skipped iterations:   0 | number of nan iterations:   0 |
3: [default3]: [2026-05-23 03:56:04.799180] iteration     1404/    1537 | consumed samples:        44928 | elapsed time per iteration (ms): 1061.5 | throughput per GPU (TFLOP/s/GPU): 357.6 | tokens/sec/GPU: 7717 | learning rate: 1.188890E-05 | global batch size:    32 | lm loss: 2.844769E+00 | loss scale: 1.0 | grad norm: 0.692 | number of skipped iterations:   0 | number of nan iterations:   0 |
3: [default3]: [2026-05-23 03:56:05.859209] iteration     1405/    1537 | consumed samples:        44960 | elapsed time per iteration (ms): 1059.9 | throughput per GPU (TFLOP/s/GPU): 358.2 | tokens/sec/GPU: 7729 | learning rate: 1.186080E-05 | global batch size:    32 | lm loss: 3.020443E+00 | loss scale: 1.0 | grad norm: 0.614 | number of skipped iterations:   0 | number of nan iterations:   0 |
3: [default3]: [2026-05-23 03:56:06.921441] iteration     1406/    1537 | consumed samples:        44992 | elapsed time per iteration (ms): 1062.1 | throughput per GPU (TFLOP/s/GPU): 357.4 | tokens/sec/GPU: 7713 | learning rate: 1.183291E-05 | global batch size:    32 | lm loss: 2.892227E+00 | loss scale: 1.0 | grad norm: 4.327 | number of skipped iterations:   0 | number of nan iterations:   0 |
3: [default3]: [2026-05-23 03:56:07.976147] iteration     1407/    1537 | consumed samples:        45024 | elapsed time per iteration (ms): 1054.6 | throughput per GPU (TFLOP/s/GPU): 360.0 | tokens/sec/GPU: 7768 | learning rate: 1.180522E-05 | global batch size:    32 | lm loss: 2.916484E+00 | loss scale: 1.0 | grad norm: 0.643 | number of skipped iterations:   0 | number of nan iterations:   0 |
3: [default3]: [2026-05-23 03:56:09.033901] iteration     1408/    1537 | consumed samples:        45056 | elapsed time per iteration (ms): 1057.6 | throughput per GPU (TFLOP/s/GPU): 359.0 | tokens/sec/GPU: 7746 | learning rate: 1.177774E-05 | global batch size:    32 | lm loss: 3.056120E+00 | loss scale: 1.0 | grad norm: 0.629 | number of skipped iterations:   0 | number of nan iterations:   0 |
3: [default3]: [2026-05-23 03:56:10.095020] iteration     1409/    1537 | consumed samples:        45088 | elapsed time per iteration (ms): 1060.9 | throughput per GPU (TFLOP/s/GPU): 357.8 | tokens/sec/GPU: 7721 | learning rate: 1.175046E-05 | global batch size:    32 | lm loss: 2.922084E+00 | loss scale: 1.0 | grad norm: 0.585 | number of skipped iterations:   0 | number of nan iterations:   0 |
3: [default3]: [2026-05-23 03:56:11.150390] iteration     1410/    1537 | consumed samples:        45120 | elapsed time per iteration (ms): 1055.2 | throughput per GPU (TFLOP/s/GPU): 359.8 | tokens/sec/GPU: 7763 | learning rate: 1.172339E-05 | global batch size:    32 | lm loss: 2.947304E+00 | loss scale: 1.0 | grad norm: 0.602 | number of skipped iterations:   0 | number of nan iterations:   0 |
3: [default3]: [2026-05-23 03:56:12.207965] iteration     1411/    1537 | consumed samples:        45152 | elapsed time per iteration (ms): 1057.4 | throughput per GPU (TFLOP/s/GPU): 359.0 | tokens/sec/GPU: 7747 | learning rate: 1.169653E-05 | global batch size:    32 | lm loss: 2.923363E+00 | loss scale: 1.0 | grad norm: 0.595 | number of skipped iterations:   0 | number of nan iterations:   0 |
3: [default3]: [2026-05-23 03:56:13.269103] iteration     1412/    1537 | consumed samples:        45184 | elapsed time per iteration (ms): 1061.0 | throughput per GPU (TFLOP/s/GPU): 357.8 | tokens/sec/GPU: 7721 | learning rate: 1.166988E-05 | global batch size:    32 | lm loss: 3.026129E+00 | loss scale: 1.0 | grad norm: 0.668 | number of skipped iterations:   0 | number of nan iterations:   0 |
3: [default3]: [2026-05-23 03:56:14.325897] iteration     1413/    1537 | consumed samples:        45216 | elapsed time per iteration (ms): 1056.6 | throughput per GPU (TFLOP/s/GPU): 359.3 | tokens/sec/GPU: 7753 | learning rate: 1.164343E-05 | global batch size:    32 | lm loss: 2.825468E+00 | loss scale: 1.0 | grad norm: 0.613 | number of skipped iterations:   0 | number of nan iterations:   0 |
3: [default3]: [2026-05-23 03:56:15.387826] iteration     1414/    1537 | consumed samples:        45248 | elapsed time per iteration (ms): 1061.8 | throughput per GPU (TFLOP/s/GPU): 357.6 | tokens/sec/GPU: 7715 | learning rate: 1.161719E-05 | global batch size:    32 | lm loss: 2.772189E+00 | loss scale: 1.0 | grad norm: 0.628 | number of skipped iterations:   0 | number of nan iterations:   0 |
3: [default3]: [2026-05-23 03:56:16.449449] iteration     1415/    1537 | consumed samples:        45280 | elapsed time per iteration (ms): 1061.5 | throughput per GPU (TFLOP/s/GPU): 357.7 | tokens/sec/GPU: 7718 | learning rate: 1.159115E-05 | global batch size:    32 | lm loss: 2.984979E+00 | loss scale: 1.0 | grad norm: 0.743 | number of skipped iterations:   0 | number of nan iterations:   0 |
3: [default3]: [2026-05-23 03:56:17.508106] iteration     1416/    1537 | consumed samples:        45312 | elapsed time per iteration (ms): 1058.5 | throughput per GPU (TFLOP/s/GPU): 358.7 | tokens/sec/GPU: 7739 | learning rate: 1.156533E-05 | global batch size:    32 | lm loss: 2.982965E+00 | loss scale: 1.0 | grad norm: 0.634 | number of skipped iterations:   0 | number of nan iterations:   0 |
3: [default3]: [2026-05-23 03:56:18.572063] iteration     1417/    1537 | consumed samples:        45344 | elapsed time per iteration (ms): 1063.8 | throughput per GPU (TFLOP/s/GPU): 356.9 | tokens/sec/GPU: 7701 | learning rate: 1.153971E-05 | global batch size:    32 | lm loss: 2.906536E+00 | loss scale: 1.0 | grad norm: 0.578 | number of skipped iterations:   0 | number of nan iterations:   0 |
3: [default3]: [2026-05-23 03:56:19.630092] iteration     1418/    1537 | consumed samples:        45376 | elapsed time per iteration (ms): 1057.9 | throughput per GPU (TFLOP/s/GPU): 358.9 | tokens/sec/GPU: 7744 | learning rate: 1.151430E-05 | global batch size:    32 | lm loss: 2.834591E+00 | loss scale: 1.0 | grad norm: 0.619 | number of skipped iterations:   0 | number of nan iterations:   0 |
3: [default3]: [2026-05-23 03:56:20.713512] iteration     1419/    1537 | consumed samples:        45408 | elapsed time per iteration (ms): 1083.2 | throughput per GPU (TFLOP/s/GPU): 350.5 | tokens/sec/GPU: 7563 | learning rate: 1.148910E-05 | global batch size:    32 | lm loss: 2.801890E+00 | loss scale: 1.0 | grad norm: 0.578 | number of skipped iterations:   0 | number of nan iterations:   0 |
3: [default3]: [2026-05-23 03:56:21.771971] iteration     1420/    1537 | consumed samples:        45440 | elapsed time per iteration (ms): 1058.3 | throughput per GPU (TFLOP/s/GPU): 358.7 | tokens/sec/GPU: 7741 | learning rate: 1.146410E-05 | global batch size:    32 | lm loss: 2.918531E+00 | loss scale: 1.0 | grad norm: 0.612 | number of skipped iterations:   0 | number of nan iterations:   0 |
3: [default3]: [2026-05-23 03:56:22.833744] iteration     1421/    1537 | consumed samples:        45472 | elapsed time per iteration (ms): 1061.6 | throughput per GPU (TFLOP/s/GPU): 357.6 | tokens/sec/GPU: 7716 | learning rate: 1.143932E-05 | global batch size:    32 | lm loss: 2.958497E+00 | loss scale: 1.0 | grad norm: 1.228 | number of skipped iterations:   0 | number of nan iterations:   0 |
3: [default3]: [2026-05-23 03:56:23.892718] iteration     1422/    1537 | consumed samples:        45504 | elapsed time per iteration (ms): 1058.7 | throughput per GPU (TFLOP/s/GPU): 358.6 | tokens/sec/GPU: 7738 | learning rate: 1.141474E-05 | global batch size:    32 | lm loss: 2.819289E+00 | loss scale: 1.0 | grad norm: 0.902 | number of skipped iterations:   0 | number of nan iterations:   0 |
3: [default3]: [2026-05-23 03:56:24.952310] iteration     1423/    1537 | consumed samples:        45536 | elapsed time per iteration (ms): 1059.5 | throughput per GPU (TFLOP/s/GPU): 358.3 | tokens/sec/GPU: 7732 | learning rate: 1.139037E-05 | global batch size:    32 | lm loss: 2.894815E+00 | loss scale: 1.0 | grad norm: 0.586 | number of skipped iterations:   0 | number of nan iterations:   0 |
3: [default3]: [2026-05-23 03:56:26.013905] iteration     1424/    1537 | consumed samples:        45568 | elapsed time per iteration (ms): 1061.4 | throughput per GPU (TFLOP/s/GPU): 357.7 | tokens/sec/GPU: 7718 | learning rate: 1.136620E-05 | global batch size:    32 | lm loss: 2.829473E+00 | loss scale: 1.0 | grad norm: 0.579 | number of skipped iterations:   0 | number of nan iterations:   0 |
3: [default3]: [2026-05-23 03:56:27.073634] iteration     1425/    1537 | consumed samples:        45600 | elapsed time per iteration (ms): 1059.6 | throughput per GPU (TFLOP/s/GPU): 358.3 | tokens/sec/GPU: 7731 | learning rate: 1.134225E-05 | global batch size:    32 | lm loss: 2.918924E+00 | loss scale: 1.0 | grad norm: 0.614 | number of skipped iterations:   0 | number of nan iterations:   0 |
3: [default3]: [2026-05-23 03:56:28.129885] iteration     1426/    1537 | consumed samples:        45632 | elapsed time per iteration (ms): 1056.0 | throughput per GPU (TFLOP/s/GPU): 359.5 | tokens/sec/GPU: 7757 | learning rate: 1.131851E-05 | global batch size:    32 | lm loss: 3.178563E+00 | loss scale: 1.0 | grad norm: 0.629 | number of skipped iterations:   0 | number of nan iterations:   0 |
3: [default3]: [2026-05-23 03:56:29.192931] iteration     1427/    1537 | consumed samples:        45664 | elapsed time per iteration (ms): 1062.9 | throughput per GPU (TFLOP/s/GPU): 357.2 | tokens/sec/GPU: 7708 | learning rate: 1.129497E-05 | global batch size:    32 | lm loss: 2.996343E+00 | loss scale: 1.0 | grad norm: 0.587 | number of skipped iterations:   0 | number of nan iterations:   0 |
3: [default3]: [2026-05-23 03:56:30.257414] iteration     1428/    1537 | consumed samples:        45696 | elapsed time per iteration (ms): 1064.3 | throughput per GPU (TFLOP/s/GPU): 356.7 | tokens/sec/GPU: 7697 | learning rate: 1.127164E-05 | global batch size:    32 | lm loss: 3.018866E+00 | loss scale: 1.0 | grad norm: 0.633 | number of skipped iterations:   0 | number of nan iterations:   0 |
3: [default3]: [2026-05-23 03:56:31.319847] iteration     1429/    1537 | consumed samples:        45728 | elapsed time per iteration (ms): 1062.3 | throughput per GPU (TFLOP/s/GPU): 357.4 | tokens/sec/GPU: 7712 | learning rate: 1.124853E-05 | global batch size:    32 | lm loss: 2.874745E+00 | loss scale: 1.0 | grad norm: 1.074 | number of skipped iterations:   0 | number of nan iterations:   0 |
3: [default3]: [2026-05-23 03:56:32.379766] iteration     1430/    1537 | consumed samples:        45760 | elapsed time per iteration (ms): 1059.7 | throughput per GPU (TFLOP/s/GPU): 358.2 | tokens/sec/GPU: 7730 | learning rate: 1.122562E-05 | global batch size:    32 | lm loss: 2.833917E+00 | loss scale: 1.0 | grad norm: 0.611 | number of skipped iterations:   0 | number of nan iterations:   0 |
3: [default3]: [2026-05-23 03:56:33.440109] iteration     1431/    1537 | consumed samples:        45792 | elapsed time per iteration (ms): 1060.2 | throughput per GPU (TFLOP/s/GPU): 358.1 | tokens/sec/GPU: 7727 | learning rate: 1.120292E-05 | global batch size:    32 | lm loss: 3.291335E+00 | loss scale: 1.0 | grad norm: 0.687 | number of skipped iterations:   0 | number of nan iterations:   0 |
3: [default3]: [2026-05-23 03:56:34.502211] iteration     1432/    1537 | consumed samples:        45824 | elapsed time per iteration (ms): 1061.9 | throughput per GPU (TFLOP/s/GPU): 357.5 | tokens/sec/GPU: 7714 | learning rate: 1.118043E-05 | global batch size:    32 | lm loss: 2.815126E+00 | loss scale: 1.0 | grad norm: 0.605 | number of skipped iterations:   0 | number of nan iterations:   0 |
3: [default3]: [2026-05-23 03:56:35.561748] iteration     1433/    1537 | consumed samples:        45856 | elapsed time per iteration (ms): 1059.4 | throughput per GPU (TFLOP/s/GPU): 358.4 | tokens/sec/GPU: 7733 | learning rate: 1.115815E-05 | global batch size:    32 | lm loss: 2.790636E+00 | loss scale: 1.0 | grad norm: 0.617 | number of skipped iterations:   0 | number of nan iterations:   0 |
3: [default3]: [2026-05-23 03:56:36.616471] iteration     1434/    1537 | consumed samples:        45888 | elapsed time per iteration (ms): 1054.5 | throughput per GPU (TFLOP/s/GPU): 360.0 | tokens/sec/GPU: 7769 | learning rate: 1.113608E-05 | global batch size:    32 | lm loss: 2.833803E+00 | loss scale: 1.0 | grad norm: 0.597 | number of skipped iterations:   0 | number of nan iterations:   0 |
3: [default3]: [2026-05-23 03:56:37.671593] iteration     1435/    1537 | consumed samples:        45920 | elapsed time per iteration (ms): 1054.9 | throughput per GPU (TFLOP/s/GPU): 359.9 | tokens/sec/GPU: 7765 | learning rate: 1.111421E-05 | global batch size:    32 | lm loss: 2.965175E+00 | loss scale: 1.0 | grad norm: 0.610 | number of skipped iterations:   0 | number of nan iterations:   0 |
3: [default3]: [2026-05-23 03:56:38.726817] iteration     1436/    1537 | consumed samples:        45952 | elapsed time per iteration (ms): 1055.0 | throughput per GPU (TFLOP/s/GPU): 359.8 | tokens/sec/GPU: 7765 | learning rate: 1.109256E-05 | global batch size:    32 | lm loss: 3.008910E+00 | loss scale: 1.0 | grad norm: 0.788 | number of skipped iterations:   0 | number of nan iterations:   0 |
3: [default3]: [2026-05-23 03:56:39.783926] iteration     1437/    1537 | consumed samples:        45984 | elapsed time per iteration (ms): 1057.0 | throughput per GPU (TFLOP/s/GPU): 359.2 | tokens/sec/GPU: 7751 | learning rate: 1.107112E-05 | global batch size:    32 | lm loss: 2.897265E+00 | loss scale: 1.0 | grad norm: 0.580 | number of skipped iterations:   0 | number of nan iterations:   0 |
3: [default3]: [2026-05-23 03:56:40.840579] iteration     1438/    1537 | consumed samples:        46016 | elapsed time per iteration (ms): 1056.5 | throughput per GPU (TFLOP/s/GPU): 359.3 | tokens/sec/GPU: 7754 | learning rate: 1.104989E-05 | global batch size:    32 | lm loss: 2.918359E+00 | loss scale: 1.0 | grad norm: 0.604 | number of skipped iterations:   0 | number of nan iterations:   0 |
3: [default3]: [2026-05-23 03:56:41.901834] iteration     1439/    1537 | consumed samples:        46048 | elapsed time per iteration (ms): 1061.1 | throughput per GPU (TFLOP/s/GPU): 357.8 | tokens/sec/GPU: 7720 | learning rate: 1.102887E-05 | global batch size:    32 | lm loss: 2.760040E+00 | loss scale: 1.0 | grad norm: 0.711 | number of skipped iterations:   0 | number of nan iterations:   0 |
3: [default3]: [2026-05-23 03:56:42.961990] iteration     1440/    1537 | consumed samples:        46080 | elapsed time per iteration (ms): 1060.0 | throughput per GPU (TFLOP/s/GPU): 358.2 | tokens/sec/GPU: 7729 | learning rate: 1.100805E-05 | global batch size:    32 | lm loss: 3.032753E+00 | loss scale: 1.0 | grad norm: 0.627 | number of skipped iterations:   0 | number of nan iterations:   0 |
3: [default3]: [2026-05-23 03:56:44.025029] iteration     1441/    1537 | consumed samples:        46112 | elapsed time per iteration (ms): 1062.8 | throughput per GPU (TFLOP/s/GPU): 357.2 | tokens/sec/GPU: 7708 | learning rate: 1.098745E-05 | global batch size:    32 | lm loss: 2.583407E+00 | loss scale: 1.0 | grad norm: 0.598 | number of skipped iterations:   0 | number of nan iterations:   0 |
3: [default3]: [2026-05-23 03:56:45.093574] iteration     1442/    1537 | consumed samples:        46144 | elapsed time per iteration (ms): 1068.4 | throughput per GPU (TFLOP/s/GPU): 355.3 | tokens/sec/GPU: 7668 | learning rate: 1.096706E-05 | global batch size:    32 | lm loss: 2.980231E+00 | loss scale: 1.0 | grad norm: 0.573 | number of skipped iterations:   0 | number of nan iterations:   0 |
3: [default3]: [2026-05-23 03:56:46.159342] iteration     1443/    1537 | consumed samples:        46176 | elapsed time per iteration (ms): 1065.6 | throughput per GPU (TFLOP/s/GPU): 356.3 | tokens/sec/GPU: 7688 | learning rate: 1.094688E-05 | global batch size:    32 | lm loss: 2.644644E+00 | loss scale: 1.0 | grad norm: 0.596 | number of skipped iterations:   0 | number of nan iterations:   0 |
3: [default3]: [2026-05-23 03:56:47.220667] iteration     1444/    1537 | consumed samples:        46208 | elapsed time per iteration (ms): 1061.1 | throughput per GPU (TFLOP/s/GPU): 357.8 | tokens/sec/GPU: 7720 | learning rate: 1.092691E-05 | global batch size:    32 | lm loss: 2.802218E+00 | loss scale: 1.0 | grad norm: 0.729 | number of skipped iterations:   0 | number of nan iterations:   0 |
3: [default3]: [2026-05-23 03:56:48.279940] iteration     1445/    1537 | consumed samples:        46240 | elapsed time per iteration (ms): 1059.1 | throughput per GPU (TFLOP/s/GPU): 358.5 | tokens/sec/GPU: 7735 | learning rate: 1.090715E-05 | global batch size:    32 | lm loss: 2.830826E+00 | loss scale: 1.0 | grad norm: 0.658 | number of skipped iterations:   0 | number of nan iterations:   0 |
3: [default3]: [2026-05-23 03:56:49.341791] iteration     1446/    1537 | consumed samples:        46272 | elapsed time per iteration (ms): 1061.7 | throughput per GPU (TFLOP/s/GPU): 357.6 | tokens/sec/GPU: 7716 | learning rate: 1.088760E-05 | global batch size:    32 | lm loss: 2.775332E+00 | loss scale: 1.0 | grad norm: 1.609 | number of skipped iterations:   0 | number of nan iterations:   0 |
3: [default3]: [2026-05-23 03:56:50.398290] iteration     1447/    1537 | consumed samples:        46304 | elapsed time per iteration (ms): 1056.3 | throughput per GPU (TFLOP/s/GPU): 359.4 | tokens/sec/GPU: 7755 | learning rate: 1.086826E-05 | global batch size:    32 | lm loss: 2.779103E+00 | loss scale: 1.0 | grad norm: 0.636 | number of skipped iterations:   0 | number of nan iterations:   0 |
3: [default3]: [2026-05-23 03:56:51.458308] iteration     1448/    1537 | consumed samples:        46336 | elapsed time per iteration (ms): 1059.8 | throughput per GPU (TFLOP/s/GPU): 358.2 | tokens/sec/GPU: 7729 | learning rate: 1.084914E-05 | global batch size:    32 | lm loss: 3.054945E+00 | loss scale: 1.0 | grad norm: 0.625 | number of skipped iterations:   0 | number of nan iterations:   0 |
3: [default3]: [2026-05-23 03:56:52.515723] iteration     1449/    1537 | consumed samples:        46368 | elapsed time per iteration (ms): 1057.3 | throughput per GPU (TFLOP/s/GPU): 359.1 | tokens/sec/GPU: 7748 | learning rate: 1.083022E-05 | global batch size:    32 | lm loss: 2.874016E+00 | loss scale: 1.0 | grad norm: 0.606 | number of skipped iterations:   0 | number of nan iterations:   0 |
3: [default3]: [2026-05-23 03:56:53.571582] iteration     1450/    1537 | consumed samples:        46400 | elapsed time per iteration (ms): 1055.7 | throughput per GPU (TFLOP/s/GPU): 359.6 | tokens/sec/GPU: 7760 | learning rate: 1.081152E-05 | global batch size:    32 | lm loss: 2.865238E+00 | loss scale: 1.0 | grad norm: 0.638 | number of skipped iterations:   0 | number of nan iterations:   0 |
3: [default3]: [2026-05-23 03:56:55.313102] iteration     1451/    1537 | consumed samples:        46432 | elapsed time per iteration (ms): 1741.3 | throughput per GPU (TFLOP/s/GPU): 218.0 | tokens/sec/GPU: 4704 | learning rate: 1.079302E-05 | global batch size:    32 | lm loss: 2.981867E+00 | loss scale: 1.0 | grad norm: 0.632 | number of skipped iterations:   0 | number of nan iterations:   0 |
3: [default3]: [2026-05-23 03:56:56.364916] iteration     1452/    1537 | consumed samples:        46464 | elapsed time per iteration (ms): 1051.6 | throughput per GPU (TFLOP/s/GPU): 361.0 | tokens/sec/GPU: 7790 | learning rate: 1.077474E-05 | global batch size:    32 | lm loss: 2.878594E+00 | loss scale: 1.0 | grad norm: 0.650 | number of skipped iterations:   0 | number of nan iterations:   0 |
3: [default3]: [2026-05-23 03:56:57.421591] iteration     1453/    1537 | consumed samples:        46496 | elapsed time per iteration (ms): 1056.5 | throughput per GPU (TFLOP/s/GPU): 359.3 | tokens/sec/GPU: 7754 | learning rate: 1.075667E-05 | global batch size:    32 | lm loss: 2.887826E+00 | loss scale: 1.0 | grad norm: 0.617 | number of skipped iterations:   0 | number of nan iterations:   0 |
3: [default3]: [2026-05-23 03:56:58.476989] iteration     1454/    1537 | consumed samples:        46528 | elapsed time per iteration (ms): 1055.2 | throughput per GPU (TFLOP/s/GPU): 359.8 | tokens/sec/GPU: 7763 | learning rate: 1.073881E-05 | global batch size:    32 | lm loss: 2.949634E+00 | loss scale: 1.0 | grad norm: 0.607 | number of skipped iterations:   0 | number of nan iterations:   0 |
3: [default3]: [2026-05-23 03:56:59.534226] iteration     1455/    1537 | consumed samples:        46560 | elapsed time per iteration (ms): 1057.1 | throughput per GPU (TFLOP/s/GPU): 359.1 | tokens/sec/GPU: 7750 | learning rate: 1.072116E-05 | global batch size:    32 | lm loss: 3.068266E+00 | loss scale: 1.0 | grad norm: 0.664 | number of skipped iterations:   0 | number of nan iterations:   0 |
3: [default3]: [2026-05-23 03:57:00.590322] iteration     1456/    1537 | consumed samples:        46592 | elapsed time per iteration (ms): 1055.9 | throughput per GPU (TFLOP/s/GPU): 359.5 | tokens/sec/GPU: 7758 | learning rate: 1.070373E-05 | global batch size:    32 | lm loss: 2.958982E+00 | loss scale: 1.0 | grad norm: 0.637 | number of skipped iterations:   0 | number of nan iterations:   0 |
3: [default3]: [2026-05-23 03:57:01.646535] iteration     1457/    1537 | consumed samples:        46624 | elapsed time per iteration (ms): 1056.1 | throughput per GPU (TFLOP/s/GPU): 359.5 | tokens/sec/GPU: 7757 | learning rate: 1.068650E-05 | global batch size:    32 | lm loss: 2.800480E+00 | loss scale: 1.0 | grad norm: 0.596 | number of skipped iterations:   0 | number of nan iterations:   0 |
3: [default3]: [2026-05-23 03:57:02.702033] iteration     1458/    1537 | consumed samples:        46656 | elapsed time per iteration (ms): 1055.4 | throughput per GPU (TFLOP/s/GPU): 359.7 | tokens/sec/GPU: 7762 | learning rate: 1.066949E-05 | global batch size:    32 | lm loss: 2.924366E+00 | loss scale: 1.0 | grad norm: 0.598 | number of skipped iterations:   0 | number of nan iterations:   0 |
3: [default3]: [2026-05-23 03:57:03.763316] iteration     1459/    1537 | consumed samples:        46688 | elapsed time per iteration (ms): 1061.1 | throughput per GPU (TFLOP/s/GPU): 357.8 | tokens/sec/GPU: 7720 | learning rate: 1.065269E-05 | global batch size:    32 | lm loss: 3.026772E+00 | loss scale: 1.0 | grad norm: 0.709 | number of skipped iterations:   0 | number of nan iterations:   0 |
3: [default3]: [2026-05-23 03:57:04.820844] iteration     1460/    1537 | consumed samples:        46720 | elapsed time per iteration (ms): 1057.3 | throughput per GPU (TFLOP/s/GPU): 359.1 | tokens/sec/GPU: 7748 | learning rate: 1.063610E-05 | global batch size:    32 | lm loss: 2.804245E+00 | loss scale: 1.0 | grad norm: 0.592 | number of skipped iterations:   0 | number of nan iterations:   0 |
3: [default3]: [2026-05-23 03:57:05.879767] iteration     1461/    1537 | consumed samples:        46752 | elapsed time per iteration (ms): 1058.8 | throughput per GPU (TFLOP/s/GPU): 358.6 | tokens/sec/GPU: 7737 | learning rate: 1.061972E-05 | global batch size:    32 | lm loss: 2.786217E+00 | loss scale: 1.0 | grad norm: 0.602 | number of skipped iterations:   0 | number of nan iterations:   0 |
3: [default3]: [2026-05-23 03:57:06.936868] iteration     1462/    1537 | consumed samples:        46784 | elapsed time per iteration (ms): 1056.9 | throughput per GPU (TFLOP/s/GPU): 359.2 | tokens/sec/GPU: 7751 | learning rate: 1.060356E-05 | global batch size:    32 | lm loss: 2.984763E+00 | loss scale: 1.0 | grad norm: 0.712 | number of skipped iterations:   0 | number of nan iterations:   0 |
3: [default3]: [2026-05-23 03:57:08.003397] iteration     1463/    1537 | consumed samples:        46816 | elapsed time per iteration (ms): 1066.4 | throughput per GPU (TFLOP/s/GPU): 356.0 | tokens/sec/GPU: 7682 | learning rate: 1.058760E-05 | global batch size:    32 | lm loss: 2.776759E+00 | loss scale: 1.0 | grad norm: 3.914 | number of skipped iterations:   0 | number of nan iterations:   0 |
3: [default3]: [2026-05-23 03:57:09.064450] iteration     1464/    1537 | consumed samples:        46848 | elapsed time per iteration (ms): 1060.9 | throughput per GPU (TFLOP/s/GPU): 357.9 | tokens/sec/GPU: 7722 | learning rate: 1.057186E-05 | global batch size:    32 | lm loss: 3.025616E+00 | loss scale: 1.0 | grad norm: 0.669 | number of skipped iterations:   0 | number of nan iterations:   0 |
3: [default3]: [2026-05-23 03:57:10.127400] iteration     1465/    1537 | consumed samples:        46880 | elapsed time per iteration (ms): 1062.8 | throughput per GPU (TFLOP/s/GPU): 357.2 | tokens/sec/GPU: 7708 | learning rate: 1.055634E-05 | global batch size:    32 | lm loss: 3.096791E+00 | loss scale: 1.0 | grad norm: 0.615 | number of skipped iterations:   0 | number of nan iterations:   0 |
3: [default3]: [2026-05-23 03:57:11.188081] iteration     1466/    1537 | consumed samples:        46912 | elapsed time per iteration (ms): 1060.5 | throughput per GPU (TFLOP/s/GPU): 358.0 | tokens/sec/GPU: 7724 | learning rate: 1.054102E-05 | global batch size:    32 | lm loss: 2.902074E+00 | loss scale: 1.0 | grad norm: 0.603 | number of skipped iterations:   0 | number of nan iterations:   0 |
3: [default3]: [2026-05-23 03:57:12.247717] iteration     1467/    1537 | consumed samples:        46944 | elapsed time per iteration (ms): 1059.5 | throughput per GPU (TFLOP/s/GPU): 358.3 | tokens/sec/GPU: 7732 | learning rate: 1.052592E-05 | global batch size:    32 | lm loss: 2.920825E+00 | loss scale: 1.0 | grad norm: 0.594 | number of skipped iterations:   0 | number of nan iterations:   0 |
3: [default3]: [2026-05-23 03:57:13.313376] iteration     1468/    1537 | consumed samples:        46976 | elapsed time per iteration (ms): 1065.5 | throughput per GPU (TFLOP/s/GPU): 356.3 | tokens/sec/GPU: 7689 | learning rate: 1.051103E-05 | global batch size:    32 | lm loss: 3.059103E+00 | loss scale: 1.0 | grad norm: 0.645 | number of skipped iterations:   0 | number of nan iterations:   0 |
3: [default3]: [2026-05-23 03:57:14.374175] iteration     1469/    1537 | consumed samples:        47008 | elapsed time per iteration (ms): 1060.6 | throughput per GPU (TFLOP/s/GPU): 357.9 | tokens/sec/GPU: 7724 | learning rate: 1.049635E-05 | global batch size:    32 | lm loss: 2.745987E+00 | loss scale: 1.0 | grad norm: 0.614 | number of skipped iterations:   0 | number of nan iterations:   0 |
3: [default3]: [2026-05-23 03:57:15.433177] iteration     1470/    1537 | consumed samples:        47040 | elapsed time per iteration (ms): 1058.8 | throughput per GPU (TFLOP/s/GPU): 358.5 | tokens/sec/GPU: 7737 | learning rate: 1.048188E-05 | global batch size:    32 | lm loss: 2.998352E+00 | loss scale: 1.0 | grad norm: 0.738 | number of skipped iterations:   0 | number of nan iterations:   0 |
3: [default3]: [2026-05-23 03:57:16.494287] iteration     1471/    1537 | consumed samples:        47072 | elapsed time per iteration (ms): 1060.9 | throughput per GPU (TFLOP/s/GPU): 357.8 | tokens/sec/GPU: 7722 | learning rate: 1.046763E-05 | global batch size:    32 | lm loss: 2.899992E+00 | loss scale: 1.0 | grad norm: 0.623 | number of skipped iterations:   0 | number of nan iterations:   0 |
3: [default3]: [2026-05-23 03:57:17.553599] iteration     1472/    1537 | consumed samples:        47104 | elapsed time per iteration (ms): 1059.1 | throughput per GPU (TFLOP/s/GPU): 358.4 | tokens/sec/GPU: 7735 | learning rate: 1.045359E-05 | global batch size:    32 | lm loss: 3.039383E+00 | loss scale: 1.0 | grad norm: 0.640 | number of skipped iterations:   0 | number of nan iterations:   0 |
3: [default3]: [2026-05-23 03:57:18.614111] iteration     1473/    1537 | consumed samples:        47136 | elapsed time per iteration (ms): 1060.3 | throughput per GPU (TFLOP/s/GPU): 358.1 | tokens/sec/GPU: 7726 | learning rate: 1.043976E-05 | global batch size:    32 | lm loss: 3.094919E+00 | loss scale: 1.0 | grad norm: 0.662 | number of skipped iterations:   0 | number of nan iterations:   0 |
3: [default3]: [2026-05-23 03:57:19.671511] iteration     1474/    1537 | consumed samples:        47168 | elapsed time per iteration (ms): 1057.2 | throughput per GPU (TFLOP/s/GPU): 359.1 | tokens/sec/GPU: 7748 | learning rate: 1.042615E-05 | global batch size:    32 | lm loss: 2.713414E+00 | loss scale: 1.0 | grad norm: 0.616 | number of skipped iterations:   0 | number of nan iterations:   0 |
3: [default3]: [2026-05-23 03:57:20.727365] iteration     1475/    1537 | consumed samples:        47200 | elapsed time per iteration (ms): 1055.7 | throughput per GPU (TFLOP/s/GPU): 359.6 | tokens/sec/GPU: 7760 | learning rate: 1.041275E-05 | global batch size:    32 | lm loss: 2.938799E+00 | loss scale: 1.0 | grad norm: 0.683 | number of skipped iterations:   0 | number of nan iterations:   0 |
3: [default3]: [2026-05-23 03:57:21.782636] iteration     1476/    1537 | consumed samples:        47232 | elapsed time per iteration (ms): 1055.1 | throughput per GPU (TFLOP/s/GPU): 359.8 | tokens/sec/GPU: 7764 | learning rate: 1.039956E-05 | global batch size:    32 | lm loss: 2.559850E+00 | loss scale: 1.0 | grad norm: 0.573 | number of skipped iterations:   0 | number of nan iterations:   0 |
3: [default3]: [2026-05-23 03:57:22.837953] iteration     1477/    1537 | consumed samples:        47264 | elapsed time per iteration (ms): 1055.2 | throughput per GPU (TFLOP/s/GPU): 359.8 | tokens/sec/GPU: 7764 | learning rate: 1.038659E-05 | global batch size:    32 | lm loss: 2.694971E+00 | loss scale: 1.0 | grad norm: 0.640 | number of skipped iterations:   0 | number of nan iterations:   0 |
3: [default3]: [2026-05-23 03:57:23.894939] iteration     1478/    1537 | consumed samples:        47296 | elapsed time per iteration (ms): 1056.8 | throughput per GPU (TFLOP/s/GPU): 359.2 | tokens/sec/GPU: 7752 | learning rate: 1.037383E-05 | global batch size:    32 | lm loss: 2.912873E+00 | loss scale: 1.0 | grad norm: 0.664 | number of skipped iterations:   0 | number of nan iterations:   0 |
3: [default3]: [2026-05-23 03:57:24.954183] iteration     1479/    1537 | consumed samples:        47328 | elapsed time per iteration (ms): 1059.1 | throughput per GPU (TFLOP/s/GPU): 358.5 | tokens/sec/GPU: 7735 | learning rate: 1.036128E-05 | global batch size:    32 | lm loss: 2.925569E+00 | loss scale: 1.0 | grad norm: 0.619 | number of skipped iterations:   0 | number of nan iterations:   0 |
3: [default3]: [2026-05-23 03:57:26.012275] iteration     1480/    1537 | consumed samples:        47360 | elapsed time per iteration (ms): 1057.9 | throughput per GPU (TFLOP/s/GPU): 358.9 | tokens/sec/GPU: 7744 | learning rate: 1.034894E-05 | global batch size:    32 | lm loss: 2.726101E+00 | loss scale: 1.0 | grad norm: 0.648 | number of skipped iterations:   0 | number of nan iterations:   0 |
3: [default3]: [2026-05-23 03:57:27.068107] iteration     1481/    1537 | consumed samples:        47392 | elapsed time per iteration (ms): 1055.6 | throughput per GPU (TFLOP/s/GPU): 359.6 | tokens/sec/GPU: 7760 | learning rate: 1.033682E-05 | global batch size:    32 | lm loss: 2.880283E+00 | loss scale: 1.0 | grad norm: 0.589 | number of skipped iterations:   0 | number of nan iterations:   0 |
3: [default3]: [2026-05-23 03:57:28.121787] iteration     1482/    1537 | consumed samples:        47424 | elapsed time per iteration (ms): 1053.5 | throughput per GPU (TFLOP/s/GPU): 360.3 | tokens/sec/GPU: 7776 | learning rate: 1.032492E-05 | global batch size:    32 | lm loss: 3.066227E+00 | loss scale: 1.0 | grad norm: 0.583 | number of skipped iterations:   0 | number of nan iterations:   0 |
3: [default3]: [2026-05-23 03:57:29.180078] iteration     1483/    1537 | consumed samples:        47456 | elapsed time per iteration (ms): 1058.1 | throughput per GPU (TFLOP/s/GPU): 358.8 | tokens/sec/GPU: 7742 | learning rate: 1.031322E-05 | global batch size:    32 | lm loss: 2.628934E+00 | loss scale: 1.0 | grad norm: 0.727 | number of skipped iterations:   0 | number of nan iterations:   0 |
3: [default3]: [2026-05-23 03:57:30.235005] iteration     1484/    1537 | consumed samples:        47488 | elapsed time per iteration (ms): 1054.7 | throughput per GPU (TFLOP/s/GPU): 359.9 | tokens/sec/GPU: 7767 | learning rate: 1.030174E-05 | global batch size:    32 | lm loss: 3.177049E+00 | loss scale: 1.0 | grad norm: 0.922 | number of skipped iterations:   0 | number of nan iterations:   0 |
3: [default3]: [2026-05-23 03:57:31.292929] iteration     1485/    1537 | consumed samples:        47520 | elapsed time per iteration (ms): 1057.8 | throughput per GPU (TFLOP/s/GPU): 358.9 | tokens/sec/GPU: 7745 | learning rate: 1.029047E-05 | global batch size:    32 | lm loss: 3.064177E+00 | loss scale: 1.0 | grad norm: 0.602 | number of skipped iterations:   0 | number of nan iterations:   0 |
3: [default3]: [2026-05-23 03:57:32.349303] iteration     1486/    1537 | consumed samples:        47552 | elapsed time per iteration (ms): 1056.2 | throughput per GPU (TFLOP/s/GPU): 359.4 | tokens/sec/GPU: 7756 | learning rate: 1.027942E-05 | global batch size:    32 | lm loss: 2.937808E+00 | loss scale: 1.0 | grad norm: 0.604 | number of skipped iterations:   0 | number of nan iterations:   0 |
3: [default3]: [2026-05-23 03:57:33.407300] iteration     1487/    1537 | consumed samples:        47584 | elapsed time per iteration (ms): 1057.9 | throughput per GPU (TFLOP/s/GPU): 358.9 | tokens/sec/GPU: 7744 | learning rate: 1.026858E-05 | global batch size:    32 | lm loss: 2.952128E+00 | loss scale: 1.0 | grad norm: 0.615 | number of skipped iterations:   0 | number of nan iterations:   0 |
3: [default3]: [2026-05-23 03:57:34.464877] iteration     1488/    1537 | consumed samples:        47616 | elapsed time per iteration (ms): 1057.4 | throughput per GPU (TFLOP/s/GPU): 359.0 | tokens/sec/GPU: 7747 | learning rate: 1.025796E-05 | global batch size:    32 | lm loss: 2.822646E+00 | loss scale: 1.0 | grad norm: 0.631 | number of skipped iterations:   0 | number of nan iterations:   0 |
3: [default3]: [2026-05-23 03:57:35.525150] iteration     1489/    1537 | consumed samples:        47648 | elapsed time per iteration (ms): 1060.1 | throughput per GPU (TFLOP/s/GPU): 358.1 | tokens/sec/GPU: 7728 | learning rate: 1.024754E-05 | global batch size:    32 | lm loss: 2.948201E+00 | loss scale: 1.0 | grad norm: 0.620 | number of skipped iterations:   0 | number of nan iterations:   0 |
3: [default3]: [2026-05-23 03:57:36.585109] iteration     1490/    1537 | consumed samples:        47680 | elapsed time per iteration (ms): 1059.8 | throughput per GPU (TFLOP/s/GPU): 358.2 | tokens/sec/GPU: 7730 | learning rate: 1.023735E-05 | global batch size:    32 | lm loss: 3.001653E+00 | loss scale: 1.0 | grad norm: 0.646 | number of skipped iterations:   0 | number of nan iterations:   0 |
3: [default3]: [2026-05-23 03:57:37.641568] iteration     1491/    1537 | consumed samples:        47712 | elapsed time per iteration (ms): 1056.3 | throughput per GPU (TFLOP/s/GPU): 359.4 | tokens/sec/GPU: 7755 | learning rate: 1.022736E-05 | global batch size:    32 | lm loss: 2.795697E+00 | loss scale: 1.0 | grad norm: 0.599 | number of skipped iterations:   0 | number of nan iterations:   0 |
3: [default3]: [2026-05-23 03:57:38.702210] iteration     1492/    1537 | consumed samples:        47744 | elapsed time per iteration (ms): 1060.4 | throughput per GPU (TFLOP/s/GPU): 358.0 | tokens/sec/GPU: 7725 | learning rate: 1.021759E-05 | global batch size:    32 | lm loss: 2.753364E+00 | loss scale: 1.0 | grad norm: 0.625 | number of skipped iterations:   0 | number of nan iterations:   0 |
3: [default3]: [2026-05-23 03:57:39.760761] iteration     1493/    1537 | consumed samples:        47776 | elapsed time per iteration (ms): 1058.4 | throughput per GPU (TFLOP/s/GPU): 358.7 | tokens/sec/GPU: 7740 | learning rate: 1.020804E-05 | global batch size:    32 | lm loss: 2.903152E+00 | loss scale: 1.0 | grad norm: 2.122 | number of skipped iterations:   0 | number of nan iterations:   0 |
3: [default3]: [2026-05-23 03:57:40.819375] iteration     1494/    1537 | consumed samples:        47808 | elapsed time per iteration (ms): 1058.4 | throughput per GPU (TFLOP/s/GPU): 358.7 | tokens/sec/GPU: 7740 | learning rate: 1.019869E-05 | global batch size:    32 | lm loss: 2.887930E+00 | loss scale: 1.0 | grad norm: 0.620 | number of skipped iterations:   0 | number of nan iterations:   0 |
3: [default3]: [2026-05-23 03:57:41.877045] iteration     1495/    1537 | consumed samples:        47840 | elapsed time per iteration (ms): 1057.5 | throughput per GPU (TFLOP/s/GPU): 359.0 | tokens/sec/GPU: 7747 | learning rate: 1.018957E-05 | global batch size:    32 | lm loss: 3.033335E+00 | loss scale: 1.0 | grad norm: 0.633 | number of skipped iterations:   0 | number of nan iterations:   0 |
3: [default3]: [2026-05-23 03:57:42.937976] iteration     1496/    1537 | consumed samples:        47872 | elapsed time per iteration (ms): 1060.7 | throughput per GPU (TFLOP/s/GPU): 357.9 | tokens/sec/GPU: 7723 | learning rate: 1.018065E-05 | global batch size:    32 | lm loss: 3.073169E+00 | loss scale: 1.0 | grad norm: 1.054 | number of skipped iterations:   0 | number of nan iterations:   0 |
3: [default3]: [2026-05-23 03:57:43.992347] iteration     1497/    1537 | consumed samples:        47904 | elapsed time per iteration (ms): 1054.2 | throughput per GPU (TFLOP/s/GPU): 360.1 | tokens/sec/GPU: 7771 | learning rate: 1.017195E-05 | global batch size:    32 | lm loss: 2.953875E+00 | loss scale: 1.0 | grad norm: 0.593 | number of skipped iterations:   0 | number of nan iterations:   0 |
3: [default3]: [2026-05-23 03:57:45.057184] iteration     1498/    1537 | consumed samples:        47936 | elapsed time per iteration (ms): 1064.7 | throughput per GPU (TFLOP/s/GPU): 356.6 | tokens/sec/GPU: 7694 | learning rate: 1.016347E-05 | global batch size:    32 | lm loss: 2.808313E+00 | loss scale: 1.0 | grad norm: 0.625 | number of skipped iterations:   0 | number of nan iterations:   0 |
3: [default3]: [2026-05-23 03:57:46.116208] iteration     1499/    1537 | consumed samples:        47968 | elapsed time per iteration (ms): 1058.8 | throughput per GPU (TFLOP/s/GPU): 358.5 | tokens/sec/GPU: 7737 | learning rate: 1.015520E-05 | global batch size:    32 | lm loss: 2.804046E+00 | loss scale: 1.0 | grad norm: 0.598 | number of skipped iterations:   0 | number of nan iterations:   0 |
3: [default3]: [2026-05-23 03:57:47.175148] iteration     1500/    1537 | consumed samples:        48000 | elapsed time per iteration (ms): 1058.8 | throughput per GPU (TFLOP/s/GPU): 358.6 | tokens/sec/GPU: 7737 | learning rate: 1.014714E-05 | global batch size:    32 | lm loss: 2.663122E+00 | loss scale: 1.0 | grad norm: 1.236 | number of skipped iterations:   0 | number of nan iterations:   0 |
0: [default0]:[Rank 0] (before save_checkpoint for iteration 1500) memory (MB) | allocated: 9740.79 | max allocated: 22345.70 | reserved: 22886.00 | max reserved: 22886.00
0: [default0]:[2026-05-23 03:57:47.848260] saving checkpoint at iteration    1500 to /iopsstor/scratch/cscs/course_00179/gipfelsturm/gipfelsturm/train-8b-4n/checkpoints in torch_dist format
0: [default0]:Storing distributed optimizer sharded state of type dp_reshardable
2: [default2]:[Rank 10] (before save_checkpoint for iteration 1500) memory (MB) | allocated: 10032.45 | max allocated: 17327.90 | reserved: 17970.00 | max reserved: 17970.00
2: [default0]:[Rank 8] (before save_checkpoint for iteration 1500) memory (MB) | allocated: 10032.45 | max allocated: 17328.02 | reserved: 17970.00 | max reserved: 17970.00
0: [default3]:[Rank 3] (before save_checkpoint for iteration 1500) memory (MB) | allocated: 9740.79 | max allocated: 22345.70 | reserved: 22886.00 | max reserved: 22886.00
0: [default2]:[Rank 2] (before save_checkpoint for iteration 1500) memory (MB) | allocated: 9740.79 | max allocated: 22345.70 | reserved: 22886.00 | max reserved: 22886.00
0: [default1]:[Rank 1] (before save_checkpoint for iteration 1500) memory (MB) | allocated: 9740.79 | max allocated: 22345.70 | reserved: 22886.00 | max reserved: 22886.00
2: [default1]:[Rank 9] (before save_checkpoint for iteration 1500) memory (MB) | allocated: 10032.45 | max allocated: 17327.90 | reserved: 17970.00 | max reserved: 17970.00
2: [default3]:[Rank 11] (before save_checkpoint for iteration 1500) memory (MB) | allocated: 10032.45 | max allocated: 17327.90 | reserved: 17970.00 | max reserved: 17970.00
0: [default0]:  [2026-05-23 03:57:49.461364] successfully saved checkpoint from iteration    1500 to /iopsstor/scratch/cscs/course_00179/gipfelsturm/gipfelsturm/train-8b-4n/checkpoints [ t 1/4, p 1/2 ]
0: [default0]:[Rank 0] (after save_checkpoint for iteration 1500) memory (MB) | allocated: 9740.79 | max allocated: 22345.70 | reserved: 22886.00 | max reserved: 22886.00
2: [default2]:[Rank 10] (after save_checkpoint for iteration 1500) memory (MB) | allocated: 10032.45 | max allocated: 17327.90 | reserved: 17970.00 | max reserved: 17970.00
2: [default0]:[Rank 8] (after save_checkpoint for iteration 1500) memory (MB) | allocated: 10032.45 | max allocated: 17328.02 | reserved: 17970.00 | max reserved: 17970.00
0: [default3]:[Rank 3] (after save_checkpoint for iteration 1500) memory (MB) | allocated: 9740.79 | max allocated: 22345.70 | reserved: 22886.00 | max reserved: 22886.00
0: [default2]:[Rank 2] (after save_checkpoint for iteration 1500) memory (MB) | allocated: 9740.79 | max allocated: 22345.70 | reserved: 22886.00 | max reserved: 22886.00
0: [default1]:[Rank 1] (after save_checkpoint for iteration 1500) memory (MB) | allocated: 9740.79 | max allocated: 22345.70 | reserved: 22886.00 | max reserved: 22886.00
2: [default1]:[Rank 9] (after save_checkpoint for iteration 1500) memory (MB) | allocated: 10032.45 | max allocated: 17327.90 | reserved: 17970.00 | max reserved: 17970.00
2: [default3]:[Rank 11] (after save_checkpoint for iteration 1500) memory (MB) | allocated: 10032.45 | max allocated: 17327.90 | reserved: 17970.00 | max reserved: 17970.00
3: [default3]:INFO:megatron.core.timers:(min, max) time across ranks (ms):
3: [default3]:    save-checkpoint ................................: (2138.37, 2138.58)
3: [default3]: [2026-05-23 03:57:51.045008] iteration     1501/    1537 | consumed samples:        48032 | elapsed time per iteration (ms): 1723.7 | throughput per GPU (TFLOP/s/GPU): 220.2 | tokens/sec/GPU: 4752 | learning rate: 1.013930E-05 | global batch size:    32 | lm loss: 2.825182E+00 | loss scale: 1.0 | grad norm: 0.929 | number of skipped iterations:   0 | number of nan iterations:   0 |
3: [default3]: [2026-05-23 03:57:52.103650] iteration     1502/    1537 | consumed samples:        48064 | elapsed time per iteration (ms): 1058.4 | throughput per GPU (TFLOP/s/GPU): 358.7 | tokens/sec/GPU: 7740 | learning rate: 1.013167E-05 | global batch size:    32 | lm loss: 2.823021E+00 | loss scale: 1.0 | grad norm: 0.621 | number of skipped iterations:   0 | number of nan iterations:   0 |
3: [default3]: [2026-05-23 03:57:53.169658] iteration     1503/    1537 | consumed samples:        48096 | elapsed time per iteration (ms): 1065.9 | throughput per GPU (TFLOP/s/GPU): 356.2 | tokens/sec/GPU: 7686 | learning rate: 1.012426E-05 | global batch size:    32 | lm loss: 2.707740E+00 | loss scale: 1.0 | grad norm: 0.734 | number of skipped iterations:   0 | number of nan iterations:   0 |
3: [default3]: [2026-05-23 03:57:54.231558] iteration     1504/    1537 | consumed samples:        48128 | elapsed time per iteration (ms): 1061.7 | throughput per GPU (TFLOP/s/GPU): 357.6 | tokens/sec/GPU: 7716 | learning rate: 1.011706E-05 | global batch size:    32 | lm loss: 2.949935E+00 | loss scale: 1.0 | grad norm: 0.623 | number of skipped iterations:   0 | number of nan iterations:   0 |
3: [default3]: [2026-05-23 03:57:55.292132] iteration     1505/    1537 | consumed samples:        48160 | elapsed time per iteration (ms): 1060.4 | throughput per GPU (TFLOP/s/GPU): 358.0 | tokens/sec/GPU: 7725 | learning rate: 1.011008E-05 | global batch size:    32 | lm loss: 3.119452E+00 | loss scale: 1.0 | grad norm: 0.621 | number of skipped iterations:   0 | number of nan iterations:   0 |
3: [default3]: [2026-05-23 03:57:56.351473] iteration     1506/    1537 | consumed samples:        48192 | elapsed time per iteration (ms): 1059.2 | throughput per GPU (TFLOP/s/GPU): 358.4 | tokens/sec/GPU: 7734 | learning rate: 1.010331E-05 | global batch size:    32 | lm loss: 2.913674E+00 | loss scale: 1.0 | grad norm: 0.618 | number of skipped iterations:   0 | number of nan iterations:   0 |
3: [default3]: [2026-05-23 03:57:57.410738] iteration     1507/    1537 | consumed samples:        48224 | elapsed time per iteration (ms): 1059.1 | throughput per GPU (TFLOP/s/GPU): 358.5 | tokens/sec/GPU: 7735 | learning rate: 1.009675E-05 | global batch size:    32 | lm loss: 2.927756E+00 | loss scale: 1.0 | grad norm: 0.618 | number of skipped iterations:   0 | number of nan iterations:   0 |
3: [default3]: [2026-05-23 03:57:58.478693] iteration     1508/    1537 | consumed samples:        48256 | elapsed time per iteration (ms): 1067.8 | throughput per GPU (TFLOP/s/GPU): 355.5 | tokens/sec/GPU: 7672 | learning rate: 1.009041E-05 | global batch size:    32 | lm loss: 2.852106E+00 | loss scale: 1.0 | grad norm: 0.595 | number of skipped iterations:   0 | number of nan iterations:   0 |
3: [default3]: [2026-05-23 03:57:59.540809] iteration     1509/    1537 | consumed samples:        48288 | elapsed time per iteration (ms): 1061.9 | throughput per GPU (TFLOP/s/GPU): 357.5 | tokens/sec/GPU: 7714 | learning rate: 1.008428E-05 | global batch size:    32 | lm loss: 3.202611E+00 | loss scale: 1.0 | grad norm: 0.626 | number of skipped iterations:   0 | number of nan iterations:   0 |
3: [default3]: [2026-05-23 03:58:00.612271] iteration     1510/    1537 | consumed samples:        48320 | elapsed time per iteration (ms): 1071.3 | throughput per GPU (TFLOP/s/GPU): 354.4 | tokens/sec/GPU: 7647 | learning rate: 1.007837E-05 | global batch size:    32 | lm loss: 3.056244E+00 | loss scale: 1.0 | grad norm: 1.051 | number of skipped iterations:   0 | number of nan iterations:   0 |
3: [default3]: [2026-05-23 03:58:01.672839] iteration     1511/    1537 | consumed samples:        48352 | elapsed time per iteration (ms): 1060.4 | throughput per GPU (TFLOP/s/GPU): 358.0 | tokens/sec/GPU: 7726 | learning rate: 1.007268E-05 | global batch size:    32 | lm loss: 3.151613E+00 | loss scale: 1.0 | grad norm: 0.656 | number of skipped iterations:   0 | number of nan iterations:   0 |
3: [default3]: [2026-05-23 03:58:02.735800] iteration     1512/    1537 | consumed samples:        48384 | elapsed time per iteration (ms): 1062.8 | throughput per GPU (TFLOP/s/GPU): 357.2 | tokens/sec/GPU: 7708 | learning rate: 1.006720E-05 | global batch size:    32 | lm loss: 2.940584E+00 | loss scale: 1.0 | grad norm: 0.600 | number of skipped iterations:   0 | number of nan iterations:   0 |
3: [default3]: [2026-05-23 03:58:03.799174] iteration     1513/    1537 | consumed samples:        48416 | elapsed time per iteration (ms): 1063.2 | throughput per GPU (TFLOP/s/GPU): 357.1 | tokens/sec/GPU: 7705 | learning rate: 1.006193E-05 | global batch size:    32 | lm loss: 2.904676E+00 | loss scale: 1.0 | grad norm: 0.618 | number of skipped iterations:   0 | number of nan iterations:   0 |
3: [default3]: [2026-05-23 03:58:04.862365] iteration     1514/    1537 | consumed samples:        48448 | elapsed time per iteration (ms): 1063.0 | throughput per GPU (TFLOP/s/GPU): 357.1 | tokens/sec/GPU: 7706 | learning rate: 1.005688E-05 | global batch size:    32 | lm loss: 2.944767E+00 | loss scale: 1.0 | grad norm: 0.582 | number of skipped iterations:   0 | number of nan iterations:   0 |
3: [default3]: [2026-05-23 03:58:05.930405] iteration     1515/    1537 | consumed samples:        48480 | elapsed time per iteration (ms): 1067.8 | throughput per GPU (TFLOP/s/GPU): 355.5 | tokens/sec/GPU: 7671 | learning rate: 1.005204E-05 | global batch size:    32 | lm loss: 2.755507E+00 | loss scale: 1.0 | grad norm: 0.625 | number of skipped iterations:   0 | number of nan iterations:   0 |
3: [default3]: [2026-05-23 03:58:06.995364] iteration     1516/    1537 | consumed samples:        48512 | elapsed time per iteration (ms): 1064.8 | throughput per GPU (TFLOP/s/GPU): 356.5 | tokens/sec/GPU: 7694 | learning rate: 1.004742E-05 | global batch size:    32 | lm loss: 2.835510E+00 | loss scale: 1.0 | grad norm: 0.609 | number of skipped iterations:   0 | number of nan iterations:   0 |
3: [default3]: [2026-05-23 03:58:08.062195] iteration     1517/    1537 | consumed samples:        48544 | elapsed time per iteration (ms): 1066.6 | throughput per GPU (TFLOP/s/GPU): 355.9 | tokens/sec/GPU: 7680 | learning rate: 1.004301E-05 | global batch size:    32 | lm loss: 3.015306E+00 | loss scale: 1.0 | grad norm: 0.630 | number of skipped iterations:   0 | number of nan iterations:   0 |
3: [default3]: [2026-05-23 03:58:09.135439] iteration     1518/    1537 | consumed samples:        48576 | elapsed time per iteration (ms): 1073.1 | throughput per GPU (TFLOP/s/GPU): 353.8 | tokens/sec/GPU: 7634 | learning rate: 1.003882E-05 | global batch size:    32 | lm loss: 3.033091E+00 | loss scale: 1.0 | grad norm: 0.711 | number of skipped iterations:   0 | number of nan iterations:   0 |
3: [default3]: [2026-05-23 03:58:10.214246] iteration     1519/    1537 | consumed samples:        48608 | elapsed time per iteration (ms): 1078.7 | throughput per GPU (TFLOP/s/GPU): 352.0 | tokens/sec/GPU: 7595 | learning rate: 1.003484E-05 | global batch size:    32 | lm loss: 3.097195E+00 | loss scale: 1.0 | grad norm: 0.680 | number of skipped iterations:   0 | number of nan iterations:   0 |
3: [default3]: [2026-05-23 03:58:11.278877] iteration     1520/    1537 | consumed samples:        48640 | elapsed time per iteration (ms): 1064.5 | throughput per GPU (TFLOP/s/GPU): 356.6 | tokens/sec/GPU: 7696 | learning rate: 1.003108E-05 | global batch size:    32 | lm loss: 3.037751E+00 | loss scale: 1.0 | grad norm: 0.606 | number of skipped iterations:   0 | number of nan iterations:   0 |
3: [default3]: [2026-05-23 03:58:12.346552] iteration     1521/    1537 | consumed samples:        48672 | elapsed time per iteration (ms): 1067.5 | throughput per GPU (TFLOP/s/GPU): 355.6 | tokens/sec/GPU: 7674 | learning rate: 1.002753E-05 | global batch size:    32 | lm loss: 2.910094E+00 | loss scale: 1.0 | grad norm: 0.584 | number of skipped iterations:   0 | number of nan iterations:   0 |
3: [default3]: [2026-05-23 03:58:13.412135] iteration     1522/    1537 | consumed samples:        48704 | elapsed time per iteration (ms): 1065.4 | throughput per GPU (TFLOP/s/GPU): 356.3 | tokens/sec/GPU: 7689 | learning rate: 1.002419E-05 | global batch size:    32 | lm loss: 2.926980E+00 | loss scale: 1.0 | grad norm: 0.599 | number of skipped iterations:   0 | number of nan iterations:   0 |
3: [default3]: [2026-05-23 03:58:14.482312] iteration     1523/    1537 | consumed samples:        48736 | elapsed time per iteration (ms): 1070.0 | throughput per GPU (TFLOP/s/GPU): 354.8 | tokens/sec/GPU: 7656 | learning rate: 1.002108E-05 | global batch size:    32 | lm loss: 2.615448E+00 | loss scale: 1.0 | grad norm: 0.600 | number of skipped iterations:   0 | number of nan iterations:   0 |
3: [default3]: [2026-05-23 03:58:15.549106] iteration     1524/    1537 | consumed samples:        48768 | elapsed time per iteration (ms): 1066.6 | throughput per GPU (TFLOP/s/GPU): 355.9 | tokens/sec/GPU: 7680 | learning rate: 1.001817E-05 | global batch size:    32 | lm loss: 2.905109E+00 | loss scale: 1.0 | grad norm: 0.568 | number of skipped iterations:   0 | number of nan iterations:   0 |
3: [default3]: [2026-05-23 03:58:16.612092] iteration     1525/    1537 | consumed samples:        48800 | elapsed time per iteration (ms): 1062.8 | throughput per GPU (TFLOP/s/GPU): 357.2 | tokens/sec/GPU: 7708 | learning rate: 1.001548E-05 | global batch size:    32 | lm loss: 2.753898E+00 | loss scale: 1.0 | grad norm: 0.665 | number of skipped iterations:   0 | number of nan iterations:   0 |
3: [default3]: [2026-05-23 03:58:17.669598] iteration     1526/    1537 | consumed samples:        48832 | elapsed time per iteration (ms): 1057.4 | throughput per GPU (TFLOP/s/GPU): 359.0 | tokens/sec/GPU: 7748 | learning rate: 1.001301E-05 | global batch size:    32 | lm loss: 2.762635E+00 | loss scale: 1.0 | grad norm: 0.613 | number of skipped iterations:   0 | number of nan iterations:   0 |
3: [default3]: [2026-05-23 03:58:18.734004] iteration     1527/    1537 | consumed samples:        48864 | elapsed time per iteration (ms): 1064.2 | throughput per GPU (TFLOP/s/GPU): 356.7 | tokens/sec/GPU: 7698 | learning rate: 1.001075E-05 | global batch size:    32 | lm loss: 2.585556E+00 | loss scale: 1.0 | grad norm: 0.581 | number of skipped iterations:   0 | number of nan iterations:   0 |
3: [default3]: [2026-05-23 03:58:19.803963] iteration     1528/    1537 | consumed samples:        48896 | elapsed time per iteration (ms): 1069.8 | throughput per GPU (TFLOP/s/GPU): 354.9 | tokens/sec/GPU: 7657 | learning rate: 1.000871E-05 | global batch size:    32 | lm loss: 2.964114E+00 | loss scale: 1.0 | grad norm: 0.642 | number of skipped iterations:   0 | number of nan iterations:   0 |
3: [default3]: [2026-05-23 03:58:20.895624] iteration     1529/    1537 | consumed samples:        48928 | elapsed time per iteration (ms): 1091.5 | throughput per GPU (TFLOP/s/GPU): 347.8 | tokens/sec/GPU: 7505 | learning rate: 1.000688E-05 | global batch size:    32 | lm loss: 2.780180E+00 | loss scale: 1.0 | grad norm: 0.599 | number of skipped iterations:   0 | number of nan iterations:   0 |
3: [default3]: [2026-05-23 03:58:21.979285] iteration     1530/    1537 | consumed samples:        48960 | elapsed time per iteration (ms): 1083.5 | throughput per GPU (TFLOP/s/GPU): 350.4 | tokens/sec/GPU: 7561 | learning rate: 1.000527E-05 | global batch size:    32 | lm loss: 3.040278E+00 | loss scale: 1.0 | grad norm: 0.644 | number of skipped iterations:   0 | number of nan iterations:   0 |
3: [default3]: [2026-05-23 03:58:23.058271] iteration     1531/    1537 | consumed samples:        48992 | elapsed time per iteration (ms): 1078.8 | throughput per GPU (TFLOP/s/GPU): 351.9 | tokens/sec/GPU: 7594 | learning rate: 1.000387E-05 | global batch size:    32 | lm loss: 2.970368E+00 | loss scale: 1.0 | grad norm: 0.636 | number of skipped iterations:   0 | number of nan iterations:   0 |
3: [default3]: [2026-05-23 03:58:24.113334] iteration     1532/    1537 | consumed samples:        49024 | elapsed time per iteration (ms): 1054.9 | throughput per GPU (TFLOP/s/GPU): 359.9 | tokens/sec/GPU: 7766 | learning rate: 1.000269E-05 | global batch size:    32 | lm loss: 2.836244E+00 | loss scale: 1.0 | grad norm: 0.618 | number of skipped iterations:   0 | number of nan iterations:   0 |
3: [default3]: [2026-05-23 03:58:25.172445] iteration     1533/    1537 | consumed samples:        49056 | elapsed time per iteration (ms): 1059.0 | throughput per GPU (TFLOP/s/GPU): 358.5 | tokens/sec/GPU: 7736 | learning rate: 1.000172E-05 | global batch size:    32 | lm loss: 2.676424E+00 | loss scale: 1.0 | grad norm: 0.626 | number of skipped iterations:   0 | number of nan iterations:   0 |
3: [default3]: [2026-05-23 03:58:26.235834] iteration     1534/    1537 | consumed samples:        49088 | elapsed time per iteration (ms): 1063.2 | throughput per GPU (TFLOP/s/GPU): 357.1 | tokens/sec/GPU: 7705 | learning rate: 1.000097E-05 | global batch size:    32 | lm loss: 2.924867E+00 | loss scale: 1.0 | grad norm: 0.622 | number of skipped iterations:   0 | number of nan iterations:   0 |
3: [default3]: [2026-05-23 03:58:27.300213] iteration     1535/    1537 | consumed samples:        49120 | elapsed time per iteration (ms): 1064.2 | throughput per GPU (TFLOP/s/GPU): 356.7 | tokens/sec/GPU: 7698 | learning rate: 1.000043E-05 | global batch size:    32 | lm loss: 2.773893E+00 | loss scale: 1.0 | grad norm: 0.584 | number of skipped iterations:   0 | number of nan iterations:   0 |
3: [default3]: [2026-05-23 03:58:28.370444] iteration     1536/    1537 | consumed samples:        49152 | elapsed time per iteration (ms): 1070.1 | throughput per GPU (TFLOP/s/GPU): 354.8 | tokens/sec/GPU: 7655 | learning rate: 1.000011E-05 | global batch size:    32 | lm loss: 3.204293E+00 | loss scale: 1.0 | grad norm: 0.671 | number of skipped iterations:   0 | number of nan iterations:   0 |
3: [default3]: [2026-05-23 03:58:29.433438] iteration     1537/    1537 | consumed samples:        49184 | elapsed time per iteration (ms): 1062.8 | throughput per GPU (TFLOP/s/GPU): 357.2 | tokens/sec/GPU: 7708 | learning rate: 1.000000E-05 | global batch size:    32 | lm loss: 2.807198E+00 | loss scale: 1.0 | grad norm: 0.641 | number of skipped iterations:   0 | number of nan iterations:   0 |
0: [default0]:WARNING:megatron.core.rerun_state_machine:Setting RerunStateMachine mode RerunMode.DISABLED
0: [default0]:/iopsstor/scratch/cscs/course_00179/lsaie-ss26-gipfelsturm/Megatron-LM/megatron/core/transformer/transformer_config.py:1225: UserWarning: If you are using transformer_engine as the transformer implementation, the core_attn is from transformer_engine and may be the fused version. For fused attention, you have no need to set 'core_attn' to recompute. Please check that the core_attn recompute is really needed.
0: [default0]:  warnings.warn(
0: [default0]:WARNING:megatron.core.rerun_state_machine:Setting RerunStateMachine mode RerunMode.VALIDATE_RESULTS
0: [default0]:WARNING:megatron.core.rerun_state_machine:Setting RerunStateMachine mode RerunMode.VALIDATE_RESULTS
3: [default3]:INFO:megatron.core.timers:(min, max) time across ranks (ms):
3: [default3]:    evaluate .......................................: (5087.86, 5130.20)
3: [default3]:------------------------------------------------------------------------------------------------
3: [default3]: validation loss at iteration 1537 | lm loss value: 2.856883E+00 | lm loss PPL: 1.740718E+01 | 
3: [default3]:------------------------------------------------------------------------------------------------
0: [default0]:/usr/local/lib/python3.12/dist-packages/torch/distributed/c10d_logger.py:83: UserWarning: barrier(): using the device under current context. You can specify `device_id` in `init_process_group` to mute this warning.
0: [default0]:  return func(*args, **kwargs)
0: [default0]:[after training is done] datetime: 2026-05-23 03:58:35.238797 
0: [default0]:[2026-05-23 03:58:35.238926] saving checkpoint at iteration    1537 to /iopsstor/scratch/cscs/course_00179/gipfelsturm/gipfelsturm/train-8b-4n/checkpoints in torch_dist format
0: [default0]:Storing distributed optimizer sharded state of type dp_reshardable
0: [default0]:  [2026-05-23 03:58:37.102983] successfully saved checkpoint from iteration    1537 to /iopsstor/scratch/cscs/course_00179/gipfelsturm/gipfelsturm/train-8b-4n/checkpoints [ t 1/4, p 1/2 ]
0: [default0]:WARNING:megatron.core.rerun_state_machine:Setting RerunStateMachine mode RerunMode.DISABLED
0: [default0]:Evaluating on 320 samples
0: [default0]:Evaluating iter 1/10
0: [default0]:Evaluating iter 2/10
0: [default0]:Evaluating iter 3/10
0: [default0]:Evaluating iter 4/10
0: [default0]:Evaluating iter 5/10
0: [default0]:Evaluating iter 6/10
0: [default0]:Evaluating iter 7/10
0: [default0]:Evaluating iter 8/10
0: [default0]:Evaluating iter 9/10
0: [default0]:Evaluating iter 10/10
0: [default0]:WARNING:megatron.core.rerun_state_machine:Setting RerunStateMachine mode RerunMode.VALIDATE_RESULTS
0: [default0]:WARNING:megatron.core.rerun_state_machine:Setting RerunStateMachine mode RerunMode.VALIDATE_RESULTS
3: [default3]:INFO:megatron.core.timers:(min, max) time across ranks (ms):
3: [default3]:    evaluate .......................................: (3622.48, 3672.35)
3: [default3]:------------------------------------------------------------------------------------------------------------------
3: [default3]: validation loss at iteration 1537 on validation set | lm loss value: 2.858857E+00 | lm loss PPL: 1.744158E+01 | 
3: [default3]:------------------------------------------------------------------------------------------------------------------
2: [default2]:[rank10]:[W523 03:58:42.115886111 ProcessGroupNCCL.cpp:1565] Warning: WARNING: destroy_process_group() was not called before program exit, which can leak resources. For more info, please see https://pytorch.org/docs/stable/distributed.html#shutdown (function operator())
2: [default0]:[rank8]:[W523 03:58:42.133004157 ProcessGroupNCCL.cpp:1565] Warning: WARNING: destroy_process_group() was not called before program exit, which can leak resources. For more info, please see https://pytorch.org/docs/stable/distributed.html#shutdown (function operator())
0: [default0]:[rank0]:[W523 03:58:43.141144803 ProcessGroupNCCL.cpp:1565] Warning: WARNING: destroy_process_group() was not called before program exit, which can leak resources. For more info, please see https://pytorch.org/docs/stable/distributed.html#shutdown (function operator())
0: [default1]:[rank1]:[W523 03:58:43.349015246 ProcessGroupNCCL.cpp:1565] Warning: WARNING: destroy_process_group() was not called before program exit, which can leak resources. For more info, please see https://pytorch.org/docs/stable/distributed.html#shutdown (function operator())
0: [default3]:[rank3]:[W523 03:58:43.396576682 ProcessGroupNCCL.cpp:1565] Warning: WARNING: destroy_process_group() was not called before program exit, which can leak resources. For more info, please see https://pytorch.org/docs/stable/distributed.html#shutdown (function operator())
0: [default2]:[rank2]:[W523 03:58:43.421669663 ProcessGroupNCCL.cpp:1565] Warning: WARNING: destroy_process_group() was not called before program exit, which can leak resources. For more info, please see https://pytorch.org/docs/stable/distributed.html#shutdown (function operator())
2: [default1]:[rank9]:[W523 03:58:43.565786711 ProcessGroupNCCL.cpp:1565] Warning: WARNING: destroy_process_group() was not called before program exit, which can leak resources. For more info, please see https://pytorch.org/docs/stable/distributed.html#shutdown (function operator())
2: [default3]:[rank11]:[W523 03:58:43.553706174 ProcessGroupNCCL.cpp:1565] Warning: WARNING: destroy_process_group() was not called before program exit, which can leak resources. For more info, please see https://pytorch.org/docs/stable/distributed.html#shutdown (function operator())
1: [default2]:[rank6]:[W523 03:58:43.128864527 ProcessGroupNCCL.cpp:1565] Warning: WARNING: destroy_process_group() was not called before program exit, which can leak resources. For more info, please see https://pytorch.org/docs/stable/distributed.html#shutdown (function operator())
1: [default0]:[rank4]:[W523 03:58:43.110633513 ProcessGroupNCCL.cpp:1565] Warning: WARNING: destroy_process_group() was not called before program exit, which can leak resources. For more info, please see https://pytorch.org/docs/stable/distributed.html#shutdown (function operator())
3: [default0]:[rank12]:[W523 03:58:43.066012440 ProcessGroupNCCL.cpp:1565] Warning: WARNING: destroy_process_group() was not called before program exit, which can leak resources. For more info, please see https://pytorch.org/docs/stable/distributed.html#shutdown (function operator())
1: [default3]:[rank7]:[W523 03:58:44.545566669 ProcessGroupNCCL.cpp:1565] Warning: WARNING: destroy_process_group() was not called before program exit, which can leak resources. For more info, please see https://pytorch.org/docs/stable/distributed.html#shutdown (function operator())
1: [default1]:[rank5]:[W523 03:58:44.968778497 ProcessGroupNCCL.cpp:1565] Warning: WARNING: destroy_process_group() was not called before program exit, which can leak resources. For more info, please see https://pytorch.org/docs/stable/distributed.html#shutdown (function operator())
3: [default2]:[rank14]:[W523 03:58:44.961446691 ProcessGroupNCCL.cpp:1565] Warning: WARNING: destroy_process_group() was not called before program exit, which can leak resources. For more info, please see https://pytorch.org/docs/stable/distributed.html#shutdown (function operator())
3: [default3]:[rank15]:[W523 03:58:45.471655279 ProcessGroupNCCL.cpp:1565] Warning: WARNING: destroy_process_group() was not called before program exit, which can leak resources. For more info, please see https://pytorch.org/docs/stable/distributed.html#shutdown (function operator())
3: [default1]:[rank13]:[W523 03:58:45.534982656 ProcessGroupNCCL.cpp:1565] Warning: WARNING: destroy_process_group() was not called before program exit, which can leak resources. For more info, please see https://pytorch.org/docs/stable/distributed.html#shutdown (function operator())
END TIME: Sat May 23 03:58:49 CEST 2026
